Date,BreakFast,Dinner,Lunch,Month,Day,IsWeekend,IsHoliday,BreakFast_lag_1d,BreakFast_lag_1w,BreakFast_lag_1m,Lunch_lag_1d,Lunch_lag_1w,Lunch_lag_1m,Dinner_lag_1d,Dinner_lag_1w,Dinner_lag_1m,DayOfWeek_0,DayOfWeek_1,DayOfWeek_2,DayOfWeek_3,DayOfWeek_4,DayOfWeek_5,DayOfWeek_6,BreakFast_lag_2d,BreakFast_lag_3d,BreakFast_lag_7d,BreakFast_lag_14d,BreakFast_lag_21d,BreakFast_lag_28d,BreakFast_roll_mean_3,BreakFast_roll_mean_7,BreakFast_roll_mean_14,BreakFast_roll_mean_30,BreakFast_roll_std_7,BreakFast_roll_std_30,BreakFast_ema_7,BreakFast_ema_30,Holiday_Yesterday,Holiday_LastWeek
2023-03-02,706.5,240.0,617.0,3,2,0,0,360.0,746.0,672.0,110.0,172.5,511.0,175.0,303.0,1785.0,0,0,0,1,0,0,0,110.0,401.0,746.0,411.5,1135.0,389.5,290.3333333333333,554.1428571428571,471.89285714285717,485.53333333333336,370.621742738437,277.5098300008964,424.77459037213094,506.7367206554514,0.0,0.0
2023-03-03,716.0,290.0,361.0,3,3,1,0,706.5,899.0,684.0,617.0,244.0,1521.0,240.0,60.0,480.0,0,0,0,0,1,0,0,360.0,110.0,899.0,526.0,462.0,271.0,392.1666666666667,548.5,492.9642857142857,486.68333333333334,367.5013605416992,278.3793146339935,495.2059427790982,519.6246741615513,0.0,0.0
2023-03-04,263.0,651.0,453.0,3,4,1,0,716.0,1116.0,389.5,361.0,561.0,700.0,290.0,490.0,860.5,0,0,0,0,0,1,0,706.5,360.0,1116.0,197.0,431.0,143.5,594.1666666666666,522.3571428571429,506.5357142857143,487.75,344.1814824436998,279.2214777209834,550.4044570843237,532.2940500220964,0.0,0.0
2023-03-05,1780.0,579.0,495.0,3,5,0,0,263.0,247.0,271.0,453.0,577.0,487.0,651.0,192.0,519.0,0,0,0,0,0,0,1,716.0,706.5,247.0,233.0,880.0,250.0,561.8333333333334,400.5,511.25,483.53333333333336,231.5439123219035,281.70052982865883,478.55334281324275,514.9202403432515,0.0,0.0
2023-03-06,195.0,525.0,595.0,3,6,0,0,1780.0,401.0,143.5,495.0,353.0,792.0,579.0,853.5,290.0,1,0,0,0,0,0,0,263.0,716.0,401.0,574.0,245.0,574.0,919.6666666666666,619.5,621.75,533.8333333333334,557.5850458300808,364.8832201784786,803.915007109932,596.5382893533643,0.0,0.0
2023-03-07,297.25,691.0,507.0,3,7,0,0,195.0,110.0,250.0,595.0,796.0,122.5,525.0,787.0,336.0,0,1,0,0,0,0,0,1780.0,263.0,110.0,91.0,621.0,393.0,746.0,590.0714285714286,594.6785714285714,535.55,576.1658057489057,363.10028419062184,651.686255332449,570.6325932660505,0.0,0.0
2023-03-08,361.0,605.0,253.0,3,8,0,0,297.25,360.0,574.0,507.0,110.0,75.0,691.0,175.0,824.0,0,0,1,0,0,0,0,195.0,1780.0,360.0,695.0,290.0,518.5,757.4166666666666,616.8214285714286,609.4107142857143,537.125,554.086198060331,361.9195159028859,563.0771914993368,552.9950066037247,0.0,0.0
2023-03-09,272.0,187.0,0.0,3,9,0,0,361.0,706.5,393.0,253.0,617.0,319.5,605.0,240.0,503.0,0,0,0,1,0,0,0,297.25,195.0,706.5,746.0,411.5,1135.0,284.4166666666667,616.9642857142857,585.5535714285714,530.025,554.00907086007,363.2579730121509,512.5578936245026,540.6082319841296,0.0,0.0
2023-03-10,155.0,456.74,405.0,3,10,1,0,272.0,716.0,518.5,0.0,361.0,238.0,187.0,290.0,97.0,0,0,0,0,1,0,0,361.0,297.25,716.0,899.0,526.0,462.0,310.0833333333333,554.8928571428571,551.6964285714286,525.9916666666667,566.5053665740006,365.49670079253775,452.418420218377,523.2786686303148,0.0,0.0
2023-03-11,131.0,142.5,115.0,3,11,1,0,155.0,263.0,1135.0,405.0,453.0,180.0,456.74,651.0,232.0,0,0,0,0,0,1,0,272.0,361.0,263.0,1116.0,197.0,431.0,262.6666666666667,474.75,498.55357142857144,513.875,579.4492536020734,371.72577924714415,378.06381516378275,499.5187545251332,0.0,0.0
2023-03-12,281.0,110.0,127.0,3,12,0,0,131.0,1780.0,462.0,115.0,495.0,504.5,142.5,579.0,1063.0,0,0,0,0,0,0,1,155.0,272.0,1780.0,247.0,233.0,880.0,186.0,455.89285714285717,428.19642857142856,480.40833333333336,589.54862425176,358.8496015966744,316.2978613728371,475.74335100738267,0.0,0.0
2023-03-13,294.0,247.0,110.0,3,13,0,0,281.0,195.0,431.0,127.0,595.0,498.0,110.0,525.0,764.0,1,0,0,0,0,0,0,131.0,155.0,195.0,401.0,574.0,245.0,189.0,241.75,430.625,474.375,83.39976518751885,360.6866461085501,307.4733960296278,463.17926384561605,0.0,0.0
2023-03-14,272.0,343.0,459.0,3,14,0,0,294.0,297.25,880.0,110.0,507.0,503.5,247.0,691.0,296.0,0,1,0,0,0,0,0,281.0,131.0,297.25,110.0,91.0,621.0,235.33333333333334,255.89285714285714,422.98214285714283,469.80833333333334,82.5403761226961,362.1191916757313,304.10504702222084,452.2644726297699,0.0,0.0
2023-03-15,433.0,195.0,815.0,3,15,0,0,272.0,361.0,245.0,459.0,253.0,1564.0,343.0,605.0,165.0,0,0,1,0,0,0,0,294.0,281.0,361.0,360.0,695.0,290.0,282.3333333333333,252.28571428571428,434.55357142857144,449.5416666666667,80.96854180423846,355.3205333127796,296.07878526666565,440.63450665365576,0.0,0.0
2023-03-16,356.0,182.0,232.0,3,16,0,0,433.0,272.0,621.0,815.0,0.0,254.0,195.0,187.0,165.0,0,0,0,1,0,0,0,272.0,294.0,272.0,706.5,746.0,411.5,333.0,262.57142857142856,439.76785714285717,455.80833333333334,99.52697648185138,353.24046515265536,330.30908894999925,440.1419578372909,0.0,0.0
2023-03-17,1321.0,953.0,732.0,3,17,1,0,356.0,155.0,290.0,232.0,405.0,1063.0,182.0,456.74,173.5,0,0,0,0,1,0,0,433.0,272.0,155.0,716.0,899.0,526.0,353.6666666666667,274.57142857142856,414.73214285714283,446.975,105.72425950376288,352.2792066524154,336.73181671249944,434.7134444284334,0.0,0.0
2023-03-18,425.0,135.0,337.0,3,18,1,0,1321.0,131.0,411.5,732.0,115.0,584.5,953.0,142.5,512.0,0,0,0,0,0,1,0,356.0,433.0,131.0,263.0,1116.0,197.0,703.3333333333334,441.14285714285717,457.94642857142856,481.34166666666664,398.65583676960773,385.18983499033965,582.7988625343746,491.8932222072441,0.0,0.0
2023-03-19,277.0,160.0,81.0,3,19,0,0,425.0,281.0,526.0,337.0,127.0,117.0,135.0,110.0,176.0,0,0,0,0,0,0,1,1321.0,356.0,281.0,1780.0,247.0,233.0,700.6666666666666,483.14285714285717,469.51785714285717,481.7916666666667,375.3404803514752,385.11330667724934,543.349146900781,487.57753045193806,0.0,0.0
2023-03-20,95.0,2010.0,147.0,3,20,0,0,277.0,294.0,197.0,81.0,110.0,281.0,160.0,247.0,464.0,1,0,0,0,0,0,0,425.0,1321.0,294.0,195.0,401.0,574.0,674.3333333333334,482.57142857142856,362.1607142857143,473.4916666666667,375.7023898171073,386.80718088833567,476.76186017558575,473.9918833260066,0.0,0.0
2023-03-21,619.5,433.5,505.0,3,21,0,0,95.0,272.0,233.0,147.0,459.0,349.0,2010.0,343.0,346.5,0,1,0,0,0,0,0,277.0,425.0,272.0,297.25,110.0,91.0,265.6666666666667,454.14285714285717,355.01785714285717,470.09166666666664,399.1467685665798,389.75834955629955,381.3213951316893,449.5407940791675,0.0,0.0
2023-03-22,542.0,0.0,60.0,3,22,0,0,619.5,433.0,574.0,505.0,815.0,318.0,433.5,195.0,309.5,0,0,1,0,0,0,0,95.0,277.0,433.0,361.0,360.0,695.0,330.5,503.7857142857143,378.0357142857143,482.975,394.29788412895573,388.03512744249116,440.866046348767,460.50590413857606,0.0,0.0
2023-03-23,0.0,215.0,0.0,3,23,0,0,542.0,356.0,91.0,60.0,232.0,126.0,0.0,182.0,638.0,0,0,0,1,0,0,0,619.5,95.0,356.0,272.0,706.5,746.0,418.8333333333333,519.3571428571429,390.9642857142857,481.90833333333336,393.18726605839635,387.82020409465906,466.14953476157524,465.7635877425389,0.0,0.0
2023-03-24,0.0,50.0,52.5,3,24,1,0,0.0,1321.0,695.0,0.0,732.0,2647.5,215.0,953.0,1137.0,0,0,0,0,1,0,0,542.0,619.5,1321.0,155.0,716.0,899.0,387.1666666666667,468.5,371.5357142857143,478.875,438.27664398946314,391.32317950635826,349.6121510711814,435.7143240172138,0.0,0.0
2023-03-25,0.0,1710.0,0.0,3,25,1,0,0.0,425.0,746.0,52.5,337.0,172.5,50.0,135.0,303.0,0,0,0,0,0,1,0,0.0,542.0,425.0,131.0,263.0,1116.0,180.66666666666666,279.7857142857143,360.4642857142857,455.7083333333333,256.8926262635253,398.59198351787336,262.20911330338606,407.6037224677162,0.0,0.0
2023-03-27,60.0,0.0,35.0,3,27,0,0,0.0,277.0,899.0,0.0,81.0,244.0,1710.0,160.0,60.0,1,0,0,0,0,0,0,0.0,0.0,277.0,281.0,1780.0,247.0,0.0,219.07142857142858,351.10714285714283,430.84166666666664,266.8808143115928,403.10184434075654,196.65683497753955,381.3067081149603,0.0,0.0
2023-03-28,75.0,72.5,0.0,3,28,0,0,60.0,95.0,1116.0,35.0,147.0,561.0,0.0,2010.0,490.0,0,1,0,0,0,0,0,0.0,0.0,95.0,294.0,195.0,401.0,20.0,188.07142857142858,335.32142857142856,402.875,271.59197775514684,398.5806323369688,162.49262623315465,360.5772430752855,0.0,0.0
2023-03-29,0.0,65.0,1050.0,3,29,0,0,75.0,619.5,247.0,0.0,505.0,577.0,72.5,433.5,192.0,0,0,1,0,0,0,0,60.0,0.0,619.5,272.0,297.25,110.0,45.0,185.21428571428572,319.67857142857144,368.175,272.83662039501087,379.1988443779677,140.619469674866,342.15290481236383,0.0,0.0
2023-03-30,0.0,0.0,878.0,3,30,0,0,0.0,542.0,401.0,1050.0,60.0,353.0,65.0,0.0,853.5,0,0,0,1,0,0,0,75.0,60.0,542.0,433.0,361.0,360.0,45.0,96.71428571428571,300.25,359.94166666666666,198.96123096867694,384.5641043560818,105.4646022561495,320.0785238567275,0.0,0.0
2023-03-31,0.0,25.0,175.0,3,31,1,0,0.0,0.0,110.0,878.0,0.0,796.0,0.0,215.0,787.0,0,0,0,0,1,0,0,0.0,75.0,0.0,356.0,272.0,706.5,25.0,19.285714285714285,269.32142857142856,346.575,33.2200455835205,390.01808727951635,79.09845169211212,299.4282965111322,0.0,0.0
2023-04-01,0.0,75.0,100.0,4,1,1,0,0.0,0.0,360.0,175.0,52.5,110.0,25.0,50.0,175.0,0,0,0,0,0,1,0,0.0,0.0,0.0,1321.0,155.0,716.0,0.0,19.285714285714285,243.89285714285714,342.90833333333336,33.2200455835205,392.82585026326547,59.32383876908409,280.1103418975108,0.0,0.0
2023-04-02,0.0,267.5,55.0,4,2,0,0,0.0,0.0,706.5,100.0,0.0,617.0,75.0,1710.0,240.0,0,0,0,0,0,0,1,0.0,0.0,0.0,425.0,131.0,263.0,0.0,19.285714285714285,149.53571428571428,330.90833333333336,33.2200455835205,397.7534460032638,44.49287907681307,262.0387069363811,0.0,0.0
2023-04-03,0.0,368.0,174.0,4,3,0,0,0.0,60.0,716.0,55.0,35.0,361.0,267.5,0.0,290.0,1,0,0,0,0,0,0,0.0,0.0,60.0,277.0,281.0,1780.0,0.0,19.285714285714285,119.17857142857143,307.35833333333335,33.2200455835205,395.65831045873085,33.3696593076098,245.13298390822752,0.0,0.0
2023-04-04,90.0,0.0,116.0,4,4,0,0,0.0,75.0,263.0,174.0,0.0,453.0,368.0,72.5,651.0,0,1,0,0,0,0,0,0.0,0.0,75.0,95.0,294.0,195.0,0.0,10.714285714285714,99.39285714285714,283.4916666666667,28.34733547568759,391.73407854082575,25.027244480707353,229.31795268834188,0.0,0.0
2023-04-05,71.0,0.0,258.0,4,5,0,0,90.0,0.0,1780.0,116.0,1050.0,495.0,0.0,65.0,579.0,0,0,1,0,0,0,0,0.0,0.0,0.0,619.5,272.0,297.25,30.0,12.857142857142858,99.03571428571429,277.725,34.016802570826755,393.31629562627126,41.27043336053052,220.32969767619082,0.0,0.0
2023-04-06,395.0,0.0,412.5,4,6,0,0,71.0,0.0,195.0,258.0,878.0,595.0,0.0,0.0,525.0,0,0,0,1,0,0,0,90.0,0.0,0.0,542.0,433.0,361.0,53.666666666666664,23.0,59.857142857142854,220.75833333333333,39.66106403010077,273.8475891501207,48.70282502039789,210.69552363256562,0.0,0.0
2023-04-07,60.0,0.0,95.0,4,7,1,0,395.0,0.0,297.25,412.5,175.0,507.0,0.0,25.0,691.0,0,0,0,0,1,0,0,71.0,90.0,0.0,0.0,356.0,272.0,185.33333333333334,79.42857142857143,49.357142857142854,227.425,144.33971172533273,275.62755315886835,135.2771187652984,222.58613501110977,0.0,0.0
2023-04-08,97.0,357.5,82.5,4,8,1,0,60.0,0.0,361.0,95.0,100.0,253.0,0.0,75.0,605.0,0,0,0,0,0,1,0,395.0,71.0,0.0,0.0,1321.0,155.0,175.33333333333334,88.0,53.642857142857146,219.51666666666668,140.56908147479106,276.9554452942944,116.45783907397382,212.0967069458769,0.0,0.0
2023-04-09,640.0,55.0,0.0,4,9,0,0,97.0,0.0,272.0,82.5,55.0,0.0,357.5,267.5,187.0,0,0,0,0,0,0,1,60.0,395.0,0.0,0.0,425.0,131.0,184.0,101.85714285714286,60.57142857142857,210.71666666666667,135.1239290076927,276.4987274190748,111.59337930548037,204.6711129493687,0.0,0.0
2023-04-10,250.0,55.0,350.0,4,10,0,0,640.0,0.0,155.0,0.0,174.0,405.0,55.0,368.0,456.74,1,0,0,0,0,0,0,97.0,60.0,0.0,60.0,277.0,281.0,265.6666666666667,193.28571428571428,106.28571428571429,222.98333333333332,234.61295380954118,287.26470081326266,243.6950344791103,232.75684759779654,0.0,0.0
2023-04-11,2066.0,1440.0,616.0,4,11,0,0,250.0,90.0,131.0,350.0,116.0,115.0,55.0,0.0,142.5,0,1,0,0,0,0,0,640.0,97.0,90.0,75.0,95.0,294.0,329.0,229.0,119.85714285714286,226.15,218.7799503306153,287.0129502665161,245.27127585933272,233.8693090431,0.0,0.0
2023-04-13,157.0,0.0,122.0,4,13,0,0,2066.0,71.0,281.0,616.0,258.0,127.0,1440.0,0.0,110.0,0,0,0,1,0,0,0,250.0,640.0,71.0,0.0,619.5,272.0,985.3333333333334,511.2857142857143,262.07142857142856,290.65,717.0122533322366,441.006043237974,700.4534568944996,352.0712891048355,0.0,0.0
2023-04-14,175.0,0.0,0.0,4,14,1,0,157.0,395.0,294.0,122.0,412.5,110.0,0.0,0.0,247.0,0,0,0,0,1,0,0,2066.0,250.0,395.0,0.0,542.0,433.0,824.3333333333334,523.5714285714286,273.2857142857143,286.51666666666665,708.9016991428493,441.6801870626281,564.5900926708747,339.48604464645905,0.0,0.0
2023-04-15,90.0,175.0,90.0,4,15,1,0,175.0,60.0,272.0,0.0,95.0,459.0,0.0,0.0,343.0,0,0,0,0,0,1,0,157.0,2066.0,60.0,0.0,0.0,356.0,799.3333333333334,492.14285714285717,285.7857142857143,282.55,720.3363632293431,442.1447794947744,467.19256950315605,328.87404176604235,0.0,0.0
2023-04-16,0.0,215.0,225.0,4,16,0,0,90.0,97.0,433.0,90.0,82.5,815.0,175.0,357.5,195.0,0,0,0,0,0,0,1,175.0,157.0,97.0,0.0,0.0,1321.0,140.66666666666666,496.42857142857144,292.2142857142857,276.48333333333335,717.4201133559185,443.5409339141893,372.89442712736707,313.4628132650074,0.0,0.0
2023-04-17,169.0,175.0,0.0,4,17,0,0,0.0,640.0,356.0,225.0,0.0,232.0,215.0,55.0,182.0,1,0,0,0,0,0,0,90.0,175.0,640.0,0.0,0.0,425.0,88.33333333333333,482.57142857142856,292.2142857142857,262.05,727.2899140285248,445.3136893208558,279.67082034552527,293.2394059575876,0.0,0.0
2023-04-18,17.5,105.0,242.0,4,18,0,0,169.0,250.0,1321.0,0.0,350.0,732.0,175.0,55.0,953.0,0,1,0,0,0,0,0,0.0,90.0,250.0,0.0,60.0,277.0,86.33333333333333,415.2857142857143,304.2857142857143,255.81666666666666,732.0696037685929,445.2620399218895,252.00311525914395,285.2239604119368,0.0,0.0
2023-04-19,0.0,0.0,0.0,4,19,0,0,17.5,2066.0,425.0,242.0,616.0,337.0,105.0,1440.0,135.0,0,0,1,0,0,0,0,169.0,0.0,2066.0,90.0,75.0,95.0,62.166666666666664,382.07142857142856,305.5357142857143,212.36666666666667,745.9610372181774,398.92236158770623,193.37733644435798,267.95144683697316,0.0,0.0
2023-04-20,0.0,62.0,0.0,4,20,0,1,0.0,157.0,277.0,0.0,122.0,81.0,0.0,0.0,160.0,0,0,0,1,0,0,0,17.5,169.0,157.0,71.0,0.0,619.5,62.166666666666664,86.92857142857143,299.10714285714283,198.2,80.97861269672075,398.65715544337957,145.03300233326848,250.66425671845877,0.0,0.0
2023-04-21,0.0,315.0,1007.5,4,21,1,1,0.0,175.0,95.0,0.0,0.0,147.0,62.0,0.0,2010.0,0,0,0,0,1,0,0,0.0,17.5,175.0,395.0,0.0,542.0,5.833333333333333,64.5,294.0357142857143,188.96666666666667,80.0734038242398,399.97476069797494,108.77475174995136,234.49236918823564,1.0,0.0
2023-04-22,0.0,0.0,0.0,4,22,1,1,0.0,90.0,619.5,1007.5,90.0,505.0,315.0,175.0,433.5,0,0,0,0,0,1,0,0.0,0.0,90.0,60.0,0.0,0.0,0.0,39.5,265.82142857142856,185.8,65.88563323416146,401.1187931360192,81.58106381246353,219.36382924060754,1.0,0.0
2023-04-23,258.0,266.0,30.0,4,23,0,1,0.0,0.0,542.0,0.0,225.0,60.0,0.0,215.0,0.0,0,0,0,0,0,0,1,0.0,0.0,0.0,97.0,0.0,0.0,0.0,26.642857142857142,261.5357142857143,165.15,63.111484880402664,393.9029101012163,61.185797859347645,205.2113241283103,1.0,0.0
2023-04-24,185.0,62.0,0.0,4,24,0,0,258.0,169.0,0.0,30.0,0.0,0.0,266.0,175.0,215.0,1,0,0,0,0,0,0,0.0,0.0,169.0,640.0,0.0,0.0,86.0,63.5,273.0357142857143,155.68333333333334,105.83438319689138,387.9007267982037,110.38934839451073,208.6170451522903,1.0,0.0
2023-04-25,90.0,213.5,75.0,4,25,0,0,185.0,17.5,0.0,0.0,242.0,52.5,62.0,105.0,50.0,0,1,0,0,0,0,0,258.0,0.0,17.5,250.0,0.0,60.0,147.66666666666666,65.78571428571429,240.53571428571428,161.85,108.62851725907217,386.80938792408705,129.04201129588304,207.0933648198845,0.0,0.0
2023-04-26,472.0,527.0,115.0,4,26,0,0,90.0,0.0,0.0,75.0,0.0,0.0,213.5,0.0,1710.0,0,0,1,0,0,0,0,185.0,258.0,0.0,2066.0,90.0,75.0,177.66666666666666,76.14285714285714,229.10714285714286,164.85,106.6964988045186,385.8586741014258,119.28150847191228,199.53895418634357,0.0,0.0
2023-04-27,717.5,604.5,75.0,4,27,0,0,472.0,0.0,60.0,115.0,0.0,35.0,527.0,62.0,0.0,0,0,0,1,0,0,0,90.0,185.0,0.0,157.0,71.0,0.0,249.0,143.57142857142858,115.25,180.58333333333334,176.72186918324186,388.51885152268443,207.4611313539342,217.1170861743214,0.0,1.0
2023-04-28,116.0,444.0,277.0,4,28,1,0,717.5,0.0,75.0,75.0,1007.5,0.0,604.5,315.0,72.5,0,0,0,0,1,0,0,472.0,90.0,0.0,175.0,395.0,0.0,426.5,246.07142857142858,155.28571428571428,202.5,265.3994518600573,399.86157087430763,334.97084851545065,249.39985480823614,0.0,1.0
2023-04-29,165.0,551.5,416.5,4,29,1,0,116.0,0.0,0.0,277.0,0.0,1050.0,444.0,0.0,65.0,0,0,0,0,0,1,0,717.5,472.0,0.0,90.0,60.0,0.0,435.1666666666667,262.64285714285717,151.07142857142858,203.86666666666667,250.68783946801787,399.4806527906239,280.228136386588,240.7934125625435,0.0,1.0
2023-04-30,222.0,145.0,506.0,4,30,0,0,165.0,258.0,0.0,416.5,30.0,878.0,551.5,266.0,0.0,0,0,0,0,0,0,1,116.0,717.5,258.0,0.0,97.0,0.0,332.8333333333333,286.2142857142857,156.42857142857142,209.36666666666667,228.66639768136304,397.70897636972876,251.42110228994102,235.9035149778633,0.0,1.0
2023-05-01,238.0,769.0,319.0,5,1,0,0,222.0,185.0,0.0,506.0,0.0,175.0,145.0,62.0,25.0,1,0,0,0,0,0,0,165.0,116.0,185.0,169.0,640.0,0.0,167.66666666666666,281.07142857142856,172.28571428571428,216.76666666666668,229.80869373086296,395.73950273252797,244.06582671745576,235.00651401154954,0.0,0.0
2023-05-02,67.0,589.5,770.0,5,2,0,0,238.0,90.0,0.0,319.0,75.0,100.0,769.0,213.5,75.0,0,1,0,0,0,0,0,222.0,165.0,90.0,17.5,250.0,0.0,208.33333333333334,288.64285714285717,177.21428571428572,224.7,226.9714949587489,393.62408988517336,242.5493700380918,235.19964213983667,0.0,0.0
2023-05-03,298.0,357.0,136.0,5,3,0,0,67.0,472.0,0.0,770.0,115.0,55.0,589.5,527.0,267.5,0,0,1,0,0,0,0,238.0,222.0,472.0,0.0,2066.0,90.0,175.66666666666666,285.35714285714283,180.75,226.93333333333334,230.46596174665223,392.49367957426665,198.66202752856884,224.34805232436335,0.0,0.0
2023-05-04,30.0,253.0,306.0,5,4,0,0,298.0,717.5,0.0,136.0,75.0,174.0,357.0,604.5,368.0,0,0,0,1,0,0,0,67.0,238.0,717.5,0.0,157.0,71.0,201.0,260.5,202.03571428571428,236.86666666666667,215.90372082635935,390.3172435016325,223.49652064642663,229.09979088408184,0.0,0.0
2023-05-05,0.0,195.0,345.5,5,5,1,0,30.0,116.0,90.0,306.0,277.0,116.0,253.0,444.0,0.0,0,0,0,0,1,0,0,298.0,67.0,116.0,0.0,175.0,395.0,131.66666666666666,162.28571428571428,204.17857142857142,237.86666666666667,96.99263595021665,389.7274452860555,175.12239048481996,216.25464308510882,0.0,0.0
2023-05-06,100.0,320.0,545.0,5,6,1,0,0.0,165.0,71.0,345.5,416.5,258.0,195.0,551.5,0.0,0,0,0,0,0,1,0,30.0,298.0,165.0,0.0,90.0,60.0,109.33333333333333,145.71428571428572,204.17857142857142,234.86666666666667,114.5406976954971,391.24835426189804,131.34179286361496,202.30273062800504,0.0,0.0
2023-05-07,80.0,60.0,202.0,5,7,0,0,100.0,222.0,395.0,545.0,506.0,412.5,320.0,145.0,0.0,0,0,0,0,0,0,1,0.0,30.0,222.0,258.0,0.0,97.0,43.333333333333336,136.42857142857142,211.32142857142858,235.83333333333334,115.34854014804668,390.86516180473757,123.50634464771122,195.70255445845632,0.0,0.0
2023-05-08,70.0,125.0,96.0,5,8,0,0,80.0,238.0,60.0,202.0,319.0,95.0,60.0,769.0,0.0,1,0,0,0,0,0,0,100.0,0.0,238.0,185.0,169.0,640.0,60.0,116.14285714285714,198.60714285714286,225.33333333333334,110.16113738735639,390.6729016606527,112.62975848578341,188.2378735256527,0.0,0.0
2023-05-09,228.0,90.0,467.0,5,9,0,0,70.0,67.0,97.0,96.0,770.0,82.5,125.0,589.5,357.5,0,1,0,0,0,0,0,80.0,100.0,67.0,90.0,17.5,250.0,83.33333333333333,92.14285714285714,190.39285714285714,225.66666666666666,96.66165832674301,390.5312105796176,101.97231886433755,180.6096236207719,0.0,0.0
2023-05-10,586.0,317.0,537.0,5,10,0,0,228.0,298.0,640.0,467.0,136.0,0.0,90.0,357.0,55.0,0,0,1,0,0,0,0,70.0,80.0,298.0,472.0,0.0,2066.0,126.0,115.14285714285714,200.25,230.03333333333333,108.15333030999406,389.7745797105113,133.47923914825316,183.6670672581415,0.0,0.0
2023-05-11,1010.0,93.0,423.0,5,11,0,0,586.0,30.0,250.0,537.0,306.0,350.0,317.0,253.0,55.0,0,0,0,1,0,0,0,228.0,70.0,30.0,717.5,0.0,157.0,294.6666666666667,156.28571428571428,208.39285714285714,228.23333333333332,202.73275864687298,387.93640016723447,246.60942936118988,209.62403066084204,0.0,0.0
2023-05-12,203.0,482.0,404.0,5,12,1,0,1010.0,0.0,2066.0,423.0,345.5,616.0,93.0,195.0,1440.0,0,0,0,0,1,0,0,586.0,228.0,0.0,116.0,0.0,175.0,608.0,296.2857142857143,229.28571428571428,253.56666666666666,370.19891692877485,413.38705527781633,437.4570720208924,261.2611899730458,0.0,0.0
2023-05-13,361.0,167.5,97.0,5,13,1,0,203.0,100.0,157.0,404.0,545.0,122.0,482.0,320.0,0.0,0,0,0,0,0,1,0,1010.0,586.0,100.0,165.0,0.0,90.0,599.6666666666666,325.2857142857143,235.5,191.46666666666667,350.55038358069345,231.76436954050072,378.8428040156693,257.5024035231719,0.0,0.0
2023-05-14,30.0,388.0,181.0,5,14,0,0,361.0,80.0,175.0,97.0,202.0,0.0,167.5,60.0,0.0,0,0,0,0,0,0,1,203.0,1010.0,80.0,222.0,258.0,0.0,524.6666666666666,362.57142857142856,249.5,198.26666666666668,336.18043624560545,233.70282977250872,374.38210301175195,264.17966781199954,0.0,0.0
2023-05-15,258.0,367.0,191.0,5,15,0,0,30.0,70.0,90.0,181.0,96.0,90.0,388.0,125.0,175.0,1,0,0,0,0,0,0,361.0,203.0,70.0,238.0,185.0,169.0,198.0,355.42857142857144,235.78571428571428,193.43333333333334,343.6334564342539,235.69156252118614,288.28657725881396,249.07130214670926,0.0,0.0
2023-05-16,309.0,1024.0,540.5,5,16,0,0,258.0,228.0,0.0,191.0,467.0,225.0,367.0,90.0,215.0,0,1,0,0,0,0,0,30.0,361.0,228.0,67.0,90.0,17.5,216.33333333333334,382.2857142857143,237.21428571428572,199.03333333333333,324.4167660513833,235.14445059086168,280.7149329441105,249.64734716950224,0.0,0.0
2023-05-17,351.0,542.0,1264.0,5,17,0,0,309.0,586.0,169.0,540.5,537.0,0.0,1024.0,317.0,175.0,0,0,1,0,0,0,0,258.0,30.0,586.0,298.0,472.0,0.0,199.0,393.85714285714283,254.5,209.33333333333334,319.4022691275211,232.88225281923255,287.7861997080829,253.47655057792147,0.0,0.0
2023-05-18,326.0,367.0,1114.0,5,18,0,0,351.0,1010.0,17.5,1264.0,423.0,242.0,542.0,93.0,105.0,0,0,0,1,0,0,0,309.0,258.0,1010.0,30.0,717.5,0.0,306.0,360.2857142857143,258.2857142857143,215.4,307.9868580993427,234.16238839303603,303.5896497810622,259.7683860245072,0.0,0.0
2023-05-19,246.0,464.0,666.0,5,19,1,0,326.0,203.0,0.0,1114.0,404.0,0.0,367.0,482.0,0.0,0,0,0,0,1,0,0,351.0,309.0,203.0,0.0,116.0,0.0,328.6666666666667,262.57142857142856,279.42857142857144,225.68333333333334,116.43718928082622,231.9352051065472,309.1922373357966,264.04139337776485,0.0,0.0
2023-05-20,56.0,0.0,105.0,5,20,1,0,246.0,361.0,0.0,666.0,97.0,0.0,464.0,167.5,62.0,0,0,0,0,0,1,0,326.0,351.0,361.0,100.0,165.0,0.0,307.6666666666667,268.7142857142857,297.0,233.88333333333333,113.87670860147244,227.99628261236515,293.3941780018475,262.8774325146833,0.0,0.0
2023-05-21,75.0,551.0,311.0,5,21,0,0,56.0,30.0,0.0,105.0,181.0,1007.5,0.0,388.0,315.0,0,0,0,0,0,0,1,246.0,326.0,30.0,80.0,222.0,258.0,209.33333333333334,225.14285714285714,293.85714285714283,235.75,129.90307742239756,226.23784974042786,234.04563350138562,249.53050138470374,0.0,0.0
2023-05-22,182.0,336.0,158.0,5,22,0,0,75.0,258.0,0.0,311.0,191.0,0.0,551.0,367.0,0.0,1,0,0,0,0,0,0,56.0,246.0,258.0,70.0,238.0,185.0,125.66666666666667,231.57142857142858,293.5,238.25,119.31870088528568,223.94568114488897,194.28422512603922,238.2704690373035,0.0,0.0
2023-05-23,410.0,663.0,851.5,5,23,0,0,182.0,309.0,258.0,158.0,540.5,30.0,336.0,1024.0,266.0,0,1,0,0,0,0,0,75.0,56.0,309.0,228.0,67.0,90.0,104.33333333333333,220.71428571428572,301.5,244.31666666666666,119.96904362614265,219.69377132936552,191.2131688445294,234.64011619618717,0.0,0.0
2023-05-24,681.0,575.0,92.0,5,24,0,0,410.0,351.0,185.0,851.5,1264.0,0.0,663.0,542.0,62.0,0,0,1,0,0,0,0,182.0,75.0,351.0,586.0,298.0,472.0,222.33333333333334,235.14285714285714,314.5,249.38333333333333,137.1938149376376,221.76321961658257,245.90987663339706,245.95365708675573,0.0,0.0
2023-05-25,456.0,598.0,507.0,5,25,0,0,681.0,326.0,90.0,92.0,1114.0,75.0,575.0,367.0,213.5,0,0,0,1,0,0,0,410.0,182.0,326.0,1010.0,30.0,717.5,424.3333333333333,282.2857142857143,321.2857142857143,265.9166666666667,217.07964305427475,234.8980733957975,354.6824074750478,274.0211630811586,0.0,0.0
2023-05-26,429.5,87.5,1034.0,5,26,1,0,456.0,246.0,472.0,507.0,666.0,115.0,598.0,464.0,527.0,0,0,0,0,1,0,0,681.0,410.0,246.0,203.0,0.0,116.0,515.6666666666666,300.85714285714283,281.7142857142857,278.1166666666667,226.78655792868935,234.9509003488019,380.01180560628586,285.76173320495485,0.0,0.0
2023-05-27,86.0,203.0,633.5,5,27,1,0,429.5,56.0,717.5,1034.0,105.0,75.0,87.5,0.0,604.5,0,0,0,0,0,1,0,456.0,681.0,56.0,361.0,100.0,165.0,522.1666666666666,327.07142857142856,297.89285714285717,276.7,229.9718150432475,233.8671742088098,392.3838542047144,295.0351697723771,0.0,0.0
2023-05-28,365.0,523.0,420.0,5,28,0,0,86.0,75.0,116.0,633.5,311.0,277.0,203.0,551.0,444.0,0,0,0,0,0,0,1,429.5,456.0,75.0,30.0,80.0,222.0,323.8333333333333,331.35714285714283,278.25,255.65,224.28752274066156,220.88306900352,315.7878906535358,281.54902978706247,0.0,0.0
2023-05-29,381.0,3587.0,180.0,5,29,0,0,365.0,182.0,165.0,420.0,158.0,416.5,523.0,336.0,551.5,1,0,0,0,0,0,0,86.0,429.5,182.0,258.0,70.0,238.0,293.5,372.7857142857143,302.17857142857144,263.95,193.7472273227104,220.13155745191756,328.09091799015187,286.9329633491875,0.0,0.0
2023-05-30,60.0,292.0,30.0,5,30,0,0,381.0,410.0,222.0,180.0,851.5,506.0,3587.0,663.0,145.0,0,1,0,0,0,0,0,365.0,86.0,410.0,309.0,228.0,67.0,277.3333333333333,401.2142857142857,310.9642857142857,271.15,174.7564631954176,220.3158841143857,341.3181884926139,293.0018044234335,0.0,0.0
2023-05-31,463.0,100.0,328.0,5,31,0,0,60.0,681.0,238.0,30.0,92.0,319.0,292.0,575.0,769.0,0,0,1,0,0,0,0,381.0,365.0,681.0,351.0,586.0,298.0,268.6666666666667,351.2142857142857,293.17857142857144,265.75,216.82901426832004,223.52407684863496,270.9886413694604,277.96942994450234,0.0,0.0
2023-06-01,383.0,337.0,539.0,6,1,0,0,463.0,456.0,67.0,328.0,507.0,770.0,100.0,598.0,589.5,0,0,0,1,0,0,0,60.0,381.0,456.0,326.0,1010.0,30.0,301.3333333333333,320.07142857142856,301.17857142857144,273.25,172.74123918244197,226.31815986075577,318.99148102709535,289.90688607711513,0.0,0.0
2023-06-02,456.5,415.5,358.5,6,2,1,0,383.0,429.5,298.0,539.0,1034.0,136.0,337.0,87.5,357.0,0,0,0,0,1,0,0,463.0,60.0,429.5,246.0,203.0,0.0,302.0,309.64285714285717,305.25,283.78333333333336,165.20661666675488,223.72665292692562,334.99361077032154,295.91289342697866,0.0,0.0
2023-06-03,35.0,339.0,170.0,6,3,1,0,456.5,86.0,30.0,358.5,633.5,306.0,415.5,203.0,253.0,0,0,0,0,0,1,0,383.0,463.0,86.0,56.0,361.0,100.0,434.1666666666667,313.5,320.2857142857143,289.06666666666666,168.7485802409408,225.93456228913183,365.37020807774115,306.2733519155607,0.0,0.0
2023-06-04,190.0,2220.0,0.0,6,4,0,0,35.0,365.0,0.0,170.0,420.0,345.5,339.0,523.0,195.0,0,0,0,0,0,0,1,456.5,383.0,365.0,75.0,30.0,80.0,291.5,306.2142857142857,318.7857142857143,289.23333333333335,180.87331135882005,225.7386241580771,282.77765605830587,288.77184534036326,0.0,0.0
2023-06-05,87.5,426.0,0.0,6,5,0,0,190.0,381.0,100.0,0.0,180.0,545.0,2220.0,3587.0,320.0,1,0,0,0,0,0,0,35.0,456.5,381.0,182.0,258.0,70.0,227.16666666666666,281.2142857142857,327.0,295.56666666666666,183.46931104475755,219.93477612039078,259.5832420437294,282.3994682216302,0.0,0.0
2023-06-06,292.5,245.0,725.5,6,6,0,0,87.5,60.0,80.0,0.0,30.0,202.0,426.0,292.0,60.0,0,1,0,0,0,0,0,190.0,35.0,60.0,410.0,309.0,228.0,104.16666666666667,239.28571428571428,320.25,295.15,190.2752079539125,220.32953963207643,216.56243153279706,269.825308981525,0.0,0.0
2023-06-07,347.0,588.0,880.5,6,7,0,0,292.5,463.0,70.0,725.5,328.0,96.0,245.0,100.0,125.0,0,0,1,0,0,0,0,87.5,190.0,463.0,681.0,351.0,586.0,190.0,272.5,311.85714285714283,302.23333333333335,173.29839391446544,216.55773831241518,235.5468236495978,271.2881922730395,0.0,0.0
2023-06-08,221.0,834.5,335.0,6,8,0,0,347.0,383.0,228.0,880.5,539.0,467.0,588.0,337.0,90.0,0,0,0,1,0,0,0,292.5,87.5,383.0,456.0,326.0,1010.0,242.33333333333334,255.92857142857142,288.0,311.46666666666664,156.807586065276,212.17546956483318,263.41011773719833,276.1728250296176,0.0,0.0
2023-06-09,445.0,126.0,615.0,6,9,1,0,221.0,456.5,586.0,335.0,358.5,537.0,834.5,415.5,317.0,0,0,0,0,1,0,0,347.0,292.5,456.5,429.5,246.0,203.0,286.8333333333333,232.78571428571428,271.2142857142857,311.23333333333335,146.54659587279622,212.27425060817987,252.80758830289875,272.61328793093264,0.0,0.0
2023-06-10,0.0,2716.5,467.0,6,10,1,0,445.0,35.0,1010.0,615.0,170.0,423.0,126.0,339.0,93.0,0,0,0,0,0,1,0,221.0,347.0,35.0,86.0,56.0,361.0,337.6666666666667,231.14285714285714,272.32142857142856,306.53333333333336,143.6566259887656,207.48780326984792,300.8556912271741,283.7350112902273,0.0,0.0
2023-06-11,65.0,434.0,248.5,6,11,0,0,0.0,190.0,203.0,467.0,0.0,404.0,2716.5,2220.0,482.0,0,0,0,0,0,0,1,445.0,221.0,190.0,365.0,75.0,30.0,222.0,226.14285714285714,266.17857142857144,272.8666666666667,151.9886822227544,167.49456673294645,225.64176842038057,265.4295266908578,0.0,0.0
2023-06-12,182.0,278.0,380.0,6,12,0,0,65.0,87.5,361.0,248.5,0.0,97.0,434.0,426.0,167.5,1,0,0,0,0,0,0,0.0,445.0,87.5,381.0,182.0,258.0,170.0,208.28571428571428,244.75,268.26666666666665,163.82507366671516,171.3305805047422,185.48132631528543,252.49858948499602,0.0,0.0
2023-06-13,125.0,371.0,814.0,6,13,0,0,182.0,292.5,30.0,380.0,725.5,181.0,278.0,245.0,388.0,0,1,0,0,0,0,0,65.0,0.0,292.5,60.0,410.0,309.0,82.33333333333333,221.78571428571428,230.53571428571428,262.3,155.91553726907608,171.10647018137865,184.61099473646408,247.95029338918985,0.0,0.0
2023-06-14,150.0,258.0,357.0,6,14,0,0,125.0,347.0,258.0,814.0,880.5,191.0,371.0,588.0,367.0,0,0,1,0,0,0,0,182.0,65.0,347.0,463.0,681.0,351.0,124.0,197.85714285714286,235.17857142857142,265.46666666666664,156.10725860918856,167.50012523584266,169.70824605234804,240.0180163963389,0.0,0.0
2023-06-15,214.0,810.0,517.0,6,15,0,0,150.0,221.0,309.0,357.0,335.0,540.5,258.0,834.5,1024.0,0,0,0,1,0,0,0,125.0,182.0,221.0,383.0,456.0,326.0,152.33333333333334,169.71428571428572,212.82142857142858,261.8666666666667,141.84465009969406,168.82152039099284,164.78118453926103,234.2104024352848,0.0,0.0
2023-06-16,342.0,30.0,273.0,6,16,1,0,214.0,445.0,351.0,517.0,615.0,1264.0,810.0,126.0,542.0,0,0,0,0,1,0,0,150.0,125.0,445.0,456.5,429.5,246.0,163.0,168.71428571428572,200.75,258.7,141.44694445352283,168.79791018480827,177.08588840444577,232.90650550397612,0.0,0.0
2023-06-17,322.0,187.5,474.5,6,17,1,0,342.0,0.0,326.0,273.0,467.0,1114.0,30.0,2716.5,367.0,0,0,0,0,0,1,0,214.0,150.0,0.0,35.0,86.0,56.0,235.33333333333334,154.0,192.57142857142858,258.4,109.71326264403898,168.63613144159288,218.31441630333433,239.94479547146153,0.0,0.0
2023-06-18,207.0,215.0,852.5,6,18,0,0,322.0,65.0,246.0,474.5,248.5,666.0,187.5,434.0,464.0,0,0,0,0,0,0,1,342.0,214.0,65.0,190.0,365.0,75.0,292.6666666666667,200.0,213.07142857142858,258.26666666666665,101.58576015695583,168.58241273945941,244.23581222750073,245.23867963459307,0.0,0.0
2023-06-19,502.0,283.5,652.0,6,19,0,0,207.0,182.0,56.0,852.5,380.0,105.0,215.0,278.0,0.0,1,0,0,0,0,0,0,322.0,342.0,182.0,87.5,381.0,182.0,290.3333333333333,220.28571428571428,214.28571428571428,256.96666666666664,82.52416673458741,168.83045634157875,234.92685917062556,242.77166804526448,0.0,0.0
2023-06-20,524.0,919.0,347.0,6,20,0,0,502.0,125.0,75.0,652.0,814.0,311.0,283.5,371.0,551.0,0,1,0,0,0,0,0,207.0,322.0,125.0,292.5,60.0,410.0,343.6666666666667,266.0,243.89285714285714,271.8333333333333,131.73837709642507,170.1552198746036,301.6951443779692,259.49607655847325,0.0,0.0
2023-06-21,278.0,191.0,177.0,6,21,0,0,524.0,150.0,182.0,347.0,357.0,158.0,919.0,258.0,336.0,0,0,1,0,0,0,0,502.0,207.0,150.0,347.0,463.0,681.0,411.0,323.0,260.42857142857144,286.8,146.09928131240036,171.98193569935341,357.2713582834769,276.5608458127653,0.0,0.0
2023-06-22,150.0,27.0,300.0,6,22,0,0,278.0,214.0,410.0,177.0,517.0,851.5,191.0,810.0,663.0,0,0,0,1,0,0,0,524.0,502.0,214.0,221.0,383.0,456.0,434.6666666666667,341.2857142857143,255.5,290.0,127.68804993122103,170.85414227063524,337.45351871260766,276.65369447000626,0.0,0.0
2023-06-23,140.0,280.0,810.0,6,23,1,0,150.0,342.0,681.0,300.0,273.0,92.0,27.0,30.0,575.0,0,0,0,0,1,0,0,278.0,524.0,342.0,445.0,456.5,429.5,317.3333333333333,332.14285714285717,250.42857142857142,281.3333333333333,140.01717581714547,171.1512405051064,290.5901390344558,268.4824883751672,0.0,0.0
2023-06-24,0.0,490.0,195.0,6,24,1,0,140.0,322.0,456.0,810.0,474.5,507.0,280.0,187.5,598.0,0,0,0,0,0,1,0,150.0,278.0,322.0,0.0,35.0,86.0,189.33333333333334,303.2857142857143,228.64285714285714,263.3,157.38563497104172,155.36112547978277,252.94260427584183,260.1932955767693,0.0,0.0
2023-06-25,65.0,1514.0,132.0,6,25,0,0,0.0,207.0,429.5,195.0,852.5,1034.0,490.0,215.0,87.5,0,0,0,0,0,0,1,140.0,150.0,207.0,65.0,190.0,365.0,96.66666666666667,257.2857142857143,228.64285714285714,248.1,193.83903484224047,158.1398006566472,189.70695320688137,243.40663134601,0.0,0.0
2023-06-26,91.0,326.0,190.0,6,26,0,0,65.0,502.0,86.0,132.0,652.0,633.5,1514.0,283.5,203.0,1,0,0,0,0,0,0,0.0,140.0,502.0,182.0,87.5,381.0,68.33333333333333,237.0,228.64285714285714,235.95,206.96457023687222,157.7239704739547,158.53021490516102,231.89652609788033,0.0,0.0
2023-06-27,76.0,177.0,623.0,6,27,0,0,91.0,524.0,365.0,190.0,347.0,420.0,326.0,919.0,523.0,0,1,0,0,0,0,0,65.0,0.0,524.0,125.0,292.5,60.0,52.0,178.28571428571428,222.14285714285714,236.11666666666667,175.10255498394255,157.56261389952422,141.64766117887075,222.80642763995257,0.0,0.0
2023-06-28,0.0,366.0,76.0,6,28,0,1,76.0,278.0,381.0,623.0,177.0,180.0,177.0,191.0,3587.0,0,0,1,0,0,0,0,91.0,65.0,278.0,150.0,347.0,463.0,77.33333333333333,114.28571428571429,218.64285714285714,226.48333333333332,87.78518152420686,158.24421781305102,125.23574588415306,213.33504521156854,0.0,0.0
2023-06-29,62.0,925.0,175.0,6,29,0,1,0.0,150.0,60.0,76.0,300.0,30.0,366.0,27.0,292.0,0,0,0,1,0,0,0,76.0,91.0,150.0,214.0,221.0,383.0,55.666666666666664,74.57142857142857,207.92857142857142,213.78333333333333,59.79926739477858,160.6856367276636,93.9268094131148,199.5714939075964,1.0,0.0
2023-06-30,0.0,457.5,75.0,6,30,1,1,62.0,140.0,463.0,175.0,810.0,328.0,925.0,280.0,100.0,0,0,0,0,1,0,0,0.0,76.0,140.0,342.0,445.0,456.5,46.0,62.0,197.07142857142858,213.85,49.695740930853546,160.6200351439855,85.94510705983609,190.6959136554934,1.0,0.0
2023-07-01,111.0,377.0,225.0,7,1,1,0,0.0,0.0,383.0,75.0,195.0,539.0,457.5,490.0,337.0,0,0,0,0,0,1,0,62.0,0.0,0.0,322.0,0.0,35.0,20.666666666666668,42.0,172.64285714285714,198.41666666666666,40.36913012026032,158.07849879603853,64.45883029487706,178.39295148417125,1.0,0.0
2023-07-02,0.0,110.0,391.0,7,2,0,0,111.0,65.0,456.5,225.0,132.0,358.5,377.0,1514.0,415.5,0,0,0,0,0,0,1,0.0,62.0,65.0,207.0,65.0,190.0,57.666666666666664,57.857142857142854,157.57142857142858,189.35,42.846347846804505,154.89485588395215,76.09412272115779,174.04501913035375,0.0,0.0
2023-07-03,0.0,523.0,47.0,7,3,0,0,0.0,91.0,35.0,391.0,190.0,170.0,110.0,326.0,339.0,1,0,0,0,0,0,0,111.0,0.0,91.0,502.0,182.0,87.5,37.0,48.57142857142857,142.78571428571428,174.13333333333333,47.79768872674589,150.09398971020255,57.07059204086834,162.81630821871804,0.0,0.0
2023-07-04,145.0,523.0,0.0,7,4,0,0,0.0,76.0,190.0,47.0,623.0,0.0,523.0,177.0,2220.0,0,1,0,0,0,0,0,0.0,111.0,76.0,524.0,125.0,292.5,37.0,35.57142857142857,106.92857142857143,172.96666666666667,46.69709892079902,151.34357654330591,42.802944030651254,152.31203026912334,0.0,0.0
2023-07-05,0.0,724.0,517.0,7,5,0,0,145.0,0.0,87.5,0.0,76.0,0.0,523.0,366.0,426.0,0,0,1,0,0,0,0,0.0,0.0,0.0,278.0,150.0,347.0,48.333333333333336,45.42857142857143,79.85714285714286,171.46666666666667,61.56800344025207,151.3919287543229,68.35220802298844,151.8402863807928,0.0,1.0
2023-07-06,176.0,449.0,813.0,7,6,0,0,0.0,62.0,292.5,517.0,175.0,725.5,724.0,925.0,245.0,0,0,0,1,0,0,0,145.0,0.0,62.0,150.0,214.0,221.0,48.333333333333336,45.42857142857143,60.0,168.55,61.56800344025207,153.88768575680822,51.264156017241326,142.04413887235458,0.0,1.0
2023-07-07,116.0,509.0,377.0,7,7,1,0,176.0,0.0,347.0,813.0,75.0,880.5,449.0,457.5,588.0,0,0,0,0,1,0,0,0.0,145.0,0.0,140.0,342.0,445.0,107.0,61.714285714285715,61.857142857142854,164.66666666666666,79.22691942707736,152.11164985953067,82.448117012931,144.2348395902672,0.0,1.0
2023-07-08,270.0,966.5,762.0,7,8,1,0,116.0,111.0,221.0,377.0,225.0,335.0,509.0,377.0,834.5,0,0,0,0,0,1,0,176.0,0.0,111.0,0.0,322.0,0.0,97.33333333333333,78.28571428571429,60.142857142857146,156.96666666666667,76.24240789681691,148.36406371591067,90.83608775969824,142.41323703605642,0.0,0.0
2023-07-09,202.0,304.0,311.0,7,9,0,0,270.0,0.0,445.0,762.0,391.0,615.0,966.5,110.0,126.0,0,0,0,0,0,0,1,116.0,176.0,0.0,65.0,207.0,65.0,187.33333333333334,101.0,79.42857142857143,158.6,105.6330125166048,149.35969081843757,135.6270658197737,150.64464109824632,0.0,0.0
2023-07-10,511.5,682.25,335.0,7,10,0,0,202.0,0.0,0.0,311.0,47.0,467.0,304.0,523.0,2716.5,1,0,0,0,0,0,0,270.0,116.0,0.0,91.0,502.0,182.0,196.0,129.85714285714286,89.21428571428571,150.5,100.92972566994017,139.55983761763994,152.22029936483028,153.9578900596498,0.0,0.0
2023-07-11,716.0,847.0,173.0,7,11,0,0,511.5,145.0,65.0,335.0,0.0,248.5,682.25,523.0,434.0,0,1,0,0,0,0,0,202.0,270.0,145.0,76.0,524.0,125.0,327.8333333333333,202.92857142857142,119.25,167.55,159.44341435428507,151.29113005884622,242.04022452362273,177.02512295902724,0.0,0.0
2023-07-12,420.0,105.0,441.5,7,12,0,0,716.0,0.0,182.0,173.0,517.0,380.0,847.0,724.0,278.0,0,0,1,0,0,0,0,511.5,202.0,0.0,0.0,278.0,150.0,476.5,284.5,164.96428571428572,189.25,246.92863341459585,180.03212117611784,360.53016839271703,211.79769567134807,0.0,0.0
2023-07-13,746.0,486.0,198.0,7,13,0,0,420.0,176.0,125.0,441.5,813.0,814.0,105.0,449.0,371.0,0,0,0,1,0,0,0,716.0,511.5,176.0,62.0,150.0,214.0,549.1666666666666,344.5,194.96428571428572,197.18333333333334,215.27598565562272,184.8802260613766,375.39762629453776,225.23010240222885,0.0,0.0
2023-07-14,40.0,565.0,341.0,7,14,1,0,746.0,116.0,150.0,198.0,377.0,357.0,486.0,509.0,258.0,0,0,0,0,1,0,0,420.0,716.0,116.0,0.0,140.0,342.0,627.3333333333334,425.92857142857144,243.82142857142858,217.88333333333333,246.46102270802498,209.62814710212757,468.0482197209033,258.8281603117625,0.0,0.0
2023-07-15,75.0,322.5,107.5,7,15,1,0,40.0,270.0,214.0,341.0,762.0,517.0,565.0,966.5,810.0,0,0,0,0,0,1,0,746.0,420.0,270.0,111.0,0.0,322.0,402.0,415.07142857142856,246.67857142857142,214.21666666666667,263.47618940039393,211.80715380340396,361.0361647906775,244.71021448519718,0.0,0.0
2023-07-16,1035.0,755.0,76.0,7,16,0,0,75.0,202.0,342.0,107.5,311.0,273.0,322.5,304.0,30.0,0,0,0,0,0,0,1,40.0,746.0,202.0,0.0,65.0,207.0,287.0,387.2142857142857,244.10714285714286,209.58333333333334,290.31274187544363,213.32693394676258,289.5271235930081,233.76116838937804,0.0,0.0
2023-07-17,116.0,273.0,227.0,7,17,0,0,1035.0,511.5,322.0,76.0,335.0,474.5,755.0,682.25,187.5,1,0,0,0,0,0,0,75.0,40.0,511.5,0.0,91.0,502.0,383.3333333333333,506.2142857142857,318.0357142857143,232.68333333333334,363.2914185084815,260.47127326329536,475.8953426947561,285.4539962352246,0.0,0.0
2023-07-18,716.0,652.0,515.0,7,18,0,0,116.0,716.0,207.0,227.0,173.0,852.5,273.0,847.0,215.0,0,1,0,0,0,0,0,1035.0,75.0,716.0,145.0,76.0,524.0,408.6666666666667,449.7142857142857,326.32142857142856,225.81666666666666,391.9560835458117,260.7506565381139,385.9215070210671,274.5214803490811,0.0,0.0
2023-07-19,0.0,305.0,262.5,7,19,0,0,716.0,420.0,502.0,515.0,441.5,652.0,652.0,105.0,283.5,0,0,1,0,0,0,0,116.0,1035.0,420.0,0.0,0.0,278.0,622.3333333333334,449.7142857142857,367.10714285714283,242.78333333333333,391.9560835458117,275.62004341726185,468.4411302658003,303.0039654878501,0.0,0.0
2023-07-20,330.0,544.0,0.0,7,20,0,0,0.0,746.0,524.0,262.5,198.0,347.0,305.0,486.0,919.0,0,0,0,1,0,0,0,716.0,116.0,746.0,176.0,62.0,150.0,277.3333333333333,389.7142857142857,367.10714285714283,226.05,427.7728035167398,274.576550157787,351.3308476993502,283.4553225531501,0.0,0.0
2023-07-21,202.0,499.0,292.0,7,21,1,0,330.0,40.0,278.0,0.0,341.0,177.0,544.0,565.0,191.0,0,0,0,0,1,0,0,0.0,716.0,40.0,116.0,0.0,140.0,348.6666666666667,330.2857142857143,378.10714285714283,219.58333333333334,397.8780023599,269.55602332844217,345.99813577451266,286.45820496907595,0.0,0.0
2023-07-22,344.0,201.0,203.0,7,22,1,0,202.0,75.0,150.0,292.0,107.5,300.0,499.0,322.5,27.0,0,0,0,0,0,1,0,330.0,0.0,75.0,270.0,111.0,0.0,177.33333333333334,353.42857142857144,384.25,217.05,382.59720209068297,269.3451301544749,309.99860183088447,281.0092885194582,0.0,0.0
2023-07-23,287.0,735.0,111.0,7,23,0,0,344.0,1035.0,140.0,203.0,76.0,810.0,201.0,755.0,280.0,0,0,0,0,0,0,1,202.0,330.0,1035.0,202.0,0.0,65.0,292.0,391.85714285714283,389.5357142857143,223.51666666666668,362.97678005230955,270.0078697235391,318.4989513731633,285.0732053891706,0.0,0.0
2023-07-24,210.0,407.0,660.0,7,24,0,0,287.0,116.0,0.0,111.0,227.0,195.0,735.0,273.0,490.0,1,0,0,0,0,0,0,344.0,202.0,116.0,511.5,0.0,91.0,277.6666666666667,285.0,395.60714285714283,228.41666666666666,226.5487438352576,269.7737264926796,310.62421352987246,285.1975147189015,0.0,0.0
2023-07-25,571.0,480.5,339.5,7,25,0,0,210.0,716.0,65.0,660.0,515.0,132.0,407.0,652.0,1514.0,0,1,0,0,0,0,0,287.0,344.0,716.0,716.0,145.0,76.0,280.3333333333333,298.42857142857144,374.07142857142856,235.41666666666666,217.4655966222831,266.3451896645991,285.4681601474043,280.3460621563918,0.0,0.0
2023-07-26,78.0,784.0,181.0,7,26,0,0,571.0,0.0,91.0,339.5,262.5,190.0,480.5,305.0,326.0,0,0,1,0,0,0,0,210.0,287.0,0.0,420.0,0.0,0.0,356.0,277.7142857142857,363.7142857142857,252.28333333333333,173.52878174884395,271.1592509353426,356.8511201105532,299.0979291140439,0.0,0.0
2023-07-27,249.0,201.0,43.0,7,27,0,0,78.0,330.0,76.0,181.0,0.0,623.0,784.0,544.0,177.0,0,0,0,1,0,0,0,571.0,210.0,330.0,746.0,176.0,62.0,286.3333333333333,288.85714285714283,339.2857142857143,251.85,154.14541681091058,271.4361279412233,287.1383400829149,284.83354659055726,0.0,0.0
2023-07-28,211.0,462.0,208.0,7,28,1,0,249.0,202.0,0.0,43.0,292.0,76.0,201.0,499.0,366.0,0,0,0,0,1,0,0,78.0,571.0,202.0,40.0,116.0,0.0,299.3333333333333,277.2857142857143,303.7857142857143,257.6166666666667,153.58137287847742,269.40143368450055,277.60375506218617,282.52170487503747,0.0,0.0
2023-07-29,100.0,550.0,446.0,7,29,1,0,211.0,344.0,62.0,208.0,203.0,175.0,462.0,201.0,925.0,0,0,0,0,0,1,0,249.0,78.0,344.0,75.0,270.0,111.0,179.33333333333334,278.57142857142856,316.0,264.65,152.88215193721015,265.164852757546,260.95281629663964,277.9074013347125,0.0,0.0
2023-07-30,265.0,165.0,20.0,7,30,0,0,100.0,287.0,0.0,446.0,111.0,75.0,550.0,735.0,457.5,0,0,0,0,0,0,1,211.0,249.0,287.0,1035.0,202.0,0.0,186.66666666666666,243.71428571428572,317.7857142857143,265.9166666666667,162.96187108821266,264.252624798021,220.71461222247973,266.4295044744085,0.0,0.0
2023-07-31,177.0,448.0,215.0,7,31,0,0,265.0,210.0,111.0,20.0,660.0,225.0,165.0,407.0,377.0,1,0,0,0,0,0,0,100.0,211.0,210.0,116.0,511.5,0.0,192.0,240.57142857142858,262.7857142857143,274.75,162.1982913420654,259.44253067709985,231.7859591668598,266.33727837928535,0.0,0.0
2023-08-01,243.0,90.0,435.0,8,1,0,0,177.0,571.0,0.0,215.0,339.5,391.0,448.0,480.5,110.0,0,1,0,0,0,0,0,265.0,100.0,571.0,716.0,716.0,145.0,180.66666666666666,235.85714285714286,267.14285714285717,276.95,163.7074917563111,258.2833364670507,218.08946937514486,260.5735829999766,0.0,0.0
2023-08-02,290.0,547.0,399.5,8,2,0,0,243.0,78.0,0.0,435.0,181.0,47.0,90.0,784.0,523.0,0,0,1,0,0,0,0,177.0,265.0,78.0,0.0,420.0,0.0,228.33333333333334,189.0,233.35714285714286,285.05,74.34379597518405,253.05588690356862,224.31710203135864,259.43980345159105,0.0,0.0
2023-08-03,261.0,188.0,404.0,8,3,0,0,290.0,249.0,145.0,399.5,43.0,0.0,547.0,201.0,523.0,0,0,0,1,0,0,0,243.0,177.0,249.0,330.0,746.0,176.0,236.66666666666666,219.28571428571428,254.07142857142858,294.71666666666664,64.05912447552834,247.2642619342412,240.73782652351898,261.4114290353594,0.0,0.0
2023-08-04,1078.0,937.5,290.0,8,4,1,0,261.0,211.0,0.0,404.0,208.0,517.0,188.0,462.0,724.0,0,0,0,0,1,0,0,290.0,243.0,211.0,202.0,40.0,116.0,264.6666666666667,221.0,249.14285714285714,298.5833333333333,65.13831437794354,245.7446138369772,245.80336989263924,261.3848852266265,0.0,0.0
2023-08-05,192.0,722.0,784.0,8,5,1,0,1078.0,100.0,176.0,290.0,446.0,813.0,937.5,550.0,449.0,0,0,0,0,0,1,0,261.0,290.0,100.0,344.0,75.0,270.0,543.0,344.85714285714283,311.7142857142857,334.51666666666665,329.75315443092086,277.35973414761696,453.85252741947943,314.0697313410377,0.0,0.0
2023-08-06,204.0,790.0,536.0,8,6,0,0,192.0,265.0,116.0,784.0,20.0,377.0,722.0,165.0,509.0,0,0,0,0,0,0,1,1078.0,261.0,265.0,287.0,1035.0,202.0,510.3333333333333,358.0,300.85714285714283,335.05,320.05832801746186,277.0596335037664,388.3893955646096,306.1942648029063,0.0,0.0
2023-08-07,437.0,385.0,540.0,8,7,0,0,204.0,177.0,270.0,536.0,215.0,762.0,790.0,448.0,966.5,1,0,0,0,0,0,0,192.0,1078.0,177.0,210.0,116.0,511.5,491.3333333333333,349.2857142857143,294.92857142857144,337.98333333333335,323.8207911204971,275.11955029409114,342.2920466734572,299.60108642852526,0.0,0.0
2023-08-08,515.0,433.0,425.0,8,8,0,0,437.0,243.0,202.0,540.0,435.0,311.0,385.0,90.0,304.0,0,1,0,0,0,0,0,204.0,192.0,243.0,571.0,716.0,716.0,277.6666666666667,386.42857142857144,311.14285714285717,343.55,315.5718920430318,275.3859470408506,365.9690350050929,308.46553246539463,0.0,0.0
2023-08-09,127.0,345.0,1248.0,8,9,0,0,515.0,290.0,511.5,425.0,399.5,335.0,433.0,547.0,682.25,0,0,1,0,0,0,0,437.0,204.0,290.0,78.0,0.0,420.0,385.3333333333333,425.2857142857143,307.14285714285717,353.98333333333335,311.68986417362265,275.767158259849,403.2267762538197,321.790336822466,0.0,0.0
2023-08-10,323.0,1051.0,738.0,8,10,0,0,127.0,261.0,716.0,1248.0,404.0,173.0,345.0,188.0,847.0,0,0,0,1,0,0,0,515.0,437.0,261.0,249.0,330.0,746.0,359.6666666666667,402.0,310.64285714285717,341.1666666666667,329.0845889230709,277.12565099027114,334.1700821903648,309.2232183177908,0.0,0.0
2023-08-11,228.0,110.0,856.0,8,11,1,0,323.0,1078.0,420.0,738.0,290.0,441.5,1051.0,937.5,105.0,0,0,0,0,1,0,0,127.0,515.0,1078.0,211.0,202.0,40.0,321.6666666666667,410.85714285714283,315.92857142857144,328.06666666666666,325.4716723830346,267.9321753256085,331.37756164277357,310.1120429424494,0.0,0.0
2023-08-12,136.0,156.0,232.0,8,12,1,0,228.0,192.0,746.0,856.0,784.0,198.0,110.0,722.0,486.0,0,0,0,0,0,1,0,323.0,127.0,192.0,100.0,344.0,75.0,226.0,289.42857142857144,317.14285714285717,321.6666666666667,141.85304266840922,267.953590080039,305.5331712320802,304.814491784872,0.0,0.0
2023-08-13,254.0,28.0,277.0,8,13,0,0,136.0,204.0,40.0,232.0,536.0,341.0,156.0,790.0,565.0,0,0,0,0,0,0,1,228.0,323.0,204.0,265.0,287.0,1035.0,229.0,281.42857142857144,319.7142857142857,301.3333333333333,149.62938341432871,257.58725784149107,263.14987842406015,293.92323425036415,0.0,0.0
2023-08-14,138.0,772.0,52.0,8,14,0,0,254.0,437.0,75.0,277.0,540.0,107.5,28.0,385.0,322.5,1,0,0,0,0,0,0,136.0,228.0,437.0,177.0,210.0,116.0,206.0,288.57142857142856,318.92857142857144,308.46666666666664,146.4773670149039,253.0233372544957,260.8624088180451,291.3475417180826,0.0,0.0
2023-08-15,127.0,254.0,290.0,8,15,0,0,138.0,515.0,1035.0,52.0,425.0,76.0,772.0,433.0,755.0,0,1,0,0,0,0,0,254.0,136.0,515.0,243.0,571.0,716.0,176.0,245.85714285714286,316.14285714285717,310.56666666666666,139.4051990558792,251.27422625810465,230.1468066135338,281.4541519298192,0.0,0.0
2023-08-16,492.0,529.0,301.0,8,16,0,0,127.0,127.0,116.0,290.0,1248.0,227.0,254.0,345.0,273.0,0,0,1,0,0,0,0,138.0,254.0,127.0,290.0,78.0,0.0,173.0,190.42857142857142,307.85714285714283,280.3,78.30039834478572,212.73541118585254,204.36010496015035,271.489367934347,0.0,0.0
2023-08-17,137.0,462.0,555.0,8,17,0,0,492.0,323.0,716.0,301.0,738.0,515.0,529.0,1051.0,652.0,0,0,0,1,0,0,0,127.0,138.0,323.0,261.0,249.0,330.0,252.33333333333334,242.57142857142858,322.2857142857143,292.8333333333333,132.08312678367423,213.79527483139066,276.2700787201128,285.71586032567944,0.0,0.0
2023-08-18,81.0,277.0,428.0,8,18,1,0,137.0,228.0,0.0,555.0,856.0,262.5,462.0,110.0,305.0,0,0,0,0,1,0,0,492.0,127.0,228.0,1078.0,211.0,202.0,252.0,216.0,313.42857142857144,273.53333333333336,131.91537691515128,199.9640887299746,241.4525590400846,276.1212886917646,0.0,0.0
2023-08-19,216.0,116.0,384.5,8,19,1,0,81.0,136.0,330.0,428.0,232.0,0.0,277.0,156.0,544.0,0,0,0,0,0,1,0,137.0,492.0,136.0,192.0,100.0,344.0,236.66666666666666,195.0,242.21428571428572,276.23333333333335,141.0697227142182,196.66296801509353,201.33941928006345,263.5328184535863,0.0,0.0
2023-08-20,221.0,937.0,190.0,8,20,0,0,216.0,254.0,202.0,384.5,277.0,292.0,116.0,28.0,499.0,0,0,0,0,0,0,1,81.0,137.0,254.0,204.0,265.0,287.0,144.66666666666666,206.42857142857142,243.92857142857142,272.43333333333334,138.71416311112142,196.6896177919068,205.0045644600476,260.4661850049678,0.0,0.0
2023-08-21,265.0,426.5,548.0,8,21,0,0,221.0,138.0,344.0,190.0,52.0,203.0,937.0,772.0,201.0,1,0,0,0,0,0,0,216.0,81.0,138.0,437.0,177.0,210.0,172.66666666666666,201.71428571428572,245.14285714285714,273.06666666666666,137.38233060297276,196.48548833549194,209.00342334503569,257.9199795207764,0.0,0.0
2023-08-22,298.0,184.0,1154.0,8,22,0,0,265.0,127.0,287.0,548.0,290.0,111.0,426.5,254.0,735.0,0,1,0,0,0,0,0,221.0,216.0,127.0,515.0,243.0,571.0,234.0,219.85714285714286,232.85714285714286,270.43333333333334,135.94414118971542,196.0309059611621,223.00256750877676,258.37675503556505,0.0,0.0
2023-08-23,483.0,312.5,729.0,8,23,0,0,298.0,492.0,210.0,1154.0,301.0,660.0,184.0,529.0,407.0,0,0,1,0,0,0,0,265.0,221.0,492.0,127.0,290.0,78.0,261.3333333333333,244.28571428571428,217.35714285714286,270.8,131.7772290467434,196.07324458318953,241.75192563158257,260.93309342036736,0.0,0.0
2023-08-24,360.0,597.5,447.5,8,24,0,0,483.0,137.0,571.0,729.0,555.0,339.5,312.5,462.0,480.5,0,0,0,1,0,0,0,298.0,265.0,137.0,323.0,261.0,249.0,348.6666666666667,243.0,242.78571428571428,279.9,128.97157309526173,199.46002105685227,302.0639442236869,275.2599906190534,0.0,0.0
2023-08-25,334.0,480.0,439.0,8,25,1,0,360.0,81.0,78.0,447.5,428.0,181.0,597.5,277.0,784.0,0,0,0,0,1,0,0,483.0,298.0,81.0,228.0,1078.0,211.0,380.3333333333333,274.85714285714283,245.42857142857142,272.8666666666667,125.9304418735835,192.4378508422435,316.54795816776516,280.72708799846936,0.0,0.0
2023-08-26,352.0,200.0,262.0,8,26,1,0,334.0,216.0,249.0,439.0,384.5,43.0,480.0,116.0,201.0,0,0,0,0,0,1,0,360.0,483.0,216.0,136.0,192.0,100.0,392.3333333333333,311.0,253.0,281.4,93.02687783646094,189.14664991062818,320.9109686258239,284.1640500630843,0.0,0.0
2023-08-27,76.0,120.0,311.0,8,27,0,0,352.0,221.0,211.0,262.0,190.0,208.0,200.0,937.0,462.0,0,0,0,0,0,0,1,334.0,360.0,221.0,254.0,204.0,265.0,348.6666666666667,330.42857142857144,268.42857142857144,284.8333333333333,83.60394157944285,189.4727863879379,328.6832264693679,288.54056296224013,0.0,0.0
2023-08-28,117.0,771.5,461.0,8,28,0,0,76.0,265.0,100.0,311.0,548.0,446.0,120.0,426.5,550.0,1,0,0,0,0,0,0,352.0,334.0,265.0,138.0,437.0,177.0,254.0,309.7142857142857,255.71428571428572,280.3333333333333,123.6213496740669,192.85966549466113,265.5124198520259,274.8282685775795,0.0,0.0
2023-08-29,305.0,307.0,718.5,8,29,0,0,117.0,298.0,265.0,461.0,1154.0,20.0,771.5,184.0,165.0,0,1,0,0,0,0,0,76.0,352.0,298.0,127.0,515.0,243.0,181.66666666666666,288.57142857142856,254.21428571428572,280.9,143.58720595612104,192.33579651403844,228.38431488901944,264.64579963709053,0.0,0.0
2023-08-30,1460.5,1223.0,367.5,8,30,0,0,305.0,483.0,177.0,718.5,729.0,215.0,307.0,312.5,448.0,0,0,1,0,0,0,0,117.0,76.0,483.0,492.0,127.0,290.0,166.0,289.57142857142856,266.92857142857144,282.23333333333335,143.6881543979375,192.36041662737534,247.5382361667646,267.2492964346976,0.0,0.0
2023-08-31,710.0,235.5,559.0,8,31,0,0,1460.5,360.0,243.0,367.5,447.5,435.0,1223.0,597.5,90.0,0,0,0,1,0,0,0,305.0,117.0,360.0,137.0,323.0,261.0,627.5,429.2142857142857,336.10714285714283,325.01666666666665,469.22559048063937,287.40211177125104,550.7786771250735,344.23321279374943,0.0,0.0
2023-09-01,35.0,436.0,314.0,9,1,1,0,710.0,334.0,290.0,559.0,439.0,399.5,235.5,480.0,547.0,0,0,0,0,1,0,0,1460.5,305.0,334.0,81.0,228.0,1078.0,825.1666666666666,479.2142857142857,377.0357142857143,340.5833333333333,479.16349481351847,295.34404494598743,590.5840078438051,367.8310700328624,0.0,0.0
2023-09-02,1063.5,387.0,258.0,9,2,1,0,35.0,352.0,261.0,314.0,262.0,404.0,436.0,200.0,188.0,0,0,0,0,0,1,0,710.0,1460.5,352.0,216.0,136.0,192.0,735.1666666666666,436.5,373.75,332.0833333333333,506.79606352062365,300.47491384568974,451.6880058828539,346.35809777267775,0.0,0.0
2023-09-03,300.0,2052.0,76.0,9,3,0,0,1063.5,76.0,1078.0,258.0,311.0,290.0,387.0,120.0,937.5,0,0,0,0,0,0,1,35.0,710.0,76.0,221.0,254.0,204.0,602.8333333333334,538.1428571428571,434.2857142857143,358.8333333333333,555.9861145062973,328.35644355332585,604.6410044121404,392.6253172712147,0.0,0.0
2023-09-04,461.0,431.0,281.0,9,4,0,0,300.0,117.0,192.0,76.0,461.0,784.0,2052.0,771.5,722.0,1,0,0,0,0,0,0,1063.5,35.0,117.0,265.0,138.0,437.0,466.1666666666667,570.1428571428571,439.92857142857144,332.9,530.8313224152687,299.01016013184056,528.4807533091054,386.64949035049125,0.0,0.0
2023-09-05,304.5,475.0,439.0,9,5,0,0,461.0,305.0,204.0,281.0,718.5,536.0,431.0,307.0,790.0,0,1,0,0,0,0,0,300.0,1063.5,305.0,298.0,127.0,515.0,608.1666666666666,619.2857142857143,453.92857142857144,341.8666666666667,496.7158692471027,298.6723476727763,511.61056498182904,391.44629742465315,0.0,0.0
2023-09-06,430.0,308.75,526.0,9,6,0,0,304.5,1460.5,437.0,439.0,367.5,540.0,475.0,1223.0,385.0,0,0,1,0,0,0,0,461.0,300.0,1460.5,483.0,492.0,127.0,355.1666666666667,619.2142857142857,454.39285714285717,345.21666666666664,496.7686296743903,297.63448665045206,459.83292373637175,385.83685888112717,0.0,0.0
2023-09-07,531.0,190.0,565.0,9,7,0,0,430.0,710.0,515.0,526.0,559.0,425.0,308.75,235.5,433.0,0,0,0,1,0,0,0,304.5,461.0,710.0,360.0,137.0,323.0,398.5,472.0,450.60714285714283,344.98333333333335,330.91048638566895,297.56278628485984,452.3746928022788,388.68609379202223,0.0,0.0
2023-09-08,126.0,561.0,823.0,9,8,1,0,531.0,35.0,127.0,565.0,314.0,1248.0,190.0,436.0,345.0,0,0,0,0,1,0,0,430.0,304.5,35.0,334.0,81.0,228.0,421.8333333333333,446.42857142857144,462.82142857142856,345.51666666666665,316.03539208072726,297.8921779984222,472.0310196017091,397.8676361280208,0.0,0.0
2023-09-09,395.0,381.0,643.0,9,9,1,0,126.0,1063.5,323.0,823.0,258.0,738.0,561.0,387.0,1051.0,0,0,0,0,0,1,0,531.0,430.0,1063.5,352.0,216.0,136.0,362.3333333333333,459.42857142857144,447.9642857142857,345.48333333333335,297.6262237230097,297.9175274483183,385.52326470128185,380.32778863589044,0.0,0.0
2023-09-10,365.0,506.5,154.0,9,10,0,0,395.0,300.0,228.0,643.0,76.0,856.0,381.0,2052.0,110.0,0,0,0,0,0,0,1,126.0,531.0,300.0,76.0,221.0,254.0,350.6666666666667,363.92857142857144,451.0357142857143,347.8833333333333,133.47609916243036,298.0201533145186,387.8924485259614,381.27438291744596,0.0,0.0
2023-09-11,530.5,162.0,464.5,9,11,0,0,365.0,461.0,136.0,154.0,281.0,232.0,506.5,431.0,156.0,1,0,0,0,0,0,0,395.0,126.0,461.0,117.0,265.0,138.0,295.3333333333333,373.2142857142857,471.67857142857144,352.45,130.51559841096133,297.16822560688547,382.1693363944711,380.2244227292237,0.0,0.0
2023-09-12,248.0,338.5,758.0,9,12,0,0,530.5,304.5,254.0,464.5,439.0,277.0,162.0,475.0,28.0,0,1,0,0,0,0,0,365.0,395.0,304.5,305.0,298.0,127.0,430.1666666666667,383.14285714285717,501.2142857142857,365.6,140.5633647996854,295.9859735726071,419.25200229585334,389.9196212628222,0.0,0.0
2023-09-13,233.5,566.0,299.0,9,13,0,0,248.0,430.0,138.0,758.0,526.0,52.0,338.5,308.75,772.0,0,0,1,0,0,0,0,530.5,365.0,430.0,1460.5,483.0,492.0,381.1666666666667,375.07142857142856,497.14285714285717,365.4,147.29291354628126,296.065999165843,376.43900172189,380.7635166652208,0.0,0.0
2023-09-14,233.0,298.0,511.5,9,14,0,0,233.5,531.0,127.0,299.0,565.0,290.0,566.0,190.0,254.0,0,0,0,1,0,0,0,248.0,530.5,531.0,710.0,360.0,137.0,337.3333333333333,347.0,409.5,368.5833333333333,153.66657628341486,294.04316136772576,340.7042512914175,371.26264462230336,0.0,0.0
2023-09-15,222.0,366.0,638.0,9,15,1,0,233.0,126.0,492.0,511.5,823.0,301.0,298.0,561.0,529.0,0,0,0,0,1,0,0,233.5,248.0,126.0,35.0,334.0,81.0,238.16666666666666,304.42857142857144,375.42857142857144,372.1166666666667,134.24741728472438,291.66737323395523,313.77818846856314,362.3424740015096,0.0,0.0
2023-09-16,46.0,159.0,1085.0,9,16,1,0,222.0,395.0,137.0,638.0,643.0,555.0,366.0,381.0,462.0,0,0,0,0,0,1,0,233.0,233.5,395.0,1063.5,352.0,216.0,229.5,318.14285714285717,388.7857142857143,363.1166666666667,116.74427690673349,292.0060723073542,290.83364135142233,353.28812084012185,0.0,0.0
2023-09-17,101.0,156.0,301.0,9,17,0,0,46.0,365.0,81.0,1085.0,154.0,428.0,159.0,506.5,277.0,0,0,0,0,0,0,1,222.0,233.0,365.0,300.0,76.0,221.0,167.0,268.2857142857143,316.10714285714283,360.0833333333333,148.62140299624167,294.8943143046257,229.62523101356675,333.46308078592045,0.0,0.0
2023-09-18,395.0,640.0,305.0,9,18,0,0,101.0,530.5,216.0,301.0,464.5,384.5,156.0,162.0,116.0,1,0,0,0,0,0,0,46.0,222.0,530.5,461.0,117.0,265.0,123.0,230.57142857142858,301.89285714285717,360.75,153.4080692606668,294.26356793492647,197.46892326017507,318.46546267069976,0.0,0.0
2023-09-19,417.0,435.0,555.5,9,19,0,0,395.0,248.0,221.0,305.0,758.0,190.0,640.0,338.5,937.0,0,1,0,0,0,0,0,101.0,46.0,248.0,304.5,305.0,298.0,180.66666666666666,211.21428571428572,297.17857142857144,366.71666666666664,112.29494539784318,293.03953138445837,246.8516924451313,323.4031747564611,0.0,0.0
2023-09-20,313.0,538.0,466.0,9,20,0,0,417.0,233.5,265.0,555.5,299.0,548.0,435.0,566.0,426.5,0,0,1,0,0,0,0,395.0,101.0,233.5,430.0,1460.5,483.0,304.3333333333333,235.35714285714286,305.2142857142857,373.25,136.97649259566165,291.86129056631415,289.3887693338485,329.44167961088294,0.0,0.0
2023-09-21,342.0,777.0,619.5,9,21,0,0,313.0,233.0,298.0,466.0,511.5,1154.0,538.0,298.0,184.0,0,0,0,1,0,0,0,417.0,395.0,233.0,531.0,710.0,360.0,375.0,246.71428571428572,296.85714285714283,374.85,140.05798119078375,291.3785649347739,295.2915770003864,328.3809260876002,0.0,0.0
2023-09-22,177.0,229.0,374.0,9,22,1,0,342.0,222.0,483.0,619.5,638.0,729.0,777.0,366.0,312.5,0,0,0,0,1,0,0,313.0,417.0,222.0,126.0,35.0,334.0,357.3333333333333,262.2857142857143,283.35714285714283,376.31666666666666,144.2748699366523,291.088992297513,306.96868275028976,329.25957601743244,0.0,0.0
2023-09-23,117.0,191.0,200.0,9,23,1,0,177.0,46.0,360.0,374.0,1085.0,447.5,229.0,159.0,597.5,0,0,0,0,0,1,0,342.0,313.0,46.0,395.0,1063.5,352.0,277.3333333333333,255.85714285714286,287.0,366.1166666666667,147.33909706459235,292.5792460682832,274.47651206271735,319.4363775646949,0.0,0.0
2023-09-24,245.0,26.0,542.25,9,24,0,0,117.0,101.0,334.0,200.0,301.0,439.0,191.0,156.0,480.0,0,0,0,0,0,0,1,177.0,342.0,101.0,365.0,300.0,76.0,212.0,266.0,267.14285714285717,358.01666666666665,132.14512224570825,296.096980947859,235.107384047038,306.3759661089082,0.0,0.0
2023-09-25,355.0,305.0,314.5,9,25,0,0,245.0,395.0,352.0,542.25,305.0,262.0,26.0,640.0,200.0,1,0,0,0,0,0,0,117.0,177.0,395.0,530.5,461.0,117.0,179.66666666666666,286.57142857142856,258.57142857142856,355.05,111.8240539759622,296.79095017107284,237.5805380352785,302.4162263599464,0.0,0.0
2023-09-26,210.0,608.0,112.0,9,26,0,0,355.0,417.0,76.0,314.5,555.5,311.0,305.0,435.0,120.0,0,1,0,0,0,0,0,245.0,117.0,417.0,248.0,304.5,305.0,239.0,280.85714285714283,246.03571428571428,355.15,106.24253475174642,296.790392480898,266.93540352645886,305.8087278851111,0.0,0.0
2023-09-27,377.0,556.0,313.5,9,27,0,0,210.0,313.0,117.0,112.0,466.0,461.0,608.0,538.0,771.5,0,0,1,0,0,0,0,355.0,245.0,313.0,233.5,430.0,1460.5,270.0,251.28571428571428,243.32142857142858,359.6166666666667,89.52600047977457,293.43370523478734,252.70155264484413,299.62751963445885,0.0,0.0
2023-09-28,0.0,540.0,395.0,9,28,0,0,377.0,342.0,305.0,313.5,619.5,718.5,556.0,777.0,307.0,0,0,0,1,0,0,0,210.0,355.0,342.0,233.0,531.0,710.0,314.0,260.42857142857144,253.57142857142858,368.28333333333336,99.58222254809785,289.83841167977965,283.7761644836331,304.61929256126797,0.0,0.0
2023-09-29,363.0,520.0,175.0,9,29,1,0,0.0,177.0,1460.5,395.0,374.0,367.5,540.0,229.0,1223.0,0,0,0,0,1,0,0,377.0,210.0,177.0,222.0,126.0,35.0,195.66666666666666,211.57142857142858,236.92857142857142,358.1166666666667,131.6306159205329,297.38572662839556,212.83212336272484,284.96643497667003,0.0,0.0
2023-09-30,120.0,852.5,488.0,9,30,1,0,363.0,117.0,710.0,175.0,200.0,559.0,520.0,191.0,235.5,0,0,0,0,0,1,0,0.0,377.0,117.0,46.0,395.0,1063.5,246.66666666666666,238.14285714285714,247.0,321.53333333333336,141.8642879320797,212.48403320677073,250.37409252204364,290.0008585265623,0.0,0.0
2023-10-01,61.0,0.0,532.0,10,1,0,0,120.0,245.0,35.0,488.0,542.25,314.0,852.5,26.0,436.0,0,0,0,0,0,0,1,363.0,0.0,245.0,101.0,365.0,300.0,161.0,238.57142857142858,252.28571428571428,301.8666666666667,141.44122117550762,202.35173087598164,217.78056939153274,279.03306120226796,0.0,0.0
2023-10-02,120.0,1011.0,552.5,10,2,0,0,61.0,355.0,1063.5,532.0,314.5,258.0,0.0,305.0,387.0,1,0,0,0,0,0,0,120.0,363.0,355.0,395.0,530.5,461.0,181.33333333333334,212.28571428571428,249.42857142857142,302.73333333333335,156.35825773493565,201.22185960180656,178.58542704364956,264.9664120924442,0.0,0.0
2023-10-03,307.0,82.0,388.0,10,3,0,0,120.0,210.0,300.0,552.5,112.0,76.0,1011.0,608.0,2052.0,0,1,0,0,0,0,0,61.0,120.0,210.0,417.0,248.0,304.5,100.33333333333333,178.71428571428572,229.78571428571428,271.28333333333336,145.45757031486718,143.73938841392484,163.93907028273716,255.61374034454462,0.0,0.0
2023-10-04,759.0,968.0,275.0,10,4,0,0,307.0,377.0,461.0,388.0,313.5,281.0,82.0,556.0,431.0,0,0,1,0,0,0,0,120.0,61.0,377.0,313.0,233.5,430.0,162.66666666666666,192.57142857142858,221.92857142857142,271.51666666666665,153.3415111690857,143.79328333873346,199.70430271205288,258.9289829029611,0.0,0.0
2023-10-05,160.0,259.0,475.0,10,5,0,0,759.0,0.0,304.5,275.0,395.0,439.0,968.0,540.0,475.0,0,0,0,1,0,0,0,307.0,120.0,0.0,342.0,233.0,531.0,395.3333333333333,247.14285714285714,253.78571428571428,281.45,260.46844247203796,165.9242322931431,339.5282270340397,291.1916291672862,0.0,0.0
2023-10-06,351.0,2189.0,935.0,10,6,1,0,160.0,363.0,430.0,475.0,175.0,526.0,259.0,520.0,308.75,0,0,0,0,1,0,0,759.0,307.0,363.0,177.0,222.0,126.0,408.6666666666667,270.0,240.78571428571428,276.6333333333333,241.49534156997697,167.32350110784932,294.64617027552976,282.7276530919774,0.0,0.0
2023-10-07,202.0,245.0,35.0,10,7,1,0,351.0,120.0,531.0,935.0,488.0,565.0,2189.0,852.5,190.0,0,0,0,0,0,1,0,160.0,759.0,120.0,117.0,46.0,395.0,423.3333333333333,268.2857142857143,253.21428571428572,274.0,240.7666327142764,165.4376119516835,308.7346277066473,287.13232063443047,0.0,0.0
2023-10-08,226.5,212.0,30.0,10,8,0,0,202.0,61.0,126.0,35.0,532.0,823.0,245.0,0.0,561.0,0,0,0,0,0,0,1,351.0,160.0,61.0,245.0,101.0,365.0,237.66666666666666,280.0,259.2857142857143,263.03333333333336,234.25626992676175,158.57615016861394,282.0509707799855,281.63991285156396,0.0,0.0
2023-10-09,173.0,220.0,433.0,10,9,0,0,226.5,120.0,395.0,30.0,552.5,643.0,212.0,1011.0,381.0,1,0,0,0,0,0,0,202.0,351.0,120.0,355.0,395.0,530.5,259.8333333333333,303.64285714285717,257.9642857142857,266.3833333333333,216.1189322043368,156.6310558084766,268.1632280849891,278.082499119205,0.0,0.0
2023-10-10,727.0,442.0,157.0,10,10,0,0,173.0,307.0,365.0,433.0,388.0,154.0,220.0,82.0,506.5,0,1,0,0,0,0,0,226.5,202.0,307.0,210.0,417.0,248.0,200.5,311.2142857142857,244.96428571428572,258.98333333333335,209.43810882590424,155.58573882729974,244.37242106374183,271.3029830469983,0.0,0.0
2023-10-11,592.0,349.0,365.0,10,11,0,0,727.0,759.0,530.5,157.0,275.0,464.5,442.0,968.0,162.0,0,0,1,0,0,0,0,173.0,226.5,759.0,377.0,313.0,233.5,375.5,371.2142857142857,281.89285714285717,271.05,261.6759855786758,176.69696199796502,365.02931579780636,300.70279059235327,0.0,0.0
2023-10-12,733.0,224.5,250.0,10,12,0,0,592.0,160.0,248.0,365.0,475.0,758.0,349.0,259.0,338.5,0,0,0,1,0,0,0,727.0,173.0,160.0,0.0,342.0,233.0,497.3333333333333,347.35714285714283,297.25,273.1,225.54761402080075,180.13416455902876,421.7719868483548,319.4961589412337,0.0,0.0
2023-10-13,548.0,425.0,30.0,10,13,1,0,733.0,351.0,233.5,250.0,935.0,299.0,224.5,2189.0,566.0,0,0,0,0,1,0,0,592.0,727.0,351.0,363.0,177.0,222.0,684.0,429.2142857142857,349.60714285714283,289.26666666666665,248.97922556290663,198.619230817599,499.5789901362661,346.17382610631546,0.0,0.0
2023-10-14,206.0,508.0,417.0,10,14,1,0,548.0,202.0,233.0,30.0,35.0,511.5,425.0,245.0,298.0,0,0,0,0,0,1,0,733.0,592.0,202.0,120.0,117.0,46.0,624.3333333333334,457.35714285714283,362.82142857142856,299.75,249.79737026333203,203.8063968912484,511.68424260219956,359.19486958332743,0.0,0.0
2023-10-15,207.0,1336.0,579.0,10,15,0,0,206.0,226.5,222.0,417.0,30.0,638.0,508.0,212.0,366.0,0,0,0,0,0,0,1,548.0,733.0,226.5,61.0,245.0,101.0,495.6666666666667,457.92857142857144,368.9642857142857,298.85,249.1195209418277,204.1706161944988,435.2631819516497,349.31132961020955,0.0,0.0
2023-10-16,292.0,147.5,641.0,10,16,0,0,207.0,173.0,46.0,579.0,433.0,1085.0,1336.0,220.0,159.0,1,0,0,0,0,0,0,206.0,548.0,173.0,120.0,355.0,395.0,320.3333333333333,455.14285714285717,379.39285714285717,298.35,252.22835458596415,204.38356224814493,378.1973864637373,340.1299535063251,0.0,0.0
2023-10-17,558.0,244.0,441.0,10,17,0,0,292.0,727.0,101.0,641.0,157.0,301.0,147.5,442.0,156.0,0,1,0,0,0,0,0,207.0,206.0,727.0,307.0,210.0,417.0,235.0,472.14285714285717,391.67857142857144,306.55,233.34625814543546,198.7676840972377,356.648039847803,337.02479521559445,0.0,0.0
2023-10-18,165.0,313.0,57.0,10,18,0,0,558.0,592.0,395.0,441.0,365.0,305.0,244.0,349.0,640.0,0,0,1,0,0,0,0,292.0,207.0,592.0,759.0,377.0,313.0,352.3333333333333,448.0,409.60714285714283,321.78333333333336,210.17532363878178,199.97964048671398,406.98602988585225,351.28126004039484,0.0,0.0
2023-10-19,685.0,521.0,281.0,10,19,0,0,165.0,733.0,417.0,57.0,250.0,555.5,313.0,224.5,435.0,0,0,0,1,0,0,0,558.0,292.0,733.0,160.0,0.0,342.0,338.3333333333333,387.0,367.17857142857144,314.1166666666667,222.9902837943093,201.47908607703366,346.48952241438917,339.2631142313371,0.0,0.0
2023-10-20,90.0,531.0,240.0,10,20,1,0,685.0,548.0,313.0,281.0,30.0,466.0,521.0,425.0,538.0,0,0,0,0,1,0,0,165.0,558.0,548.0,351.0,363.0,177.0,469.3333333333333,380.14285714285717,404.67857142857144,323.05,210.99243949442706,211.87147820285304,431.11714181079185,361.56871976479925,0.0,0.0
2023-10-21,289.0,127.0,191.0,10,21,1,0,90.0,206.0,342.0,240.0,417.0,619.5,531.0,508.0,777.0,0,0,0,0,0,1,0,685.0,165.0,206.0,202.0,120.0,117.0,313.3333333333333,314.7142857142857,386.0357142857143,315.6166666666667,221.03824275881456,216.1058043601811,345.83785635809386,344.0481571993284,0.0,0.0
2023-10-22,45.0,288.0,126.0,10,22,0,0,289.0,207.0,177.0,191.0,579.0,374.0,127.0,1336.0,229.0,0,0,0,0,0,0,1,90.0,685.0,207.0,226.5,61.0,245.0,354.6666666666667,326.57142857142856,392.25,313.85,216.41230490497898,216.09932063592956,331.6283922685704,340.4966631864685,0.0,0.0
2023-10-23,519.5,431.0,629.0,10,23,0,0,45.0,292.0,117.0,126.0,641.0,200.0,288.0,147.5,191.0,1,0,0,0,0,0,0,289.0,90.0,292.0,173.0,120.0,355.0,141.33333333333334,303.42857142857144,379.2857142857143,309.45,238.8310819685863,220.2850954464737,259.9712942014278,321.43236233572856,0.0,0.0
2023-10-24,425.0,649.0,352.0,10,24,0,0,519.5,558.0,245.0,629.0,441.0,542.25,431.0,244.0,26.0,0,1,0,0,0,0,0,45.0,289.0,558.0,727.0,307.0,210.0,284.5,335.92857142857144,404.0357142857143,322.8666666666667,252.1257008867183,220.41684386060703,324.85347065107084,334.2109196043912,0.0,0.0
2023-10-25,130.0,365.5,206.25,10,25,0,0,425.0,165.0,355.0,352.0,57.0,314.5,649.0,313.0,305.0,0,0,1,0,0,0,0,519.5,45.0,165.0,592.0,759.0,377.0,329.8333333333333,316.92857142857144,382.4642857142857,328.8666666666667,237.16914297807014,220.67388691872006,349.8901029883031,340.0682796299144,0.0,0.0
2023-10-26,689.0,412.0,455.0,10,26,0,0,130.0,685.0,210.0,206.25,281.0,112.0,365.5,521.0,608.0,0,0,0,1,0,0,0,425.0,519.5,685.0,733.0,160.0,0.0,358.1666666666667,311.92857142857144,349.4642857142857,321.3666666666667,241.2399270041182,223.55971713713708,294.9175772412273,326.5154873957264,0.0,0.0
2023-10-27,95.0,353.0,328.5,10,27,1,0,689.0,90.0,377.0,455.0,240.0,313.5,412.0,531.0,556.0,0,0,0,0,1,0,0,130.0,425.0,90.0,548.0,351.0,363.0,414.6666666666667,312.5,346.32142857142856,337.3333333333333,242.27343367911092,232.26717424096978,393.4381829309205,349.90158498309887,0.0,0.0
2023-10-28,308.0,225.0,214.0,10,28,1,0,95.0,289.0,0.0,328.5,191.0,395.0,353.0,127.0,540.0,0,0,0,0,0,1,0,689.0,130.0,289.0,206.0,202.0,120.0,304.6666666666667,313.2142857142857,313.9642857142857,327.93333333333334,241.51429515021394,236.2782088006064,318.8286371981904,333.4563214358022,0.0,0.0
2023-10-29,811.0,0.0,608.0,10,29,0,0,308.0,45.0,363.0,214.0,126.0,175.0,225.0,288.0,520.0,0,0,0,0,0,0,1,95.0,689.0,45.0,207.0,226.5,61.0,364.0,315.92857142857144,321.25,338.2,241.3034791452849,228.08719597013157,316.1214778986428,331.8139781173634,0.0,0.0
2023-10-30,461.5,0.0,147.0,10,30,0,0,811.0,519.5,120.0,608.0,629.0,488.0,0.0,431.0,852.5,1,0,0,0,0,0,0,308.0,95.0,519.5,292.0,173.0,120.0,404.6666666666667,425.35714285714283,364.39285714285717,353.1333333333333,269.949179520534,243.88549932623948,439.8411084239821,362.729205335598,0.0,0.0
2023-10-31,194.0,168.0,525.0,10,31,0,0,461.5,425.0,61.0,147.0,352.0,532.0,0.0,649.0,0.0,0,1,0,0,0,0,0,811.0,308.0,425.0,558.0,727.0,307.0,526.8333333333334,417.07142857142856,376.5,364.51666666666665,267.4566052919346,240.57608601213778,445.2558313179866,369.1015146687852,0.0,0.0
2023-11-01,299.0,147.0,475.0,11,1,0,0,194.0,130.0,120.0,525.0,206.25,552.5,168.0,365.5,1011.0,0,0,1,0,0,0,0,461.5,811.0,130.0,165.0,592.0,759.0,488.8333333333333,384.07142857142856,350.5,368.95,280.2597647081822,235.9714093581736,382.44187348848993,357.80464275467006,0.0,0.0
2023-11-02,431.0,288.0,312.0,11,2,0,0,299.0,689.0,307.0,475.0,455.0,388.0,147.0,412.0,82.0,0,0,0,1,0,0,0,194.0,461.5,689.0,685.0,733.0,160.0,318.1666666666667,408.2142857142857,360.07142857142856,374.9166666666667,261.36753450885607,231.68360869994635,361.5814051163675,354.01079483501394,0.0,0.0
2023-11-03,457.0,204.0,597.0,11,3,1,0,431.0,95.0,759.0,312.0,328.5,275.0,288.0,353.0,968.0,0,0,0,0,1,0,0,299.0,194.0,95.0,90.0,548.0,351.0,308.0,371.35714285714283,341.92857142857144,379.05,231.67770614327455,231.5362245435086,378.9360538372756,358.9778403295292,0.0,0.0
2023-11-04,365.0,303.0,348.0,11,4,1,0,457.0,308.0,160.0,597.0,214.0,475.0,204.0,225.0,259.0,0,0,0,0,0,1,0,431.0,299.0,308.0,289.0,206.0,202.0,395.6666666666667,423.07142857142856,368.14285714285717,368.98333333333335,197.60575830244852,220.7616706538638,398.4520403779567,365.30185063084997,0.0,0.0
2023-11-05,60.0,346.0,593.0,11,5,0,0,365.0,811.0,351.0,348.0,608.0,935.0,303.0,0.0,2189.0,0,0,0,0,0,0,1,457.0,431.0,811.0,45.0,207.0,226.5,417.6666666666667,431.2142857142857,373.57142857142856,375.81666666666666,193.19891673757238,217.21408013569328,390.08903028346754,365.2823763966016,0.0,0.0
2023-11-06,268.0,324.0,376.5,11,6,0,0,60.0,461.5,202.0,593.0,147.0,35.0,346.0,0.0,245.0,1,0,0,0,0,0,0,365.0,457.0,461.5,519.5,292.0,173.0,294.0,323.92857142857144,374.64285714285717,366.1166666666667,151.07736113534338,224.72806108001194,307.56677271260065,345.5867392097241,0.0,0.0
2023-11-07,305.0,806.0,398.0,11,7,0,0,268.0,194.0,226.5,376.5,525.0,30.0,324.0,168.0,212.0,0,1,0,0,0,0,0,60.0,365.0,194.0,425.0,558.0,727.0,231.0,296.2857142857143,356.67857142857144,368.31666666666666,138.9240971246697,223.38506584746915,297.6750795344505,340.58114313167744,0.0,0.0
2023-11-08,301.0,690.5,682.0,11,8,0,0,305.0,299.0,173.0,398.0,475.0,433.0,806.0,147.0,220.0,0,0,1,0,0,0,0,268.0,60.0,299.0,130.0,165.0,592.0,211.0,312.14285714285717,348.10714285714283,370.93333333333334,131.43620578241027,222.12278110328404,299.50630965083786,338.2855855102789,0.0,0.0
2023-11-09,1311.0,529.0,447.0,11,9,0,0,301.0,431.0,727.0,682.0,312.0,157.0,690.5,288.0,442.0,0,0,0,1,0,0,0,305.0,268.0,431.0,689.0,685.0,733.0,291.3333333333333,312.42857142857144,360.32142857142856,375.2,131.40504447807788,219.40234651245729,299.8797322381284,335.8800638644545,0.0,0.0
2023-11-10,601.0,91.75,727.75,11,10,1,0,1311.0,457.0,592.0,447.0,597.0,365.0,529.0,204.0,349.0,0,0,0,0,1,0,0,301.0,305.0,457.0,95.0,90.0,548.0,639.0,438.14285714285717,404.75,394.6666666666667,403.3321330167106,271.43133802928463,552.6597991785964,398.79102748610256,0.0,0.0
2023-11-11,410.0,519.0,493.0,11,11,1,0,601.0,365.0,733.0,727.75,348.0,250.0,91.75,303.0,224.5,0,0,0,0,0,1,0,1311.0,301.0,365.0,308.0,289.0,206.0,737.6666666666666,458.7142857142857,440.89285714285717,394.96666666666664,408.09831915267443,271.66183762720243,564.7448493839472,411.8367676482895,0.0,0.0
2023-11-12,195.0,599.0,176.0,11,12,0,0,410.0,60.0,548.0,493.0,593.0,30.0,519.0,346.0,425.0,0,0,0,0,0,0,1,601.0,1311.0,60.0,811.0,45.0,207.0,774.0,465.14285714285717,448.17857142857144,384.2,406.728176456721,264.09809436699055,526.0586370379604,411.7182665096902,0.0,0.0
2023-11-13,401.0,524.5,409.0,11,13,0,0,195.0,268.0,206.0,176.0,376.5,417.0,599.0,324.0,508.0,1,0,0,0,0,0,0,410.0,601.0,268.0,461.5,519.5,292.0,402.0,484.42857142857144,404.17857142857144,372.43333333333334,387.0399880903166,264.41209129498685,443.29397777847026,397.73644286390373,0.0,0.0
2023-11-14,127.0,754.0,2463.0,11,14,0,0,401.0,305.0,207.0,409.0,398.0,579.0,524.5,806.0,1336.0,0,1,0,0,0,0,0,195.0,410.0,305.0,194.0,425.0,558.0,335.3333333333333,503.42857142857144,399.85714285714283,378.93333333333334,377.798825277359,262.57001474593045,432.7204833338527,397.9469949372003,0.0,0.0
2023-11-15,361.0,439.0,283.0,11,15,0,0,127.0,301.0,292.0,2463.0,682.0,641.0,754.0,690.5,147.5,0,0,1,0,0,0,0,401.0,195.0,301.0,299.0,130.0,165.0,241.0,478.0,395.07142857142856,376.26666666666665,398.78774638479894,264.7733817402363,356.2903625003895,380.46654365092934,0.0,0.0
2023-11-16,305.0,485.0,543.0,11,16,0,0,361.0,1311.0,558.0,283.0,447.0,441.0,439.0,529.0,244.0,0,0,0,1,0,0,0,127.0,401.0,1311.0,431.0,689.0,685.0,296.3333333333333,486.57142857142856,399.5,378.56666666666666,394.97588835389996,264.31543763978794,357.4677718752921,379.21063760893395,0.0,0.0
2023-11-17,260.0,670.0,325.0,11,17,1,0,305.0,601.0,165.0,543.0,727.75,57.0,485.0,91.75,313.0,0,0,0,0,1,0,0,361.0,127.0,601.0,457.0,95.0,90.0,264.3333333333333,342.85714285714283,390.5,370.1333333333333,155.31948640509592,262.42233443286676,344.3508289064691,374.42285453738987,0.0,0.0
2023-11-18,80.0,294.0,373.0,11,18,1,0,260.0,410.0,685.0,325.0,493.0,281.0,670.0,519.0,521.0,0,0,0,0,0,1,0,305.0,361.0,410.0,365.0,308.0,289.0,308.6666666666667,294.14285714285717,376.42857142857144,373.3,106.74022761113105,260.42722194700474,323.2631216798518,367.04073488981635,0.0,0.0
2023-11-19,491.0,365.0,423.0,11,19,0,0,80.0,195.0,90.0,373.0,176.0,240.0,294.0,599.0,531.0,0,0,0,0,0,0,1,260.0,305.0,195.0,60.0,811.0,45.0,215.0,247.0,356.07142857142856,353.1333333333333,119.19032399206387,258.87788138669623,262.44734125988884,348.5219778001508,0.0,0.0
2023-11-20,311.5,4045.0,105.0,11,20,0,0,491.0,401.0,289.0,423.0,409.0,191.0,365.0,524.5,127.0,1,0,0,0,0,0,0,80.0,260.0,401.0,268.0,461.5,519.5,277.0,289.2857142857143,386.85714285714283,366.5,146.94297565803532,255.1485706474725,319.58550594491663,357.7141082646572,0.0,0.0
2023-11-21,60.0,35.0,198.75,11,21,0,0,311.5,127.0,45.0,105.0,2463.0,126.0,4045.0,754.0,288.0,0,1,0,0,0,0,0,491.0,80.0,127.0,305.0,194.0,425.0,294.1666666666667,276.5,389.9642857142857,367.25,139.29734383684368,254.9458952067254,317.5641294586875,354.7325528927439,0.0,0.0
2023-11-22,185.0,534.5,404.2,11,22,0,0,60.0,361.0,519.5,198.75,283.0,629.0,35.0,439.0,431.0,0,0,1,0,0,0,0,311.5,491.0,361.0,301.0,299.0,130.0,287.5,266.92857142857144,372.4642857142857,367.75,152.91785065066435,254.30601135992262,253.17309709401562,335.71754948030883,0.0,0.0
2023-11-23,155.0,153.5,180.0,11,23,0,0,185.0,305.0,425.0,404.2,543.0,352.0,534.5,485.0,649.0,0,0,0,1,0,0,0,60.0,311.5,305.0,1311.0,431.0,689.0,185.5,241.78571428571428,364.17857142857144,356.6,149.29887729619594,254.75577892670404,236.12982282051172,325.9938366106115,0.0,0.0
2023-11-24,60.0,0.0,358.0,11,24,1,0,155.0,260.0,130.0,180.0,325.0,206.25,153.5,670.0,365.5,0,0,0,0,1,0,0,185.0,60.0,260.0,601.0,457.0,95.0,133.33333333333334,220.35714285714286,281.60714285714283,347.6,149.47817964664935,257.0152752739376,215.8473671153838,314.96197618412043,0.0,0.0
2023-11-25,198.0,0.0,30.0,11,25,1,0,60.0,80.0,689.0,358.0,373.0,455.0,0.0,294.0,412.0,0,0,0,0,0,1,0,155.0,185.0,80.0,410.0,365.0,308.0,133.33333333333334,191.78571428571428,242.96428571428572,345.26666666666665,159.42131213205002,259.3658956302697,176.88552533653785,298.51281643030626,0.0,0.0
2023-11-26,30.0,175.0,0.0,11,26,0,0,198.0,491.0,95.0,30.0,423.0,328.5,0.0,365.0,353.0,0,0,0,0,0,0,1,60.0,155.0,491.0,195.0,60.0,811.0,137.66666666666666,208.64285714285714,227.82142857142858,328.9,151.6818804509709,252.32356075155727,182.1641440024034,292.02811859609295,0.0,0.0
2023-11-27,390.0,227.0,235.0,11,27,0,0,30.0,311.5,308.0,0.0,105.0,214.0,175.0,4045.0,225.0,1,0,0,0,0,0,0,198.0,60.0,311.5,401.0,268.0,461.5,96.0,142.78571428571428,216.03571428571428,326.73333333333335,99.89321679625931,254.6694522023744,144.12310800180254,275.1230786866676,0.0,0.0
2023-11-28,517.0,460.0,325.0,11,28,0,0,390.0,60.0,811.0,235.0,198.75,608.0,227.0,35.0,0.0,0,1,0,0,0,0,0,30.0,198.0,60.0,127.0,305.0,194.0,206.0,154.0,215.25,329.46666666666664,123.58667673607208,254.90139856129807,205.5923310013519,282.53449296494716,0.0,0.0
2023-11-29,484.0,148.0,421.5,11,29,0,0,517.0,185.0,461.5,325.0,404.2,147.0,460.0,534.5,0.0,0,0,1,0,0,0,0,390.0,30.0,185.0,361.0,301.0,299.0,312.3333333333333,219.28571428571428,243.10714285714286,319.6666666666667,175.47052391186546,241.02369082774803,283.44424825101396,297.6612998704345,0.0,0.0
2023-11-30,253.0,647.5,468.0,11,30,0,0,484.0,155.0,194.0,421.5,180.0,525.0,148.0,153.5,168.0,0,0,0,1,0,0,0,517.0,390.0,155.0,305.0,1311.0,431.0,463.6666666666667,262.0,251.89285714285714,320.4166666666667,200.36050841753513,241.51476300037316,333.58318618826047,309.68315149169683,0.0,0.0
2023-12-01,485.0,135.0,1007.0,12,1,1,0,253.0,60.0,299.0,468.0,358.0,475.0,647.5,0.0,147.0,0,0,0,0,1,0,0,484.0,517.0,60.0,260.0,601.0,457.0,418.0,276.0,248.17857142857142,322.3833333333333,194.98974332000094,240.68865578375,313.43738964119535,306.0261739761035,0.0,0.0
2023-12-02,584.5,514.5,271.0,12,2,1,0,485.0,198.0,431.0,1007.0,30.0,312.0,135.0,0.0,288.0,0,0,0,0,0,1,0,253.0,484.0,198.0,80.0,410.0,365.0,407.3333333333333,336.7142857142857,264.25,328.5833333333333,182.27608572868616,242.45469122879547,356.32804223089653,317.57287242925815,0.0,0.0
2023-12-03,0.0,301.0,321.0,12,3,0,0,584.5,30.0,457.0,271.0,0.0,597.0,514.5,175.0,204.0,0,0,0,0,0,0,1,485.0,253.0,30.0,491.0,195.0,60.0,440.8333333333333,391.92857142857144,300.2857142857143,333.7,191.5564382828701,246.28010405871683,413.3710316731724,334.79397743382214,0.0,0.0
2023-12-04,1537.0,555.0,655.0,12,4,0,0,0.0,390.0,365.0,321.0,235.0,348.0,301.0,227.0,303.0,1,0,0,0,0,0,0,584.5,485.0,390.0,311.5,401.0,268.0,356.5,387.64285714285717,265.2142857142857,318.46666666666664,201.10128341329937,252.44691942354288,310.0282737548793,313.1943659864788,0.0,0.0
2023-12-05,408.0,371.0,551.0,12,5,0,0,1537.0,517.0,60.0,655.0,325.0,593.0,555.0,460.0,346.0,0,1,0,0,0,0,0,0.0,584.5,517.0,60.0,127.0,305.0,707.1666666666666,551.5,352.75,357.53333333333336,478.8393084671866,336.56612644659344,616.7712053161595,392.14956818089956,0.0,0.0
2023-12-06,335.0,527.0,1664.0,12,6,0,0,408.0,484.0,268.0,551.0,421.5,376.5,371.0,148.0,324.0,0,0,1,0,0,0,0,1537.0,0.0,484.0,185.0,361.0,301.0,648.3333333333334,535.9285714285714,377.60714285714283,369.1333333333333,481.91064425640064,331.9228185456136,564.5784039871196,393.17217668535767,0.0,0.0
2023-12-07,489.0,441.0,287.0,12,7,0,0,335.0,253.0,305.0,1664.0,468.0,398.0,527.0,647.5,806.0,0,0,0,1,0,0,0,408.0,1537.0,253.0,155.0,305.0,1311.0,760.0,514.6428571428571,388.32142857142856,371.3666666666667,487.8407112201785,331.44393953951135,507.1838029903397,389.41913302823787,0.0,0.0
2023-12-08,135.0,922.0,134.0,12,8,1,0,489.0,485.0,301.0,287.0,1007.0,682.0,441.0,135.0,690.5,0,0,0,0,1,0,0,335.0,408.0,485.0,60.0,260.0,601.0,410.6666666666667,548.3571428571429,412.17857142857144,377.5,474.72366648799976,331.87565182740065,502.6378522427548,395.84370509093225,0.0,0.0
2023-12-09,137.0,415.0,405.0,12,9,1,0,135.0,584.5,1311.0,134.0,271.0,447.0,922.0,514.5,529.0,0,0,0,0,0,1,0,489.0,335.0,584.5,198.0,80.0,410.0,319.6666666666667,498.35714285714283,417.5357142857143,371.96666666666664,500.2541615923612,334.5680419774783,410.72838918206605,379.0150789560334,0.0,0.0
2023-12-10,115.0,467.0,35.0,12,10,0,0,137.0,0.0,601.0,405.0,321.0,727.75,415.0,301.0,91.75,0,0,0,0,0,0,1,135.0,489.0,0.0,30.0,491.0,195.0,253.66666666666666,434.42857142857144,413.17857142857144,332.8333333333333,515.7641118259577,286.09262224976567,342.2962918865495,363.40120289435384,0.0,0.0
2023-12-11,131.0,767.0,231.0,12,11,0,0,115.0,1537.0,410.0,35.0,655.0,493.0,467.0,555.0,519.0,1,0,0,0,0,0,0,137.0,135.0,1537.0,390.0,311.5,401.0,129.0,450.85714285714283,419.25,316.6333333333333,501.2472538815644,284.13725839670406,285.4722189149121,347.3753188366536,0.0,0.0
2023-12-12,401.0,819.0,677.5,12,12,0,0,131.0,408.0,195.0,231.0,551.0,176.0,767.0,371.0,599.0,0,1,0,0,0,0,0,115.0,137.0,408.0,517.0,60.0,127.0,127.66666666666667,250.0,400.75,307.3333333333333,156.89168237991348,285.5384005014378,246.85416418618408,333.4156208471921,0.0,0.0
2023-12-13,30.0,294.0,370.0,12,13,0,0,401.0,335.0,401.0,677.5,1664.0,409.0,819.0,527.0,524.5,0,0,1,0,0,0,0,131.0,115.0,335.0,484.0,185.0,361.0,215.66666666666666,249.0,392.4642857142857,314.2,155.73481734452633,285.22062241057506,285.390623139638,337.77590337317974,0.0,0.0
2023-12-14,727.0,612.0,237.0,12,14,0,0,30.0,489.0,127.0,370.0,287.0,2463.0,294.0,441.0,754.0,0,0,0,1,0,0,0,401.0,131.0,489.0,253.0,155.0,305.0,187.33333333333334,205.42857142857142,360.0357142857143,301.8333333333333,169.70352298725362,289.3405502569394,221.54296735472852,317.91939347813593,0.0,0.0
2023-12-15,623.0,192.0,190.0,12,15,1,0,727.0,135.0,361.0,237.0,134.0,283.0,612.0,922.0,439.0,0,0,0,0,1,0,0,30.0,401.0,135.0,485.0,60.0,260.0,386.0,239.42857142857142,393.89285714285717,321.8333333333333,243.6964348958598,297.46171394713605,347.9072255160464,344.3116906730949,0.0,0.0
2023-12-16,622.5,401.0,190.0,12,16,1,0,623.0,137.0,305.0,190.0,405.0,543.0,192.0,415.0,485.0,0,0,0,0,0,1,0,727.0,30.0,137.0,584.5,198.0,80.0,460.0,309.14285714285717,403.75,330.56666666666666,276.4443455570685,302.45546076592234,416.68041913703485,362.2915815974114,0.0,0.0
2023-12-17,115.0,345.0,130.0,12,17,0,0,622.5,115.0,260.0,190.0,35.0,325.0,401.0,467.0,670.0,0,0,0,0,0,0,1,623.0,727.0,115.0,0.0,30.0,491.0,657.5,378.5,406.4642857142857,341.15,286.76805377633417,307.04998329486887,468.13531435277616,379.0792214943526,0.0,0.0
2023-12-18,110.0,313.0,348.5,12,18,0,0,115.0,131.0,80.0,130.0,231.0,373.0,345.0,767.0,294.0,1,0,0,0,0,0,0,622.5,623.0,131.0,1537.0,390.0,311.5,453.5,378.5,414.67857142857144,336.31666666666666,286.76805377633417,309.50286844343236,379.8514857645821,362.04185236568475,0.0,0.0
2023-12-19,183.5,637.0,520.0,12,19,0,0,110.0,401.0,491.0,348.5,677.5,423.0,313.0,819.0,365.0,0,1,0,0,0,0,0,115.0,622.5,401.0,408.0,517.0,60.0,282.5,375.5,312.75,337.31666666666666,289.8817287561713,308.6935620156096,312.38861432343657,345.7810876969309,0.0,0.0
2023-12-20,1095.0,361.0,215.0,12,20,0,0,183.5,30.0,311.5,520.0,370.0,105.0,637.0,294.0,4045.0,0,0,1,0,0,0,0,110.0,115.0,30.0,335.0,484.0,185.0,136.16666666666666,344.42857142857144,296.7142857142857,327.06666666666666,298.2292782088173,308.519762216557,280.16646074257744,335.3113401035805,0.0,0.0
2023-12-21,569.0,402.0,512.0,12,21,0,0,1095.0,727.0,60.0,215.0,237.0,198.75,361.0,612.0,35.0,0,0,0,1,0,0,0,183.5,110.0,727.0,489.0,253.0,155.0,462.8333333333333,496.57142857142856,351.0,353.18333333333334,373.2970698799448,338.8299208008127,483.8748455569331,384.3235117098011,0.0,0.0
2023-12-22,170.0,331.0,503.0,12,22,1,0,569.0,623.0,185.0,512.0,190.0,404.2,402.0,192.0,534.5,0,0,0,0,1,0,0,1095.0,183.5,623.0,135.0,485.0,60.0,615.8333333333334,474.0,356.7142857142857,370.15,361.63667310345244,336.3777676752833,505.15613416769986,396.2381238575559,0.0,0.0
2023-12-23,170.0,1325.0,167.5,12,23,1,0,170.0,622.5,155.0,503.0,190.0,180.0,331.0,401.0,153.5,0,0,0,0,0,1,0,569.0,1095.0,622.5,137.0,584.5,198.0,611.3333333333334,409.2857142857143,359.2142857142857,369.65,370.9415786372628,336.67348732706216,421.3671006257749,381.6421158667458,0.0,0.0
2023-12-24,801.0,1066.0,688.0,12,24,0,0,170.0,115.0,60.0,167.5,130.0,358.0,1325.0,345.0,0.0,0,0,0,0,0,0,1,170.0,569.0,115.0,115.0,0.0,30.0,303.0,344.64285714285717,361.57142857142856,370.15,366.99962696231177,336.3547016838438,358.52532546933116,367.9877858108267,0.0,0.0
2023-12-25,890.0,963.0,890.0,12,25,0,0,801.0,110.0,198.0,688.0,348.5,30.0,1066.0,313.0,0.0,1,0,0,0,0,0,0,170.0,170.0,110.0,131.0,1537.0,390.0,380.3333333333333,442.64285714285717,410.57142857142856,394.85,386.52950666645035,339.981544884526,469.1439941019984,395.9240576939992,0.0,0.0
2023-12-26,1297.0,256.0,269.0,12,26,0,0,890.0,183.5,30.0,890.0,520.0,0.0,963.0,637.0,175.0,0,1,0,0,0,0,0,801.0,170.0,183.5,401.0,408.0,517.0,620.3333333333334,554.0714285714286,464.7857142857143,417.9166666666667,387.0816482099771,349.5069207378849,574.3579955764988,427.7999249395477,0.0,0.0
2023-12-27,265.0,1435.0,543.0,12,27,0,0,1297.0,1095.0,390.0,269.0,215.0,235.0,256.0,361.0,227.0,0,0,1,0,0,0,0,890.0,801.0,1095.0,30.0,335.0,484.0,996.0,713.1428571428571,528.7857142857143,460.15,435.21773423250636,376.52201817744174,755.018496682374,483.87734913699626,0.0,0.0
2023-12-28,172.0,162.0,0.0,12,28,0,0,265.0,569.0,517.0,543.0,512.0,325.0,1435.0,402.0,460.0,0,0,0,1,0,0,0,1297.0,890.0,569.0,727.0,489.0,253.0,817.3333333333334,594.5714285714286,545.5714285714286,455.98333333333335,426.82738788369613,378.01376282492345,632.5138725117805,469.75622983783524,0.0,0.0
2023-12-29,86.0,362.0,802.0,12,29,1,0,172.0,170.0,484.0,0.0,503.0,421.5,162.0,331.0,148.0,0,0,0,0,1,0,0,265.0,1297.0,170.0,623.0,135.0,485.0,578.0,537.8571428571429,505.92857142857144,444.48333333333335,456.1591201073842,381.3268008191773,517.3854043838354,450.5461504934588,0.0,0.0
2023-12-30,687.0,130.0,235.5,12,30,1,0,86.0,170.0,253.0,802.0,167.5,468.0,362.0,1325.0,647.5,0,0,0,0,0,1,0,172.0,265.0,170.0,622.5,137.0,584.5,174.33333333333334,525.8571428571429,467.57142857142856,431.21666666666664,468.38994743391214,386.7888286759401,409.5390532878765,427.0270440100099,0.0,0.0
2023-12-31,1102.0,536.0,412.0,12,31,0,0,687.0,801.0,485.0,235.5,688.0,1007.0,130.0,1066.0,135.0,0,0,0,0,0,0,1,86.0,172.0,801.0,115.0,115.0,0.0,315.0,599.7142857142857,472.17857142857144,445.68333333333334,442.99801138971077,388.0076315311811,478.9042899659074,443.79949278355764,0.0,0.0
2024-01-01,0.0,1339.0,396.0,1,1,0,0,1102.0,890.0,584.5,412.0,890.0,271.0,536.0,963.0,514.5,1,0,0,0,0,0,0,687.0,86.0,890.0,110.0,131.0,1537.0,625.0,642.7142857142857,542.6785714285714,466.25,478.9424858601553,406.09425927214625,634.6782174744305,486.26404163623135,0.0,0.0
2024-01-02,372.0,1214.0,490.0,1,2,0,0,0.0,1297.0,0.0,396.0,269.0,321.0,1339.0,256.0,301.0,0,1,0,0,0,0,0,1102.0,687.0,1297.0,183.5,401.0,408.0,596.3333333333334,515.5714285714286,534.8214285714286,446.76666666666665,518.8271571994079,414.166461065191,476.0086631058229,454.89216798228097,0.0,0.0
2024-01-03,514.0,406.0,756.0,1,3,0,0,372.0,265.0,1537.0,490.0,543.0,655.0,1214.0,1435.0,555.0,0,0,1,0,0,0,0,0.0,1102.0,265.0,1095.0,30.0,335.0,491.3333333333333,383.42857142857144,548.2857142857143,459.1666666666667,387.9088626395196,405.8137277239343,450.00649732936716,449.54428617697255,0.0,0.0
2024-01-04,516.0,570.0,731.0,1,4,0,0,514.0,172.0,408.0,756.0,0.0,551.0,406.0,162.0,371.0,0,0,0,1,0,0,0,372.0,0.0,172.0,569.0,727.0,489.0,295.3333333333333,419.0,506.7857142857143,425.06666666666666,386.65359173296196,351.46277414428323,466.00487299702536,453.70271932684534,0.0,0.0
2024-01-05,60.0,1207.0,540.0,1,5,1,0,516.0,86.0,335.0,731.0,802.0,1664.0,570.0,362.0,527.0,0,0,0,0,1,0,0,514.0,372.0,86.0,170.0,623.0,135.0,467.3333333333333,468.14285714285717,503.0,428.6666666666667,371.5958506098746,351.83485382749694,478.503654747769,457.7218987251134,0.0,0.0
2024-01-06,978.0,270.0,152.0,1,6,1,0,60.0,687.0,489.0,540.0,235.5,287.0,1207.0,130.0,441.0,0,0,0,0,0,1,0,516.0,514.0,687.0,170.0,622.5,137.0,363.3333333333333,464.42857142857144,495.14285714285717,419.5,376.1541603929863,357.88969597175975,373.8777410608268,432.06242138800934,0.0,0.0
2024-01-07,716.0,694.0,1083.0,1,7,0,0,978.0,1102.0,135.0,152.0,412.0,134.0,270.0,536.0,922.0,0,0,0,0,0,0,1,60.0,516.0,1102.0,801.0,115.0,115.0,518.0,506.0,552.8571428571429,435.8,418.54350630091824,372.0209161713432,524.9083057956201,467.2842006532991,0.0,0.0
2024-01-08,2581.0,704.0,1161.0,1,8,0,0,716.0,0.0,137.0,1083.0,396.0,405.0,694.0,1339.0,415.0,1,0,0,0,0,0,0,978.0,60.0,0.0,890.0,110.0,131.0,584.6666666666666,450.85714285714283,546.7857142857143,455.1666666666667,346.0902717362571,370.9431904951386,572.6812293467151,483.3303812563121,0.0,0.0
2024-01-09,444.0,1030.0,60.0,1,9,0,0,2581.0,372.0,115.0,1161.0,490.0,35.0,704.0,1214.0,467.0,0,1,0,0,0,0,0,716.0,978.0,372.0,1297.0,183.5,401.0,1425.0,819.5714285714286,667.5714285714286,536.6333333333333,826.766363035906,532.0487230302888,1074.7609220100362,618.6639050462275,0.0,0.0
2024-01-10,844.0,784.0,963.0,1,10,0,0,444.0,514.0,131.0,60.0,756.0,231.0,1030.0,406.0,767.0,0,0,1,0,0,0,0,2581.0,716.0,514.0,265.0,1095.0,30.0,1247.0,829.8571428571429,606.6428571428571,547.6,820.6957269234907,526.4191885455598,917.0706915075272,607.395266010987,0.0,0.0
2024-01-11,752.0,1080.0,1138.0,1,11,0,0,844.0,516.0,401.0,963.0,731.0,677.5,784.0,570.0,819.0,0,0,0,1,0,0,0,444.0,2581.0,516.0,172.0,569.0,727.0,1289.6666666666667,877.0,648.0,571.3666666666667,808.9217102620834,523.0464298856193,898.8030186306454,622.6600875586654,0.0,0.0
2024-01-12,558.0,514.0,930.0,1,12,1,0,752.0,60.0,30.0,1138.0,540.0,370.0,1080.0,1207.0,294.0,0,0,0,0,1,0,0,844.0,444.0,60.0,86.0,170.0,623.0,680.0,910.7142857142857,689.4285714285714,583.0666666666667,796.1860574609674,523.029845745183,862.102263972984,631.0045980387515,0.0,0.0
2024-01-13,70.0,1134.0,835.0,1,13,1,0,558.0,978.0,727.0,930.0,152.0,237.0,514.0,270.0,612.0,0,0,0,0,0,1,0,752.0,844.0,978.0,687.0,170.0,622.5,718.0,981.8571428571429,723.1428571428571,600.6666666666666,726.7205855924341,512.5561085069771,786.076697979738,626.2946239717353,0.0,0.0
2024-01-14,492.0,714.0,0.0,1,14,0,0,70.0,716.0,623.0,835.0,1083.0,190.0,1134.0,694.0,192.0,0,0,0,0,0,0,1,558.0,752.0,716.0,1102.0,801.0,115.0,460.0,852.1428571428571,679.0714285714286,578.7666666666667,804.4071167784444,520.939399039144,607.0575234848035,590.4046482316234,0.0,0.0
2024-01-15,1612.0,1440.0,648.5,1,15,0,0,492.0,2581.0,622.5,0.0,1161.0,190.0,714.0,704.0,401.0,1,0,0,0,0,0,0,70.0,558.0,2581.0,0.0,890.0,110.0,373.3333333333333,820.1428571428571,635.5,574.4,815.109896184032,521.1048507903582,578.2931426136026,584.055961248938,0.0,0.0
2024-01-16,484.0,1025.0,964.0,1,16,0,0,1612.0,444.0,115.0,648.5,60.0,130.0,1440.0,1030.0,345.0,0,1,0,0,0,0,0,492.0,70.0,444.0,372.0,1297.0,183.5,724.6666666666666,681.7142857142857,750.6428571428571,607.3833333333333,479.358499902288,554.4994898062597,836.7198569602019,650.3749314909421,0.0,0.0
2024-01-17,479.0,646.0,1485.0,1,17,0,0,484.0,844.0,110.0,964.0,963.0,348.5,1025.0,784.0,313.0,0,0,1,0,0,0,0,1612.0,492.0,844.0,514.0,265.0,1095.0,862.6666666666666,687.4285714285714,758.6428571428571,619.6833333333333,476.2810294853443,547.2459020393397,748.5398927201514,639.6410649431394,0.0,0.0
2024-01-18,190.0,431.0,1204.0,1,18,0,0,479.0,752.0,183.5,1485.0,1138.0,520.0,646.0,1080.0,637.0,0,0,0,1,0,0,0,484.0,1612.0,752.0,516.0,172.0,569.0,858.3333333333334,635.2857142857143,756.1428571428571,631.9833333333333,476.2627826056098,539.4869926419775,681.1549195401136,629.2771252693885,0.0,0.0
2024-01-19,840.0,460.0,400.0,1,19,1,0,190.0,558.0,1095.0,1204.0,930.0,215.0,431.0,514.0,361.0,0,0,0,0,1,0,0,479.0,484.0,558.0,60.0,86.0,170.0,384.3333333333333,555.0,732.8571428571429,632.2,500.08232655567167,539.3019370541375,558.3661896550852,600.9366655745893,0.0,0.0
2024-01-20,220.0,994.0,851.0,1,20,1,0,840.0,70.0,569.0,400.0,835.0,512.0,460.0,1134.0,402.0,0,0,0,0,0,1,0,190.0,479.0,70.0,978.0,687.0,170.0,503.0,595.2857142857143,788.5714285714286,623.7,511.5905635973996,533.7369977419785,628.7746422413139,616.360106505261,0.0,0.0
2024-01-21,350.0,2044.0,1874.0,1,21,0,0,220.0,492.0,170.0,851.0,0.0,503.0,994.0,714.0,331.0,0,0,0,0,0,0,1,840.0,190.0,492.0,716.0,1102.0,801.0,416.6666666666667,616.7142857142857,734.4285714285714,612.0666666666667,488.5436569661968,538.7502097500726,526.5809816809855,590.7884867307281,0.0,0.0
2024-01-22,1036.0,631.0,310.0,1,22,0,0,350.0,1612.0,170.0,1874.0,648.5,167.5,2044.0,1440.0,1325.0,1,0,0,0,0,0,0,220.0,840.0,1612.0,2581.0,0.0,890.0,470.0,596.4285714285714,708.2857142857143,618.0666666666667,497.45212739279674,534.6438668570099,482.4357362607391,575.2537456513263,0.0,0.0
2024-01-23,340.0,662.0,524.0,1,23,0,0,1036.0,484.0,801.0,310.0,964.0,688.0,631.0,1025.0,1066.0,0,1,0,0,0,0,0,350.0,220.0,484.0,444.0,372.0,1297.0,535.3333333333334,514.1428571428571,597.9285714285714,646.9333333333333,316.0149936165628,532.9936231315068,620.8268021955544,604.979310448015,0.0,0.0
2024-01-24,1390.0,704.0,1632.0,1,24,0,0,340.0,479.0,890.0,524.0,1485.0,890.0,662.0,646.0,963.0,0,0,1,0,0,0,0,1036.0,350.0,479.0,844.0,514.0,265.0,575.3333333333334,493.57142857142856,590.5,631.5666666666667,322.9158079865696,535.0401649978436,550.6201016466657,587.8838710642721,0.0,0.0
2024-01-25,1001.0,621.0,460.0,1,25,0,0,1390.0,190.0,1297.0,1632.0,1204.0,269.0,704.0,431.0,256.0,0,0,0,1,0,0,0,340.0,1036.0,190.0,752.0,516.0,172.0,922.0,623.7142857142857,629.5,648.2333333333333,467.34345481872856,550.9199631045572,760.4650762349993,639.6332987375448,0.0,0.0
2024-01-26,74.0,1038.0,380.0,1,26,1,0,1001.0,840.0,265.0,460.0,400.0,543.0,621.0,460.0,1435.0,0,0,0,0,1,0,0,1390.0,340.0,840.0,558.0,60.0,86.0,910.3333333333334,739.5714285714286,647.2857142857143,638.3666666666667,441.7268602288291,541.4698057830306,820.5988071762495,662.9472794641549,0.0,0.0
2024-01-27,232.0,1140.0,2231.0,1,27,1,0,74.0,220.0,172.0,380.0,851.0,0.0,1038.0,994.0,162.0,0,0,0,0,0,1,0,1001.0,1390.0,220.0,70.0,978.0,687.0,821.6666666666666,630.1428571428571,612.7142857142857,632.0,503.29131013474006,547.1048566206766,633.9491053821871,624.9506807890482,0.0,0.0
2024-01-28,560.0,1598.0,532.0,1,28,0,0,232.0,350.0,86.0,2231.0,1874.0,802.0,1140.0,2044.0,362.0,0,0,0,0,0,0,1,74.0,1001.0,350.0,492.0,716.0,1102.0,435.6666666666667,631.8571428571429,624.2857142857143,634.0,501.6793227323039,545.4725253045007,533.4618290366403,599.5990239639484,0.0,0.0
2024-01-29,1114.0,2515.0,441.0,1,29,0,0,560.0,1036.0,687.0,532.0,310.0,235.5,1598.0,631.0,130.0,1,0,0,0,0,0,0,232.0,74.0,1036.0,1612.0,2581.0,0.0,288.6666666666667,661.8571428571429,629.1428571428571,649.8,488.11078953158085,535.8316385093235,540.0963717774803,597.0442482243388,0.0,0.0
2024-01-30,374.0,928.0,694.0,1,30,0,0,1114.0,340.0,1102.0,441.0,524.0,412.0,2515.0,662.0,536.0,0,1,0,0,0,0,0,560.0,232.0,340.0,484.0,444.0,372.0,635.3333333333334,673.0,593.5714285714286,664.0333333333333,498.8476721405046,542.483782267257,683.5722788331102,630.3962322098654,0.0,0.0
2024-01-31,654.0,1412.0,740.0,1,31,0,0,374.0,1390.0,0.0,694.0,1632.0,396.0,928.0,704.0,1339.0,0,0,1,0,0,0,0,1114.0,560.0,1390.0,479.0,844.0,514.0,682.6666666666666,677.8571428571429,585.7142857142857,639.7666666666667,495.2172683349634,538.4847632290863,606.1792091248326,613.854539809229,0.0,0.0
2024-02-01,982.0,2675.0,372.0,2,1,0,0,654.0,1001.0,372.0,740.0,460.0,490.0,1412.0,621.0,1214.0,0,0,0,1,0,0,0,374.0,1114.0,1001.0,190.0,752.0,516.0,714.0,572.7142857142857,598.2142857142857,661.5666666666667,384.59446792940855,524.7545687950362,618.1344068436244,616.4445694989562,0.0,0.0
2024-02-02,974.0,666.5,280.0,2,2,1,0,982.0,74.0,514.0,372.0,380.0,756.0,2675.0,1038.0,406.0,0,0,0,0,1,0,0,654.0,374.0,74.0,840.0,558.0,60.0,670.0,570.0,654.7857142857143,681.9,381.1194038618345,524.9656376275072,709.1008051327183,640.0287908216043,0.0,0.0
2024-02-03,240.0,1722.5,1292.0,2,3,1,0,974.0,232.0,516.0,280.0,2231.0,731.0,666.5,1140.0,570.0,0,0,0,0,0,1,0,982.0,654.0,232.0,220.0,70.0,978.0,870.0,698.5714285714286,664.3571428571429,697.2333333333333,334.91235527266844,526.6077964333303,775.3256038495388,661.5753204460169,0.0,0.0
2024-02-04,774.0,1715.0,400.0,2,4,0,0,240.0,560.0,60.0,1292.0,532.0,540.0,1722.5,1598.0,1207.0,0,0,0,0,0,0,1,974.0,982.0,560.0,350.0,492.0,716.0,732.0,699.7142857142857,665.7857142857143,688.0333333333333,333.06341452527994,532.2637072194465,641.4942028871541,634.3769126753062,0.0,0.0
2024-02-05,1534.0,1810.0,764.0,2,5,0,0,774.0,1114.0,978.0,400.0,441.0,152.0,1715.0,2515.0,270.0,1,0,0,0,0,0,0,240.0,974.0,1114.0,1036.0,1612.0,2581.0,662.6666666666666,730.2857142857143,696.0714285714286,711.8333333333334,327.88296402106425,519.0112006852855,674.6206521653655,643.3848537930285,0.0,0.0
2024-02-06,150.0,790.0,1323.0,2,6,0,0,1534.0,374.0,716.0,764.0,694.0,1083.0,1810.0,928.0,694.0,0,1,0,0,0,0,0,774.0,240.0,374.0,340.0,484.0,444.0,849.3333333333334,790.2857142857143,731.6428571428571,730.3666666666667,431.7722062560751,538.4080930972749,889.4654891240241,700.8438954838009,0.0,0.0
2024-02-07,1215.0,927.0,352.0,2,7,0,0,150.0,654.0,2581.0,1323.0,740.0,1161.0,790.0,1412.0,704.0,0,0,1,0,0,0,0,1534.0,774.0,654.0,1390.0,479.0,844.0,819.3333333333334,758.2857142857143,718.0714285714286,711.5,474.0020092382576,548.7463926517203,704.599116843018,665.3055796461364,0.0,0.0
2024-02-08,814.0,580.0,630.0,2,8,0,0,1215.0,982.0,444.0,352.0,372.0,60.0,927.0,2675.0,1030.0,0,0,0,1,0,0,0,150.0,1534.0,982.0,1001.0,190.0,752.0,966.3333333333334,838.4285714285714,705.5714285714286,665.9666666666667,500.1366003879537,432.6677058415164,832.1993376322635,700.7697357979986,0.0,0.0
2024-02-09,642.0,1612.0,534.0,2,9,1,0,814.0,974.0,844.0,630.0,280.0,963.0,580.0,666.5,784.0,0,0,0,0,1,0,0,1215.0,150.0,974.0,74.0,840.0,558.0,726.3333333333334,814.4285714285714,692.2142857142857,678.3,496.11351427633946,431.3939035266958,827.6495032241976,708.0749141336116,0.0,0.0
2024-02-10,809.0,1888.0,911.0,2,10,1,0,642.0,240.0,752.0,534.0,1292.0,1138.0,1612.0,1722.5,1080.0,0,0,0,0,0,1,0,814.0,1215.0,240.0,232.0,220.0,70.0,890.3333333333334,767.0,732.7857142857143,671.5666666666667,494.18181539456424,430.2934590712951,781.2371274181482,703.8120164475722,0.0,0.0
2024-02-11,175.0,1875.0,480.0,2,11,0,0,809.0,774.0,558.0,911.0,400.0,930.0,1888.0,1715.0,514.0,0,0,0,0,0,0,1,642.0,814.0,774.0,560.0,350.0,492.0,755.0,848.2857142857143,774.0,673.4666666666667,436.4778399436854,430.7864286702134,788.1778455636112,710.5983379670838,0.0,0.0
2024-02-12,42.0,970.0,2204.0,2,12,0,0,175.0,1534.0,70.0,480.0,764.0,835.0,1875.0,1810.0,1134.0,1,0,0,0,0,0,0,809.0,642.0,1534.0,1114.0,1036.0,1612.0,542.0,762.7142857142857,746.5,660.7,506.5595438135303,439.90509556431414,634.8833841727084,676.0436064853365,0.0,0.0
2024-02-13,694.0,1116.0,1015.0,2,13,0,0,42.0,150.0,492.0,2204.0,1323.0,0.0,970.0,790.0,714.0,0,1,0,0,0,0,0,175.0,809.0,150.0,374.0,340.0,484.0,342.0,549.5714285714286,669.9285714285714,659.7666666666667,437.06477671807295,441.2292924384636,486.6625381295313,635.1375673572503,0.0,0.0
2024-02-14,620.0,1061.0,1113.0,2,14,0,0,694.0,1215.0,1612.0,1015.0,352.0,648.5,1116.0,927.0,1440.0,0,0,1,0,0,0,0,42.0,175.0,1215.0,654.0,1390.0,479.0,303.6666666666667,627.2857142857143,692.7857142857143,666.5,401.0568182048169,440.1207318687563,538.4969035971485,638.9351436567825,0.0,0.0
2024-02-15,699.0,330.0,1177.0,2,15,0,0,620.0,814.0,484.0,1113.0,630.0,964.0,1061.0,580.0,1025.0,0,0,0,1,0,0,0,694.0,42.0,814.0,982.0,1001.0,190.0,452.0,542.2857142857143,690.3571428571429,633.4333333333333,307.99064611646565,402.27248299468937,558.8726776978614,637.7135214853772,0.0,0.0
2024-02-16,320.0,134.0,60.0,2,16,1,0,699.0,642.0,479.0,1177.0,534.0,1485.0,330.0,1612.0,646.0,0,0,0,0,1,0,0,620.0,694.0,642.0,974.0,74.0,840.0,671.0,525.8571428571429,670.1428571428571,640.6,293.8227518825072,401.4327443991859,593.904508273396,641.6674878411594,0.0,0.0
2024-02-17,230.0,10556.0,1196.0,2,17,1,0,320.0,809.0,190.0,60.0,911.0,1204.0,134.0,1888.0,431.0,0,0,0,0,0,1,0,699.0,620.0,809.0,240.0,232.0,220.0,546.3333333333334,479.85714285714283,623.4285714285714,635.3,297.7881957428958,404.6763841170732,525.428381205047,620.9147466901169,0.0,0.0
2024-02-18,476.0,1504.0,428.0,2,18,0,0,230.0,175.0,840.0,1196.0,480.0,400.0,10556.0,1875.0,460.0,0,0,0,0,0,0,1,320.0,699.0,175.0,774.0,560.0,350.0,416.3333333333333,397.14285714285717,622.7142857142857,636.6333333333333,270.2680327449198,403.22189350567123,451.5712859037852,595.6944404520449,0.0,0.0
2024-02-19,540.0,382.0,265.0,2,19,0,0,476.0,42.0,220.0,428.0,2204.0,851.0,1504.0,970.0,994.0,1,0,0,0,0,0,0,230.0,320.0,42.0,1534.0,1114.0,1036.0,342.0,440.14285714285717,601.4285714285714,624.5,252.3875515758965,402.3670266534412,457.6784644278389,587.9722184873968,0.0,0.0
2024-02-20,324.0,134.0,560.0,2,20,0,0,540.0,694.0,350.0,265.0,1015.0,1874.0,382.0,1116.0,2044.0,0,1,0,0,0,0,0,476.0,230.0,694.0,150.0,374.0,340.0,415.3333333333333,511.2857142857143,530.4285714285714,635.1666666666666,181.76056987670506,395.4562692884515,478.25884832087917,584.8772366495003,0.0,0.0
2024-02-21,899.5,904.0,322.0,2,21,0,0,324.0,620.0,1036.0,560.0,1113.0,310.0,134.0,1061.0,631.0,0,0,1,0,0,0,0,540.0,476.0,620.0,1215.0,654.0,1390.0,446.6666666666667,458.42857142857144,542.8571428571429,634.3,173.37613940299107,396.1306950820738,439.69413624065936,568.0464471882423,0.0,0.0
2024-02-22,260.0,162.0,2334.0,2,22,0,0,899.5,699.0,340.0,322.0,1177.0,524.0,904.0,330.0,662.0,0,0,0,1,0,0,0,324.0,540.0,699.0,814.0,982.0,1001.0,587.8333333333334,498.35714285714283,520.3214285714286,629.75,237.21802810314108,392.1212591744444,554.6456021804945,589.430547369646,0.0,0.0
2024-02-23,1083.5,1146.0,958.0,2,23,1,0,260.0,320.0,1390.0,2334.0,60.0,1632.0,162.0,134.0,704.0,0,0,0,0,1,0,0,899.5,324.0,320.0,642.0,974.0,74.0,494.5,435.64285714285717,480.75,627.0833333333334,233.33072277451123,394.42494332830967,480.9842016353709,568.1769636683786,0.0,0.0
2024-02-24,668.0,1006.0,540.0,2,24,1,0,1083.5,230.0,1001.0,958.0,1196.0,460.0,1146.0,10556.0,621.0,0,0,0,0,0,1,0,260.0,899.5,230.0,809.0,240.0,232.0,747.6666666666666,544.7142857142857,512.2857142857143,616.8666666666667,329.0716559685818,377.59232562092166,631.6131512265281,601.4236111736444,0.0,0.0
2024-02-25,580.0,1252.0,352.0,2,25,0,0,668.0,476.0,74.0,540.0,428.0,380.0,1006.0,1504.0,1038.0,0,0,0,0,0,0,1,1083.5,260.0,476.0,175.0,774.0,560.0,670.5,607.2857142857143,502.2142857142857,605.7666666666667,299.57662586040453,370.74309660216323,640.709863419896,605.7188620656674,0.0,0.0
2024-02-26,724.0,194.0,576.0,2,26,0,0,580.0,540.0,232.0,352.0,265.0,2231.0,1252.0,382.0,1140.0,1,0,0,0,0,0,0,668.0,1083.5,540.0,42.0,1534.0,1114.0,777.1666666666666,622.1428571428571,531.1428571428571,622.6333333333333,294.51665406867846,356.9708027598175,625.532397564922,604.059580642076,0.0,0.0
2024-02-27,764.0,1165.0,758.0,2,27,0,0,724.0,324.0,560.0,576.0,560.0,532.0,194.0,134.0,1598.0,0,1,0,0,0,0,0,580.0,668.0,324.0,694.0,150.0,374.0,657.3333333333334,648.4285714285714,579.8571428571429,639.0333333333333,294.1743287819076,349.63175044543686,650.1492981736915,611.797672213555,0.0,0.0
2024-02-28,792.0,1008.0,1854.0,2,28,0,0,764.0,899.5,1114.0,758.0,322.0,441.0,1165.0,904.0,2515.0,0,0,1,0,0,0,0,724.0,580.0,899.5,620.0,1215.0,654.0,689.3333333333334,711.2857142857143,584.8571428571429,645.8333333333334,258.0945978291133,350.0252043470026,678.6119736302686,621.6171772320353,0.0,0.0
2024-02-29,304.0,485.0,394.0,2,29,0,0,792.0,260.0,374.0,1854.0,2334.0,694.0,1008.0,162.0,928.0,0,0,0,1,0,0,0,764.0,724.0,260.0,699.0,814.0,982.0,760.0,695.9285714285714,597.1428571428571,635.1,248.03098404759697,339.966539935715,706.9589802227015,632.6096174106137,0.0,0.0
2024-03-01,438.0,967.0,330.0,3,1,1,0,304.0,1083.5,654.0,394.0,958.0,740.0,485.0,1146.0,1412.0,0,0,0,0,1,0,0,792.0,764.0,1083.5,320.0,642.0,974.0,620.0,702.2142857142857,568.9285714285714,632.7666666666667,235.37697726959553,342.054183380084,606.2192351670261,611.4089969325097,0.0,0.0
2024-03-02,1129.0,412.0,1274.0,3,2,1,0,438.0,668.0,982.0,330.0,540.0,372.0,967.0,1006.0,2675.0,0,0,0,0,0,1,0,304.0,792.0,668.0,230.0,809.0,240.0,511.3333333333333,610.0,577.3571428571429,625.5666666666667,181.34681322445866,343.860379979346,564.1644263752696,600.2213197110575,0.0,0.0
2024-03-03,709.0,335.0,574.0,3,3,0,0,1129.0,580.0,974.0,1274.0,352.0,280.0,412.0,1252.0,666.5,0,0,0,0,0,0,1,438.0,304.0,580.0,476.0,175.0,774.0,623.6666666666666,675.8571428571429,641.5714285714286,630.4666666666667,268.62515926561383,350.1053519603269,705.3733197814522,634.3360732780861,0.0,0.0
2024-03-04,1910.0,1903.0,1022.0,3,4,0,0,709.0,724.0,240.0,574.0,576.0,1292.0,335.0,194.0,1722.5,1,0,0,0,0,0,0,1129.0,438.0,724.0,540.0,42.0,1534.0,758.6666666666666,694.2857142857143,658.2142857142857,621.6333333333333,265.3580689594816,344.4360942010952,706.2799898360892,639.1531008085323,0.0,0.0
2024-03-05,82.0,1476.0,312.0,3,5,0,0,1910.0,764.0,774.0,1022.0,758.0,400.0,1903.0,1165.0,1715.0,0,1,0,0,0,0,0,709.0,1129.0,764.0,324.0,694.0,150.0,1249.3333333333333,863.7142857142857,756.0714285714286,677.3,532.0754063995429,409.44587449128255,1007.2099923770669,721.1432233370141,0.0,0.0
2024-03-06,562.0,777.0,1180.0,3,6,0,0,82.0,792.0,1534.0,312.0,1854.0,764.0,1476.0,1008.0,1810.0,0,0,1,0,0,0,0,1910.0,709.0,792.0,899.5,620.0,1215.0,900.3333333333334,766.2857142857143,738.7857142857143,654.2333333333333,610.0974551347556,423.07580093091286,775.9074942828001,679.9081766701099,0.0,0.0
2024-03-07,3106.0,846.0,1059.5,3,7,0,0,562.0,304.0,150.0,1180.0,394.0,1323.0,777.0,485.0,790.0,0,0,0,1,0,0,0,82.0,1910.0,304.0,260.0,699.0,814.0,851.3333333333334,733.4285714285714,714.6785714285714,621.8333333333334,614.6581318486068,389.244434623101,722.4306207121001,672.3011975301029,0.0,0.0
2024-03-08,1050.0,1382.0,318.0,3,8,1,0,3106.0,438.0,1215.0,1059.5,330.0,352.0,846.0,967.0,927.0,0,0,0,0,1,0,0,562.0,82.0,438.0,1083.5,320.0,642.0,1250.0,1133.7142857142858,917.9642857142857,720.3666666666667,1048.0071110264025,588.716267550134,1318.3229655340751,829.3140234959027,0.0,0.0
2024-03-09,270.0,2336.0,707.0,3,9,1,0,1050.0,1129.0,814.0,318.0,1274.0,630.0,1382.0,412.0,580.0,0,0,0,0,0,1,0,3106.0,562.0,1129.0,668.0,230.0,809.0,1572.6666666666667,1221.142857142857,915.5714285714286,714.8666666666667,1004.9375484031224,584.692874483061,1251.2422241505565,843.551828431651,0.0,0.0
2024-03-10,502.0,242.0,522.0,3,10,0,0,270.0,709.0,642.0,707.0,574.0,534.0,2336.0,335.0,1612.0,0,0,0,0,0,0,1,1050.0,3106.0,709.0,580.0,476.0,175.0,1475.3333333333333,1098.4285714285713,887.1428571428571,696.7333333333333,1068.5011085851154,589.924640618779,1005.9316681129174,806.5484846618671,0.0,0.0
2024-03-11,0.0,1154.0,154.0,3,11,0,0,502.0,1910.0,809.0,522.0,1022.0,911.0,242.0,1903.0,1888.0,1,0,0,0,0,0,0,270.0,1050.0,1910.0,724.0,540.0,42.0,607.3333333333334,1068.857142857143,881.5714285714286,692.0666666666667,1083.829542036236,590.9254392160179,879.948751084688,786.9001953288434,0.0,0.0
2024-03-12,0.0,150.0,6000.0,3,12,0,0,0.0,82.0,175.0,154.0,312.0,480.0,1154.0,1476.0,1875.0,0,1,0,0,0,0,0,502.0,270.0,82.0,764.0,324.0,694.0,257.3333333333333,796.0,829.8571428571429,665.1,1077.1796507546921,603.7257941174607,659.961563313516,736.1324407914988,0.0,0.0
2024-03-13,0.0,545.0,350.0,3,13,0,0,0.0,562.0,42.0,6000.0,1180.0,2204.0,150.0,777.0,970.0,0,0,1,0,0,0,0,0.0,502.0,562.0,792.0,899.5,620.0,167.33333333333334,784.2857142857143,775.2857142857143,659.2666666666667,1086.64279845245,609.4429159618577,494.971172485137,688.6400252565634,0.0,0.0
2024-03-14,0.0,514.0,604.0,3,14,0,0,0.0,3106.0,694.0,350.0,1059.5,1015.0,545.0,846.0,1116.0,0,0,0,1,0,0,0,0.0,0.0,3106.0,304.0,260.0,699.0,0.0,704.0,718.7142857142857,657.8666666666667,1125.85730297701,610.9561462524771,371.22837936385275,644.2116365303335,0.0,0.0
2024-03-15,0.0,0.0,1906.0,3,15,1,0,0.0,1050.0,620.0,604.0,318.0,1113.0,514.0,1382.0,1061.0,0,0,0,0,1,0,0,0.0,0.0,1050.0,438.0,1083.5,320.0,0.0,260.2857142857143,697.0,634.7333333333333,398.57316947904343,622.5692972553799,278.42128452288955,602.6495954638605,0.0,0.0
2024-03-16,0.0,60.0,202.0,3,16,1,0,0.0,270.0,699.0,1906.0,707.0,1177.0,0.0,2336.0,330.0,0,0,0,0,0,1,0,0.0,0.0,270.0,1129.0,668.0,230.0,0.0,110.28571428571429,665.7142857142857,614.0666666666667,199.90140426862888,633.273906165322,208.81596339216716,563.7689764016759,0.0,0.0
2024-03-17,90.0,610.0,0.0,3,17,0,0,0.0,502.0,320.0,202.0,522.0,60.0,60.0,242.0,134.0,0,0,0,0,0,0,1,0.0,0.0,502.0,709.0,580.0,476.0,0.0,71.71428571428571,585.0714285714286,590.7666666666667,189.73816545062743,642.8282568587756,156.61197254412536,527.3967843757614,0.0,0.0
2024-03-18,0.0,0.0,375.0,3,18,0,0,90.0,0.0,230.0,0.0,154.0,1196.0,610.0,1154.0,10556.0,1,0,0,0,0,0,0,0.0,0.0,0.0,1910.0,724.0,540.0,30.0,12.857142857142858,540.8571428571429,583.1,34.01680257080177,647.5232974107226,139.95897940809402,499.17763699668006,0.0,0.0
2024-03-19,0.0,130.0,0.0,3,19,0,0,0.0,0.0,476.0,375.0,6000.0,428.0,0.0,150.0,1504.0,0,1,0,0,0,0,0,90.0,0.0,0.0,82.0,764.0,324.0,30.0,12.857142857142858,404.42857142857144,575.4333333333333,34.01680257080177,653.1850048605775,104.96923455607052,466.9726281581846,0.0,0.0
2024-03-20,372.0,510.0,4376.0,3,20,0,0,0.0,0.0,540.0,0.0,350.0,265.0,130.0,545.0,382.0,0,0,1,0,0,0,0,0.0,90.0,0.0,562.0,792.0,899.5,30.0,12.857142857142858,398.57142857142856,559.5666666666667,34.01680257080177,661.4131388397763,78.72692591705288,436.8453618253985,0.0,0.0
2024-03-21,210.0,380.0,0.0,3,21,0,0,372.0,0.0,324.0,4376.0,604.0,560.0,510.0,514.0,134.0,0,0,0,1,0,0,0,0.0,0.0,0.0,3106.0,304.0,260.0,124.0,66.0,385.0,553.9666666666667,139.03956271507124,662.2951333643944,152.04519443778966,432.6617900947277,0.0,0.0
2024-03-22,90.0,175.0,182.5,3,22,1,0,210.0,0.0,899.5,0.0,1906.0,322.0,380.0,0.0,904.0,0,0,0,0,1,0,0,372.0,0.0,0.0,1050.0,438.0,1083.5,194.0,96.0,178.14285714285714,550.1666666666666,144.95516548229085,663.9849828657757,166.53389582834225,418.2965133144227,0.0,0.0
2024-03-23,0.0,0.0,35.0,3,23,1,0,90.0,0.0,260.0,182.5,202.0,2334.0,175.0,60.0,162.0,0,0,0,0,0,1,0,210.0,372.0,0.0,270.0,1129.0,668.0,224.0,108.85714285714286,109.57142857142857,523.1833333333333,138.88535868528845,665.7451682310497,147.4004218712567,397.116093100589,0.0,0.0
2024-03-24,241.0,30.0,87.5,3,24,0,0,0.0,90.0,1083.5,35.0,0.0,958.0,0.0,610.0,1146.0,0,0,0,0,0,0,1,90.0,210.0,90.0,502.0,709.0,580.0,100.0,108.85714285714286,90.28571428571429,514.5166666666667,138.88535868528845,670.9613340436312,110.55031640344252,371.49569999732523,0.0,0.0
2024-03-25,120.0,111.0,0.0,3,25,0,0,241.0,0.0,668.0,87.5,375.0,540.0,30.0,0.0,1006.0,1,0,0,0,0,0,0,0.0,90.0,0.0,0.0,1910.0,724.0,110.33333333333333,130.42857142857142,71.64285714285714,486.43333333333334,146.9601500893496,663.9197439727046,143.1627373025819,363.076622578143,0.0,0.0
2024-03-26,120.0,75.0,165.0,3,26,0,0,120.0,0.0,580.0,0.0,0.0,352.0,111.0,130.0,1252.0,0,1,0,0,0,0,0,241.0,0.0,0.0,0.0,82.0,764.0,120.33333333333333,147.57142857142858,80.21428571428571,468.1666666666667,135.7839670737463,666.2864188575534,137.3720529769364,347.39425983116604,0.0,0.0
2024-03-27,770.0,110.0,35.0,3,27,0,0,120.0,372.0,724.0,165.0,4376.0,576.0,75.0,510.0,194.0,0,0,1,0,0,0,0,120.0,241.0,372.0,0.0,562.0,792.0,160.33333333333334,164.71428571428572,88.78571428571429,452.8333333333333,120.79557702403673,668.9118844776211,133.0290397327023,332.72366242270374,0.0,0.0
2024-03-28,0.0,450.0,76.0,3,28,0,0,770.0,210.0,764.0,35.0,0.0,758.0,110.0,380.0,1165.0,0,0,0,1,0,0,0,120.0,120.0,210.0,0.0,3106.0,304.0,336.6666666666667,221.57142857142858,143.78571428571428,454.3666666666667,254.4024745312392,669.6072695261745,292.2717797995267,360.93503904059384,0.0,0.0
2024-03-29,90.0,30.0,451.0,3,29,1,0,0.0,90.0,792.0,76.0,182.5,1854.0,450.0,175.0,1008.0,0,0,0,0,1,0,0,770.0,120.0,90.0,0.0,1050.0,438.0,296.6666666666667,191.57142857142858,143.78571428571428,428.9,268.0123486849397,671.949369500719,219.20383484964503,337.6489074895878,0.0,0.0
2024-03-30,0.0,3415.0,0.0,3,30,1,0,90.0,0.0,304.0,451.0,35.0,394.0,30.0,0.0,485.0,0,0,0,0,0,1,0,0.0,770.0,0.0,0.0,270.0,1129.0,286.6666666666667,191.57142857142858,150.21428571428572,405.5,268.0123486849397,671.0914296104158,186.90287613723376,321.6715586192919,0.0,0.0
2024-03-31,0.0,167.5,251.0,3,31,0,0,0.0,241.0,438.0,0.0,87.5,330.0,3415.0,30.0,967.0,0,0,0,0,0,0,1,90.0,0.0,241.0,90.0,502.0,709.0,30.0,191.57142857142858,150.21428571428572,395.3666666666667,268.0123486849397,674.9609175573686,140.17715710292532,300.9185548374021,0.0,0.0
2024-04-01,0.0,0.0,95.0,4,1,0,0,0.0,120.0,1129.0,251.0,0.0,1274.0,167.5,111.0,412.0,1,0,0,0,0,0,0,0.0,90.0,120.0,0.0,0.0,1910.0,30.0,157.14285714285714,143.78571428571428,380.76666666666665,275.9658363949085,678.7335408982157,105.13286782719399,281.50445452531164,0.0,0.0
2024-04-02,240.0,0.0,35.0,4,2,0,0,0.0,120.0,709.0,95.0,165.0,574.0,0.0,75.0,335.0,0,1,0,0,0,0,0,0.0,0.0,120.0,0.0,0.0,82.0,0.0,140.0,143.78571428571428,343.1333333333333,282.3118842698594,667.0144357292908,78.8496508703955,263.3428768140012,0.0,0.0
2024-04-03,0.0,365.5,17.5,4,3,0,0,240.0,770.0,1910.0,35.0,35.0,1022.0,0.0,110.0,1903.0,0,0,1,0,0,0,0,0.0,0.0,770.0,372.0,0.0,562.0,80.0,157.14285714285714,160.92857142857142,327.5,284.5296871279716,663.631220296125,119.13723815279661,261.836884761485,0.0,0.0
2024-04-04,265.0,30.0,0.0,4,4,0,0,0.0,0.0,82.0,17.5,76.0,312.0,365.5,450.0,1476.0,0,0,0,1,0,0,0,240.0,0.0,0.0,210.0,0.0,3106.0,80.0,47.142857142857146,134.35714285714286,263.8333333333333,91.41741003299654,594.6059885413156,89.35292861459746,244.94418251880856,0.0,0.0
2024-04-05,280.0,90.0,133.0,4,5,1,0,265.0,90.0,562.0,0.0,451.0,1180.0,30.0,30.0,777.0,0,0,0,0,1,0,0,0.0,240.0,90.0,90.0,0.0,1050.0,168.33333333333334,85.0,138.28571428571428,269.93333333333334,119.26860441875846,593.614116695543,133.2646964609481,246.23810622727254,0.0,0.0
2024-04-06,164.0,0.0,0.0,4,6,1,0,280.0,0.0,3106.0,133.0,0.0,1059.5,90.0,3415.0,846.0,0,0,0,0,0,1,0,265.0,0.0,0.0,0.0,0.0,270.0,181.66666666666666,112.14285714285714,151.85714285714286,260.53333333333336,140.35244751627206,591.0569570158035,169.94852234571107,248.41629292228723,0.0,0.0
2024-04-08,0.0,0.0,0.0,4,8,0,1,164.0,0.0,1050.0,0.0,251.0,318.0,0.0,167.5,1382.0,1,0,0,0,0,0,0,280.0,265.0,0.0,241.0,90.0,502.0,236.33333333333334,135.57142857142858,163.57142857142858,162.46666666666667,131.9493048394629,246.01846487097455,168.4613917592833,242.97008047568806,0.0,0.0
2024-04-09,270.0,128.0,27.0,4,9,0,1,0.0,0.0,270.0,0.0,95.0,707.0,0.0,0.0,2336.0,0,1,0,0,0,0,0,164.0,280.0,0.0,120.0,0.0,0.0,148.0,135.57142857142858,146.35714285714286,127.46666666666667,131.9493048394629,181.6739658978609,126.34604381946247,227.29459141274046,1.0,0.0
2024-04-10,115.0,35.0,0.0,4,10,0,1,270.0,240.0,502.0,27.0,35.0,522.0,128.0,0.0,242.0,0,0,1,0,0,0,0,0.0,164.0,240.0,120.0,0.0,0.0,144.66666666666666,174.14285714285714,157.07142857142858,127.46666666666667,124.99390461328419,181.6739658978609,162.25953286459685,230.0497790635314,1.0,0.0
2024-04-11,60.0,417.0,417.0,4,11,0,1,115.0,0.0,0.0,0.0,17.5,154.0,35.0,365.5,1154.0,0,0,0,1,0,0,0,270.0,0.0,0.0,770.0,372.0,0.0,128.33333333333334,156.28571428571428,156.71428571428572,114.56666666666666,122.92913173275879,167.33667968444857,150.44464964844764,222.62721267233582,1.0,0.0
2024-04-12,45.0,225.0,327.0,4,12,1,1,60.0,265.0,0.0,417.0,0.0,6000.0,417.0,30.0,150.0,0,0,0,0,1,0,0,115.0,270.0,265.0,0.0,210.0,0.0,148.33333333333334,164.85714285714286,106.0,116.56666666666666,111.80403774972271,166.27536017792445,127.83348723633573,212.13513443541095,1.0,0.0
2024-04-13,60.0,51.0,601.0,4,13,1,0,45.0,280.0,0.0,327.0,133.0,350.0,225.0,90.0,545.0,0,0,0,0,0,1,0,60.0,115.0,280.0,90.0,90.0,0.0,73.33333333333333,133.42857142857142,109.21428571428571,118.06666666666666,109.86636904720892,165.38813978519997,107.1251154272518,201.3522225363522,1.0,0.0
2024-04-14,80.0,260.0,90.0,4,14,0,0,60.0,164.0,0.0,601.0,0.0,604.0,51.0,0.0,514.0,0,0,0,0,0,0,1,45.0,60.0,164.0,0.0,0.0,0.0,55.0,102.0,107.07142857142857,120.06666666666666,90.75424691622803,164.27015875523745,95.34383657043885,192.23272430820046,0.0,0.0
2024-04-15,385.0,137.0,262.0,4,15,0,0,80.0,0.0,0.0,90.0,0.0,1906.0,260.0,0.0,0.0,1,0,0,0,0,0,0,60.0,45.0,0.0,0.0,241.0,90.0,61.666666666666664,90.0,112.78571428571429,122.73333333333333,86.65063954369664,162.89745734416806,91.50787742782914,184.99190338509075,0.0,1.0
2024-04-16,636.0,827.0,308.0,4,16,0,0,385.0,270.0,0.0,262.0,27.0,202.0,137.0,128.0,60.0,0,1,0,0,0,0,0,80.0,60.0,270.0,0.0,120.0,0.0,175.0,145.0,140.28571428571428,135.56666666666666,130.89435944047335,167.98105051860162,164.88090807087184,197.89565155379458,0.0,1.0
2024-04-17,421.0,973.5,127.0,4,17,0,0,636.0,115.0,90.0,308.0,0.0,0.0,827.0,35.0,610.0,0,0,1,0,0,0,0,385.0,80.0,115.0,240.0,120.0,0.0,367.0,197.28571428571428,185.71428571428572,156.76666666666668,226.97996555181572,189.08886495659755,282.6606810531539,226.16044822774333,0.0,1.0
2024-04-18,135.0,508.0,766.0,4,18,0,0,421.0,60.0,0.0,127.0,417.0,375.0,973.5,417.0,0.0,0,0,0,1,0,0,0,636.0,385.0,60.0,0.0,770.0,372.0,480.6666666666667,241.0,198.64285714285714,167.8,237.70429809604238,194.63429899384965,317.2455107898654,238.73074189046957,0.0,1.0
2024-04-19,122.0,400.0,1005.0,4,19,1,0,135.0,45.0,0.0,766.0,327.0,0.0,508.0,225.0,130.0,0,0,0,0,1,0,0,421.0,636.0,45.0,265.0,0.0,210.0,397.3333333333333,251.71428571428572,208.28571428571428,172.3,229.74312777949123,192.16590353847454,271.68413309239907,232.0384359620522,0.0,1.0
2024-04-20,202.0,665.0,425.0,4,20,1,0,122.0,60.0,372.0,1005.0,601.0,4376.0,400.0,51.0,510.0,0,0,0,0,0,1,0,135.0,421.0,60.0,280.0,90.0,90.0,226.0,262.7142857142857,198.07142857142858,176.36666666666667,219.82547189813334,189.66858270248,234.2630998192993,224.9391820290166,0.0,0.0
2024-04-21,176.0,507.5,297.0,4,21,0,0,202.0,80.0,210.0,425.0,90.0,0.0,665.0,260.0,380.0,0,0,0,0,0,0,1,122.0,135.0,80.0,164.0,0.0,0.0,153.0,283.0,192.5,170.7,203.98202535190606,186.12864479652987,226.19732486447447,223.4592348013381,0.0,0.0
2024-04-22,807.0,603.0,403.0,4,22,0,0,176.0,385.0,90.0,297.0,262.0,182.5,507.5,137.0,175.0,1,0,0,0,0,0,0,202.0,122.0,385.0,0.0,0.0,241.0,166.66666666666666,296.7142857142857,193.35714285714286,169.56666666666666,190.8644495322194,185.9845531838281,213.64799364835585,220.39734868512275,0.0,0.0
2024-04-23,91.0,45.0,1074.0,4,23,0,0,807.0,636.0,0.0,403.0,308.0,35.0,603.0,827.0,0.0,0,1,0,0,0,0,0,176.0,202.0,636.0,270.0,0.0,120.0,395.0,357.0,251.0,193.46666666666667,272.5594736322073,218.61408815588618,361.9859952362669,258.24268102801807,0.0,0.0
2024-04-24,702.0,141.0,330.0,4,24,0,0,91.0,421.0,241.0,1074.0,127.0,87.5,45.0,973.5,30.0,0,0,1,0,0,0,0,807.0,176.0,421.0,115.0,240.0,120.0,358.0,279.14285714285717,238.21428571428572,196.5,256.974336313587,216.45780826438298,294.23949642720015,247.4528306391137,0.0,0.0
2024-04-25,373.0,494.5,513.0,4,25,0,0,702.0,135.0,120.0,330.0,766.0,0.0,141.0,508.0,111.0,0,0,0,1,0,0,0,91.0,807.0,135.0,60.0,0.0,770.0,533.3333333333334,319.2857142857143,280.14285714285717,211.86666666666667,301.0037177432153,235.27177730319036,396.1796223204001,276.77845446884834,0.0,0.0
2024-04-26,441.0,295.0,351.0,4,26,1,0,373.0,122.0,120.0,513.0,1005.0,165.0,494.5,400.0,75.0,0,0,0,0,1,0,0,702.0,91.0,122.0,45.0,265.0,0.0,388.6666666666667,353.2857142857143,302.5,220.3,289.9573039177274,236.39697034058327,390.38471674030006,282.98629611601945,0.0,0.0
2024-04-27,487.0,1049.0,200.0,4,27,1,0,441.0,202.0,770.0,351.0,425.0,35.0,295.0,665.0,110.0,0,0,0,0,0,1,0,373.0,702.0,202.0,60.0,280.0,90.0,505.3333333333333,398.85714285714283,330.7857142857143,231.0,272.06459317070687,238.95144507503608,403.03853755522505,293.18072862466335,0.0,0.0
2024-04-28,580.0,1028.0,459.5,4,28,0,0,487.0,176.0,0.0,200.0,297.0,76.0,1049.0,507.5,450.0,0,0,0,0,0,0,1,441.0,373.0,176.0,80.0,164.0,0.0,433.6666666666667,439.57142857142856,361.2857142857143,221.56666666666666,258.69148751801873,221.9180779777372,424.0289031664188,305.68519774565283,0.0,0.0
2024-04-29,262.0,468.0,706.0,4,29,0,0,580.0,807.0,90.0,459.5,403.0,451.0,1028.0,603.0,30.0,1,0,0,0,0,0,0,487.0,441.0,807.0,385.0,0.0,0.0,502.6666666666667,497.2857142857143,397.0,240.9,233.9734417163007,227.1525918848379,463.0216773748141,323.38292692335267,0.0,0.0
2024-04-30,384.0,331.5,791.0,4,30,0,0,262.0,91.0,0.0,706.0,1074.0,0.0,468.0,45.0,3415.0,0,1,0,0,0,0,0,580.0,487.0,91.0,636.0,270.0,0.0,443.0,419.42857142857144,388.2142857142857,246.63333333333333,202.26456036822628,225.37623460879036,412.76625803111057,319.422738089588,0.0,0.0
