Date,BreakFast,Dinner,Lunch,Month,Day,IsWeekend,IsHoliday,BreakFast_lag_1d,BreakFast_lag_1w,BreakFast_lag_1m,Lunch_lag_1d,Lunch_lag_1w,Lunch_lag_1m,Dinner_lag_1d,Dinner_lag_1w,Dinner_lag_1m,DayOfWeek_0,DayOfWeek_1,DayOfWeek_2,DayOfWeek_3,DayOfWeek_4,DayOfWeek_5,DayOfWeek_6,BreakFast_lag_2d,BreakFast_lag_3d,BreakFast_lag_7d,BreakFast_lag_14d,BreakFast_lag_21d,BreakFast_lag_28d,BreakFast_roll_mean_3,BreakFast_roll_mean_7,BreakFast_roll_mean_14,BreakFast_roll_mean_30,BreakFast_roll_std_7,BreakFast_roll_std_30,BreakFast_ema_7,BreakFast_ema_30,Holiday_Yesterday,Holiday_LastWeek
2023-03-02,18635.0,2690.0,1302.0,3,2,0,0,17431.0,17627.0,18571.0,1505.0,1235.0,810.0,3387.0,2870.0,2017.5,0,0,0,1,0,0,0,16958.5,16807.0,17627.0,19452.0,18550.0,16773.0,17065.5,15793.07142857143,16893.10714285714,17357.3,4788.427285554997,2817.201116540046,16626.00041180467,17247.29148214521,0.0,0.0
2023-03-03,18402.0,15048.76,260.0,3,3,1,0,18635.0,17211.0,19690.5,1302.0,1255.0,2662.0,2690.0,19401.2,2460.0,0,0,0,0,1,0,0,17431.0,16958.5,17211.0,18313.0,20402.0,17295.0,17674.833333333332,15937.07142857143,16834.75,17359.433333333334,4867.277254178931,2818.1759499820923,17128.2503088535,17336.821063942294,0.0,0.0
2023-03-04,19767.0,3255.0,555.5,3,4,1,0,18402.0,5112.0,16773.0,260.0,400.0,3682.0,15048.76,3520.0,7078.0,0,0,0,0,0,1,0,18635.0,17431.0,5112.0,14888.0,16293.0,16846.0,18156.0,16107.214285714286,16841.10714285714,17316.483333333334,4939.51188426163,2791.1132820365633,17446.687731640126,17405.542285623436,0.0,0.0
2023-03-05,19031.0,2532.0,250.0,3,5,0,0,19767.0,19405.0,17295.0,555.5,730.0,407.0,3255.0,2178.0,10907.52,0,0,0,0,0,0,1,18402.0,18635.0,19405.0,17090.0,14957.0,16334.0,18934.666666666668,18200.785714285714,17189.60714285714,17416.283333333333,1169.8056055438951,2824.33967773529,18026.765798730095,17557.894396228377,0.0,0.0
2023-03-06,15263.0,1909.0,1453.5,3,6,0,0,19031.0,16807.0,16846.0,250.0,1135.0,840.0,2532.0,2144.0,2917.0,1,0,0,0,0,0,0,19767.0,18402.0,16807.0,16477.0,17477.0,17862.0,19066.666666666668,18147.35714285714,17328.25,17474.15,1112.7902136179232,2839.5123887798904,18277.824349047572,17652.93346743945,0.0,0.0
2023-03-07,16855.0,2641.0,1586.0,3,7,0,0,15263.0,16958.5,16334.0,1453.5,1542.0,1896.0,1909.0,2916.0,17585.0,0,1,0,0,0,0,0,19031.0,19767.0,16958.5,16938.0,16850.0,18771.0,18020.333333333332,17926.785714285714,17241.535714285714,17421.383333333335,1506.220929377642,2866.171120343646,17524.11826178568,17498.744211475616,0.0,0.0
2023-03-08,16412.0,2488.0,655.0,3,8,0,0,16855.0,17431.0,17862.0,1586.0,1505.0,2202.0,2641.0,3387.0,2203.0,0,0,1,0,0,0,0,15263.0,19031.0,17431.0,22794.0,19403.0,18141.0,17049.666666666668,17912.0,17235.60714285714,17438.75,1517.7739181665613,2860.9288904793334,17356.83869633926,17457.212326864286,0.0,0.0
2023-03-09,17760.0,14745.0,1610.0,3,9,0,0,16412.0,18635.0,18771.0,655.0,1302.0,762.0,2488.0,2690.0,2008.0,0,0,0,1,0,0,0,16855.0,15263.0,18635.0,17627.0,19452.0,18550.0,16176.666666666666,17766.428571428572,16779.75,17390.416666666668,1617.2058060270576,2865.776064125151,17120.629022254445,17389.779273518205,0.0,0.0
2023-03-10,15564.0,11977.68,760.0,3,10,1,0,17760.0,18402.0,18141.0,1610.0,260.0,495.0,14745.0,15048.76,4136.0,0,0,0,0,1,0,0,16412.0,16855.0,18402.0,17211.0,18313.0,20402.0,17009.0,17641.428571428572,16789.25,17356.716666666667,1572.0675194514672,2854.90510647097,17280.471766690833,17413.66448167832,0.0,0.0
2023-03-11,14904.0,4441.0,768.0,3,11,1,0,15564.0,19767.0,18550.0,760.0,555.5,1365.0,11977.68,3255.0,1464.0,0,0,0,0,0,1,0,17760.0,16412.0,19767.0,5112.0,14888.0,16293.0,16578.666666666668,17236.0,16671.60714285714,17270.816666666666,1703.6730907072506,2869.226618384069,16851.353825018123,17294.331289311976,0.0,0.0
2023-03-12,15144.0,3181.0,455.0,3,12,0,0,14904.0,19031.0,20402.0,768.0,250.0,782.0,4441.0,2532.0,15187.92,0,0,0,0,0,0,1,15564.0,17760.0,19031.0,19405.0,17090.0,14957.0,16076.0,16541.285714285714,17371.035714285714,17149.283333333333,1475.8545224474376,2890.3154632840433,16364.515368763592,17140.11636742088,0.0,0.0
2023-03-13,17439.0,2396.0,795.0,3,13,0,0,15144.0,15263.0,16293.0,455.0,1453.5,357.0,3181.0,1909.0,2092.0,1,0,0,0,0,0,0,14904.0,15564.0,15263.0,16807.0,16477.0,17477.0,15204.0,15986.0,17066.678571428572,16974.016666666666,1053.8986352269872,2845.3423782934537,16059.386526572694,17011.334666296952,0.0,0.0
2023-03-14,17199.0,2362.0,1085.0,3,14,0,0,17439.0,16855.0,14957.0,795.0,1586.0,918.0,2396.0,2641.0,2445.0,0,1,0,0,0,0,0,15144.0,14904.0,16855.0,16958.5,16938.0,16850.0,15829.0,16296.857142857143,17111.821428571428,17012.216666666667,1123.7043544413516,2843.576383660662,16404.28989492952,17038.925978148764,0.0,0.0
2023-03-15,18067.0,2799.0,660.0,3,15,0,0,17199.0,16412.0,17477.0,1085.0,655.0,1136.0,2362.0,2488.0,2098.0,0,0,1,0,0,0,0,17439.0,15144.0,16412.0,17431.0,22794.0,19403.0,16594.0,16346.0,17129.0,17086.95,1159.144943482039,2817.0374091685712,16602.96742119714,17049.25333439723,0.0,0.0
2023-03-16,14758.0,10686.0,5590.0,3,16,0,0,18067.0,17760.0,16850.0,660.0,1610.0,1570.0,2799.0,14745.0,23947.08,0,0,0,1,0,0,0,17199.0,17439.0,17760.0,18635.0,17627.0,19452.0,17568.333333333332,16582.428571428572,17174.428571428572,17106.616666666665,1330.9080680927098,2821.90965446956,16968.975565897854,17114.91440959741,0.0,0.0
2023-03-17,14980.0,11208.2,1819.0,3,17,1,0,14758.0,15564.0,19403.0,5590.0,760.0,640.0,10686.0,11977.68,1695.0,0,0,0,0,1,0,0,18067.0,17199.0,15564.0,18402.0,17211.0,18313.0,16674.666666666668,16153.57142857143,16897.5,17036.883333333335,1371.2727490841964,2854.1338129328205,16416.23167442339,16962.85541542984,0.0,0.0
2023-03-18,19840.0,2593.0,1055.0,3,18,1,0,14980.0,14904.0,19452.0,1819.0,768.0,428.5,11208.2,4441.0,830.0,0,0,0,0,0,1,0,14758.0,18067.0,14904.0,19767.0,5112.0,14888.0,15935.0,16070.142857142857,16653.071428571428,16889.45,1429.6437118586991,2841.906100119523,16057.173755817543,16834.929259595658,0.0,0.0
2023-03-19,15982.0,735.0,1524.0,3,19,0,0,19840.0,15144.0,18313.0,1055.0,455.0,1380.0,2593.0,3181.0,11107.76,0,0,0,0,0,0,1,14980.0,14758.0,15144.0,19031.0,19405.0,17090.0,16526.0,16775.285714285714,16658.285714285714,16902.383333333335,1898.8871929181455,2854.8237631556467,17002.880316863157,17028.80479123465,0.0,0.0
2023-03-20,18441.0,1162.5,2462.5,3,20,0,0,15982.0,17439.0,14888.0,1524.0,795.0,787.0,735.0,2396.0,1086.0,1,0,0,0,0,0,0,19840.0,14980.0,17439.0,15263.0,16807.0,16477.0,16934.0,16895.0,16440.5,16824.683333333334,1802.892305898123,2846.8172805824747,16747.660237647367,16961.26899825177,0.0,0.0
2023-03-21,16295.0,2321.0,1315.0,3,21,0,0,18441.0,17199.0,17090.0,2462.5,1085.0,1061.0,1162.5,2362.0,1487.0,0,1,0,0,0,0,0,15982.0,19840.0,17199.0,16855.0,16958.5,16938.0,18087.666666666668,17038.14285714286,16667.5,16943.116666666665,1890.9113700868677,2837.3593469114467,17170.995178235527,17056.73551449359,0.0,0.0
2023-03-22,15220.0,4132.75,196.0,3,22,0,0,16295.0,18067.0,16477.0,1315.0,660.0,395.0,2321.0,2799.0,1505.0,0,0,1,0,0,0,0,18441.0,15982.0,18067.0,16412.0,17431.0,22794.0,16906.0,16909.0,16627.5,16916.616666666665,1908.8790777137554,2839.6517928938156,16951.996383676647,17007.591287752068,0.0,0.0
2023-03-23,16332.0,9473.5,289.0,3,23,0,0,15220.0,14758.0,16938.0,196.0,5590.0,485.0,4132.75,10686.0,2163.0,0,0,0,1,0,0,0,16295.0,18441.0,14758.0,17760.0,18635.0,17627.0,16652.0,16502.285714285714,16542.35714285714,16874.716666666667,1924.2642502426443,2855.5911510800074,16518.997287757484,16892.262817574516,0.0,0.0
2023-03-24,14344.0,14109.32,145.0,3,24,1,0,16332.0,14980.0,22794.0,289.0,1819.0,1688.0,9473.5,11208.2,34695.0,0,0,0,0,1,0,0,15220.0,16295.0,14980.0,15564.0,18402.0,17211.0,15949.0,16727.14285714286,16440.35714285714,16854.516666666666,1772.441670744191,2857.27093836582,16472.24796581811,16856.1168293439,0.0,0.0
2023-03-25,14791.0,16519.8,0.0,3,25,1,0,14344.0,19840.0,17627.0,145.0,1055.0,1235.0,14109.32,2593.0,2870.0,0,0,0,0,0,1,0,16332.0,15220.0,19840.0,14904.0,19767.0,5112.0,15298.666666666666,16636.285714285714,16353.214285714286,16572.85,1889.372621999665,2661.3521814334727,15940.185974363583,16694.044775837843,0.0,0.0
2023-03-26,13152.0,9921.56,198.0,3,26,0,0,14791.0,15982.0,17211.0,0.0,1524.0,1255.0,16519.8,735.0,19401.2,0,0,0,0,0,0,1,14344.0,16332.0,15982.0,15144.0,19031.0,19405.0,15155.666666666666,15915.0,16345.142857142857,16478.316666666666,1348.94378434882,2672.959926178101,15652.889480772687,16571.267693525726,0.0,0.0
2023-03-27,14995.0,5750.52,0.0,3,27,0,0,13152.0,18441.0,5112.0,198.0,2462.5,400.0,9921.56,1162.5,3520.0,1,0,0,0,0,0,0,14791.0,14344.0,18441.0,17439.0,15263.0,16807.0,14095.666666666666,15510.714285714286,16202.857142857143,16343.016666666666,1703.1073282176178,2736.5665830572743,15027.667110579514,16350.66977781439,0.0,0.0
2023-03-28,15816.0,8448.12,323.0,3,28,0,0,14995.0,16295.0,19405.0,0.0,1315.0,730.0,5750.52,2321.0,2178.0,0,1,0,0,0,0,0,13152.0,14791.0,16295.0,17199.0,16855.0,16958.5,14312.666666666666,15018.42857142857,16028.285714285714,16672.45,1109.5357673584026,1757.7486303262488,15019.500332934636,16263.207211503786,0.0,0.0
2023-03-29,18589.0,8470.4,347.0,3,29,0,0,15816.0,15220.0,16807.0,323.0,196.0,1135.0,8448.12,4132.75,2144.0,0,0,1,0,0,0,0,14995.0,13152.0,15220.0,18067.0,16412.0,17431.0,14654.333333333334,14950.0,15929.5,16552.816666666666,1029.573212549734,1686.0281856529284,15218.625249700977,16234.355133342253,0.0,0.0
2023-03-30,15887.0,15235.94,174.0,3,30,0,0,18589.0,16332.0,16958.5,347.0,289.0,1542.0,8470.4,9473.5,2916.0,0,0,0,1,0,0,0,15816.0,14995.0,16332.0,14758.0,17760.0,18635.0,16466.666666666668,15431.285714285714,15966.785714285714,16612.216666666667,1727.623388192158,1726.2039560806588,16061.218937275733,16386.26770538469,0.0,0.0
2023-03-31,13548.0,19934.64,180.0,3,31,1,0,15887.0,14344.0,17431.0,174.0,145.0,1505.0,15235.94,14109.32,3387.0,0,0,0,0,1,0,0,18589.0,15816.0,14344.0,14980.0,15564.0,18402.0,16764.0,15367.714285714286,16047.42857142857,16576.5,1696.8694424621726,1729.8732213861738,16017.6642029568,16354.056885682454,0.0,0.0
2023-04-01,17861.0,14417.64,1200.0,4,1,1,0,13548.0,14791.0,18635.0,180.0,0.0,1302.0,19934.64,16519.8,2690.0,0,0,0,0,0,1,0,15887.0,18589.0,14791.0,19840.0,14904.0,19767.0,16008.0,15254.0,15945.142857142857,16447.066666666666,1800.418840159139,1807.2691522033356,15400.248152217599,16173.02095757391,0.0,0.0
2023-04-02,16471.0,12484.8,325.0,4,2,0,0,17861.0,13152.0,18402.0,1200.0,198.0,260.0,14417.64,9921.56,15048.76,0,0,0,0,0,0,1,13548.0,15887.0,13152.0,15982.0,15144.0,19031.0,15765.333333333334,15692.57142857143,15803.785714285714,16421.266666666666,2028.329103567992,1780.2810497480366,16015.4361141632,16281.92283127882,0.0,0.0
2023-04-03,14895.0,29247.0,1004.0,4,3,0,0,16471.0,14995.0,19767.0,325.0,0.0,555.5,12484.8,5750.52,3255.0,1,0,0,0,0,0,0,17861.0,13548.0,14995.0,18441.0,17439.0,15263.0,15960.0,16166.714285714286,15838.714285714286,16356.9,1696.195813606207,1740.6647035959702,16129.3270856224,16294.12135829309,0.0,0.0
2023-04-04,9923.0,13135.2,1566.0,4,4,0,0,14895.0,15816.0,19031.0,1004.0,323.0,250.0,29247.0,8448.12,2532.0,0,1,0,0,0,0,0,16471.0,17861.0,15816.0,16295.0,17199.0,16855.0,16409.0,16152.42857142857,15585.42857142857,16194.5,1708.0883912669558,1635.6444633063911,15820.745314216801,16203.855464209668,0.0,0.0
2023-04-05,7081.0,14418.0,1141.0,4,5,0,0,9923.0,18589.0,15263.0,1566.0,347.0,1453.5,13135.2,8470.4,1909.0,0,0,1,0,0,0,0,14895.0,16471.0,18589.0,15220.0,18067.0,16412.0,13763.0,15310.57142857143,15130.285714285714,15890.9,2922.2402283831716,1912.8011838572122,14346.308985662601,15798.638982647755,0.0,0.0
2023-04-06,10519.0,17077.4,367.0,4,6,0,0,7081.0,15887.0,16855.0,1141.0,174.0,1586.0,14418.0,15235.94,2641.0,0,0,0,1,0,0,0,9923.0,14895.0,15887.0,16332.0,14758.0,17760.0,10633.0,13666.57142857143,14548.92857142857,15618.166666666666,3857.795737513966,2498.9240316768332,12529.98173924695,15236.21066118661,0.0,0.0
2023-04-07,11038.0,23387.0,935.0,4,7,1,0,10519.0,13548.0,16412.0,367.0,180.0,655.0,17077.4,19934.64,2488.0,0,0,0,0,1,0,0,7081.0,9923.0,13548.0,14344.0,14980.0,15564.0,9174.333333333334,12899.714285714286,14133.714285714286,15406.966666666667,3876.3372193470477,2653.739060052933,12027.236304435213,14931.874489497151,0.0,0.0
2023-04-08,13318.0,22201.0,789.0,4,8,1,0,11038.0,17861.0,17760.0,935.0,1200.0,1610.0,23387.0,14417.64,14745.0,0,0,0,0,0,1,0,10519.0,7081.0,17861.0,14791.0,19840.0,14904.0,9546.0,12541.142857142857,13897.57142857143,15227.833333333334,3922.1939620817375,2762.699293274157,11779.92722832641,14680.656780497337,0.0,0.0
2023-04-09,12185.0,17627.8,0.0,4,9,0,0,13318.0,16471.0,15564.0,789.0,325.0,760.0,22201.0,12484.8,11977.68,0,0,0,0,0,0,1,11038.0,10519.0,16471.0,13152.0,15982.0,15144.0,11625.0,11892.142857142857,13792.357142857143,15079.766666666666,3205.616239694083,2741.2594473109116,12164.445421244807,14592.743439820091,0.0,0.0
2023-04-10,11111.0,23503.0,0.0,4,10,0,0,12185.0,14895.0,14904.0,0.0,1004.0,768.0,17627.8,29247.0,4441.0,1,0,0,0,0,0,0,13318.0,11038.0,14895.0,14995.0,18441.0,17439.0,12180.333333333334,11279.857142857143,13723.285714285714,14967.133333333333,2521.6208034100664,2789.668139122796,12169.584065933606,14437.405153380087,0.0,0.0
2023-04-11,11364.0,39920.2,75.0,4,11,0,0,11111.0,9923.0,15144.0,0.0,1566.0,455.0,23503.0,13135.2,3181.0,0,1,0,0,0,0,0,12185.0,13318.0,9923.0,15816.0,16295.0,17199.0,12204.666666666666,10739.285714285714,13445.857142857143,14840.7,1960.6615137316585,2877.2078077479187,11904.938049450204,14222.79836929105,0.0,0.0
2023-04-12,13394.0,18116.4,190.0,4,12,0,0,11364.0,7081.0,17439.0,75.0,1141.0,795.0,39920.2,14418.0,2396.0,0,0,1,0,0,0,0,11111.0,12185.0,7081.0,18589.0,15220.0,18067.0,11553.333333333334,10945.142857142857,13127.857142857143,14714.7,1936.167471111532,2945.42655595956,11769.703537087653,14038.359764820661,0.0,0.0
2023-04-13,12025.0,13331.6,0.0,4,13,0,0,13394.0,10519.0,17199.0,190.0,367.0,1085.0,18116.4,17077.4,2362.0,0,0,0,1,0,0,0,11364.0,11111.0,10519.0,15887.0,16332.0,14758.0,11956.333333333334,11847.0,12756.785714285714,14579.866666666667,1144.868551406648,2908.771677403444,12175.77765281574,13996.788167090297,0.0,0.0
2023-04-14,17002.0,27212.0,464.0,4,14,1,0,12025.0,11038.0,18067.0,0.0,935.0,660.0,13331.6,23387.0,2799.0,0,0,0,0,1,0,0,13394.0,11364.0,11038.0,13548.0,14344.0,14980.0,12261.0,12062.142857142857,12480.92857142857,14407.4,983.9070803978907,2901.5024003626854,12138.083239611804,13869.57602727802,0.0,0.0
2023-04-15,9359.0,14388.6,683.0,4,15,1,0,17002.0,13318.0,14758.0,464.0,789.0,5590.0,27212.0,22201.0,10686.0,0,0,0,0,0,1,0,12025.0,13394.0,13318.0,17861.0,14791.0,19840.0,14140.333333333334,12914.142857142857,12727.642857142857,14371.9,2003.348482630296,2861.4213896183833,13354.062429708853,14071.667896485891,0.0,0.0
2023-04-16,11310.0,21040.4,150.0,4,16,0,0,9359.0,12185.0,14980.0,683.0,0.0,1819.0,14388.6,17627.8,11208.2,0,0,0,0,0,0,1,17002.0,12025.0,12185.0,16471.0,13152.0,15982.0,12795.333333333334,12348.57142857143,12120.357142857143,14191.933333333332,2391.557153623467,3002.6005502510493,12355.29682228164,13767.624806390028,0.0,0.0
2023-04-17,12895.0,10426.92,260.0,4,17,0,0,11310.0,11111.0,19840.0,150.0,0.0,1055.0,21040.4,23503.0,2593.0,1,0,0,0,0,0,0,9359.0,17002.0,11111.0,14895.0,14995.0,18441.0,12557.0,12223.57142857143,11751.714285714286,14069.6,2424.1759326379165,3043.864485632803,12093.97261671123,13609.068367268092,0.0,0.0
2023-04-18,7988.0,23422.2,0.0,4,18,0,0,12895.0,11364.0,15982.0,260.0,75.0,1524.0,10426.92,39920.2,735.0,0,1,0,0,0,0,0,11310.0,9359.0,11364.0,9923.0,15816.0,16295.0,11188.0,12478.42857142857,11608.857142857143,13838.1,2381.1100252573196,2847.640406759077,12294.229462533422,13562.99944034757,0.0,0.0
2023-04-19,13009.0,24079.2,200.0,4,19,0,0,7988.0,13394.0,18441.0,0.0,190.0,2462.5,23422.2,18116.4,1162.5,0,0,1,0,0,0,0,12895.0,11310.0,13394.0,7081.0,18589.0,15220.0,10731.0,11996.142857142857,11470.642857142857,13571.633333333333,2924.377736007628,3009.524243342207,11217.672096900067,13203.322057099342,0.0,0.0
2023-04-20,10591.0,11912.2,615.0,4,20,0,1,13009.0,12025.0,16295.0,200.0,0.0,1315.0,24079.2,13331.6,2321.0,0,0,0,1,0,0,0,7988.0,12895.0,12025.0,10519.0,15887.0,16332.0,11297.333333333334,11941.142857142857,11894.07142857143,13390.566666666668,2897.2001097940115,2866.4655598397217,11665.50407267505,13190.785150189708,0.0,0.0
2023-04-21,12203.0,1470.0,1430.0,4,21,1,1,10591.0,17002.0,15220.0,615.0,464.0,196.0,11912.2,27212.0,4132.75,0,0,0,0,1,0,0,13009.0,7988.0,17002.0,11038.0,13548.0,14344.0,10529.333333333334,11736.285714285714,11899.214285714286,13200.433333333332,2940.654672817238,2856.3265495162477,11396.878054506287,13023.057075983921,1.0,0.0
2023-04-22,15793.0,2428.0,510.0,4,22,1,1,12203.0,9359.0,16332.0,1430.0,683.0,289.0,1470.0,14388.6,9473.5,0,0,0,0,0,1,0,10591.0,13009.0,9359.0,13318.0,17861.0,14791.0,11934.333333333334,11050.714285714286,11982.42857142857,13099.866666666667,1874.5985093956824,2835.8070885866505,11598.408540879715,12970.150167855927,1.0,0.0
2023-04-23,15910.0,2396.0,355.0,4,23,0,1,15793.0,11310.0,14344.0,510.0,150.0,145.0,2428.0,21040.4,14109.32,0,0,0,0,0,0,1,12203.0,10591.0,11310.0,12185.0,16471.0,13152.0,12862.333333333334,11969.857142857143,12159.214285714286,13081.9,2408.2610897056884,2816.2634250564133,12647.056405659787,13152.269511865223,1.0,0.0
2023-04-24,14848.0,1340.0,1032.0,4,24,0,0,15910.0,12895.0,14791.0,355.0,260.0,0.0,2396.0,10426.92,16519.8,1,0,0,0,0,0,0,15793.0,12203.0,12895.0,11111.0,14895.0,14995.0,14635.333333333334,12627.0,12425.285714285714,13134.1,2794.7804326398577,2854.713940014039,13462.79230424484,13330.187607873919,1.0,0.0
2023-04-25,15814.0,2225.0,663.5,4,25,0,0,14848.0,7988.0,13152.0,1032.0,0.0,198.0,1340.0,23422.2,9921.56,0,1,0,0,0,0,0,15910.0,15793.0,7988.0,11364.0,9923.0,15816.0,15517.0,12906.0,12692.214285714286,13136.0,2920.6425092206396,2855.8734758992664,13809.09422818363,13428.110988011085,0.0,0.0
2023-04-26,15319.0,2924.0,545.0,4,26,0,0,15814.0,13009.0,14995.0,663.5,200.0,0.0,2225.0,24079.2,5750.52,0,0,1,0,0,0,0,14848.0,15910.0,13009.0,13394.0,7081.0,18589.0,15524.0,14024.0,13010.07142857143,13224.733333333334,2109.5492409517205,2897.440046487353,14310.320671137722,13582.03931136521,0.0,0.0
2023-04-27,15588.0,2776.0,2601.0,4,27,0,0,15319.0,10591.0,15816.0,545.0,615.0,323.0,2924.0,11912.2,8448.12,0,0,0,1,0,0,0,15814.0,14848.0,10591.0,12025.0,10519.0,15887.0,15327.0,14354.0,13147.57142857143,13235.533333333333,2104.981710134315,2904.860465915172,14562.490503353292,13694.101291277133,0.0,1.0
2023-04-28,16737.0,10442.8,745.0,4,28,1,0,15588.0,12203.0,18589.0,2601.0,1430.0,347.0,2776.0,1470.0,8470.4,0,0,0,0,1,0,0,15319.0,15814.0,12203.0,17002.0,11038.0,13548.0,15573.666666666666,15067.857142857143,13402.07142857143,13227.933333333332,1315.3662897423173,2898.1669228399883,14818.86787751497,13816.288304743126,0.0,1.0
2023-04-29,16970.0,850.0,675.0,4,29,1,0,16737.0,15793.0,15887.0,745.0,510.0,174.0,10442.8,2428.0,15235.94,0,0,0,0,0,1,0,15588.0,15319.0,15793.0,9359.0,13318.0,17861.0,15881.333333333334,15715.57142857143,13383.142857142857,13166.2,580.6642337710796,2798.028596634841,15298.400908136227,14004.721317340345,0.0,1.0
2023-04-30,16038.1,897.0,50.0,4,30,0,0,16970.0,15910.0,13548.0,675.0,355.0,180.0,850.0,2396.0,19934.64,0,0,0,0,0,0,1,16737.0,15588.0,15910.0,11310.0,12185.0,16471.0,16431.666666666668,15883.714285714286,13926.785714285714,13202.3,751.9660263349069,2840.999109711131,15716.30068110217,14196.02961944742,0.0,1.0
2023-05-01,18054.0,2410.0,741.0,5,1,0,0,16038.1,14848.0,17861.0,50.0,1032.0,1200.0,897.0,1340.0,14417.64,1,0,0,0,0,0,0,16970.0,16737.0,14848.0,12895.0,11111.0,14895.0,16581.7,15902.014285714287,14264.507142857143,13285.303333333333,754.2675485276496,2887.443499072053,15796.750510826627,14314.872869805651,0.0,0.0
2023-05-02,18136.0,2847.0,470.5,5,2,0,0,18054.0,15814.0,16471.0,741.0,663.5,325.0,2410.0,2225.0,12484.8,0,1,0,0,0,0,0,16038.1,16970.0,15814.0,7988.0,11364.0,9923.0,17020.7,16360.014285714287,14633.007142857143,13291.736666666666,954.3990787027117,2898.1848964699548,16361.06288311997,14556.106878205286,0.0,0.0
2023-05-03,16469.0,1200.0,775.0,5,3,0,0,18136.0,15319.0,14895.0,470.5,545.0,1004.0,2847.0,2924.0,29247.0,0,0,1,0,0,0,0,18054.0,16038.1,15319.0,13009.0,13394.0,7081.0,17409.366666666665,16691.72857142857,15357.864285714286,13347.236666666666,1121.8302526292935,2976.0628905668846,16804.79716233998,14787.067724772687,0.0,0.0
2023-05-04,17328.0,2295.0,1192.0,5,4,0,0,16469.0,15588.0,9923.0,775.0,2601.0,1566.0,1200.0,2776.0,13135.2,0,0,0,1,0,0,0,18136.0,18054.0,15588.0,10591.0,12025.0,10519.0,17553.0,16856.014285714286,15605.007142857143,13399.703333333333,959.8015774602891,3017.870978079324,16720.847871754984,14895.579484464772,0.0,0.0
2023-05-05,16143.0,10583.04,855.0,5,5,1,0,17328.0,16737.0,7081.0,1192.0,745.0,1141.0,2295.0,10442.8,14418.0,0,0,0,0,1,0,0,16469.0,18136.0,16737.0,12203.0,17002.0,11038.0,17311.0,17104.585714285717,16086.221428571429,13646.536666666665,786.3110504725619,3026.521046883698,16872.635903816237,15052.509840305755,0.0,0.0
2023-05-06,17194.0,1551.5,482.0,5,6,1,0,16143.0,16970.0,10519.0,855.0,675.0,367.0,10583.04,850.0,17077.4,0,0,0,0,0,1,0,17328.0,16469.0,16970.0,15793.0,9359.0,13318.0,16646.666666666668,17019.72857142857,16367.65,13948.603333333333,861.0877901706519,2791.7599756627974,16690.22692786218,15122.864044156997,0.0,0.0
2023-05-07,14995.0,2059.0,265.0,5,7,0,0,17194.0,16038.1,11038.0,482.0,50.0,935.0,1551.5,897.0,23387.0,0,0,0,0,0,0,1,16143.0,17328.0,16038.1,15910.0,11310.0,12185.0,16888.333333333332,17051.72857142857,16467.72142857143,14171.103333333333,863.0916033158419,2774.9434420435173,16816.170195896633,15256.485718727516,0.0,0.0
2023-05-08,16255.0,3297.0,777.0,5,8,0,0,14995.0,18054.0,13318.0,265.0,741.0,789.0,2059.0,2410.0,22201.0,1,0,0,0,0,0,0,17194.0,16143.0,18054.0,14848.0,12895.0,11111.0,16110.666666666666,16902.714285714286,16402.364285714288,14303.003333333332,1119.28663506208,2714.263493229471,16360.877646922476,15239.615672358,0.0,0.0
2023-05-09,16239.0,1060.0,2885.0,5,9,0,0,16255.0,18136.0,12185.0,777.0,470.5,0.0,3297.0,2847.0,17627.8,0,1,0,0,0,0,0,14995.0,17194.0,18136.0,15814.0,7988.0,11364.0,16148.0,16645.714285714286,16502.864285714288,14400.903333333332,1012.3032671891971,2730.4293595019026,16334.408235191857,15305.124338657484,0.0,0.0
2023-05-10,16080.0,2693.0,1350.0,5,10,0,0,16239.0,16469.0,11111.0,2885.0,775.0,0.0,1060.0,1200.0,23503.0,0,0,1,0,0,0,0,16255.0,14995.0,16469.0,15319.0,13009.0,13394.0,15829.666666666666,16374.714285714286,16533.22142857143,14536.036666666665,772.3260784335753,2717.2668276684212,16310.556176393893,15365.374381324744,0.0,0.0
2023-05-11,16293.0,1499.0,1120.0,5,11,0,0,16080.0,17328.0,11364.0,1350.0,1192.0,75.0,2693.0,2295.0,39920.2,0,0,0,1,0,0,0,16239.0,16255.0,17328.0,15588.0,10591.0,12025.0,16191.333333333334,16319.142857142857,16587.57857142857,14701.67,778.382388583629,2651.951434666114,16252.91713229542,15411.479259948956,0.0,0.0
2023-05-12,16108.0,10231.96,278.0,5,12,1,0,16293.0,16143.0,13394.0,1120.0,855.0,190.0,1499.0,10583.04,18116.4,0,0,0,0,1,0,0,16080.0,16239.0,16143.0,16737.0,12203.0,17002.0,16204.0,16171.285714285714,16637.935714285715,14865.97,640.9801646139936,2590.0006748967435,16262.937849221566,15468.351565758701,0.0,0.0
2023-05-13,18809.0,1571.0,825.0,5,13,1,0,16108.0,17194.0,12025.0,278.0,482.0,0.0,10231.96,1551.5,13331.6,0,0,0,0,0,1,0,16293.0,16080.0,17194.0,16970.0,15793.0,9359.0,16160.333333333334,16166.285714285714,16593.007142857143,14956.436666666666,641.3739715864544,2584.2054584277703,16224.203386916175,15509.619206677497,0.0,0.0
2023-05-14,14960.0,1323.0,1212.5,5,14,0,0,18809.0,14995.0,17002.0,825.0,265.0,464.0,1571.0,2059.0,27212.0,0,0,0,0,0,0,1,16108.0,16293.0,14995.0,16038.1,15910.0,11310.0,17070.0,16397.0,16724.364285714288,15182.57,1156.380992579874,2615.472875178246,16870.402540187133,15722.482483666046,0.0,0.0
2023-05-15,16739.0,2842.0,994.0,5,15,0,0,14960.0,16255.0,9359.0,1212.5,777.0,683.0,1323.0,3297.0,14388.6,1,0,0,0,0,0,0,18809.0,16108.0,16255.0,18054.0,14848.0,12895.0,16625.666666666668,16392.0,16647.35714285714,15114.503333333332,1163.5070548418178,2592.964434571767,16392.80190514035,15673.290065365012,0.0,0.0
2023-05-16,15700.0,7537.0,485.0,5,16,0,0,16739.0,16239.0,11310.0,994.0,2885.0,150.0,2842.0,1060.0,21040.4,0,1,0,0,0,0,0,14960.0,18809.0,16239.0,18136.0,15814.0,7988.0,16836.0,16461.14285714286,16553.428571428572,15360.503333333332,1168.3797083385,2368.4576897043344,16479.35142885526,15742.045545018884,0.0,0.0
2023-05-17,15795.0,2890.0,4530.0,5,17,0,0,15700.0,16080.0,12895.0,485.0,1350.0,260.0,7537.0,2693.0,10426.92,0,0,1,0,0,0,0,16739.0,14960.0,16080.0,16469.0,15319.0,13009.0,15799.666666666666,16384.14285714286,16379.42857142857,15506.836666666666,1202.7160136640005,2241.8006956360036,16284.513571641446,15739.332929211214,0.0,0.0
2023-05-18,15312.0,2523.0,1415.0,5,18,0,0,15795.0,16293.0,7988.0,4530.0,1120.0,0.0,2890.0,1499.0,23422.2,0,0,0,1,0,0,0,15700.0,16739.0,16293.0,17328.0,15588.0,10591.0,16078.0,16343.42857142857,16331.285714285714,15603.503333333332,1219.4355056258476,2187.1525687418484,16162.135178731085,15742.924353133072,0.0,0.0
2023-05-19,15563.0,9856.3,1405.0,5,19,1,0,15312.0,16108.0,13009.0,1415.0,278.0,200.0,2523.0,10231.96,24079.2,0,0,0,0,1,0,0,15795.0,15700.0,16108.0,16143.0,16737.0,12203.0,15602.333333333334,16203.285714285714,16187.285714285714,15847.636666666665,1281.0125831135504,1650.7731213781026,15949.601384048314,15715.122781963197,0.0,0.0
2023-05-20,17144.0,1415.0,3295.8,5,20,1,0,15563.0,18809.0,10591.0,1405.0,825.0,615.0,9856.3,1571.0,11912.2,0,0,0,0,0,1,0,15312.0,15795.0,18809.0,17194.0,16970.0,15793.0,15556.666666666666,16125.42857142857,16145.857142857143,15932.769999999999,1304.1225475574106,1562.847030957428,15852.951038036235,15705.308408933313,0.0,0.0
2023-05-21,17443.0,3394.66,505.0,5,21,0,0,17144.0,14960.0,12203.0,3295.8,1212.5,1430.0,1415.0,1323.0,1470.0,0,0,0,0,0,0,1,15563.0,15312.0,14960.0,14995.0,16038.1,15910.0,16006.333333333334,15887.57142857143,16142.285714285714,16151.203333333333,779.3494845367052,1208.210591509944,16175.713278527177,15798.127221260198,0.0,0.0
2023-05-22,15209.0,2458.0,565.0,5,22,0,0,17443.0,16739.0,15793.0,505.0,994.0,510.0,3394.66,2842.0,2428.0,1,0,0,0,0,0,0,17144.0,15563.0,16739.0,16255.0,18054.0,14848.0,16716.666666666668,16242.285714285714,16317.142857142857,16325.869999999999,848.776318057503,973.7695667194507,16492.534958895383,15904.248045695025,0.0,0.0
2023-05-23,18165.0,5856.0,3516.5,5,23,0,0,15209.0,15700.0,15910.0,565.0,485.0,355.0,2458.0,7537.0,2396.0,0,1,0,0,0,0,0,17443.0,17144.0,15700.0,16239.0,18136.0,15814.0,16598.666666666668,16023.714285714286,16242.42857142857,16306.403333333332,895.271600183569,990.4834683239344,16171.651219171537,15859.393333069542,0.0,0.0
2023-05-24,16616.0,4050.0,1470.0,5,24,0,0,18165.0,15795.0,14848.0,3516.5,4530.0,1032.0,5856.0,2890.0,1340.0,0,0,1,0,0,0,0,15209.0,17443.0,15795.0,16080.0,16469.0,15319.0,16939.0,16375.857142857143,16380.0,16381.57,1184.7185922644915,1043.508879446063,16669.988414378655,16008.142150290863,0.0,0.0
2023-05-25,16128.0,3359.0,2580.0,5,25,0,0,16616.0,15312.0,15814.0,1470.0,1415.0,663.5,4050.0,2523.0,2225.0,0,0,0,1,0,0,0,18165.0,15209.0,15312.0,16293.0,17328.0,15588.0,16663.333333333332,16493.14285714286,16418.285714285714,16440.503333333334,1157.967389951243,1003.0529090054948,16656.49131078399,16047.35878575597,0.0,0.0
2023-05-26,15740.0,12641.14,2920.0,5,26,1,0,16128.0,15563.0,15319.0,2580.0,1405.0,545.0,3359.0,9856.3,2924.0,0,0,0,0,1,0,0,16616.0,18165.0,15563.0,16108.0,16143.0,16737.0,16969.666666666668,16609.714285714286,16406.5,16450.969999999998,1055.8124382492967,997.9151436352537,16524.368483087994,16052.561444739456,0.0,0.0
2023-05-27,15220.0,2929.0,2634.5,5,27,1,0,15740.0,17144.0,15588.0,2920.0,3295.8,2601.0,12641.14,1415.0,2776.0,0,0,0,0,0,1,0,16128.0,16616.0,17144.0,18809.0,17194.0,16970.0,16161.333333333334,16635.0,16380.214285714286,16465.003333333334,1028.3284170601114,984.3152461389725,16328.276362315995,16032.396190240139,0.0,0.0
2023-05-28,18189.0,1555.0,975.0,5,28,0,0,15220.0,17443.0,16737.0,2634.5,505.0,745.0,2929.0,3394.66,10442.8,0,0,0,0,0,0,1,15740.0,16128.0,17443.0,14960.0,14995.0,16038.1,15696.0,16360.142857142857,16123.857142857143,16452.736666666668,1122.428532033921,997.8218162002046,16051.207271736996,15979.983532805292,0.0,0.0
2023-05-29,16626.0,5071.0,1703.0,5,29,0,0,18189.0,15209.0,16970.0,975.0,565.0,675.0,1555.0,2458.0,850.0,1,0,0,0,0,0,0,15220.0,15740.0,15209.0,16739.0,16255.0,18054.0,16383.0,16466.714285714286,16354.5,16501.136666666665,1268.3132781093902,1046.1313105695856,16585.65545380275,16122.50072423721,0.0,0.0
2023-05-30,16011.0,1740.0,1030.0,5,30,0,0,16626.0,18165.0,16038.1,1703.0,3516.5,50.0,5071.0,5856.0,897.0,0,1,0,0,0,0,0,18189.0,15220.0,18165.0,15700.0,16239.0,18136.0,16678.333333333332,16669.14285714286,16346.42857142857,16489.67,1140.788970927795,1042.694525686487,16595.74159035206,16154.984548479972,0.0,0.0
2023-05-31,15478.0,3057.0,1457.0,5,31,0,0,16011.0,16616.0,18054.0,1030.0,1470.0,741.0,1740.0,4050.0,2410.0,0,0,1,0,0,0,0,16626.0,18189.0,16616.0,15795.0,16080.0,16469.0,16942.0,16361.42857142857,16368.642857142857,16488.766666666666,943.4991356899236,1043.1108871968129,16449.556192764045,16145.695222771588,0.0,0.0
2023-06-01,17390.0,4669.0,2145.0,6,1,0,0,15478.0,16128.0,18136.0,1457.0,2580.0,470.5,3057.0,3359.0,2847.0,0,0,0,1,0,0,0,16011.0,16626.0,16128.0,15312.0,16293.0,17328.0,16038.333333333334,16198.857142857143,16346.0,16402.9,989.2570324190202,1015.4807032241964,16206.667144573034,16102.618111625035,0.0,0.0
2023-06-02,14185.0,14397.36,1625.0,6,2,1,0,17390.0,15740.0,16469.0,2145.0,2920.0,775.0,4669.0,12641.14,1200.0,0,0,0,0,1,0,0,15478.0,16011.0,15740.0,15563.0,16108.0,16143.0,16293.0,16379.142857142857,16494.428571428572,16378.033333333333,1084.593384418245,980.0951918346965,16502.500358429774,16185.675007649228,0.0,0.0
2023-06-03,16080.0,1093.0,9519.5,6,3,1,0,14185.0,15220.0,17328.0,1625.0,2634.5,1192.0,14397.36,2929.0,2295.0,0,0,0,0,0,1,0,17390.0,15478.0,15220.0,17144.0,18809.0,17194.0,15684.333333333334,16157.0,16396.0,16301.9,1361.2729336911127,1058.3696424217871,15923.12526882233,16056.599200704119,0.0,0.0
2023-06-04,15315.0,1165.0,875.0,6,4,0,0,16080.0,18189.0,16143.0,9519.5,975.0,855.0,1093.0,1555.0,10583.04,0,0,0,0,0,0,1,14185.0,17390.0,18189.0,17443.0,14960.0,14995.0,15885.0,16279.857142857143,16320.0,16260.3,1300.0440285584514,1041.032052572245,15962.343951616747,16058.10892969095,0.0,0.0
2023-06-05,15237.0,3523.0,550.0,6,5,0,0,15315.0,16626.0,17194.0,875.0,1703.0,482.0,1165.0,5071.0,1551.5,1,0,0,0,0,0,0,16080.0,14185.0,16626.0,15209.0,16739.0,16255.0,15193.333333333334,15869.285714285714,16168.0,16232.7,1020.3616539060589,1055.1297403473852,15800.50796371256,16010.166418097986,0.0,0.0
2023-06-06,14980.0,3048.0,1255.0,6,6,0,0,15237.0,16011.0,14995.0,550.0,1030.0,265.0,3523.0,1740.0,2059.0,0,1,0,0,0,0,0,15315.0,16080.0,16011.0,18165.0,15700.0,16239.0,15544.0,15670.857142857143,16170.0,16167.466666666667,983.0546659217257,1054.1432780105074,15659.63097278442,15960.284713704568,0.0,0.0
2023-06-07,14849.0,1018.0,491.0,6,7,0,0,14980.0,15478.0,16255.0,1255.0,1457.0,777.0,3048.0,3057.0,3297.0,0,0,1,0,0,0,0,15237.0,15315.0,15478.0,16616.0,15795.0,16080.0,15177.333333333334,15523.57142857143,15942.5,16166.966666666667,1000.6759144269848,1054.7219762223892,15489.723229588315,15897.040538626854,0.0,0.0
2023-06-08,14617.0,1507.0,1140.0,6,8,0,0,14849.0,17390.0,16239.0,491.0,2145.0,2885.0,1018.0,4669.0,1060.0,0,0,0,1,0,0,0,14980.0,15237.0,17390.0,16128.0,15312.0,16293.0,15022.0,15433.714285714286,15816.285714285714,16120.1,1033.163703434859,1081.57144135681,15329.542422191236,15829.425020005767,0.0,0.0
2023-06-09,15211.0,18900.9,595.0,6,9,1,0,14617.0,14185.0,16080.0,1140.0,1625.0,1350.0,1507.0,14397.36,2693.0,0,0,0,0,1,0,0,14849.0,14980.0,14185.0,15740.0,15563.0,16108.0,14815.333333333334,15037.57142857143,15708.357142857143,16066.033333333333,598.0562563122911,1115.4337793396712,15151.406816643426,15751.204050973138,0.0,0.0
2023-06-10,15107.0,2960.0,4644.8,6,10,1,0,15211.0,16080.0,16293.0,595.0,9519.5,1120.0,18900.9,1093.0,1499.0,0,0,0,0,0,1,0,14617.0,14849.0,16080.0,15220.0,17144.0,18809.0,14892.333333333334,15184.142857142857,15670.57142857143,16037.066666666668,465.26781841981375,1126.289266859854,15166.305112482569,15716.352176716808,0.0,0.0
2023-06-11,15257.0,1645.0,500.0,6,11,0,0,15107.0,15315.0,16108.0,4644.8,875.0,278.0,2960.0,1165.0,10231.96,0,0,0,0,0,0,1,15211.0,14617.0,15315.0,18189.0,17443.0,14960.0,14978.333333333334,15045.142857142857,15662.5,15997.533333333333,247.31520277531882,1137.7523739231865,15151.478834361926,15677.039133057659,0.0,0.0
2023-06-12,14587.0,2550.0,512.0,6,12,0,0,15257.0,15237.0,18809.0,500.0,550.0,825.0,1645.0,3523.0,1571.0,1,0,0,0,0,0,0,15107.0,15211.0,15237.0,16626.0,15209.0,16739.0,15191.666666666666,15036.857142857143,15453.07142857143,15969.166666666666,237.54608575417592,1145.48559446484,15177.859125771443,15649.939834150713,0.0,0.0
2023-06-13,11226.0,1240.0,855.0,6,13,0,0,14587.0,14980.0,14960.0,512.0,1255.0,1212.5,2550.0,3048.0,1323.0,0,1,0,0,0,0,0,15257.0,15107.0,14980.0,16011.0,18165.0,15700.0,14983.666666666666,14944.0,15307.42857142857,15828.433333333332,270.9630971183815,1038.957291722342,15030.144344328583,15581.36307065712,0.0,0.0
2023-06-14,12428.0,491.5,195.0,6,14,0,0,11226.0,14849.0,16739.0,855.0,491.0,994.0,1240.0,1018.0,2842.0,0,0,1,0,0,0,0,14587.0,15257.0,14849.0,15478.0,16616.0,15795.0,13690.0,14407.714285714286,14965.642857142857,15703.966666666667,1428.842038655269,1329.596684592061,14079.108258246437,15300.371904808275,0.0,0.0
2023-06-15,11611.0,5149.0,485.0,6,15,0,0,12428.0,14617.0,15700.0,195.0,1140.0,485.0,491.5,1507.0,7537.0,0,0,0,1,0,0,0,11226.0,14587.0,14617.0,17390.0,16128.0,15312.0,12747.0,14061.857142857143,14747.785714285714,15560.266666666666,1588.3299855058804,1442.0790291925148,13666.331193684828,15115.057588369033,0.0,0.0
2023-06-16,11707.0,12925.0,165.0,6,16,1,0,11611.0,15211.0,15795.0,485.0,595.0,4530.0,5149.0,18900.9,2890.0,0,0,0,0,1,0,0,12428.0,11226.0,15211.0,14185.0,15740.0,15563.0,11755.0,13632.42857142857,14335.0,15423.966666666667,1804.827217689894,1611.68167652202,13152.498395263621,14888.989356861355,0.0,0.0
2023-06-17,11508.0,1962.0,8578.2,6,17,1,0,11707.0,15107.0,15312.0,165.0,4644.8,1415.0,12925.0,2960.0,2523.0,0,0,0,0,0,1,0,11611.0,12428.0,15107.0,16080.0,15220.0,17144.0,11915.333333333334,13131.857142857143,14158.0,15287.7,1779.7842967216823,1746.416373112642,12791.123796447715,14683.699720934817,0.0,0.0
2023-06-18,11907.0,2172.5,1330.0,6,18,0,0,11508.0,15257.0,15563.0,8578.2,500.0,1405.0,1962.0,1645.0,9856.3,0,0,0,0,0,0,1,11707.0,11611.0,15257.0,15315.0,18189.0,17443.0,11608.666666666666,12617.714285714286,13831.42857142857,15160.9,1627.4271836537512,1877.7492827759445,12470.342847335785,14478.815867971281,0.0,0.0
2023-06-19,12650.0,1528.0,2734.0,6,19,0,0,11907.0,14587.0,17144.0,1330.0,512.0,3295.8,2172.5,2550.0,1415.0,1,0,0,0,0,0,0,11508.0,11707.0,14587.0,15237.0,16626.0,15209.0,11707.333333333334,12139.142857142857,13588.0,15039.033333333333,1142.1607342476266,1967.2575429338033,12329.507135501839,14312.892263586038,0.0,0.0
2023-06-20,11145.0,1525.0,1135.0,6,20,0,0,12650.0,11226.0,17443.0,2734.0,855.0,505.0,1528.0,1240.0,3394.66,0,1,0,0,0,0,0,11907.0,11508.0,11226.0,14980.0,16011.0,18165.0,12021.666666666666,11862.42857142857,13403.214285714286,14889.233333333334,509.92837965824367,1972.5387052421115,12409.63035162638,14205.608891741778,0.0,0.0
2023-06-21,8753.0,3573.0,820.0,6,21,0,0,11145.0,12428.0,15209.0,1135.0,195.0,565.0,1525.0,491.5,2458.0,0,0,1,0,0,0,0,12650.0,11907.0,12428.0,14849.0,15478.0,16616.0,11900.666666666666,11850.857142857143,13129.285714285714,14679.3,527.3972028023461,2025.7970615248778,12093.472763719785,14008.15025356489,0.0,0.0
2023-06-22,10406.0,3840.5,2075.0,6,22,0,0,8753.0,11611.0,18165.0,820.0,485.0,3516.5,3573.0,5149.0,5856.0,0,0,0,1,0,0,0,11145.0,12650.0,11611.0,14617.0,17390.0,16128.0,10849.333333333334,11325.857142857143,12693.857142857143,14464.1,1224.9582888913935,2292.889132919895,11258.354572789838,13669.108301721995,0.0,0.0
2023-06-23,15213.0,9915.32,620.0,6,23,1,0,10406.0,11707.0,16616.0,2075.0,165.0,1470.0,3840.5,12925.0,4050.0,0,0,0,0,1,0,0,8753.0,11145.0,11707.0,15211.0,14185.0,15740.0,10101.333333333334,11153.714285714286,12393.07142857143,14205.466666666667,1262.3084295957503,2298.632693031088,11045.265929592379,13458.585185481868,0.0,0.0
2023-06-24,12232.0,1786.0,5594.2,6,24,1,0,15213.0,11508.0,16128.0,620.0,8578.2,2580.0,9915.32,1962.0,3359.0,0,0,0,0,0,1,0,10406.0,8753.0,11508.0,15107.0,16080.0,15220.0,11457.333333333334,11654.57142857143,12393.214285714286,14158.7,1999.008325574011,2261.876656748753,12087.199447194283,13571.773238031426,0.0,0.0
2023-06-25,13305.0,3666.0,6070.0,6,25,0,0,12232.0,11907.0,15740.0,5594.2,1330.0,2920.0,1786.0,2172.5,12641.14,0,0,0,0,0,0,1,15213.0,10406.0,11907.0,15257.0,15315.0,18189.0,12617.0,11758.0,12187.857142857143,14028.833333333334,2008.8663469728212,2256.748990416794,12123.399585395713,13485.336254932627,0.0,0.0
2023-06-26,12306.0,3203.0,1907.0,6,26,0,0,13305.0,12650.0,15220.0,6070.0,2734.0,2634.5,3666.0,1528.0,2929.0,1,0,0,0,0,0,0,12232.0,15213.0,12650.0,14587.0,15237.0,16626.0,13583.333333333334,11957.714285714286,12048.42857142857,13947.666666666666,2093.843014991454,2236.783147865436,12418.799689046784,13473.7016578402,0.0,0.0
2023-06-27,8285.0,3147.0,0.0,6,27,0,0,12306.0,11145.0,18189.0,1907.0,1135.0,975.0,3203.0,1525.0,1555.0,0,1,0,0,0,0,0,13305.0,12232.0,11145.0,11226.0,14980.0,16011.0,12614.333333333334,11908.57142857143,11885.5,13850.533333333333,2078.870274703919,2242.888819685756,12390.599766785088,13398.3660670118,0.0,0.0
2023-06-28,11931.0,4148.7,700.0,6,28,0,1,8285.0,8753.0,16626.0,0.0,820.0,1703.0,3147.0,3573.0,5071.0,0,0,1,0,0,0,0,12306.0,13305.0,8753.0,12428.0,14849.0,15478.0,11298.666666666666,11500.0,11675.42857142857,13520.4,2493.6226659219965,2310.166326300452,11364.199825088815,13068.471482043298,0.0,0.0
2023-06-29,10881.0,963.7,775.0,6,29,0,1,11931.0,10406.0,16011.0,700.0,2075.0,1030.0,4148.7,3840.5,1740.0,0,0,0,1,0,0,0,8285.0,12306.0,10406.0,11611.0,14617.0,17390.0,10840.666666666666,11954.0,11639.92857142857,13363.9,2179.6736758820716,2250.7918813394467,11505.899868816612,12995.08622513728,1.0,0.0
2023-06-30,10693.0,7591.16,405.0,6,30,1,1,10881.0,15213.0,15478.0,775.0,620.0,1457.0,963.7,9915.32,3057.0,0,0,0,0,1,0,0,11931.0,8285.0,15213.0,11707.0,15211.0,14185.0,10365.666666666666,12021.857142857143,11587.785714285714,13192.9,2130.2838956792602,2237.580918976036,11349.67490161246,12858.693565451005,1.0,0.0
2023-07-01,11359.0,826.9,2695.45,7,1,1,0,10693.0,12232.0,17390.0,405.0,5594.2,2145.0,7591.16,1786.0,4669.0,0,0,0,0,0,1,0,10881.0,11931.0,12232.0,11508.0,15107.0,16080.0,11168.333333333334,11376.142857142857,11515.357142857143,13033.4,1627.4979189511737,2239.618911548491,11185.506176209345,12718.971399938038,1.0,0.0
2023-07-02,13542.0,656.4,0.0,7,2,0,0,11359.0,13305.0,14185.0,2695.45,6070.0,1625.0,826.9,3666.0,14397.36,0,0,0,0,0,0,1,10693.0,10881.0,13305.0,11907.0,15257.0,15315.0,10977.666666666666,11251.42857142857,11504.714285714286,12832.366666666667,1583.8467789049366,2101.4946484517636,11228.879632157008,12631.231309619456,0.0,0.0
2023-07-03,12550.0,1053.9,400.0,7,3,0,0,13542.0,12306.0,16080.0,0.0,1907.0,9519.5,656.4,3203.0,1093.0,1,0,0,0,0,0,0,11359.0,10693.0,12306.0,12650.0,14587.0,15237.0,11864.666666666666,11285.285714285714,11621.5,12810.933333333332,1636.7122241743748,2090.4734150069244,11807.159724117755,12689.990579966588,0.0,0.0
2023-07-04,13802.0,1113.9,432.0,7,4,0,0,12550.0,8285.0,15315.0,400.0,0.0,875.0,1053.9,3147.0,1165.0,0,1,0,0,0,0,0,13542.0,11359.0,8285.0,11145.0,11226.0,14980.0,12483.666666666666,11320.142857142857,11614.357142857143,12693.266666666666,1664.43688461205,1997.3967529026097,11992.869793088317,12680.958929646164,0.0,0.0
2023-07-05,11394.0,3411.5,854.0,7,5,0,0,13802.0,11931.0,15237.0,432.0,700.0,550.0,1113.9,4148.7,3523.0,0,0,1,0,0,0,0,12550.0,13542.0,11931.0,8753.0,12428.0,14849.0,13298.0,12108.285714285714,11804.142857142857,12642.833333333334,1239.7203601734138,1947.3918735569237,12445.152344816237,12753.284159991572,0.0,1.0
2023-07-06,11399.0,1335.9,1976.0,7,6,0,0,11394.0,10881.0,14980.0,854.0,775.0,1255.0,3411.5,963.7,3048.0,0,0,0,1,0,0,0,13802.0,12550.0,10881.0,10406.0,11611.0,14617.0,12582.0,12031.57142857143,11992.785714285714,12514.733333333334,1268.7932399387273,1896.596896682554,12182.364258612179,12665.588407734052,0.0,1.0
2023-07-07,15352.5,7228.46,972.0,7,7,1,0,11399.0,10693.0,14849.0,1976.0,405.0,491.0,1335.9,7591.16,1018.0,0,0,0,0,1,0,0,11394.0,13802.0,10693.0,15213.0,11707.0,15211.0,12198.333333333334,12105.57142857143,12063.714285714286,12395.366666666667,1203.9530523990045,1848.1601565795015,11986.523193959134,12583.873026589921,0.0,1.0
2023-07-08,14709.0,1509.5,4037.2,7,8,1,0,15352.5,11359.0,14617.0,972.0,2695.45,1140.0,7228.46,826.9,1507.0,0,0,0,0,0,1,0,11399.0,11394.0,11359.0,12232.0,11508.0,15107.0,12715.166666666666,12771.214285714286,12073.67857142857,12412.15,1535.287265659157,1873.3250318618366,12828.017395469351,12762.494121648637,0.0,0.0
2023-07-09,15729.0,1737.0,155.0,7,9,0,0,14709.0,13542.0,15211.0,4037.2,0.0,595.0,1509.5,656.4,18900.9,0,0,0,0,0,0,1,15352.5,11399.0,13542.0,13305.0,11907.0,15257.0,13820.166666666666,13249.785714285714,12250.607142857143,12415.216666666667,1543.8097858097155,1877.1303101907797,13298.263046602013,12888.075146058403,0.0,0.0
2023-07-10,14949.0,3012.0,2647.0,7,10,0,0,15729.0,12550.0,15107.0,155.0,400.0,4644.8,1737.0,1053.9,2960.0,1,0,0,0,0,0,0,14709.0,15352.5,12550.0,12306.0,12650.0,14587.0,15263.5,13562.214285714286,12423.75,12432.483333333334,1810.9815445668798,1905.8959269056515,13905.94728495151,13071.360620506248,0.0,0.0
2023-07-11,13442.0,2499.0,915.0,7,11,0,0,14949.0,13802.0,15257.0,2647.0,432.0,500.0,3012.0,1113.9,1645.0,0,1,0,0,0,0,0,15729.0,14709.0,13802.0,8285.0,11145.0,11226.0,15129.0,13904.92857142857,12612.535714285714,12427.216666666667,1814.494889047884,1898.4542154957237,14166.710463713633,13192.498644989717,0.0,0.0
2023-07-12,16227.0,1170.0,975.0,7,12,0,0,13442.0,11394.0,14587.0,915.0,854.0,512.0,2499.0,3411.5,2550.0,0,0,1,0,0,0,0,14949.0,15729.0,11394.0,11931.0,8753.0,12428.0,14706.666666666666,13853.5,12980.892857142857,12366.716666666667,1822.9803665060704,1832.9552907773443,13985.532847785224,13208.595506603286,0.0,0.0
2023-07-13,16223.0,2446.0,1660.0,7,13,0,0,16227.0,11399.0,11226.0,975.0,1976.0,855.0,1170.0,1335.9,1240.0,0,0,0,1,0,0,0,13442.0,14949.0,11399.0,10881.0,10406.0,11611.0,14872.666666666666,14543.92857142857,13287.75,12421.383333333333,1642.5115531955623,1923.6684050197985,14545.899635838918,13403.331280370816,0.0,0.0
2023-07-14,14726.0,9442.2,915.0,7,14,1,0,16223.0,15352.5,12428.0,1660.0,972.0,195.0,2446.0,7228.46,491.5,0,0,0,0,1,0,0,16227.0,13442.0,15352.5,10693.0,15213.0,11707.0,15297.333333333334,15233.07142857143,13669.32142857143,12587.95,982.458244599182,2029.9950583853922,14965.174726879188,13585.245391314635,0.0,0.0
2023-07-15,14985.0,3272.0,3161.3,7,15,1,0,14726.0,14709.0,11611.0,915.0,4037.2,485.0,9442.2,1509.5,5149.0,0,0,0,0,0,1,0,16223.0,16227.0,14709.0,11359.0,12232.0,11508.0,15725.333333333334,15143.57142857143,13957.392857142857,12664.55,998.1759793314194,2066.7746417613434,14905.38104515939,13658.842462842724,0.0,0.0
2023-07-16,15318.0,1685.0,2035.0,7,16,0,0,14985.0,15729.0,11707.0,3161.3,155.0,165.0,3272.0,1737.0,12925.0,0,0,0,0,0,0,1,14726.0,16223.0,15729.0,13542.0,13305.0,11907.0,15311.333333333334,15183.0,14216.392857142857,12777.016666666666,983.4922470461843,2099.016380820827,14925.285783869544,13744.401013627064,0.0,0.0
2023-07-17,15056.0,1596.0,1522.0,7,17,0,0,15318.0,14949.0,11508.0,2035.0,2647.0,8578.2,1685.0,3012.0,1962.0,1,0,0,0,0,0,0,14985.0,14726.0,14949.0,12550.0,12306.0,12650.0,15009.666666666666,15124.285714285714,14343.25,12897.383333333333,957.3852784686651,2138.7011837002983,15023.464337902158,13845.923528876932,0.0,0.0
2023-07-18,14795.0,1530.0,1110.0,7,18,0,0,15056.0,13442.0,11907.0,1522.0,915.0,1330.0,1596.0,2499.0,2172.5,0,1,0,0,0,0,0,15318.0,14985.0,13442.0,13802.0,8285.0,11145.0,15119.666666666666,15139.57142857143,14522.25,13015.65,954.9713533474383,2157.2401715522437,15031.598253426619,13923.99297862681,0.0,0.0
2023-07-19,14747.0,2030.0,551.0,7,19,0,0,14795.0,16227.0,12650.0,1110.0,975.0,2734.0,1530.0,1170.0,1528.0,0,0,1,0,0,0,0,15056.0,15318.0,16227.0,11394.0,11931.0,8753.0,15056.333333333334,15332.857142857143,14593.17857142857,13111.916666666666,638.655731092345,2170.4586599473305,14972.448690069963,13980.186980005725,0.0,0.0
2023-07-20,14988.0,2384.5,1291.0,7,20,0,0,14747.0,16223.0,11145.0,551.0,1660.0,1135.0,2030.0,2446.0,1525.0,0,0,0,1,0,0,0,14795.0,15056.0,16223.0,11399.0,10881.0,10406.0,14866.0,15121.42857142857,14832.67857142857,13181.816666666668,528.8524864089264,2188.75955455226,14916.086517552472,14029.658787747292,0.0,0.0
2023-07-21,14832.0,17607.18,708.0,7,21,1,0,14988.0,14726.0,8753.0,1291.0,915.0,820.0,2384.5,9442.2,3573.0,0,0,0,0,1,0,0,14747.0,14795.0,14726.0,15352.5,10693.0,15213.0,14843.333333333334,14945.0,15089.035714285714,13309.916666666666,209.9857137996492,2177.872823633112,14934.064888164354,14091.487253053918,0.0,0.0
2023-07-22,15368.0,2363.5,2486.8,7,22,1,0,14832.0,14985.0,10406.0,708.0,3161.3,2075.0,17607.18,3272.0,3840.5,0,0,0,0,0,1,0,14988.0,14747.0,14985.0,14709.0,11359.0,12232.0,14855.666666666666,14960.142857142857,15051.857142857143,13512.55,194.83619493587761,2016.0580449276158,14908.548666123264,14139.262268985924,0.0,0.0
2023-07-23,16316.0,4597.0,2295.0,7,23,0,0,15368.0,15318.0,15213.0,2486.8,2035.0,620.0,2363.5,1685.0,9915.32,0,0,0,0,0,0,1,14832.0,14988.0,15318.0,15729.0,13542.0,13305.0,15062.666666666666,15014.857142857143,15098.92857142857,13677.95,249.17893742668588,1955.024809570098,15023.411499592448,14218.535670986834,0.0,0.0
2023-07-24,14832.0,3887.0,5351.0,7,24,0,0,16316.0,15056.0,12232.0,2295.0,1522.0,5594.2,4597.0,1596.0,1786.0,1,0,0,0,0,0,0,15368.0,14832.0,15056.0,14949.0,12550.0,12306.0,15505.333333333334,15157.42857142857,15140.857142857143,13714.716666666667,552.468960558785,1994.8547077131134,15346.558624694337,14353.855950278006,0.0,0.0
2023-07-25,14652.0,4626.0,3197.0,7,25,0,0,14832.0,14795.0,13305.0,5351.0,1110.0,6070.0,3887.0,1530.0,3666.0,0,1,0,0,0,0,0,16316.0,15368.0,14795.0,13442.0,13802.0,8285.0,15505.333333333334,15125.42857142857,15132.5,13801.383333333333,565.6529728678504,1984.6692927127413,15217.918968520753,14384.703953485878,0.0,0.0
2023-07-26,16877.0,4661.0,2160.0,7,26,0,0,14652.0,14747.0,12306.0,3197.0,551.0,1907.0,4626.0,2030.0,3203.0,0,0,1,0,0,0,0,14832.0,16316.0,14747.0,16227.0,11394.0,11931.0,15266.666666666666,15105.0,15218.92857142857,13846.283333333333,581.9235344956853,1988.2857444132349,15076.439226390565,14401.948859712596,0.0,0.0
2023-07-27,15079.0,3635.0,2651.0,7,27,0,0,16877.0,14988.0,8285.0,2160.0,1291.0,0.0,4661.0,2384.5,3147.0,0,0,0,1,0,0,0,14652.0,14832.0,14988.0,16223.0,11399.0,10881.0,15453.666666666666,15409.285714285714,15265.357142857143,13998.65,855.9109599885535,2040.634017221482,15526.579419792924,14561.629578440816,0.0,0.0
2023-07-28,18530.0,17676.239999999998,510.0,7,28,1,0,15079.0,14832.0,11931.0,2651.0,708.0,700.0,3635.0,17607.18,4148.7,0,0,0,0,1,0,0,16877.0,14652.0,14832.0,14726.0,15352.5,10693.0,15536.0,15422.285714285714,15183.642857142857,14225.116666666667,849.1098700571836,1739.442774843174,15414.684564844694,14595.008315315601,0.0,0.0
2023-07-29,18525.6,3860.0,5990.2,7,29,1,0,18530.0,15368.0,10881.0,510.0,2486.8,775.0,17676.239999999998,2363.5,963.7,0,0,0,0,0,1,0,15079.0,16877.0,15368.0,14985.0,14709.0,11359.0,16828.666666666668,15950.57142857143,15455.357142857143,14445.083333333334,1395.3360237045345,1852.879055561998,16193.513423633522,14848.878746585564,0.0,0.0
2023-07-30,16151.0,5225.0,2100.0,7,30,0,0,18525.6,16316.0,10693.0,5990.2,2295.0,405.0,3860.0,4597.0,7591.16,0,0,0,0,0,0,1,18530.0,15079.0,16316.0,15318.0,15729.0,13542.0,17378.2,16401.657142857144,15708.257142857141,14699.903333333334,1660.7633855721617,1871.396236353185,16776.53506772514,15086.086569386494,0.0,0.0
2023-07-31,14721.0,3915.0,1865.0,7,31,0,0,16151.0,14832.0,11359.0,2100.0,5351.0,2695.45,5225.0,3887.0,826.9,1,0,0,0,0,0,0,18525.6,18530.0,14832.0,15056.0,14949.0,12550.0,17735.533333333333,16378.085714285715,15767.757142857141,14881.836666666668,1663.3506700117498,1728.254126125942,16620.151300793856,15154.790661684141,0.0,0.0
2023-08-01,12789.0,2900.0,490.0,8,1,0,0,14721.0,14652.0,13542.0,1865.0,3197.0,0.0,3915.0,4626.0,656.4,0,1,0,0,0,0,0,16151.0,18525.6,14652.0,14795.0,13442.0,13802.0,16465.866666666665,16362.228571428572,15743.82857142857,14993.903333333334,1680.982083698173,1595.8753897606648,16145.363475595392,15126.804167381939,0.0,0.0
2023-08-02,12422.0,3036.0,1480.0,8,2,0,0,12789.0,16877.0,12550.0,490.0,2160.0,400.0,2900.0,4661.0,1053.9,0,0,1,0,0,0,0,14721.0,16151.0,16877.0,14747.0,16227.0,11394.0,14553.666666666666,16096.085714285715,15600.542857142855,14968.803333333335,2093.6993221158896,1625.15150115696,15306.272606696544,14975.978092066976,0.0,0.0
2023-08-03,13964.0,1315.0,1513.5,8,3,0,0,12422.0,15079.0,13802.0,1480.0,2651.0,432.0,3036.0,3635.0,1113.9,0,0,0,1,0,0,0,12789.0,14721.0,15079.0,14988.0,16223.0,11399.0,13310.666666666666,15459.657142857144,15434.471428571427,14964.536666666669,2461.545941650715,1631.8749124821372,14585.20445502241,14811.205311933625,0.0,0.0
2023-08-04,14589.0,19085.48,505.0,8,4,1,0,13964.0,18530.0,11394.0,1513.5,510.0,854.0,1315.0,17676.239999999998,3411.5,0,0,0,0,1,0,0,12422.0,12789.0,18530.0,14832.0,14726.0,15352.5,13058.333333333334,15300.371428571429,15361.32857142857,14969.936666666668,2525.5275816577905,1628.159141269344,14429.903341266807,14756.5469047121,0.0,0.0
2023-08-05,13875.0,1785.0,8510.0,8,5,1,0,14589.0,18525.6,11399.0,505.0,5990.2,1976.0,19085.48,3860.0,1335.9,0,0,0,0,0,1,0,13964.0,12422.0,18525.6,15368.0,14985.0,14709.0,13658.333333333334,14737.371428571429,15343.971428571427,15076.436666666668,2086.724027204901,1484.3283130840905,14469.677505950105,14745.73742698874,0.0,0.0
2023-08-06,16364.0,1205.0,635.0,8,6,0,0,13875.0,16151.0,15352.5,8510.0,2100.0,972.0,1785.0,5225.0,7228.46,0,0,0,0,0,0,1,14589.0,13964.0,16151.0,16316.0,15318.0,15729.0,14142.666666666666,14073.0,15237.32857142857,15158.970000000001,1253.6470795243579,1334.0273840828117,14321.008129462578,14689.56081879592,0.0,0.0
2023-08-07,15337.0,2618.0,2066.0,8,7,0,0,16364.0,14721.0,14709.0,635.0,1865.0,4037.2,1205.0,3915.0,1509.5,1,0,0,0,0,0,0,13875.0,14589.0,14721.0,14832.0,15056.0,14949.0,14942.666666666666,14103.42857142857,15240.757142857141,15192.686666666668,1313.6400898702195,1351.752142842108,14831.756097096933,14797.589153067152,0.0,0.0
2023-08-08,15781.0,1110.0,1149.0,8,8,0,0,15337.0,12789.0,15729.0,2066.0,490.0,155.0,2618.0,2900.0,1737.0,0,1,0,0,0,0,0,16364.0,13875.0,12789.0,14652.0,14795.0,13442.0,15192.0,14191.42857142857,15276.82857142857,15213.62,1380.8208738696844,1348.8629851433109,14958.0670728227,14832.389852869273,0.0,0.0
2023-08-09,16399.0,4090.0,938.0,8,9,0,0,15781.0,12422.0,14949.0,1149.0,1480.0,2647.0,1110.0,3036.0,3012.0,0,0,1,0,0,0,0,15337.0,16364.0,12422.0,16877.0,14747.0,16227.0,15827.333333333334,14618.857142857143,15357.471428571427,15215.353333333334,1336.7287718620287,1349.5813222379013,15163.800304617025,14893.59050752287,0.0,0.0
2023-08-10,15614.0,1148.5,2019.0,8,10,0,0,16399.0,13964.0,13442.0,938.0,1513.5,915.0,4090.0,1315.0,2499.0,0,0,0,1,0,0,0,15781.0,15337.0,13964.0,15079.0,14988.0,16223.0,15839.0,15187.0,15323.32857142857,15263.686666666668,1064.9167416594744,1365.5832985700288,15472.600228462768,14990.713700585911,0.0,0.0
2023-08-11,14394.0,13087.84,344.0,8,11,1,0,15614.0,14589.0,16227.0,2019.0,505.0,975.0,1148.5,19085.48,1170.0,0,0,0,0,1,0,0,16399.0,15781.0,14589.0,18530.0,14832.0,14726.0,15931.333333333334,15422.714285714286,15361.542857142855,15336.086666666668,922.1313562043133,1322.5711497016152,15507.950171347076,15030.92571990295,0.0,0.0
2023-08-12,13764.0,1750.0,7670.65,8,12,1,0,14394.0,13875.0,16223.0,344.0,8510.0,1660.0,13087.84,1785.0,2446.0,0,0,0,0,0,1,0,15614.0,16399.0,13875.0,18525.6,15368.0,14985.0,15469.0,15394.857142857143,15066.114285714284,15274.986666666668,953.9128940966136,1322.33392614345,15229.462628510308,14989.833737973728,0.0,0.0
2023-08-13,14568.0,1141.0,476.0,8,13,0,0,13764.0,16364.0,14726.0,7670.65,635.0,915.0,1750.0,1205.0,9442.2,0,0,0,0,0,0,1,14394.0,15614.0,16364.0,16151.0,16316.0,15318.0,14590.666666666666,15379.0,14726.0,15193.02,983.8417894492153,1337.6670214503802,14863.09697138273,14910.747690362521,0.0,0.0
2023-08-14,14320.0,2137.0,885.0,8,14,0,0,14568.0,15337.0,14985.0,476.0,2066.0,3161.3,1141.0,2618.0,3272.0,1,0,0,0,0,0,0,13764.0,14394.0,15337.0,14721.0,14832.0,15056.0,14242.0,15122.42857142857,14612.92857142857,15187.753333333334,916.0023393606862,1339.87839045022,14789.322728537049,14888.634936145585,0.0,0.0
2023-08-15,14186.0,1946.0,235.0,8,15,0,0,14320.0,15781.0,15318.0,885.0,1149.0,2035.0,2137.0,1110.0,1685.0,0,1,0,0,0,0,0,14568.0,13764.0,15781.0,12789.0,14652.0,14795.0,14217.333333333334,14977.142857142857,14584.285714285714,15165.586666666668,956.0732936637779,1348.8193436799193,14671.992046402785,14851.948811232967,0.0,0.0
2023-08-16,14948.5,2838.0,800.0,8,16,0,0,14186.0,16399.0,15056.0,235.0,938.0,1522.0,1946.0,4090.0,1596.0,0,0,1,0,0,0,0,14320.0,14568.0,16399.0,12422.0,16877.0,14747.0,14358.0,14749.285714285714,14684.07142857143,15127.853333333334,922.021820834624,1360.1944728435326,14550.49403480209,14808.984371798584,0.0,0.0
2023-08-17,12486.0,2158.0,3227.0,8,17,0,0,14948.5,15614.0,14795.0,800.0,2019.0,1110.0,2838.0,1148.5,1530.0,0,0,0,1,0,0,0,14186.0,14320.0,15614.0,13964.0,15079.0,14988.0,14484.833333333334,14542.07142857143,14864.535714285714,15124.27,594.1815399193298,1360.5318511650344,14649.995526101568,14817.985380069644,0.0,0.0
2023-08-18,15410.0,17205.0,907.0,8,18,1,0,12486.0,14394.0,14747.0,3227.0,344.0,551.0,2158.0,13087.84,2030.0,0,0,0,0,1,0,0,14948.5,14186.0,14394.0,14589.0,18530.0,14832.0,13873.5,14095.214285714286,14758.964285714286,15047.303333333335,795.7114142463029,1442.6352138823622,14108.996644576175,14667.534710387732,0.0,0.0
2023-08-19,13815.0,1955.0,9156.4,8,19,1,0,15410.0,13764.0,14988.0,907.0,7670.65,1291.0,17205.0,1750.0,2384.5,0,0,0,0,0,1,0,12486.0,14948.5,13764.0,13875.0,18525.6,15368.0,14281.5,14240.357142857143,14817.607142857143,15069.403333333334,939.0476875663762,1442.9544515676596,14434.247483432131,14715.435696814331,0.0,0.0
2023-08-20,15961.0,2345.0,1226.0,8,20,0,0,13815.0,14568.0,14832.0,9156.4,476.0,708.0,1955.0,1141.0,17607.18,0,0,0,0,0,0,1,15410.0,12486.0,14568.0,16364.0,16151.0,16316.0,13903.666666666666,14247.642857142857,14813.32142857143,15030.303333333335,934.924627723411,1461.0157761860219,14279.435612574098,14657.343071213409,0.0,0.0
2023-08-21,14247.0,645.0,1325.0,8,21,0,0,15961.0,14320.0,15368.0,1226.0,885.0,2486.8,2345.0,2137.0,2363.5,1,0,0,0,0,0,0,13815.0,15410.0,14320.0,15337.0,14721.0,14832.0,15062.0,14446.642857142857,14784.535714285714,15067.936666666668,1140.1945270539416,1470.2431172366303,14699.826709430574,14741.449969844803,0.0,0.0
2023-08-22,16358.0,1844.0,325.0,8,22,0,0,14247.0,14186.0,16316.0,1325.0,235.0,2295.0,645.0,1946.0,4597.0,0,1,0,0,0,0,0,15961.0,13815.0,14186.0,15781.0,12789.0,14652.0,14674.333333333334,14436.214285714286,14706.67857142857,15030.570000000002,1141.8784909504118,1476.585540138093,14586.62003207293,14709.549971790302,0.0,0.0
2023-08-23,15763.0,5314.5,2123.0,8,23,0,0,16358.0,14948.5,14832.0,325.0,800.0,5351.0,1844.0,2838.0,3887.0,0,0,1,0,0,0,0,14247.0,15961.0,14948.5,16399.0,12422.0,16877.0,15522.0,14746.5,14747.892857142857,15031.970000000001,1340.3999092310562,1477.8656812537674,15029.465024054698,14815.90158651351,0.0,0.0
2023-08-24,16654.0,1405.0,800.0,8,24,0,0,15763.0,12486.0,14652.0,2123.0,3227.0,3197.0,5314.5,2158.0,4626.0,0,0,0,1,0,0,0,16358.0,14247.0,12486.0,15614.0,13964.0,15079.0,15456.0,14862.857142857143,14702.464285714286,15063.003333333334,1395.094193781828,1483.2867396621416,15212.848768041024,14877.00470996425,0.0,0.0
2023-08-25,16904.0,19946.0,944.0,8,25,1,0,16654.0,15410.0,16877.0,800.0,907.0,2160.0,1405.0,17205.0,4661.0,0,0,0,0,1,0,0,15763.0,16358.0,15410.0,14394.0,14589.0,18530.0,16258.333333333334,15458.285714285714,14776.75,15129.736666666668,1061.031214477315,1508.97080168352,15573.136576030767,14991.649567385912,0.0,0.0
2023-08-26,14858.0,3335.0,13115.0,8,26,1,0,16904.0,13815.0,15079.0,944.0,9156.4,2651.0,19946.0,1955.0,3635.0,0,0,0,0,0,1,0,16654.0,15763.0,13815.0,13764.0,13875.0,18525.6,16440.333333333332,15671.714285714286,14956.035714285714,15130.636666666667,1191.8906149874697,1510.0565238298173,15905.852432023075,15115.027014651338,0.0,0.0
2023-08-27,13096.0,3290.0,463.0,8,27,0,0,14858.0,15961.0,18530.0,13115.0,1226.0,510.0,3335.0,2345.0,17676.239999999998,0,0,0,0,0,0,1,16904.0,16654.0,15961.0,14568.0,16364.0,16151.0,16138.666666666666,15820.714285714286,15034.17857142857,15123.27,964.6204286809107,1510.8559668338055,15643.889324017306,15098.444626609316,0.0,0.0
2023-08-28,13505.0,1186.0,430.0,8,28,0,0,13096.0,14247.0,18525.6,463.0,1325.0,5990.2,3290.0,645.0,3860.0,1,0,0,0,0,0,0,14858.0,16904.0,14247.0,14320.0,15337.0,14721.0,14952.666666666666,15411.42857142857,14929.035714285714,14942.136666666667,1403.2545334736153,1410.7667595986893,15006.91699301298,14969.254650699038,0.0,0.0
2023-08-29,17267.0,1765.0,148.75,8,29,0,0,13505.0,16358.0,16151.0,430.0,325.0,2100.0,1186.0,1844.0,5225.0,0,1,0,0,0,0,0,13096.0,14858.0,16358.0,14186.0,15781.0,12789.0,13819.666666666666,15305.42857142857,14870.82142857143,14774.783333333333,1528.3249934860887,1260.83662484095,14631.437744759734,14874.786608718458,0.0,0.0
2023-08-30,18165.0,2473.5,1556.0,8,30,0,0,17267.0,15763.0,14721.0,148.75,2123.0,1865.0,1765.0,5314.5,3915.0,0,0,1,0,0,0,0,13505.0,13096.0,15763.0,14948.5,16399.0,12422.0,14622.666666666666,15435.285714285714,15090.892857142857,14811.983333333334,1665.15662069024,1318.0081267300757,15290.3283085698,15029.122956543075,0.0,0.0
2023-08-31,16264.0,1062.0,622.5,8,31,0,0,18165.0,16654.0,12789.0,1556.0,800.0,490.0,2473.5,1405.0,2900.0,0,0,0,1,0,0,0,17267.0,13505.0,16654.0,12486.0,15614.0,13964.0,16312.333333333334,15778.42857142857,15320.642857142857,14926.783333333333,1964.526818103431,1452.8959053496192,16008.99623142735,15231.437604508039,0.0,0.0
2023-09-01,14097.0,14802.44,1456.5,9,1,1,0,16264.0,16904.0,12422.0,622.5,944.0,1480.0,1062.0,19946.0,3036.0,0,0,0,0,1,0,0,18165.0,17267.0,16904.0,15410.0,14394.0,14589.0,17232.0,15722.714285714286,15590.5,15042.616666666667,1940.9456212789362,1414.6011847095579,16072.747173570513,15298.054533249457,0.0,0.0
2023-09-02,16048.0,2639.0,11887.6,9,2,1,0,14097.0,14858.0,13964.0,1456.5,13115.0,1513.5,14802.44,3335.0,1315.0,0,0,0,0,0,1,0,16264.0,18165.0,14858.0,13815.0,13764.0,13875.0,16175.333333333334,15321.714285714286,15496.714285714286,15098.45,1946.1724584669275,1338.6153058549114,15578.810380177885,15220.567144007558,0.0,0.0
2023-09-03,13653.0,4851.5,1014.0,9,3,0,0,16048.0,13096.0,14589.0,11887.6,463.0,505.0,2639.0,3290.0,19085.48,0,0,0,0,0,0,1,14097.0,16264.0,13096.0,15961.0,14568.0,16364.0,15469.666666666666,15491.714285714286,15656.214285714286,15167.916666666666,1950.883706963387,1331.7701085872538,15696.107785133414,15273.949908910297,0.0,0.0
2023-09-04,13894.0,2215.0,575.0,9,4,0,0,13653.0,13505.0,13875.0,1014.0,430.0,8510.0,4851.5,1186.0,1785.0,1,0,0,0,0,0,0,16048.0,14097.0,13505.0,14247.0,14320.0,15337.0,14599.333333333334,15571.285714285714,15491.357142857143,15136.716666666667,1845.3899962054654,1356.5341466738037,15185.33083885006,15169.372495432213,0.0,0.0
2023-09-05,14137.0,3105.0,2415.5,9,5,0,0,13894.0,17267.0,16364.0,575.0,148.75,635.0,2215.0,1765.0,1205.0,0,1,0,0,0,0,0,13653.0,16048.0,17267.0,16358.0,14186.0,15781.0,14531.666666666666,15626.857142857143,15466.142857142857,15137.35,1777.40067032088,1355.9290691320514,14862.498129137546,15087.090398952716,0.0,0.0
2023-09-06,14510.0,1935.0,648.0,9,6,0,0,14137.0,18165.0,15337.0,2415.5,1556.0,2066.0,3105.0,2473.5,2618.0,0,0,1,0,0,0,0,13894.0,13653.0,18165.0,15763.0,14948.5,16399.0,13894.666666666666,15179.714285714286,15307.5,15063.116666666667,1687.452094558106,1347.3918335662397,14681.12359685316,15025.794244181574,0.0,0.0
2023-09-07,16186.0,1160.0,1305.0,9,7,0,0,14510.0,16264.0,15781.0,648.0,622.5,1149.0,1935.0,1062.0,1110.0,0,0,0,1,0,0,0,14137.0,13894.0,16264.0,16654.0,12486.0,15614.0,14180.333333333334,14657.57142857143,15218.0,15035.55,1057.7587716713022,1350.0524405523863,14638.34269763987,14992.51719616986,0.0,0.0
2023-09-08,15882.0,13530.82,677.5,9,8,1,0,16186.0,14097.0,16399.0,1305.0,1456.5,938.0,1160.0,14802.44,4090.0,0,0,0,0,1,0,0,14510.0,14137.0,14097.0,16904.0,15410.0,14394.0,14944.333333333334,14646.42857142857,15184.57142857143,15049.05,1038.246415379115,1359.753757816696,15025.257023229902,15069.516086739546,0.0,0.0
2023-09-09,15031.0,2492.2,11429.4,9,9,1,0,15882.0,16048.0,15614.0,677.5,11887.6,2019.0,13530.82,2639.0,1148.5,0,0,0,0,0,1,0,16186.0,14510.0,16048.0,14858.0,13815.0,13764.0,15526.0,14901.42857142857,15111.57142857143,15031.816666666668,1098.2807560216938,1345.2535877038056,15239.442767422426,15121.934403724092,0.0,0.0
2023-09-10,13610.0,2614.5,0.0,9,10,0,0,15031.0,13653.0,14394.0,11429.4,1014.0,344.0,2492.2,4851.5,13087.84,0,0,0,0,0,0,1,15882.0,16186.0,13653.0,13096.0,15961.0,14568.0,15699.666666666666,14756.142857142857,15123.92857142857,15012.383333333333,982.4909547626582,1340.7568994809699,15187.33207556682,15116.067667999958,0.0,0.0
2023-09-11,12430.0,4393.0,860.0,9,11,0,0,13610.0,13894.0,13764.0,0.0,575.0,7670.65,2614.5,2215.0,1750.0,1,0,0,0,0,0,0,15031.0,15882.0,13894.0,13505.0,14247.0,14320.0,14841.0,14750.0,15160.642857142857,14986.25,990.6383463874679,1360.7178046772208,14792.999056675115,15018.902011999962,0.0,0.0
2023-09-12,13740.0,3481.5,1030.0,9,12,0,0,12430.0,14137.0,14568.0,860.0,2415.5,476.0,4393.0,3105.0,1141.0,0,1,0,0,0,0,0,13610.0,15031.0,14137.0,17267.0,16358.0,14186.0,13690.333333333334,14540.857142857143,15083.857142857143,14941.783333333333,1305.862732522235,1422.4339975193684,14202.249292506336,14851.8760757419,0.0,0.0
2023-09-13,15043.0,1926.0,1005.0,9,13,0,0,13740.0,14510.0,14320.0,1030.0,648.0,885.0,3481.5,1935.0,2137.0,0,0,1,0,0,0,0,12430.0,13610.0,14510.0,18165.0,15763.0,14948.5,13260.0,14484.142857142857,14831.92857142857,14914.183333333332,1334.6298398896122,1437.8858071976063,14086.686969379753,14780.142135371456,0.0,0.0
2023-09-14,15851.0,2816.0,445.0,9,14,0,0,15043.0,16186.0,14186.0,1005.0,1305.0,235.0,1926.0,1160.0,1946.0,0,0,0,1,0,0,0,13740.0,12430.0,16186.0,16264.0,16654.0,12486.0,13737.666666666666,14560.285714285714,14608.92857142857,14938.283333333333,1351.449186896003,1433.6361756720157,14325.765227034815,14797.100707282974,0.0,0.0
2023-09-15,15169.0,11939.96,1310.0,9,15,1,0,15851.0,15882.0,14948.5,445.0,677.5,800.0,2816.0,13530.82,2838.0,0,0,0,0,1,0,0,15043.0,13740.0,15882.0,14097.0,16904.0,15410.0,14878.0,14512.42857142857,14579.42857142857,14993.783333333333,1288.7625663328815,1435.7358060886882,14707.07392027611,14865.094210038911,0.0,0.0
2023-09-16,14653.0,2075.0,17443.4,9,16,1,0,15169.0,15031.0,12486.0,1310.0,11429.4,3227.0,11939.96,2492.2,2158.0,0,0,0,0,0,1,0,15851.0,15043.0,15031.0,16048.0,14858.0,13815.0,15354.333333333334,14410.57142857143,14656.0,15001.133333333333,1186.6050813339632,1436.0603611685747,14822.555440207083,14884.701035197691,0.0,0.0
2023-09-17,13620.0,2157.0,1078.0,9,17,0,0,14653.0,13610.0,15410.0,17443.4,0.0,907.0,2075.0,2614.5,17205.0,0,0,0,0,0,0,1,15169.0,15851.0,13610.0,13653.0,13096.0,15961.0,15224.333333333334,14356.57142857143,14556.357142857143,15073.366666666667,1162.0110236342773,1357.5406638561742,14780.166580155312,14869.752581313971,0.0,0.0
2023-09-18,15299.0,2938.0,170.0,9,18,0,0,13620.0,12430.0,13815.0,1078.0,860.0,9156.4,2157.0,4393.0,1955.0,1,0,0,0,0,0,0,14653.0,15169.0,12430.0,13894.0,13505.0,14247.0,14480.666666666666,14358.0,14554.0,15013.7,1160.9458787270382,1381.3627991077135,14490.124935116484,14789.123382519521,0.0,0.0
2023-09-19,13362.0,3107.0,1908.0,9,19,0,0,15299.0,13740.0,15961.0,170.0,1030.0,1226.0,2938.0,3481.5,2345.0,0,1,0,0,0,0,0,13620.0,14653.0,13740.0,14137.0,17267.0,16358.0,14524.0,14767.857142857143,14654.357142857143,15063.166666666666,824.5391497823344,1363.4115194116714,14692.343701337362,14822.018648163423,0.0,0.0
2023-09-20,14290.0,3107.0,520.0,9,20,0,0,13362.0,15043.0,14247.0,1908.0,1005.0,1325.0,3107.0,1926.0,645.0,0,0,1,0,0,0,0,15299.0,13620.0,15043.0,14510.0,18165.0,15763.0,14093.666666666666,14713.857142857143,14599.0,14976.533333333333,910.9263469259052,1386.7667862839476,14359.757776003022,14727.82389666901,0.0,0.0
2023-09-21,17504.0,2150.0,465.0,9,21,0,0,14290.0,15851.0,16358.0,520.0,445.0,325.0,3107.0,2816.0,1844.0,0,0,0,1,0,0,0,13362.0,15299.0,15851.0,16186.0,16264.0,16654.0,14317.0,14606.285714285714,14583.285714285714,14977.966666666667,910.0402398219555,1386.0087695232958,14342.318332002265,14699.577193658106,0.0,0.0
2023-09-22,17492.0,9465.48,894.0,9,22,1,0,17504.0,15169.0,15763.0,465.0,1310.0,2123.0,2150.0,11939.96,5314.5,0,0,0,0,1,0,0,14290.0,13362.0,15169.0,15882.0,14097.0,16904.0,15052.0,14842.42857142857,14677.42857142857,15016.166666666666,1379.9836783023625,1440.092958765209,15132.738749001699,14880.507697293067,0.0,0.0
2023-09-23,16899.0,951.0,11371.8,9,23,1,0,17492.0,14653.0,16654.0,894.0,17443.4,800.0,9465.48,2075.0,1405.0,0,0,0,0,0,1,0,17504.0,14290.0,14653.0,15031.0,16048.0,14858.0,16428.666666666668,15174.285714285714,14792.42857142857,15073.8,1711.1791952028886,1504.1838983316081,15722.554061751274,15048.991071661258,0.0,0.0
2023-09-24,15163.0,940.0,1985.0,9,24,0,0,16899.0,13620.0,16904.0,11371.8,1078.0,944.0,951.0,2157.0,19946.0,0,0,0,0,0,0,1,17492.0,17504.0,13620.0,13610.0,13653.0,13096.0,17298.333333333332,15495.142857142857,14925.857142857143,15081.966666666667,1805.1343836005983,1513.6941449209246,16016.665546313456,15168.34648639279,0.0,0.0
2023-09-25,14285.0,1327.5,7416.0,9,25,0,0,15163.0,15299.0,14858.0,1985.0,170.0,13115.0,940.0,2938.0,3335.0,1,0,0,0,0,0,0,16899.0,17492.0,15299.0,12430.0,13894.0,13505.0,16518.0,15715.57142857143,15036.785714285714,15023.933333333332,1623.0166211043318,1474.2918097276267,15803.249159735093,15168.001551786803,0.0,0.0
2023-09-26,14295.0,16461.0,1080.0,9,26,0,0,14285.0,13362.0,13096.0,7416.0,1908.0,463.0,1327.5,3107.0,3290.0,0,1,0,0,0,0,0,15163.0,16899.0,13362.0,13740.0,14137.0,17267.0,15449.0,15570.714285714286,15169.285714285714,15004.833333333334,1709.347605987503,1480.2154801974505,15423.68686980132,15111.033709736043,0.0,0.0
2023-09-27,13306.0,395.0,2795.0,9,27,0,0,14295.0,14290.0,13505.0,1080.0,520.0,430.0,16461.0,3107.0,1186.0,0,0,1,0,0,0,0,14285.0,15163.0,14290.0,15043.0,14510.0,18165.0,14581.0,15704.0,15208.92857142857,15044.8,1536.0060763768602,1442.607753699722,15141.51515235099,15058.38637362404,0.0,0.0
2023-09-28,14164.0,2728.0,1070.0,9,28,0,0,13306.0,17504.0,17267.0,2795.0,465.0,148.75,395.0,2150.0,1765.0,0,0,0,1,0,0,0,14295.0,14285.0,17504.0,15851.0,16186.0,16264.0,13962.0,15563.42857142857,15084.857142857143,15038.166666666666,1720.8802841513764,1450.3687779161887,14682.636364263242,14945.329188228941,0.0,0.0
2023-09-29,14700.0,15581.8,270.0,9,29,1,0,14164.0,17492.0,18165.0,1070.0,894.0,1556.0,2728.0,9465.48,2473.5,0,0,0,0,1,0,0,13306.0,14295.0,17492.0,15169.0,15882.0,14097.0,13921.666666666666,15086.285714285714,14964.357142857143,14934.733333333334,1547.4440985364236,1395.547524075803,14552.977273197432,14894.920853504495,0.0,0.0
2023-09-30,14807.0,4390.0,12094.2,9,30,1,0,14700.0,16899.0,16264.0,270.0,11371.8,622.5,15581.8,951.0,1062.0,0,0,0,0,0,1,0,14164.0,13306.0,16899.0,14653.0,15031.0,16048.0,14056.666666666666,14687.42857142857,14930.857142857143,14819.233333333334,1126.6207372999352,1255.3238813654923,14589.732954898074,14882.345314568722,0.0,0.0
2023-10-01,13996.0,2483.5,1185.0,10,1,0,0,14807.0,15163.0,14097.0,12094.2,1985.0,1456.5,4390.0,940.0,14802.44,0,0,0,0,0,0,1,14700.0,14164.0,15163.0,13620.0,13610.0,13653.0,14557.0,14388.57142857143,14941.857142857143,14770.666666666666,593.5326043116034,1225.326707547818,14644.049716173555,14877.484326532032,0.0,0.0
2023-10-02,13681.0,2170.5,1195.0,10,2,0,0,13996.0,14285.0,16048.0,1185.0,7416.0,11887.6,2483.5,1327.5,2639.0,1,0,0,0,0,0,0,14807.0,14700.0,14285.0,15299.0,12430.0,13894.0,14501.0,14221.857142857143,14968.714285714286,14767.3,495.5641326042174,1227.3785114401012,14482.037287130166,14820.61436998158,0.0,0.0
2023-10-03,14439.0,2358.0,2689.0,10,3,0,0,13681.0,14295.0,13653.0,1195.0,1080.0,1014.0,2170.5,16461.0,4851.5,0,1,0,0,0,0,0,13996.0,14807.0,14295.0,13362.0,13740.0,14137.0,14161.333333333334,14135.57142857143,14853.142857142857,14688.4,533.8423166512551,1218.2573931079444,14281.777965347625,14747.090862240833,0.0,0.0
2023-10-04,14986.0,3328.0,1775.0,10,4,0,0,14439.0,13306.0,13894.0,2689.0,2795.0,575.0,2358.0,395.0,2215.0,0,0,1,0,0,0,0,13681.0,13996.0,13306.0,14290.0,15043.0,14510.0,14038.666666666666,14156.142857142857,14930.07142857143,14714.6,543.6933659613995,1203.5856659052183,14321.083474010718,14727.214032418846,0.0,0.0
2023-10-05,14470.0,5146.0,297.5,10,5,0,0,14986.0,14164.0,14137.0,1775.0,1070.0,2415.5,3328.0,2728.0,3105.0,0,0,0,1,0,0,0,14439.0,13681.0,14164.0,17504.0,15851.0,16186.0,14368.666666666666,14396.142857142857,14979.785714285714,14751.0,471.93482197273664,1194.3900477678924,14487.31260550804,14743.90990129505,0.0,0.0
2023-10-06,13522.0,13103.52,935.0,10,6,1,0,14470.0,14700.0,14510.0,297.5,270.0,648.0,5146.0,15581.8,1935.0,0,0,0,0,1,0,0,14986.0,14439.0,14700.0,17492.0,15169.0,15882.0,14631.666666666666,14439.857142857143,14763.07142857143,14762.1,460.89095911119693,1190.0264949238656,14482.98445413103,14726.238294759887,0.0,0.0
2023-10-07,13643.0,505.0,12347.4,10,7,1,0,13522.0,14807.0,16186.0,935.0,12094.2,1305.0,13103.52,4390.0,1160.0,0,0,0,0,0,1,0,14470.0,14986.0,14807.0,16899.0,14653.0,15031.0,14326.0,14271.57142857143,14479.5,14729.166666666666,555.4382225302654,1210.734803484194,14242.738340598273,14648.545501549572,0.0,0.0
2023-10-08,11522.0,11425.0,285.0,10,8,0,0,13643.0,13996.0,15882.0,12347.4,1185.0,677.5,505.0,2483.5,13530.82,0,0,0,0,0,0,1,13522.0,14470.0,13996.0,15163.0,13620.0,13610.0,13878.333333333334,14105.285714285714,14246.92857142857,14644.4,542.5144281600863,1194.1281222774594,14092.803755448705,14583.671598223793,0.0,0.0
2023-10-09,14317.0,2426.0,1140.0,10,9,0,0,11522.0,13681.0,15031.0,285.0,1195.0,11429.4,11425.0,2170.5,2492.2,1,0,0,0,0,0,0,13643.0,13522.0,13681.0,14285.0,15299.0,12430.0,12895.666666666666,13751.857142857143,13986.857142857143,14499.066666666668,1121.975256496521,1299.0233979824432,13450.102816586528,14386.144398338389,0.0,0.0
2023-10-10,10882.0,1725.0,1550.0,10,10,0,0,14317.0,14439.0,13610.0,1140.0,2689.0,0.0,2426.0,2358.0,2614.5,0,1,0,0,0,0,0,11522.0,13643.0,14439.0,14295.0,13362.0,13740.0,13160.666666666666,13842.714285714286,13989.142857142857,14475.266666666666,1140.8733079364524,1295.4774631275418,13666.827112439896,14381.683469413332,0.0,0.0
2023-10-11,11403.0,995.0,623.0,10,11,0,0,10882.0,14986.0,12430.0,1550.0,1775.0,860.0,1725.0,3328.0,4393.0,0,0,1,0,0,0,0,14317.0,11522.0,14986.0,13306.0,14290.0,15043.0,12240.333333333334,13334.57142857143,13745.357142857143,14384.333333333334,1549.8580426545227,1445.3779683060345,12970.620334329922,14155.897439128601,0.0,0.0
2023-10-12,10472.0,1635.0,2240.0,10,12,0,0,11403.0,14470.0,13740.0,623.0,297.5,1030.0,995.0,5146.0,3481.5,0,0,0,1,0,0,0,10882.0,14317.0,14470.0,14164.0,17504.0,15851.0,12200.666666666666,12822.714285714286,13609.42857142857,14350.1,1504.5557167356271,1504.2259860943411,12578.715250747442,13978.291152733209,0.0,0.0
2023-10-13,9849.0,9166.0,320.0,10,13,1,0,10472.0,13522.0,15043.0,2240.0,935.0,1005.0,1635.0,13103.52,1926.0,0,0,0,0,1,0,0,11403.0,10882.0,13522.0,14700.0,17492.0,15169.0,10919.0,12251.57142857143,13345.714285714286,14241.166666666666,1533.56913300778,1660.178866211774,12052.036438060582,13752.07882029881,0.0,0.0
2023-10-14,9863.0,2088.0,8622.6,10,14,1,0,9849.0,13643.0,15851.0,320.0,12347.4,445.0,9166.0,505.0,2816.0,0,0,0,0,0,1,0,10472.0,11403.0,13643.0,14807.0,16899.0,14653.0,10574.666666666666,11726.857142857143,12999.214285714286,14068.033333333333,1650.3580852420343,1835.2727784349922,11501.277328545437,13500.26728350534,0.0,0.0
2023-10-15,12563.0,1465.0,1266.0,10,15,0,0,9863.0,11522.0,15169.0,8622.6,285.0,1310.0,2088.0,11425.0,11939.96,0,0,0,0,0,0,1,9849.0,10472.0,11522.0,13996.0,15163.0,13620.0,10061.333333333334,11186.857142857143,12646.07142857143,13868.433333333332,1533.1476802721093,1956.3044802740621,11091.707996409077,13265.6048781179,0.0,0.0
2023-10-16,12114.0,1185.0,2565.0,10,16,0,0,12563.0,14317.0,14653.0,1266.0,1140.0,17443.4,1465.0,2426.0,2075.0,1,0,0,0,0,0,0,9863.0,9849.0,14317.0,13681.0,14285.0,15299.0,10758.333333333334,11335.57142857143,12543.714285714286,13781.566666666668,1619.1503797920975,1954.4202541636741,11459.530997306807,13220.275531142552,0.0,0.0
2023-10-17,12851.0,1032.0,1622.5,10,17,0,0,12114.0,10882.0,13620.0,2565.0,1550.0,1078.0,1185.0,1725.0,2157.0,0,1,0,0,0,0,0,12563.0,9863.0,10882.0,14439.0,14295.0,13362.0,11513.333333333334,11020.857142857143,12431.785714285714,13696.933333333332,1060.9435153942372,1970.2922579174244,11623.148247980105,13148.90291623013,0.0,0.0
2023-10-18,14142.0,4283.0,520.0,10,18,0,0,12851.0,11403.0,15299.0,1622.5,623.0,170.0,1032.0,995.0,2938.0,0,0,1,0,0,0,0,12114.0,12563.0,11403.0,14986.0,13306.0,14290.0,12509.333333333334,11302.142857142857,12318.357142857143,13671.3,1260.28415163291,1976.3207569832655,11930.111185985079,13129.683373247542,0.0,0.0
2023-10-19,13366.0,2015.0,2040.0,10,19,0,0,14142.0,10472.0,13362.0,520.0,2240.0,1908.0,4283.0,1635.0,3107.0,0,0,0,1,0,0,0,12851.0,12114.0,10472.0,14470.0,14164.0,17504.0,13035.666666666666,11693.42857142857,12258.07142857143,13632.733333333334,1658.9545761455402,1954.631968768925,12483.08338948881,13194.994123360604,0.0,0.0
2023-10-20,15533.0,12606.82,636.0,10,20,1,0,13366.0,9849.0,14290.0,2040.0,320.0,520.0,2015.0,9166.0,3107.0,0,0,0,0,1,0,0,14142.0,12851.0,9849.0,13522.0,14700.0,17492.0,13453.0,12106.857142857143,12179.214285714286,13632.866666666667,1664.4281729342026,1954.61300047077,12703.812542116608,13206.026760563147,0.0,0.0
2023-10-21,15133.0,7760.2,10441.8,10,21,1,0,15533.0,9863.0,17504.0,636.0,8622.6,465.0,12606.82,2088.0,2150.0,0,0,0,0,0,1,0,13366.0,14142.0,9863.0,13643.0,14807.0,16899.0,14347.0,12918.857142857143,12322.857142857143,13674.3,1762.9073929706085,1982.0055003577625,13411.109406587457,13356.154066333267,0.0,0.0
2023-10-22,14639.5,2335.0,1066.0,10,22,0,0,15133.0,12563.0,17492.0,10441.8,1266.0,894.0,7760.2,1465.0,9465.48,0,0,0,0,0,0,1,15533.0,13366.0,12563.0,11522.0,13996.0,15163.0,14677.333333333334,13671.714285714286,12429.285714285714,13595.266666666666,1306.628194282978,1868.0235163057816,13841.582054940593,13470.789287860154,0.0,0.0
2023-10-23,13177.0,1932.0,2412.0,10,23,0,0,14639.5,12114.0,16899.0,1066.0,2565.0,11371.8,2335.0,1185.0,951.0,1,0,0,0,0,0,0,15133.0,15533.0,12114.0,14317.0,13681.0,14285.0,15101.833333333334,13968.357142857143,12651.964285714286,13500.183333333332,1247.3335798910289,1730.3628405792897,14041.061541205445,13546.189978965953,0.0,0.0
2023-10-24,14091.0,4314.0,1023.0,10,24,0,0,13177.0,12851.0,15163.0,2412.0,1622.5,1985.0,1932.0,1032.0,940.0,0,1,0,0,0,0,0,14639.5,15133.0,12851.0,10882.0,14439.0,14295.0,14316.5,14120.214285714286,12570.535714285714,13376.116666666667,1029.662398440317,1607.32405420626,13825.046155904083,13522.37127064557,0.0,0.0
2023-10-25,15182.0,1880.0,1086.0,10,25,0,0,14091.0,14142.0,14285.0,1023.0,520.0,7416.0,4314.0,4283.0,1327.5,0,0,1,0,0,0,0,13177.0,14639.5,14142.0,11403.0,14986.0,13306.0,13969.166666666666,14297.357142857143,12799.75,13340.383333333333,869.0530629313948,1577.8753484448791,13891.534616928062,13559.05699512005,0.0,0.0
2023-10-26,17846.0,3910.0,677.0,10,26,0,0,15182.0,13366.0,14295.0,1086.0,2040.0,1080.0,1880.0,2015.0,16461.0,0,0,0,1,0,0,0,14091.0,13177.0,13366.0,10472.0,14470.0,14164.0,14150.0,14445.92857142857,13069.67857142857,13370.283333333333,925.1542406796732,1604.664094634562,14214.150962696047,13663.762995434887,0.0,0.0
2023-10-27,15815.0,16738.32,385.0,10,27,1,0,17846.0,15533.0,13306.0,677.0,636.0,2795.0,3910.0,12606.82,395.0,0,0,0,0,1,0,0,15182.0,14091.0,15533.0,9849.0,13522.0,14700.0,15706.333333333334,15085.92857142857,13596.392857142857,13488.65,1452.727447153888,1794.9169376133236,15122.113222022035,13933.584737664896,0.0,0.0
2023-10-28,14392.0,1893.0,6231.6,10,28,1,0,15815.0,15133.0,14164.0,385.0,10441.8,1070.0,16738.32,7760.2,2728.0,0,0,0,0,0,1,0,17846.0,15182.0,15133.0,9863.0,13643.0,14807.0,16281.0,15126.214285714286,14022.535714285714,13572.283333333333,1470.9868529081214,1843.8975291454403,15295.334916516527,14054.966367492969,0.0,0.0
2023-10-29,13552.0,2029.0,566.0,10,29,0,0,14392.0,14639.5,14700.0,6231.6,1066.0,270.0,1893.0,2335.0,15581.8,0,0,0,0,0,0,1,15815.0,17846.0,14639.5,12563.0,11522.0,13996.0,16017.666666666666,15020.357142857143,14346.035714285714,13579.883333333333,1496.8521613229243,1846.8879588300472,15069.501187387395,14076.710472816003,0.0,0.0
2023-10-30,21454.0,2511.0,1749.0,10,30,0,0,13552.0,13177.0,14807.0,566.0,2412.0,12094.2,2029.0,1932.0,4390.0,1,0,0,0,0,0,0,14392.0,15815.0,13177.0,12114.0,14317.0,13681.0,14586.333333333334,14865.0,14416.67857142857,13541.616666666667,1596.1134044922894,1834.7323852744487,14690.125890540547,14042.858184247229,0.0,0.0
2023-10-31,19598.0,1859.0,1805.0,10,31,0,0,21454.0,14091.0,13996.0,1749.0,1023.0,1185.0,2511.0,4314.0,2483.5,0,1,0,0,0,0,0,13552.0,14392.0,14091.0,12851.0,10882.0,14439.0,16466.0,16047.42857142857,15083.82142857143,13763.183333333332,2770.8026428661888,2327.888685584302,16381.09441790541,14520.996365908699,0.0,0.0
2023-11-01,21214.0,3101.5,737.0,11,1,0,0,19598.0,15182.0,13681.0,1805.0,1086.0,1195.0,1859.0,1880.0,2170.5,0,0,1,0,0,0,0,21454.0,13552.0,15182.0,14142.0,11403.0,14986.0,18201.333333333332,16834.14285714286,15565.75,13949.916666666666,2901.4534535051757,2560.291659312912,17185.320813429058,14848.544987462978,0.0,0.0
2023-11-02,20580.0,2655.0,490.0,11,2,0,0,21214.0,17846.0,14439.0,737.0,677.0,2689.0,3101.5,3910.0,2358.0,0,0,0,1,0,0,0,19598.0,21454.0,17846.0,13366.0,10472.0,14470.0,20755.333333333332,17695.85714285714,16070.892857142857,14201.016666666666,3208.4862697005756,2882.1732834650434,18192.490610071793,15259.21950440085,0.0,0.0
2023-11-03,14302.0,11069.5,272.5,11,3,1,0,20580.0,15815.0,14986.0,490.0,385.0,1775.0,2655.0,16738.32,3328.0,0,0,0,0,1,0,0,21214.0,19598.0,15815.0,15533.0,9849.0,13522.0,20464.0,18086.428571428572,16586.178571428572,14405.716666666667,3391.022945815553,3108.822217616705,18789.367957553844,15602.495665407247,0.0,0.0
2023-11-04,12245.0,3022.0,9357.6,11,4,1,0,14302.0,14392.0,14470.0,272.5,6231.6,297.5,11069.5,1893.0,5146.0,0,0,0,0,0,1,0,20580.0,21214.0,14392.0,15133.0,9863.0,13643.0,18698.666666666668,17870.285714285714,16498.25,14382.916666666666,3601.6132364208506,3106.9273269952755,17667.525968165384,15518.592719251941,0.0,0.0
2023-11-05,13954.0,2495.0,789.0,11,5,0,0,12245.0,13552.0,13522.0,9357.6,566.0,935.0,3022.0,2029.0,13103.52,0,0,0,0,0,0,1,14302.0,20580.0,13552.0,14639.5,12563.0,11522.0,15709.0,17563.571428571428,16291.964285714286,14308.75,4014.9005739927843,3131.23864647954,16311.894476124038,15307.393188977623,0.0,0.0
2023-11-06,12901.0,3582.0,470.0,11,6,0,0,13954.0,21454.0,13643.0,789.0,1749.0,12347.4,2495.0,2511.0,505.0,1,0,0,0,0,0,0,12245.0,14302.0,21454.0,13177.0,12114.0,14317.0,13500.333333333334,17621.0,16243.0,14323.15,3950.3116754673047,3128.4878994602313,15722.420857093028,15220.077499366163,0.0,0.0
2023-11-07,14624.0,2146.5,1345.0,11,7,0,0,12901.0,19598.0,11522.0,470.0,1805.0,285.0,3582.0,1859.0,11425.0,0,1,0,0,0,0,0,13954.0,12245.0,19598.0,14091.0,12851.0,10882.0,13033.333333333334,16399.14285714286,16223.285714285714,14298.416666666666,3889.4245687749803,3136.9720412595016,15017.06564281977,15070.45959618125,0.0,0.0
2023-11-08,14996.0,3159.5,765.0,11,8,0,0,14624.0,21214.0,14317.0,1345.0,737.0,1140.0,2146.5,3101.5,2426.0,0,0,1,0,0,0,0,12901.0,13954.0,21214.0,15182.0,14142.0,11403.0,13826.333333333334,15688.57142857143,16261.357142857143,14401.816666666668,3654.9009041351014,3093.1179573350623,14918.799232114829,15041.655751266333,0.0,0.0
2023-11-09,13973.0,3483.0,935.0,11,9,0,0,14996.0,20580.0,10882.0,765.0,490.0,1550.0,3159.5,2655.0,1725.0,0,0,0,1,0,0,0,14624.0,12901.0,20580.0,17846.0,13366.0,10472.0,14173.666666666666,14800.285714285714,16248.07142857143,14424.45,2725.6723154899846,3094.959607418463,14938.099424086122,15038.710218926572,0.0,0.0
2023-11-10,14997.0,9715.32,625.0,11,10,1,0,13973.0,14302.0,11403.0,935.0,272.5,623.0,3483.0,11069.5,995.0,0,0,0,0,1,0,0,14996.0,14624.0,14302.0,15815.0,15533.0,9849.0,14531.0,13856.42857142857,15971.42857142857,14527.483333333334,967.7273819181967,3023.5903141205818,14696.824568064592,14969.95472093131,0.0,0.0
2023-11-11,14145.0,1605.0,4702.8,11,11,1,0,14997.0,12245.0,10472.0,625.0,9357.6,2240.0,9715.32,3022.0,1635.0,0,0,0,0,0,1,0,13973.0,14996.0,12245.0,14392.0,15133.0,9863.0,14655.333333333334,13955.714285714286,15913.0,14647.283333333333,1052.959593128752,2966.1791389252803,14771.868426048444,14971.69957764542,0.0,0.0
2023-11-12,12621.0,2571.0,306.0,11,12,0,0,14145.0,13954.0,9849.0,4702.8,789.0,320.0,1605.0,2495.0,9166.0,0,0,0,0,0,0,1,14997.0,13973.0,13954.0,13552.0,14639.5,12563.0,14371.666666666666,14227.142857142857,15895.357142857143,14769.716666666667,735.5173754057563,2861.865450472699,14615.151319536333,14918.364121023136,0.0,0.0
2023-11-13,13922.0,2118.0,690.0,11,13,0,0,12621.0,12901.0,9863.0,306.0,470.0,8622.6,2571.0,3582.0,2088.0,1,0,0,0,0,0,0,14145.0,14997.0,12901.0,21454.0,13177.0,12114.0,13921.0,14036.714285714286,15828.857142857143,14862.116666666667,957.180009939893,2739.653513466745,14116.613489652249,14770.147080957127,0.0,0.0
2023-11-14,14289.0,2105.5,6588.0,11,14,0,0,13922.0,14624.0,12563.0,690.0,1345.0,1266.0,2118.0,2146.5,1465.0,0,1,0,0,0,0,0,12621.0,14145.0,14624.0,19598.0,14091.0,12851.0,13562.666666666666,14182.57142857143,15290.857142857143,14997.416666666666,823.7671307561674,2579.8209577121193,14067.960117239187,14715.427914443764,0.0,0.0
2023-11-15,14918.0,2585.0,1400.0,11,15,0,0,14289.0,14996.0,12114.0,6588.0,765.0,2565.0,2105.5,3159.5,1185.0,0,0,1,0,0,0,0,13922.0,12621.0,14996.0,21214.0,15182.0,14142.0,13610.666666666666,14134.714285714286,14911.642857142857,15054.95,803.3253210428102,2542.6362654631457,14123.22008792939,14687.916436092555,0.0,0.0
2023-11-16,16487.0,3307.5,575.0,11,16,0,0,14918.0,13973.0,12851.0,1400.0,935.0,1622.5,2585.0,3483.0,1032.0,0,0,0,1,0,0,0,14289.0,13922.0,13973.0,20580.0,17846.0,13366.0,14376.333333333334,14123.57142857143,14461.92857142857,15148.416666666666,789.8147160658939,2481.604486823612,14321.915065947043,14702.76053698981,0.0,0.0
2023-11-17,17566.0,12470.0,5030.0,11,17,1,0,16487.0,14997.0,14142.0,575.0,625.0,520.0,3307.5,9715.32,4283.0,0,0,0,0,1,0,0,14918.0,14289.0,14997.0,14302.0,15815.0,15533.0,15231.333333333334,14482.714285714286,14169.57142857143,15269.616666666667,1183.4329602594883,2454.1693084504823,14863.186299460282,14817.872760409824,0.0,0.0
2023-11-18,16217.0,2661.0,8372.0,11,18,1,0,17566.0,14145.0,13366.0,5030.0,4702.8,2040.0,12470.0,1605.0,2015.0,0,0,0,0,0,1,0,16487.0,14918.0,14145.0,12245.0,14392.0,15133.0,16323.666666666666,14849.714285714286,14402.714285714286,15383.75,1668.45334709381,2479.4084901861133,15538.88972459521,14995.171291996288,0.0,0.0
2023-11-19,13525.0,1690.0,310.0,11,19,0,0,16217.0,12621.0,15533.0,8372.0,306.0,636.0,2661.0,2571.0,12606.82,0,0,0,0,0,0,1,17566.0,16487.0,12621.0,13954.0,13552.0,14639.5,16756.666666666668,15145.714285714286,14686.42857142857,15478.783333333333,1705.9677326262276,2453.910165020021,15708.417293446408,15073.998950577174,0.0,0.0
2023-11-20,15236.0,3897.5,1120.0,11,20,0,0,13525.0,13922.0,15133.0,310.0,690.0,10441.8,1690.0,2118.0,7760.2,1,0,0,0,0,0,0,16217.0,17566.0,13922.0,12901.0,21454.0,13177.0,15769.333333333334,15274.857142857143,14655.785714285714,15411.85,1505.4203652769029,2479.6308511064112,15162.562970084806,14974.063534410905,0.0,0.0
2023-11-21,15436.0,11136.5,255.0,11,21,0,0,15236.0,14289.0,14639.5,1120.0,6588.0,1066.0,3897.5,2105.5,2335.0,0,1,0,0,0,0,0,13525.0,16217.0,14289.0,14624.0,19598.0,14091.0,14992.666666666666,15462.57142857143,14822.57142857143,15415.283333333333,1385.7833954293098,2479.3027234568017,15180.922227563604,14990.962661223104,0.0,0.0
2023-11-22,14880.0,2700.5,2322.0,11,22,0,0,15436.0,14918.0,13177.0,255.0,1400.0,2412.0,11136.5,2585.0,1932.0,0,0,1,0,0,0,0,15236.0,13525.0,14918.0,14996.0,21214.0,15182.0,14732.333333333334,15626.42857142857,14880.57142857143,15441.833333333334,1288.271821361569,2474.969593450762,15244.691670672702,15019.674747595807,0.0,0.0
2023-11-23,16416.0,4635.0,300.0,11,23,0,0,14880.0,16487.0,14091.0,2322.0,575.0,1023.0,2700.5,3307.5,4314.0,0,0,0,1,0,0,0,15436.0,15236.0,16487.0,13973.0,20580.0,17846.0,15184.0,15621.0,14872.285714285714,15498.6,1291.8297101398343,2440.521942479563,15153.518753004526,15010.66347355737,0.0,0.0
2023-11-24,16857.0,11975.0,510.0,11,24,1,0,16416.0,17566.0,15182.0,300.0,5030.0,1086.0,4635.0,12470.0,1880.0,0,0,0,0,1,0,0,14880.0,15436.0,17566.0,14997.0,14302.0,15815.0,15577.333333333334,15610.857142857143,15046.785714285714,15576.1,1284.1529541000082,2431.179440603649,15469.139064753395,15101.330346231087,0.0,0.0
2023-11-25,16951.0,15701.0,75.0,11,25,1,0,16857.0,16217.0,17846.0,510.0,8372.0,677.0,11975.0,2661.0,3910.0,0,0,0,0,0,1,0,16416.0,14880.0,16217.0,14145.0,12245.0,14392.0,16051.0,15509.57142857143,15179.642857142857,15631.933333333332,1121.9603167585387,2441.030307251349,15816.104298565046,15214.599356151663,0.0,0.0
2023-11-26,17929.0,1780.0,22514.0,11,26,0,0,16951.0,13525.0,15815.0,75.0,310.0,385.0,15701.0,1690.0,16738.32,0,0,0,0,0,0,1,16857.0,16416.0,13525.0,12621.0,13954.0,13552.0,16741.333333333332,15614.42857142857,15380.07142857143,15602.1,1228.3502292564012,2418.40204224424,16099.828223923785,15326.62520414188,0.0,0.0
2023-11-27,17120.0,615.0,1965.0,11,27,0,0,17929.0,15236.0,14392.0,22514.0,1120.0,6231.6,1780.0,3897.5,1893.0,1,0,0,0,0,0,0,16951.0,16857.0,15236.0,13922.0,12901.0,21454.0,17245.666666666668,16243.57142857143,15759.214285714286,15672.566666666668,1101.0487208630923,2455.3358880178853,16557.121167942838,15494.520352261758,0.0,0.0
2023-11-28,17433.0,823.0,690.0,11,28,0,0,17120.0,15436.0,13552.0,1965.0,255.0,566.0,615.0,11136.5,2029.0,0,1,0,0,0,0,0,17929.0,16951.0,15436.0,14289.0,14624.0,19598.0,17333.333333333332,16512.714285714286,15987.642857142857,15763.5,1042.4099824102498,2456.7900384655413,16697.84087595713,15599.390006954547,0.0,0.0
2023-11-29,14624.0,2688.0,905.0,11,29,0,0,17433.0,14880.0,21454.0,690.0,2322.0,1749.0,823.0,2700.5,2511.0,0,0,1,0,0,0,0,17120.0,17929.0,14880.0,14918.0,14996.0,21214.0,17494.0,16798.0,16212.214285714286,15892.866666666667,969.3303530444607,2438.4359562317277,16881.630656967845,15717.687425860706,0.0,0.0
2023-11-30,13631.0,2650.0,1260.0,11,30,0,0,14624.0,16416.0,19598.0,905.0,300.0,1805.0,2688.0,4635.0,1859.0,0,0,0,1,0,0,0,17433.0,17120.0,16416.0,16487.0,13973.0,20580.0,16392.333333333332,16761.428571428572,16191.214285714286,15665.2,1054.8141790765417,2209.39984673637,16317.222992725885,15647.12694677292,0.0,0.0
2023-12-01,16168.0,9843.4,1383.0,12,1,1,0,13631.0,16857.0,21214.0,1260.0,510.0,737.0,2650.0,11975.0,3101.5,0,0,0,0,1,0,0,14624.0,17433.0,16857.0,17566.0,14997.0,14302.0,15229.333333333334,16363.57142857143,15987.214285714286,15466.3,1594.157442783152,2109.4712550452427,15645.667244544413,15517.054240529507,0.0,0.0
2023-12-02,13328.0,2010.0,7286.0,12,2,1,0,16168.0,16951.0,20580.0,1383.0,75.0,490.0,9843.4,15701.0,2655.0,0,0,0,0,0,1,0,13631.0,14624.0,16951.0,16217.0,14145.0,12245.0,14807.666666666666,16265.142857142857,15887.357142857143,15298.1,1579.8199716604133,1816.1515839439614,15776.25043340831,15559.050741140509,0.0,0.0
2023-12-03,15124.0,1745.0,328.0,12,3,0,0,13328.0,17929.0,14302.0,7286.0,22514.0,272.5,2010.0,1780.0,11069.5,0,0,0,0,0,0,1,16168.0,13631.0,17929.0,13525.0,12621.0,13954.0,14375.666666666666,15747.57142857143,15681.0,15056.366666666667,1882.2076450401491,1552.346021756899,15164.187825056233,15415.111983647574,0.0,0.0
2023-12-04,15660.0,2685.0,835.0,12,4,0,0,15124.0,17120.0,12245.0,328.0,1965.0,9357.6,1745.0,615.0,3022.0,1,0,0,0,0,0,0,13328.0,16168.0,17120.0,15236.0,13922.0,12901.0,14873.333333333334,15346.857142857143,15795.214285714286,15083.766666666666,1620.824936935029,1545.812467622633,15154.140868792176,15396.330565347731,0.0,0.0
2023-12-05,16970.0,3030.0,899.0,12,5,0,0,15660.0,17433.0,13954.0,835.0,690.0,789.0,2685.0,823.0,2495.0,0,1,0,0,0,0,0,15124.0,13328.0,17433.0,15436.0,14289.0,14624.0,14704.0,15138.285714285714,15825.5,15197.6,1438.283086911336,1452.4801286551315,15280.60565159413,15413.34149661562,0.0,0.0
2023-12-06,16393.0,3363.5,1330.0,12,6,0,0,16970.0,14624.0,12901.0,899.0,905.0,470.0,3030.0,2688.0,3582.0,0,0,1,0,0,0,0,15660.0,15124.0,14624.0,14880.0,14918.0,14996.0,15918.0,15072.142857142857,15935.07142857143,15298.133333333333,1321.0342448969443,1467.7323521239682,15702.954238695598,15513.771077479129,0.0,0.0
2023-12-07,15512.0,6138.0,1787.5,12,7,0,0,16393.0,13631.0,14624.0,1330.0,1260.0,1345.0,3363.5,2650.0,2146.5,0,0,0,1,0,0,0,16970.0,15660.0,13631.0,16416.0,16487.0,13973.0,16341.0,15324.857142857143,16043.142857142857,15414.533333333333,1388.498521013655,1408.336331629839,15875.465679021698,15570.49552409338,0.0,0.0
2023-12-08,16990.0,19017.0,655.0,12,8,1,0,15512.0,16168.0,14996.0,1787.5,1383.0,765.0,6138.0,9843.4,3159.5,0,0,0,0,1,0,0,16393.0,16970.0,16168.0,16857.0,17566.0,14997.0,16291.666666666666,15593.57142857143,15978.57142857143,15444.133333333333,1171.0385500547156,1400.4580219572638,15784.599259266273,15566.721619313163,0.0,0.0
2023-12-09,20017.0,3490.0,3751.4,12,9,1,0,16990.0,13328.0,13973.0,655.0,7286.0,935.0,19017.0,2010.0,3483.0,0,0,0,0,0,1,0,15512.0,16393.0,13328.0,16951.0,16217.0,14145.0,16298.333333333334,15711.0,15988.07142857143,15510.6,1274.8533248966196,1425.5494185848722,16085.949444449705,15658.54603097038,0.0,0.0
2023-12-10,15329.0,4254.0,1206.5,12,10,0,0,20017.0,15124.0,14997.0,3751.4,328.0,625.0,3490.0,1745.0,9715.32,0,0,0,0,0,0,1,16990.0,15512.0,15124.0,17929.0,13525.0,12621.0,17506.333333333332,16666.571428571428,16207.07142857143,15712.066666666668,1644.3152432084273,1615.221836655655,17068.71208333728,15939.736609617454,0.0,0.0
2023-12-11,18513.0,3597.75,886.0,12,11,0,0,15329.0,15660.0,14145.0,1206.5,835.0,4702.8,4254.0,2685.0,1605.0,1,0,0,0,0,0,0,20017.0,16990.0,15660.0,17120.0,15236.0,13922.0,17445.333333333332,16695.85714285714,16021.357142857143,15723.133333333333,1613.805175000103,1611.286180050912,16633.78406250296,15900.33424770665,0.0,0.0
2023-12-12,15955.0,2243.25,453.0,12,12,0,0,18513.0,16970.0,12621.0,886.0,899.0,306.0,3597.75,3030.0,2571.0,0,1,0,0,0,0,0,15329.0,20017.0,16970.0,17433.0,15436.0,14289.0,17953.0,17103.428571428572,16120.857142857143,15868.733333333334,1667.9533224027152,1660.3689023690147,17103.58804687722,16068.893328499771,0.0,0.0
2023-12-13,17919.0,2342.5,780.0,12,13,0,0,15955.0,16393.0,13922.0,453.0,1330.0,690.0,2243.25,3363.5,2118.0,0,0,1,0,0,0,0,18513.0,15329.0,16393.0,14624.0,14880.0,14918.0,16599.0,16958.428571428572,16015.285714285714,15979.866666666667,1724.641011644913,1542.915662059966,16816.441035157914,16061.545371822369,0.0,0.0
2023-12-14,17388.0,2084.0,725.0,12,14,0,0,17919.0,15512.0,14289.0,780.0,1787.5,6588.0,2342.5,6138.0,2105.5,0,0,0,1,0,0,0,15955.0,18513.0,15512.0,13631.0,16416.0,16487.0,17462.333333333332,17176.428571428572,16250.642857142857,16113.1,1737.6535766316954,1531.6203128578156,17092.080776368435,16181.381154285442,0.0,0.0
2023-12-15,16882.0,12899.0,4295.0,12,15,1,0,17388.0,16990.0,14918.0,725.0,655.0,1400.0,2084.0,19017.0,2585.0,0,0,0,0,1,0,0,17919.0,15955.0,16990.0,16168.0,16857.0,17566.0,17087.333333333332,17444.428571428572,16519.0,16216.4,1575.2413420534185,1508.6859457019766,17166.060582276325,16259.227531428318,0.0,0.0
2023-12-16,18545.0,1138.0,2877.4,12,16,1,0,16882.0,20017.0,16487.0,4295.0,3751.4,575.0,12899.0,3490.0,3307.5,0,0,0,0,0,1,0,17388.0,17919.0,20017.0,13328.0,16951.0,16217.0,17396.333333333332,17429.0,16570.0,16281.866666666667,1580.9525609580983,1492.9312692527703,17095.045436707245,16299.406400368429,0.0,0.0
2023-12-17,17652.0,3521.0,981.0,12,17,0,0,18545.0,15329.0,17566.0,2877.4,1206.5,5030.0,1138.0,4254.0,12470.0,0,0,0,0,0,0,1,16882.0,17388.0,15329.0,15124.0,17929.0,13525.0,17605.0,17218.714285714286,16942.64285714286,16350.466666666667,1240.6072054019385,1548.9148978945166,17457.534077530436,16444.283406796272,0.0,0.0
2023-12-18,15265.0,2567.0,620.0,12,18,0,0,17652.0,18513.0,16217.0,981.0,886.0,8372.0,3521.0,3597.75,2661.0,1,0,0,0,0,0,0,18545.0,16882.0,18513.0,15660.0,17120.0,15236.0,17693.0,17550.571428571428,17123.214285714286,16353.333333333334,920.1856437956353,1551.3198459272855,17506.150558147827,16522.200606357805,0.0,0.0
2023-12-19,15176.0,2688.0,420.0,12,19,0,0,15265.0,15955.0,13525.0,620.0,453.0,310.0,2567.0,2243.25,1690.0,0,1,0,0,0,0,0,17652.0,18545.0,15955.0,16970.0,17433.0,15436.0,17154.0,17086.571428571428,17095.0,16321.6,1145.3489798809173,1563.8907846160291,16945.86291861087,16441.09088981859,0.0,0.0
2023-12-20,15479.0,1910.0,420.0,12,20,0,0,15176.0,17919.0,15236.0,420.0,780.0,1120.0,2688.0,2342.5,3897.5,0,0,1,0,0,0,0,15265.0,17652.0,17919.0,16393.0,14624.0,14880.0,16031.0,16975.285714285714,16966.85714285714,16376.633333333333,1300.9024706315272,1489.3581696392926,16503.39718895815,16359.472122733523,0.0,0.0
2023-12-21,15669.0,2981.5,3728.0,12,21,0,0,15479.0,17388.0,15436.0,420.0,725.0,255.0,1910.0,2084.0,11136.5,0,0,0,1,0,0,0,15176.0,15265.0,17388.0,15512.0,13631.0,16416.0,15306.666666666666,16626.714285714286,16901.571428571428,16384.733333333334,1332.406558860776,1483.59044756024,16247.297891718614,16302.667469653941,0.0,0.0
2023-12-22,14843.0,13337.9,610.0,12,22,1,0,15669.0,16882.0,14880.0,3728.0,4295.0,2322.0,2981.5,12899.0,2700.5,0,0,0,0,1,0,0,15479.0,15176.0,16882.0,16990.0,16168.0,16857.0,15441.333333333334,16381.142857142857,16912.785714285714,16392.5,1327.1125835903254,1479.0554709702187,16102.72341878896,16261.785697418203,0.0,0.0
2023-12-23,15659.0,2735.0,6450.2,12,23,1,0,14843.0,18545.0,16416.0,610.0,2877.4,300.0,13337.9,1138.0,4635.0,0,0,0,0,0,1,0,15669.0,15479.0,18545.0,20017.0,13328.0,16951.0,15330.333333333334,16089.857142857143,16759.428571428572,16391.266666666666,1419.4165971237828,1480.3750208304955,15787.79256409172,16170.25113629445,0.0,0.0
2023-12-24,16584.0,28094.0,415.0,12,24,0,0,15659.0,17652.0,16857.0,6450.2,981.0,510.0,2735.0,3521.0,11975.0,0,0,0,0,0,0,1,14843.0,15669.0,17652.0,15329.0,15124.0,17929.0,15390.333333333334,15677.57142857143,16448.14285714286,16366.033333333333,918.0155875842237,1486.3783451926065,15755.59442306879,16137.267192017389,0.0,0.0
2023-12-25,14986.0,6192.0,15592.8,12,25,0,0,16584.0,15265.0,16951.0,415.0,620.0,75.0,28094.0,2567.0,15701.0,1,0,0,0,0,0,0,15659.0,14843.0,15265.0,18513.0,15660.0,17120.0,15695.333333333334,15525.0,16537.785714285714,16356.933333333332,550.2747798448736,1484.1028157833719,15962.695817301592,16166.088663500139,0.0,0.0
2023-12-26,15593.0,2157.5,395.0,12,26,0,0,14986.0,15176.0,17929.0,15592.8,420.0,22514.0,6192.0,2688.0,1780.0,0,1,0,0,0,0,0,16584.0,15659.0,15176.0,15955.0,16970.0,17433.0,15743.0,15485.142857142857,16285.857142857143,16291.433333333332,581.4657996739511,1500.254109127539,15718.521862976195,16089.953911016259,0.0,0.0
2023-12-27,17912.0,2444.0,190.0,12,27,0,0,15593.0,15479.0,17120.0,395.0,420.0,1965.0,2157.5,1910.0,615.0,0,0,1,0,0,0,0,14986.0,16584.0,15479.0,17919.0,16393.0,14624.0,15721.0,15544.714285714286,16260.0,16213.566666666668,565.6614754090075,1472.6986414422313,15687.141397232146,16057.892368370049,0.0,0.0
2023-12-28,15070.0,2634.0,459.0,12,28,0,0,17912.0,15669.0,17433.0,190.0,3728.0,690.0,2444.0,2981.5,823.0,0,0,0,1,0,0,0,15593.0,14986.0,15669.0,17388.0,15512.0,13631.0,16163.666666666666,15892.285714285714,16259.5,16239.966666666667,1054.6657787004806,1496.4157518212967,16243.35604792411,16177.512215571982,0.0,0.0
2023-12-29,17664.0,12768.0,140.0,12,29,1,0,15070.0,14843.0,14624.0,459.0,610.0,905.0,2634.0,13337.9,2688.0,0,0,0,0,1,0,0,17912.0,15593.0,14843.0,16882.0,16990.0,16168.0,16191.666666666666,15806.714285714286,16093.92857142857,16161.2,1099.1632748422282,1493.640666753339,15950.017035943081,16106.05981456734,0.0,0.0
2023-12-30,16421.0,3860.0,5896.6,12,30,1,0,17664.0,15659.0,13631.0,140.0,6450.2,1260.0,12768.0,2735.0,2650.0,0,0,0,0,0,1,0,15070.0,17912.0,15659.0,18545.0,20017.0,13328.0,16882.0,16209.714285714286,16149.785714285714,16262.533333333333,1199.5041634338838,1488.8699888432855,16378.512776957312,16206.572084595255,0.0,0.0
2023-12-31,17636.0,38289.0,0.0,12,31,0,0,16421.0,16584.0,16168.0,5896.6,415.0,1383.0,3860.0,28094.0,9843.4,0,0,0,0,0,0,1,17664.0,15070.0,16584.0,17652.0,15329.0,15124.0,16385.0,16318.57142857143,15998.07142857143,16355.533333333333,1175.533050314169,1403.5172009396158,16389.134582717983,16220.406143653627,0.0,0.0
2024-01-01,34438.0,5956.0,1846.0,1,1,0,0,17636.0,14986.0,13328.0,0.0,15592.8,7286.0,38289.0,6192.0,2010.0,1,0,0,0,0,0,0,16421.0,17664.0,14986.0,15265.0,18513.0,15660.0,17240.333333333332,16468.85714285714,15996.92857142857,16404.466666666667,1277.9105900611578,1422.21957985867,16700.850937038485,16311.734779546941,0.0,0.0
2024-01-02,33122.0,3512.0,2840.0,1,2,0,0,34438.0,15593.0,15124.0,1846.0,395.0,328.0,5956.0,2157.5,1745.0,0,1,0,0,0,0,0,17636.0,16421.0,15593.0,15176.0,15955.0,16970.0,22831.666666666668,19247.714285714286,17366.428571428572,17108.133333333335,6787.675515576879,3521.1078853437443,21135.138202778864,17481.171245382622,0.0,0.0
2024-01-03,30936.0,4886.0,350.0,1,3,0,0,33122.0,17912.0,15660.0,2840.0,190.0,835.0,3512.0,2444.0,2685.0,0,0,1,0,0,0,0,34438.0,17636.0,17912.0,15479.0,17919.0,16393.0,28398.666666666668,21751.85714285714,18648.285714285714,17708.066666666666,8283.30631307272,4553.351785021766,24131.853652084148,18490.25697148697,0.0,0.0
2024-01-04,32046.0,4940.0,1608.0,1,4,0,0,30936.0,15070.0,16970.0,350.0,459.0,899.0,4886.0,2634.0,3030.0,0,0,0,1,0,0,0,33122.0,34438.0,15070.0,15669.0,17388.0,15512.0,32832.0,23612.428571428572,19752.35714285714,18217.266666666666,8727.83741555609,5133.602841410046,25832.890239063112,19293.208134616845,0.0,0.0
2024-01-05,30376.0,22087.0,640.0,1,5,1,0,32046.0,17664.0,16393.0,1608.0,140.0,1330.0,4940.0,12768.0,3363.5,0,0,0,0,1,0,0,30936.0,33122.0,17664.0,14843.0,16882.0,16990.0,32034.666666666668,26037.571428571428,20922.14285714286,18719.8,8306.96185652216,5712.552617429137,27386.167679297334,20115.968900125437,0.0,0.0
2024-01-06,29774.0,9680.2,7723.6,1,6,1,0,30376.0,16421.0,15512.0,640.0,5896.6,1787.5,22087.0,3860.0,6138.0,0,0,0,0,0,1,0,32046.0,30936.0,16421.0,15659.0,18545.0,20017.0,31119.333333333332,27853.571428571428,22031.64285714286,19185.9,7523.8948658511135,6075.104621491623,28133.625759473,20777.906390439926,0.0,0.0
2024-01-07,29322.0,5448.0,1040.0,1,7,0,0,29774.0,17636.0,16990.0,7723.6,0.0,655.0,9680.2,38289.0,19017.0,0,0,0,0,0,0,1,30376.0,32046.0,17636.0,16584.0,17652.0,15329.0,30732.0,29761.14285714286,23039.85714285714,19661.3,5585.196487996064,6330.359673553439,28543.719319604752,21358.299526540577,0.0,0.0
2024-01-08,31002.0,8336.0,600.0,1,8,0,0,29322.0,34438.0,20017.0,1040.0,1846.0,3751.4,5448.0,5956.0,3490.0,1,0,0,0,0,0,0,29774.0,30376.0,34438.0,14986.0,15265.0,18513.0,29824.0,31430.571428571428,23949.714285714286,20072.366666666665,1863.300553421452,6547.582235969356,28738.289489703566,21872.08665386054,0.0,0.0
2024-01-09,30026.0,2145.0,494.0,1,9,0,0,31002.0,33122.0,15329.0,600.0,2840.0,1206.5,8336.0,3512.0,4254.0,0,1,0,0,0,0,0,29322.0,29774.0,33122.0,15593.0,15176.0,15955.0,30032.666666666668,30939.714285714286,25093.714285714286,20438.533333333333,1309.1852064401157,6844.795756421538,29304.217117277673,22461.11332135341,0.0,0.0
2024-01-10,33922.0,2275.0,2880.0,1,10,0,0,30026.0,30936.0,18513.0,494.0,350.0,886.0,2145.0,4886.0,3597.75,0,0,1,0,0,0,0,31002.0,29322.0,30936.0,17912.0,15479.0,17919.0,30116.666666666668,30497.428571428572,26124.64285714286,20928.433333333334,911.6817531613575,6990.87524826337,29484.662837958254,22949.170526427384,0.0,0.0
2024-01-11,31944.0,4515.0,1168.0,1,11,0,0,33922.0,32046.0,15955.0,2880.0,1608.0,453.0,2275.0,4940.0,2243.25,0,0,0,1,0,0,0,30026.0,31002.0,32046.0,15070.0,15669.0,17388.0,31650.0,30924.0,27268.214285714286,21442.066666666666,1594.186521918439,7363.426970780846,30593.99712846869,23657.095008593362,0.0,0.0
2024-01-12,30282.0,33788.0,5120.0,1,12,1,0,31944.0,30376.0,17919.0,1168.0,640.0,780.0,4515.0,22087.0,2342.5,0,0,0,0,1,0,0,33922.0,30026.0,30376.0,17664.0,14843.0,16882.0,31964.0,30909.428571428572,28473.5,21975.033333333333,1582.64618673306,7529.351176348556,30931.497846351518,24191.734040297015,0.0,0.0
2024-01-13,29128.0,12662.0,4116.4,1,13,1,0,30282.0,29774.0,17388.0,5120.0,7723.6,725.0,33788.0,9680.2,2084.0,0,0,0,0,0,1,0,31944.0,33922.0,29774.0,16421.0,15659.0,18545.0,32049.333333333332,30896.0,29374.785714285714,22387.133333333335,1588.3152499844218,7637.2549714442775,30769.12338476364,24584.654424793982,0.0,0.0
2024-01-14,26656.0,4485.0,1880.0,1,14,0,0,29128.0,29322.0,16882.0,4116.4,1040.0,4295.0,12662.0,5448.0,12899.0,0,0,0,0,0,0,1,30282.0,31944.0,29322.0,17636.0,16584.0,17652.0,30451.333333333332,30803.714285714286,30282.428571428572,22778.466666666667,1680.465978460037,7672.961792636798,30358.84253857273,24877.773494162113,0.0,0.0
2024-01-15,29670.0,3440.0,2666.0,1,15,0,0,26656.0,31002.0,18545.0,1880.0,600.0,2877.4,4485.0,8336.0,1138.0,1,0,0,0,0,0,0,29128.0,30282.0,31002.0,34438.0,14986.0,15265.0,28688.666666666668,30422.85714285714,30926.714285714286,23104.266666666666,2270.7005841495024,7621.291667759292,29433.13190392955,24992.497784861334,0.0,0.0
2024-01-16,30630.0,4569.0,2404.0,1,16,0,0,29670.0,30026.0,17652.0,2666.0,494.0,981.0,3440.0,2145.0,3521.0,0,1,0,0,0,0,0,26656.0,29128.0,30026.0,33122.0,15593.0,15176.0,28484.666666666668,30232.571428571428,30586.14285714286,23475.1,2269.8903686552876,7662.3462119910455,29492.34892794716,25294.272121321897,0.0,0.0
2024-01-17,34322.0,5480.0,2907.0,1,17,0,0,30630.0,33922.0,15265.0,2404.0,2880.0,620.0,4569.0,2275.0,2567.0,0,0,1,0,0,0,0,29670.0,26656.0,33922.0,30936.0,17912.0,15479.0,28985.333333333332,30318.85714285714,30408.14285714286,23907.7,2272.207988467802,7688.560136713621,29776.76169596037,25638.51262962371,0.0,0.0
2024-01-18,33312.0,4502.0,2300.0,1,18,0,0,34322.0,31944.0,15176.0,2907.0,1168.0,420.0,5480.0,4515.0,2688.0,0,0,0,1,0,0,0,30630.0,29670.0,31944.0,32046.0,15070.0,15669.0,31540.666666666668,30376.0,30650.0,24542.933333333334,2380.379241493482,7736.970118598859,30913.07127197028,26198.737621260894,0.0,0.0
2024-01-19,30468.0,23539.0,1520.0,1,19,1,0,33312.0,30282.0,15479.0,2300.0,5120.0,420.0,4502.0,33788.0,1910.0,0,0,0,0,1,0,0,34322.0,30630.0,30282.0,30376.0,17664.0,14843.0,32754.666666666668,30571.428571428572,30740.428571428572,25147.466666666667,2578.4800986331793,7688.22154554179,31512.803453977707,26657.657774727933,0.0,0.0
2024-01-20,29110.0,7336.0,9476.0,1,20,1,0,30468.0,29128.0,15669.0,1520.0,4116.4,3728.0,23539.0,12662.0,2981.5,0,0,0,0,0,1,0,33312.0,34322.0,29128.0,29774.0,16421.0,15659.0,32700.666666666668,30598.0,30747.0,25647.1,2575.95755658611,7523.511626664198,31251.60259048328,26903.48630539065,0.0,0.0
2024-01-21,27156.0,8410.0,1140.0,1,21,0,0,29110.0,26656.0,14843.0,9476.0,1880.0,610.0,7336.0,4485.0,13337.9,0,0,0,0,0,0,1,30468.0,33312.0,26656.0,29322.0,17636.0,16584.0,30963.333333333332,30595.428571428572,30699.571428571428,26095.133333333335,2577.677950995308,7305.880412537457,30716.20194286246,27045.842027623512,0.0,0.0
2024-01-22,27802.0,11824.0,4564.0,1,22,0,0,27156.0,29670.0,15659.0,1140.0,2666.0,6450.2,8410.0,3440.0,2735.0,1,0,0,0,0,0,0,29110.0,30468.0,29670.0,31002.0,34438.0,14986.0,28911.333333333332,30666.85714285714,30544.85714285714,26505.566666666666,2454.2955152528443,6991.033758511204,29826.151457146843,27052.948993583286,0.0,0.0
2024-01-23,27286.0,6226.0,7464.0,1,23,0,0,27802.0,30630.0,16584.0,4564.0,2404.0,415.0,11824.0,4569.0,28094.0,0,1,0,0,0,0,0,27156.0,29110.0,30630.0,30026.0,33122.0,15593.0,28022.666666666668,30400.0,30316.285714285714,26910.333333333332,2672.5952430798584,6686.269220720447,29320.113592860132,27101.27486496501,0.0,0.0
2024-01-24,28614.0,2962.0,3368.0,1,24,0,0,27286.0,34322.0,14986.0,7464.0,2907.0,15592.8,6226.0,5480.0,6192.0,0,0,1,0,0,0,0,27802.0,27156.0,34322.0,33922.0,30936.0,17912.0,27414.666666666668,29922.285714285714,30120.571428571428,27267.066666666666,2912.7081164147453,6395.499203687496,28811.5851946451,27113.19261561243,0.0,0.0
2024-01-25,28806.0,5848.0,2708.0,1,25,0,0,28614.0,33312.0,15593.0,3368.0,2300.0,395.0,2962.0,4502.0,2157.5,0,0,0,1,0,0,0,27286.0,27802.0,33312.0,31944.0,32046.0,15070.0,27900.666666666668,29106.85714285714,29741.428571428572,27721.333333333332,2183.37929431808,5962.43637041637,28762.188895983825,27210.01889847614,0.0,0.0
2024-01-26,27972.0,16188.0,1850.0,1,26,1,0,28806.0,30468.0,17912.0,2708.0,1520.0,190.0,5848.0,23539.0,2444.0,0,0,0,0,1,0,0,28614.0,27286.0,30468.0,30282.0,30376.0,17664.0,28235.333333333332,28463.14285714286,29517.285714285714,28161.766666666666,1162.582101555381,5506.201404706783,28773.14167198787,27312.985421155103,0.0,0.0
2024-01-27,32036.0,4788.0,9090.0,1,27,1,0,27972.0,29110.0,15070.0,1850.0,9476.0,459.0,16188.0,7336.0,2634.0,0,0,0,0,0,1,0,28806.0,28614.0,29110.0,29128.0,29774.0,16421.0,28464.0,28106.571428571428,29352.285714285714,28497.1,757.3363095178221,5155.62700524785,28572.856253990903,27355.502490758,0.0,0.0
2024-01-28,26772.0,6693.0,2696.0,1,28,0,0,32036.0,27156.0,17664.0,9090.0,1140.0,140.0,4788.0,8410.0,12768.0,0,0,0,0,0,0,1,27972.0,28806.0,27156.0,26656.0,29322.0,17636.0,29604.666666666668,28524.571428571428,29560.0,29062.633333333335,1665.9242536944475,4523.79214196206,29438.642190493178,27657.47007199942,0.0,0.0
2024-01-29,26490.0,5472.0,2770.0,1,29,0,0,26772.0,27802.0,16421.0,2696.0,4564.0,5896.6,6693.0,11824.0,3860.0,1,0,0,0,0,0,0,32036.0,27972.0,27802.0,29670.0,31002.0,34438.0,28926.666666666668,28469.714285714286,29568.285714285714,29366.233333333334,1723.8172480752387,4008.736731821757,28771.981642869883,27600.342970580106,0.0,0.0
2024-01-30,27422.0,23996.0,1590.0,1,30,0,0,26490.0,27286.0,17636.0,2770.0,7464.0,0.0,5472.0,6226.0,38289.0,0,1,0,0,0,0,0,26772.0,32036.0,27286.0,30630.0,30026.0,33122.0,28432.666666666668,28282.285714285714,29341.14285714286,29701.866666666665,1873.3568546226563,3234.2098937423816,28201.486232152412,27528.7079402201,0.0,0.0
2024-01-31,29510.0,5898.0,3430.0,1,31,0,0,27422.0,28614.0,34438.0,1590.0,3368.0,1846.0,23996.0,2962.0,5956.0,0,0,1,0,0,0,0,26490.0,26772.0,28614.0,34322.0,33922.0,30936.0,26894.666666666668,28301.714285714286,29112.0,30028.066666666666,1861.9729423638316,2347.1461458299823,28006.61467411431,27521.823556980096,0.0,0.0
2024-02-01,30342.0,3790.0,1070.0,2,1,0,0,29510.0,28806.0,33122.0,3430.0,2708.0,2840.0,5898.0,5848.0,3512.0,0,0,0,1,0,0,0,27422.0,26490.0,28806.0,33312.0,31944.0,32046.0,27807.333333333332,28429.714285714286,28768.285714285714,29863.8,1917.00301810622,2195.411600714366,28382.461005585734,27650.093004916867,0.0,0.0
2024-02-02,29336.0,25882.0,1660.0,2,2,1,0,30342.0,27972.0,30936.0,1070.0,1850.0,350.0,3790.0,16188.0,4886.0,0,0,0,0,1,0,0,29510.0,27422.0,27972.0,30468.0,30282.0,30376.0,29091.333333333332,28649.14285714286,28556.14285714286,29771.133333333335,2050.5124098275837,2110.158724759267,28872.3457541893,27823.76442395449,0.0,0.0
2024-02-03,21282.0,3938.0,5692.0,2,3,1,0,29336.0,32036.0,32046.0,1660.0,9090.0,1608.0,25882.0,4788.0,4940.0,0,0,0,0,0,1,0,30342.0,29510.0,32036.0,29110.0,29128.0,29774.0,29729.333333333332,28844.0,28475.285714285714,29717.8,2040.2235171666314,2099.8967035348996,28988.259315641975,27921.328009505814,0.0,0.0
2024-02-04,23032.0,34438.0,160.0,2,4,0,0,21282.0,26772.0,30376.0,5692.0,2696.0,640.0,3938.0,6693.0,22087.0,0,0,0,0,0,0,1,29336.0,30342.0,26772.0,27156.0,26656.0,29322.0,26986.666666666668,27307.714285714286,27916.14285714286,29359.0,3039.979041281103,2557.9996360301825,27061.69448673148,27492.984266957053,0.0,0.0
2024-02-05,27204.0,7820.0,15960.0,2,5,0,0,23032.0,26490.0,29774.0,160.0,2770.0,7723.6,34438.0,5472.0,9680.2,1,0,0,0,0,0,0,21282.0,29336.0,26490.0,27802.0,29670.0,31002.0,24550.0,26773.428571428572,27621.571428571428,29114.2,3450.733007016639,2797.5132479424137,26054.27086504861,27205.178830379184,0.0,0.0
2024-02-06,35640.0,3180.0,140.0,2,6,0,0,27204.0,27422.0,29322.0,15960.0,1590.0,1040.0,7820.0,23996.0,5448.0,0,1,0,0,0,0,0,23032.0,21282.0,27422.0,27286.0,30630.0,30026.0,23839.333333333332,26875.428571428572,27578.85714285714,29028.533333333333,3451.5113045902212,2815.901248921504,26341.70314878646,27205.102776806336,0.0,0.0
2024-02-07,34772.0,5816.0,890.0,2,7,0,0,35640.0,29510.0,31002.0,140.0,3430.0,600.0,3180.0,5898.0,8336.0,0,0,1,0,0,0,0,27204.0,23032.0,29510.0,28614.0,34322.0,33922.0,28625.333333333332,28049.428571428572,28175.571428571428,29239.133333333335,4801.885423356894,3063.942093777639,28666.277361589844,27749.289694431736,0.0,0.0
2024-02-08,34181.0,3890.0,1340.0,2,8,0,0,34772.0,30342.0,30026.0,890.0,1070.0,494.0,5816.0,3790.0,2145.0,0,0,0,1,0,0,0,35640.0,27204.0,30342.0,28806.0,33312.0,31944.0,32538.666666666668,28801.14285714286,28615.428571428572,29364.8,5438.333060432236,3212.452306368013,30192.708021192382,28202.36777866195,0.0,0.0
2024-02-09,23562.0,16830.0,3658.0,2,9,1,0,34181.0,29336.0,33922.0,1340.0,1660.0,2880.0,3890.0,25882.0,2275.0,0,0,0,0,1,0,0,34772.0,35640.0,29336.0,27972.0,30468.0,30282.0,34864.333333333336,29349.571428571428,28999.35714285714,29503.3,5801.091904608482,3329.382122960529,31189.78101589429,28588.085986490212,0.0,0.0
2024-02-10,28432.0,3718.0,5814.0,2,10,1,0,23562.0,21282.0,31944.0,3658.0,5692.0,1168.0,16830.0,3938.0,4515.0,0,0,0,0,0,1,0,34181.0,34772.0,21282.0,32036.0,29110.0,29128.0,30838.333333333332,28524.714285714286,28684.35714285714,29157.966666666667,6200.122007248058,3391.9542580207753,29282.835761920716,28263.82237445859,0.0,0.0
2024-02-11,31318.0,5922.0,1130.0,2,11,0,0,28432.0,23032.0,30282.0,5814.0,160.0,5120.0,3718.0,34438.0,33788.0,0,0,0,0,0,0,1,23562.0,34181.0,23032.0,26772.0,27156.0,26656.0,28725.0,29546.14285714286,28426.928571428572,29040.9,5336.939648293166,3352.863751255378,29070.126821440535,28274.67254384836,0.0,0.0
2024-02-12,29836.0,3412.0,1910.0,2,12,0,0,31318.0,27204.0,29128.0,1130.0,15960.0,4116.4,5922.0,7820.0,12662.0,1,0,0,0,0,0,0,28432.0,23562.0,27204.0,26490.0,27802.0,29670.0,27770.666666666668,30729.85714285714,28751.64285714286,29075.433333333334,4505.454339966566,3371.3715788960476,29632.095116080403,28471.01625069685,0.0,0.0
2024-02-13,30140.0,7354.0,5992.0,2,13,0,0,29836.0,35640.0,26656.0,1910.0,140.0,1880.0,3412.0,3180.0,4485.0,0,1,0,0,0,0,0,31318.0,28432.0,35640.0,27422.0,27286.0,30630.0,29862.0,31105.85714285714,28990.64285714286,29099.033333333333,4265.606499610994,3374.2290714230276,29683.071337060304,28559.07971839383,0.0,0.0
2024-02-14,30586.0,34930.0,1470.0,2,14,0,0,30140.0,34772.0,29670.0,5992.0,890.0,2666.0,7354.0,5816.0,3440.0,0,0,1,0,0,0,0,29836.0,31318.0,34772.0,29510.0,28614.0,34322.0,30431.333333333332,30320.14285714286,29184.785714285714,29215.166666666668,3768.850241500305,3347.0925322643457,29797.30350279523,28661.07457527165,0.0,0.0
2024-02-15,30776.0,17060.0,2295.0,2,15,0,0,30586.0,34181.0,30630.0,1470.0,1340.0,2404.0,34930.0,3890.0,4569.0,0,0,0,1,0,0,0,30140.0,29836.0,34181.0,30342.0,28806.0,33312.0,30187.333333333332,29722.14285714286,29261.64285714286,29245.7,3239.6968185603796,3355.5520965130777,29994.47762709642,28785.2633123509,0.0,0.0
2024-02-16,24318.0,17090.0,1650.0,2,16,1,0,30776.0,23562.0,34322.0,2295.0,3658.0,2907.0,17060.0,16830.0,5480.0,0,0,0,0,1,0,0,30586.0,30140.0,23562.0,29336.0,27972.0,30468.0,30500.666666666668,29235.714285714286,29292.64285714286,29250.566666666666,2662.91605289421,3357.734187620003,30189.858220322316,28913.69793736052,0.0,0.0
2024-02-17,22138.0,43332.0,4920.0,2,17,1,0,24318.0,28432.0,33312.0,1650.0,5814.0,2300.0,17090.0,3718.0,4502.0,0,0,0,0,0,1,0,30776.0,30586.0,28432.0,21282.0,32036.0,29110.0,28560.0,29343.714285714286,28934.214285714286,28917.1,2396.4544445412844,3333.382690611519,28721.893665241736,28617.201296240488,0.0,0.0
2024-02-18,23216.0,5393.0,1240.0,2,18,0,0,22138.0,31318.0,30468.0,4920.0,1130.0,1520.0,43332.0,5922.0,23539.0,0,0,0,0,0,0,1,24318.0,30776.0,31318.0,23032.0,26772.0,27156.0,25744.0,28444.571428571428,28995.35714285714,28544.633333333335,3648.969117305243,3447.692246479711,27075.920248931303,28199.188309386263,0.0,0.0
2024-02-19,29224.0,4076.0,2404.0,2,19,0,0,23216.0,29836.0,29110.0,1240.0,1910.0,9476.0,5393.0,3412.0,7336.0,1,0,0,0,0,0,0,22138.0,24318.0,29836.0,27204.0,26490.0,27802.0,23224.0,27287.14285714286,29008.5,28302.9,3864.2320249768836,3560.5734558470067,26110.940186698477,27877.69228942586,0.0,0.0
2024-02-20,31296.0,4107.0,420.0,2,20,0,0,29224.0,30140.0,27156.0,2404.0,5992.0,1140.0,4076.0,7354.0,8410.0,0,1,0,0,0,0,0,23216.0,22138.0,30140.0,35640.0,27422.0,27286.0,24859.333333333332,27199.714285714286,29152.785714285714,28306.7,3803.3969778907353,3561.5252365165634,26889.205140023856,27964.550851398388,0.0,0.0
2024-02-21,32451.0,7970.0,1069.0,2,21,0,0,31296.0,30586.0,27802.0,420.0,1470.0,4564.0,4107.0,34930.0,11824.0,0,0,1,0,0,0,0,29224.0,23216.0,30586.0,34772.0,29510.0,28614.0,27912.0,27364.85714285714,28842.5,28444.7,3973.6285444821856,3595.4467484151655,27990.903855017892,28179.48305453398,0.0,0.0
2024-02-22,32594.0,2805.0,2204.0,2,22,0,0,32451.0,30776.0,27286.0,1069.0,2295.0,7464.0,7970.0,17060.0,6226.0,0,0,0,1,0,0,0,31296.0,29224.0,30776.0,34181.0,30342.0,28806.0,30990.333333333332,27631.285714285714,28676.714285714286,28599.666666666668,4276.574591667383,3666.2807362204467,29105.927891263418,28455.064792951143,0.0,0.0
2024-02-23,32146.0,16964.0,1796.0,2,23,1,0,32594.0,24318.0,28614.0,2204.0,1650.0,3368.0,2805.0,17090.0,2962.0,0,0,0,0,1,0,0,32451.0,31296.0,24318.0,23562.0,29336.0,27972.0,32113.666666666668,27891.0,28563.35714285714,28776.6,4546.091471436366,3728.2548159176727,29977.945918447564,28722.092870825265,0.0,0.0
2024-02-24,30656.0,11342.0,3344.0,2,24,1,0,32146.0,22138.0,28806.0,1796.0,4920.0,2708.0,16964.0,43332.0,5848.0,0,0,0,0,0,1,0,32594.0,32451.0,22138.0,28432.0,21282.0,32036.0,32397.0,29009.285714285714,29176.5,28894.333333333332,4483.0503274104585,3778.3741197114496,30519.95943883567,28942.990104965575,0.0,0.0
2024-02-25,26406.0,6756.0,2282.0,2,25,0,0,30656.0,23216.0,27972.0,3344.0,1240.0,1850.0,11342.0,5393.0,16188.0,0,0,0,0,0,0,1,32146.0,32594.0,23216.0,31318.0,23032.0,26772.0,31798.666666666668,30226.14285714286,29335.35714285714,28956.0,3309.5405737841575,3791.955195792281,30553.96957912675,29053.50687238715,0.0,0.0
2024-02-26,27096.0,7332.0,1440.0,2,26,0,0,26406.0,29224.0,32036.0,2282.0,2404.0,9090.0,6756.0,4076.0,4788.0,1,0,0,0,0,0,0,30656.0,32146.0,29224.0,29836.0,27204.0,26490.0,29736.0,30681.85714285714,28984.5,28903.8,2225.4592356463336,3816.666268734545,29516.977184345065,28882.699977394434,0.0,0.0
2024-02-27,28752.0,5526.0,2700.0,2,27,0,0,27096.0,31296.0,26772.0,1440.0,420.0,2696.0,7332.0,4107.0,6693.0,0,1,0,0,0,0,0,26406.0,30656.0,31296.0,30140.0,35640.0,27422.0,28052.666666666668,30377.85714285714,28788.785714285714,28739.133333333335,2575.5945869236166,3783.290446463023,28911.732888258797,28767.429011110922,0.0,0.0
2024-02-28,31990.0,5307.0,3450.0,2,28,0,0,28752.0,32451.0,26490.0,2700.0,1069.0,2770.0,5526.0,7970.0,5472.0,0,0,1,0,0,0,0,27096.0,26406.0,32451.0,30586.0,34772.0,29510.0,27418.0,30014.428571428572,28689.64285714286,28805.133333333335,2603.7789113224226,3765.0167534849716,28871.7996661941,28766.43359103925,0.0,0.0
2024-02-29,30688.0,4134.0,780.0,2,29,0,0,31990.0,32594.0,27422.0,3450.0,2204.0,1590.0,5307.0,2805.0,23996.0,0,0,0,1,0,0,0,28752.0,27096.0,32594.0,30776.0,34181.0,30342.0,29279.333333333332,29948.571428571428,28789.928571428572,28988.466666666667,2536.8494146047997,3782.265255685717,29651.349749645575,28974.405617423818,0.0,0.0
2024-03-01,30976.0,20770.0,1830.0,3,1,1,0,30688.0,32146.0,29510.0,780.0,1796.0,3430.0,4134.0,16964.0,5898.0,0,0,0,0,1,0,0,31990.0,28752.0,32146.0,24318.0,23562.0,29336.0,30476.666666666668,29676.285714285714,28783.64285714286,29097.333333333332,2296.4870065881796,3782.625527997319,29910.512312234183,29084.960093719055,0.0,0.0
2024-03-02,30478.0,8896.0,14564.0,3,2,1,0,30976.0,30656.0,30342.0,1830.0,3344.0,1070.0,20770.0,11342.0,3790.0,0,0,0,0,0,1,0,30688.0,31990.0,30656.0,22138.0,28432.0,21282.0,31218.0,29509.14285714286,29259.214285714286,29146.2,2122.7861745491255,3797.580340345525,30176.88423417564,29206.96266831783,0.0,0.0
2024-03-03,29210.0,5001.0,2517.0,3,3,0,0,30478.0,26406.0,29336.0,14564.0,2282.0,1660.0,8896.0,6756.0,25882.0,0,0,0,0,0,0,1,30976.0,30688.0,26406.0,23216.0,31318.0,23032.0,30714.0,29483.714285714286,29854.928571428572,29150.733333333334,2107.7714703990896,3799.137896157826,30252.16317563173,29288.965076813456,0.0,0.0
2024-03-04,27066.0,5176.0,2150.0,3,4,0,0,29210.0,27096.0,21282.0,2517.0,1440.0,5692.0,5001.0,7332.0,3938.0,1,0,0,0,0,0,0,30478.0,30976.0,27096.0,29224.0,29836.0,27204.0,30221.333333333332,29884.285714285714,30283.071428571428,29146.533333333333,1639.8981385322888,3798.995663405558,29991.6223817238,29283.870555728718,0.0,0.0
2024-03-05,27896.0,3902.0,3660.0,3,5,0,0,27066.0,28752.0,23032.0,2150.0,2700.0,160.0,5176.0,5526.0,34438.0,0,1,0,0,0,0,0,29210.0,30478.0,28752.0,31296.0,30140.0,35640.0,28918.0,29880.0,30128.928571428572,29339.333333333332,1648.4166140066336,3522.8380636906977,29260.216786292847,29140.78213277848,0.0,0.0
2024-03-06,29210.0,3370.0,1734.0,3,6,0,0,27896.0,31990.0,27204.0,3660.0,3450.0,15960.0,3902.0,5307.0,7820.0,0,0,1,0,0,0,0,27066.0,29210.0,31990.0,32451.0,30586.0,34772.0,28057.333333333332,29757.714285714286,29886.071428571428,29501.466666666667,1773.079215591246,3329.1471076489447,28919.162589719635,29060.473608083095,0.0,0.0
2024-03-07,25120.0,7032.0,11590.0,3,7,0,0,29210.0,30688.0,35640.0,1734.0,780.0,140.0,3370.0,4134.0,3180.0,0,0,0,1,0,0,0,27896.0,27066.0,30688.0,32594.0,30776.0,34181.0,28057.333333333332,29360.571428571428,29654.571428571428,29568.333333333332,1476.2392372898294,3301.4409532529294,28991.871942289727,29070.120472077735,0.0,0.0
2024-03-08,25050.0,13864.0,5260.0,3,8,1,0,25120.0,30976.0,34772.0,11590.0,1830.0,890.0,7032.0,20770.0,5816.0,0,0,0,0,1,0,0,29210.0,27896.0,30976.0,32146.0,24318.0,23562.0,27408.666666666668,28565.14285714286,29120.714285714286,29217.666666666668,2035.8097020244606,3191.1482025399932,28023.903956717295,28815.273990008205,0.0,0.0
2024-03-09,18474.0,2510.0,2442.0,3,9,1,0,25050.0,30478.0,34181.0,5260.0,14564.0,1340.0,13864.0,8896.0,3890.0,0,0,0,0,0,1,0,25120.0,29210.0,30478.0,30656.0,22138.0,28432.0,26460.0,27718.571428571428,28613.85714285714,28893.6,2097.39289413804,3099.9868142099217,27280.427967537973,28572.353087427033,0.0,0.0
2024-03-10,15310.0,10844.0,9801.0,3,10,0,0,18474.0,29210.0,23562.0,2442.0,2517.0,3658.0,2510.0,5001.0,16830.0,0,0,0,0,0,0,1,25050.0,25120.0,29210.0,26406.0,23216.0,31318.0,22881.333333333332,26003.714285714286,27743.714285714286,28370.033333333333,3734.007039552603,3479.3748594601298,25078.820975653478,27920.846436625292,0.0,0.0
2024-03-11,22438.0,19518.0,700.0,3,11,0,0,15310.0,27066.0,28432.0,9801.0,2150.0,5814.0,10844.0,5176.0,3718.0,1,0,0,0,0,0,0,18474.0,25050.0,27066.0,27096.0,29224.0,29836.0,19611.333333333332,24018.0,26951.14285714286,28094.966666666667,5166.086203952324,4136.685617182169,22636.61573174011,27107.243440713984,0.0,0.0
2024-03-12,19040.0,15804.0,380.0,3,12,0,0,22438.0,27896.0,31318.0,700.0,3660.0,1130.0,19518.0,3902.0,5922.0,0,1,0,0,0,0,0,15310.0,18474.0,27896.0,28752.0,31296.0,30140.0,18740.666666666668,23356.85714285714,26618.428571428572,27895.166666666668,5004.614651451567,4262.680669309545,22586.96179880508,26806.00192840986,0.0,0.0
2024-03-13,14894.0,15970.0,670.0,3,13,0,0,19040.0,29210.0,29836.0,380.0,1734.0,1910.0,15804.0,3370.0,3412.0,0,0,1,0,0,0,0,22438.0,15310.0,29210.0,31990.0,32451.0,30586.0,18929.333333333332,22091.714285714286,25924.714285714286,27485.9,4780.243010359946,4505.231291471582,21700.221349103813,26304.969545931806,0.0,0.0
2024-03-14,12918.0,13265.0,1442.0,3,14,0,0,14894.0,25120.0,30140.0,670.0,11590.0,5992.0,15970.0,7032.0,7354.0,0,0,0,1,0,0,0,19040.0,22438.0,25120.0,30688.0,32594.0,30776.0,18790.666666666668,20046.571428571428,24703.571428571428,26987.833333333332,4261.517212493793,5031.648198349478,19998.66601182786,25568.777962323304,0.0,0.0
2024-03-15,14500.0,37984.0,570.0,3,15,1,0,12918.0,25050.0,30586.0,1442.0,5260.0,1470.0,13265.0,13864.0,34930.0,0,0,0,0,1,0,0,14894.0,19040.0,25050.0,30976.0,32146.0,24318.0,15617.333333333334,18303.428571428572,23434.285714285714,26413.766666666666,4335.323857842789,5608.935307926566,18228.499508870897,24752.598738947607,0.0,0.0
2024-03-16,14372.0,56794.4,300.0,3,16,1,0,14500.0,18474.0,30776.0,570.0,2442.0,2295.0,37984.0,2510.0,17060.0,0,0,0,0,0,1,0,12918.0,14894.0,18474.0,30478.0,30656.0,22138.0,14104.0,16796.285714285714,22257.428571428572,25877.566666666666,3312.0910673010176,5954.567923080082,17296.374631653172,24091.1407557897,0.0,0.0
2024-03-17,17118.0,34857.4,0.0,3,17,0,0,14372.0,15310.0,24318.0,300.0,9801.0,1650.0,56794.4,10844.0,17090.0,0,0,0,0,0,0,1,14500.0,12918.0,15310.0,29210.0,26406.0,23216.0,13930.0,16210.285714285714,21107.0,25330.766666666666,3328.622022914067,6235.778864514518,16565.28097373988,23464.099416706496,0.0,0.0
2024-03-18,17556.0,16813.4,818.0,3,18,0,0,17118.0,22438.0,22138.0,0.0,700.0,4920.0,34857.4,19518.0,43332.0,1,0,0,0,0,0,0,14372.0,14500.0,22438.0,27066.0,27096.0,29224.0,15330.0,16468.571428571428,20243.285714285714,25090.766666666666,3317.247797856065,6412.162590079009,16703.46073030491,23054.673647886724,0.0,0.0
2024-03-19,21914.0,27564.0,882.0,3,19,0,0,17556.0,19040.0,23216.0,818.0,380.0,1240.0,16813.4,15804.0,5393.0,0,1,0,0,0,0,0,17118.0,14372.0,19040.0,27896.0,28752.0,31296.0,16348.666666666666,15771.142857142857,19564.0,24938.033333333333,2166.732365304287,6538.251102673309,16916.59554772868,22699.92050931339,0.0,0.0
2024-03-20,22630.0,24950.0,510.0,3,20,0,0,21914.0,14894.0,29224.0,882.0,670.0,2404.0,27564.0,15970.0,4076.0,0,0,1,0,0,0,0,17556.0,17118.0,14894.0,29210.0,31990.0,32451.0,18862.666666666668,16181.714285714286,19136.714285714286,24894.633333333335,3001.045912915785,6554.377239589595,18165.94666079651,22649.21596032543,0.0,0.0
2024-03-21,23850.0,33412.0,518.0,3,21,0,0,22630.0,12918.0,31296.0,510.0,1442.0,420.0,24950.0,13265.0,4107.0,0,0,0,1,0,0,0,21914.0,17556.0,12918.0,25120.0,30688.0,32594.0,20700.0,17286.85714285714,18666.714285714286,24674.833333333332,3772.939942475067,6514.630103471495,19281.959995597383,22647.976220949597,0.0,0.0
2024-03-22,12051.0,15275.0,669.0,3,22,1,0,23850.0,14500.0,32451.0,518.0,570.0,1069.0,33412.0,37984.0,7970.0,0,0,0,0,1,0,0,22630.0,21914.0,14500.0,25050.0,30976.0,32146.0,22798.0,18848.571428571428,18576.0,24426.633333333335,3922.705820270095,6394.4053158740035,20423.969996698037,22725.526142178656,0.0,0.0
2024-03-23,15614.0,22651.0,1092.0,3,23,1,0,12051.0,14372.0,32594.0,669.0,300.0,2204.0,15275.0,56794.4,2805.0,0,0,0,0,0,1,0,23850.0,22630.0,14372.0,18474.0,30478.0,30656.0,19510.333333333332,18498.714285714286,17647.5,23746.633333333335,4449.079107496497,6593.251515798125,18330.727497523527,22036.847036231648,0.0,0.0
2024-03-24,11999.0,11974.0,99.0,3,24,0,0,15614.0,17118.0,32146.0,1092.0,0.0,1796.0,22651.0,34857.4,16964.0,0,0,0,0,0,0,1,12051.0,23850.0,17118.0,15310.0,29210.0,26406.0,17171.666666666668,18676.14285714286,17443.214285714286,23180.633333333335,4278.575870098648,6536.136022322242,17651.545623142643,21622.469808087673,0.0,0.0
2024-03-25,12848.0,10795.0,180.0,3,25,0,0,11999.0,17556.0,30656.0,99.0,818.0,3344.0,11974.0,16813.4,11342.0,1,0,0,0,0,0,0,15614.0,12051.0,17556.0,22438.0,27066.0,27096.0,13221.333333333334,17944.85714285714,17206.714285714286,22509.066666666666,4970.751868968826,6617.719734029275,16238.409217356982,21001.60078821105,0.0,0.0
2024-03-26,14288.0,13767.0,606.0,3,26,0,0,12848.0,21914.0,26406.0,180.0,882.0,2282.0,10795.0,27564.0,6756.0,0,1,0,0,0,0,0,11999.0,15614.0,21914.0,19040.0,27896.0,28752.0,13487.0,17272.285714285714,16521.714285714286,21915.466666666667,5337.142203910425,6660.29169255256,15390.806913017737,20475.562027681306,0.0,0.0
2024-03-27,14291.0,31540.0,854.0,3,27,0,0,14288.0,22630.0,27096.0,606.0,510.0,1440.0,13767.0,24950.0,7332.0,0,0,1,0,0,0,0,12848.0,11999.0,22630.0,14894.0,29210.0,31990.0,13045.0,16182.857142857143,16182.285714285714,21511.533333333333,4999.38310956366,6745.480150765207,15115.105184763303,20076.36447750832,0.0,0.0
2024-03-28,13513.0,25440.0,235.0,3,28,0,0,14291.0,23850.0,28752.0,854.0,518.0,2700.0,31540.0,33412.0,5526.0,0,0,0,1,0,0,0,14288.0,12848.0,23850.0,12918.0,25120.0,30688.0,13809.0,14991.57142857143,16139.214285714286,21084.7,4123.961075517187,6784.94226413061,14909.078888572476,19703.11515637875,0.0,0.0
2024-03-29,13438.0,14851.0,95.0,3,29,1,0,13513.0,12051.0,31990.0,235.0,669.0,3450.0,25440.0,15275.0,5307.0,0,0,0,0,1,0,0,14291.0,14288.0,12051.0,14500.0,25050.0,30976.0,14030.666666666666,13514.857142857143,16181.714285714286,20576.733333333334,1322.368509981387,6761.52923905342,14560.059166429357,19303.75288822528,0.0,0.0
2024-03-30,14268.0,16063.0,352.0,3,30,1,0,13438.0,15614.0,30688.0,95.0,1092.0,780.0,14851.0,22651.0,4134.0,0,0,0,0,0,1,0,13513.0,14291.0,15614.0,14372.0,18474.0,30478.0,13747.333333333334,13713.0,16105.857142857143,19958.333333333332,1160.470881438472,6525.9597065836715,14279.544374822017,18925.3172180172,0.0,0.0
2024-03-31,15120.0,8403.6,573.6,3,31,0,0,14268.0,11999.0,30976.0,352.0,99.0,1830.0,16063.0,11974.0,20770.0,0,0,0,0,0,0,1,13438.0,13513.0,11999.0,17118.0,15310.0,29210.0,13739.666666666666,13520.714285714286,16098.42857142857,19411.0,867.521702761275,6278.928323890261,14276.658281116514,18624.845139435445,0.0,0.0
2024-04-01,10887.0,26630.0,80.0,4,1,0,0,15120.0,12848.0,30478.0,573.6,180.0,14564.0,8403.6,10795.0,8896.0,1,0,0,0,0,0,0,14268.0,13438.0,12848.0,17556.0,22438.0,27066.0,14275.333333333334,13966.57142857143,15955.714285714286,18882.466666666667,749.0153218598874,5929.488893094664,14487.493710837385,18398.726098181545,0.0,0.0
2024-04-02,9579.0,9960.0,0.0,4,2,0,0,10887.0,14288.0,29210.0,80.0,606.0,2517.0,26630.0,13767.0,5001.0,0,1,0,0,0,0,0,15120.0,14268.0,14288.0,21914.0,19040.0,27896.0,13425.0,13686.42857142857,15479.357142857143,18229.433333333334,1357.0397755338163,5682.046241927459,13587.370283128039,17914.098607976284,0.0,0.0
2024-04-03,10358.0,21612.0,350.0,4,3,0,0,9579.0,14291.0,27066.0,0.0,854.0,2150.0,9960.0,31540.0,5176.0,0,0,1,0,0,0,0,10887.0,15120.0,14291.0,22630.0,14894.0,29210.0,11862.0,13013.714285714286,14598.285714285714,17575.066666666666,2016.2097868926787,5501.395170589746,12585.27771234603,17376.350310687492,0.0,0.0
2024-04-04,9498.0,13722.0,40.0,4,4,0,0,10358.0,13513.0,27896.0,350.0,235.0,3660.0,21612.0,25440.0,3902.0,0,0,0,1,0,0,0,9579.0,10887.0,13513.0,23850.0,12918.0,25120.0,10274.666666666666,12451.857142857143,13721.714285714286,17018.133333333335,2144.846026219689,5351.113675471283,12028.458284259523,16923.553516449592,0.0,0.0
2024-04-05,16183.0,14526.0,19805.0,4,5,1,0,9498.0,13438.0,29210.0,40.0,95.0,1734.0,13722.0,14851.0,3370.0,0,0,0,0,1,0,0,10358.0,9579.0,13438.0,12051.0,14500.0,25050.0,9811.666666666666,11878.285714285714,12696.57142857143,16404.866666666665,2341.6000736167175,5110.299442831311,11395.843713194641,16444.485547646393,0.0,0.0
2024-04-06,16015.0,26630.0,1396.0,4,6,1,0,16183.0,14268.0,25120.0,19805.0,352.0,11590.0,14526.0,16063.0,7032.0,0,0,0,0,0,1,0,9498.0,10358.0,14268.0,15614.0,14372.0,18474.0,12013.0,12270.42857142857,12991.714285714286,15970.633333333333,2826.0682261841334,4501.956199202737,12592.63278489598,16427.61551231437,0.0,0.0
2024-04-07,14388.0,10570.0,200.0,4,7,0,0,16015.0,15120.0,25050.0,1396.0,573.6,5260.0,26630.0,8403.6,13864.0,0,0,0,0,0,0,1,16183.0,9498.0,15120.0,11999.0,17118.0,15310.0,13898.666666666666,12520.0,13020.357142857143,15667.133333333333,3096.1129393698243,4157.62021397793,13448.224588671987,16400.995156681183,0.0,0.0
2024-04-08,9754.0,9072.0,356.0,4,8,0,1,14388.0,10887.0,18474.0,200.0,80.0,2442.0,10570.0,26630.0,2510.0,1,0,0,0,0,0,0,16015.0,16183.0,10887.0,12848.0,17556.0,22438.0,15528.666666666666,12415.42857142857,13191.0,15311.733333333334,3004.6732965578035,3765.071276820662,13683.168441503989,16271.12450141143,0.0,0.0
2024-04-09,12272.0,6574.0,888.0,4,9,0,1,9754.0,9579.0,15310.0,356.0,0.0,9801.0,9072.0,9960.0,10844.0,0,1,0,0,0,0,0,14388.0,16015.0,9579.0,14288.0,21914.0,19040.0,13385.666666666666,12253.57142857143,12970.0,15021.066666666668,3128.686990690216,3848.2013078510945,12700.87633112799,15850.664856159081,1.0,0.0
2024-04-10,12485.0,2374.5,200.0,4,10,0,1,12272.0,10358.0,22438.0,888.0,350.0,700.0,6574.0,21612.0,19518.0,0,0,1,0,0,0,0,9754.0,14388.0,10358.0,14291.0,22630.0,14894.0,12138.0,12638.285714285714,12826.0,14919.8,2902.385956087708,3880.1758882990966,12593.657248345993,15619.783252535915,1.0,0.0
2024-04-11,15404.0,2726.8,690.0,4,11,0,1,12485.0,9498.0,19040.0,200.0,40.0,380.0,2374.5,13722.0,15804.0,0,0,0,1,0,0,0,12272.0,9754.0,9498.0,13513.0,23850.0,12918.0,11503.666666666666,12942.142857142857,12697.0,14588.033333333333,2730.0963004120813,3632.800899878863,12566.492936259496,15417.539171727149,1.0,0.0
2024-04-12,17018.0,4421.0,1643.5,4,12,1,1,15404.0,16183.0,14894.0,690.0,19805.0,670.0,2726.8,14526.0,15970.0,0,0,0,0,1,0,0,12485.0,12272.0,16183.0,13438.0,12051.0,14500.0,13387.0,13785.857142857143,12832.07142857143,14466.833333333334,2378.2416073345184,3538.581150330034,13275.869702194621,15416.665676777011,1.0,0.0
2024-04-13,18324.0,5891.0,832.0,4,13,1,0,17018.0,16015.0,12918.0,1643.5,1396.0,1442.0,4421.0,26630.0,13265.0,0,0,0,0,0,1,0,15404.0,12485.0,16015.0,14268.0,15614.0,14372.0,14969.0,13905.142857142857,13087.785714285714,14537.633333333333,2534.332550434218,3568.5442843259157,14211.402276645966,15519.97756859785,1.0,0.0
2024-04-14,16731.0,2556.5,1561.0,4,14,0,0,18324.0,14388.0,14500.0,832.0,200.0,570.0,5891.0,10570.0,37984.0,0,0,0,0,0,0,1,17018.0,15404.0,14388.0,15120.0,11999.0,17118.0,16915.333333333332,14235.0,13377.5,14717.833333333334,2967.889541969726,3620.058773416291,15239.551707484474,15700.882241591537,0.0,0.0
2024-04-15,15738.0,1229.0,1150.0,4,15,0,0,16731.0,9754.0,14372.0,1561.0,356.0,300.0,2556.5,9072.0,56794.4,1,0,0,0,0,0,0,18324.0,17018.0,9754.0,10887.0,12848.0,17556.0,17357.666666666668,14569.714285714286,13492.57142857143,14792.2,3116.4237363943053,3638.2992275189886,15612.413780613355,15767.341451811439,0.0,1.0
2024-04-16,13255.0,9829.0,2104.0,4,16,0,0,15738.0,12272.0,17118.0,1150.0,888.0,0.0,1229.0,6574.0,34857.4,0,1,0,0,0,0,0,16731.0,18324.0,12272.0,9579.0,14288.0,21914.0,16931.0,15424.57142857143,13839.07142857143,14837.733333333334,2285.1295993256554,3641.4055067195645,15643.810335460017,15765.448454920379,0.0,1.0
2024-04-17,15053.0,3464.0,604.0,4,17,0,0,13255.0,12485.0,17556.0,2104.0,200.0,818.0,9829.0,2374.5,16813.4,0,0,1,0,0,0,0,15738.0,16731.0,12485.0,10358.0,14291.0,22630.0,15241.333333333334,15565.0,14101.642857142857,14708.966666666667,2080.1120162144985,3626.2604988813036,15046.607751595013,15603.484038473904,0.0,1.0
2024-04-18,12815.0,2909.0,3542.0,4,18,0,0,15053.0,15404.0,21914.0,604.0,690.0,882.0,3464.0,2726.8,27564.0,0,0,0,1,0,0,0,13255.0,15738.0,15404.0,9498.0,13513.0,23850.0,14682.0,15931.857142857143,14437.0,14625.533333333333,1622.4904137951296,3587.079868306385,15048.205813696259,15567.968939217524,0.0,1.0
2024-04-19,13137.0,7248.0,2219.0,4,19,1,0,12815.0,17018.0,22630.0,3542.0,1643.5,510.0,2909.0,4421.0,24950.0,0,0,0,0,1,0,0,15053.0,13255.0,17018.0,16183.0,13438.0,12051.0,13707.666666666666,15562.0,14673.92857142857,14322.233333333334,2011.361727785419,3324.639857948111,14489.904360272194,15390.358039913168,0.0,1.0
2024-04-20,13589.0,3919.8,1876.0,4,20,1,0,13137.0,18324.0,23850.0,2219.0,832.0,518.0,7248.0,5891.0,33412.0,0,0,0,0,0,1,0,12815.0,15053.0,18324.0,16015.0,14268.0,15614.0,13668.333333333334,15007.57142857143,14456.357142857143,14005.8,2076.9532057914926,2935.6639664882805,14151.678270204146,15244.980101854255,0.0,0.0
2024-04-21,11688.0,2563.9,700.0,4,21,0,0,13589.0,16731.0,12051.0,1876.0,1561.0,669.0,3919.8,2556.5,15275.0,0,0,0,0,0,0,1,13137.0,12815.0,16731.0,14388.0,15120.0,11999.0,13180.333333333334,14331.142857142857,14283.07142857143,13663.766666666666,1510.6932656423262,2271.8776175655207,14011.00870265311,15138.142675928175,0.0,0.0
2024-04-22,13251.0,2501.0,1190.0,4,22,0,0,11688.0,15738.0,15614.0,700.0,1150.0,1092.0,2563.9,1229.0,22651.0,1,0,0,0,0,0,0,13589.0,13137.0,15738.0,9754.0,10887.0,12848.0,12804.666666666666,13610.714285714286,14090.214285714286,13651.666666666666,1371.5522488875508,2281.708786963299,13430.256526989831,14915.552825868293,0.0,0.0
2024-04-23,14712.0,3123.6,878.0,4,23,0,0,13251.0,13255.0,11999.0,1190.0,2104.0,99.0,2501.0,9829.0,11974.0,0,1,0,0,0,0,0,11688.0,13589.0,13255.0,12272.0,9579.0,14288.0,12842.666666666666,13255.42857142857,14340.0,13572.9,1000.6154534656208,2252.227332036489,13385.442395242373,14808.162320973564,0.0,0.0
2024-04-24,12365.0,7427.0,1180.0,4,24,0,0,14712.0,15053.0,12848.0,878.0,604.0,180.0,3123.6,3464.0,10795.0,0,0,1,0,0,0,0,13251.0,11688.0,15053.0,12485.0,10358.0,14291.0,13217.0,13463.57142857143,14514.285714285714,13663.333333333334,1142.053976707849,2241.292366306581,13717.08179643178,14801.958300265595,0.0,0.0
2024-04-25,13807.0,2621.0,3317.2,4,25,0,0,12365.0,12815.0,14288.0,1180.0,3542.0,606.0,7427.0,2909.0,13767.0,0,0,0,1,0,0,0,14712.0,13251.0,12815.0,15404.0,9498.0,13513.0,13442.666666666666,13079.57142857143,14505.714285714286,13647.233333333334,955.170814940557,2249.072432303351,13379.061347323834,14644.735184119429,0.0,0.0
2024-04-26,12776.0,10863.5,344.0,4,26,1,0,13807.0,13137.0,14291.0,3317.2,2219.0,854.0,2621.0,7248.0,31540.0,0,0,0,0,1,0,0,12365.0,14712.0,13137.0,17018.0,16183.0,13438.0,13628.0,13221.285714285714,14391.642857142857,13631.2,982.5715774241735,2246.059452033439,13486.046010492875,14590.687752885917,0.0,0.0
2024-04-27,15429.0,2413.0,1952.0,4,27,1,0,12776.0,13589.0,13513.0,344.0,1876.0,235.0,10863.5,3919.8,25440.0,0,0,0,0,0,1,0,13807.0,12365.0,13589.0,18324.0,16015.0,14268.0,12982.666666666666,13169.714285714286,14088.642857142857,13580.7,997.0990780401387,2247.74394403162,13308.534507869655,14473.611123667471,0.0,0.0
2024-04-28,12200.0,4230.0,1951.0,4,28,0,0,15429.0,11688.0,13438.0,1952.0,700.0,95.0,2413.0,2563.9,14851.0,0,0,0,0,0,0,1,12776.0,13807.0,11688.0,16731.0,14388.0,15120.0,14004.0,13432.57142857143,13881.857142857143,13644.566666666668,1317.2037120535097,2272.8342731781213,13838.650880902242,14535.249115688926,0.0,0.0
2024-04-29,12362.0,3731.7,1157.0,4,29,0,0,12200.0,13251.0,14268.0,1951.0,1190.0,352.0,4230.0,2501.0,16063.0,1,0,0,0,0,0,0,15429.0,12776.0,13251.0,15738.0,9754.0,10887.0,13468.333333333334,13505.714285714286,13558.214285714286,13603.3,1214.3865000190417,2287.9030325183544,13428.988160676681,14384.587882418675,0.0,0.0
2024-04-30,12496.0,2979.0,40.0,4,30,0,0,12362.0,14712.0,15120.0,1157.0,878.0,573.6,3731.7,3123.6,8403.6,0,1,0,0,0,0,0,12200.0,15429.0,14712.0,13255.0,12272.0,9579.0,13330.333333333334,13378.714285714286,13317.07142857143,13539.766666666666,1289.6192867516484,2295.2605844597474,13162.241120507511,14254.098341617471,0.0,0.0
