Date,BreakFast,Dinner,Lunch,Month,Day,IsWeekend,IsHoliday,BreakFast_lag_1d,BreakFast_lag_1w,BreakFast_lag_1m,Lunch_lag_1d,Lunch_lag_1w,Lunch_lag_1m,Dinner_lag_1d,Dinner_lag_1w,Dinner_lag_1m,DayOfWeek_0,DayOfWeek_1,DayOfWeek_2,DayOfWeek_3,DayOfWeek_4,DayOfWeek_5,DayOfWeek_6,BreakFast_lag_2d,BreakFast_lag_3d,BreakFast_lag_7d,BreakFast_lag_14d,BreakFast_lag_21d,BreakFast_lag_28d,BreakFast_roll_mean_3,BreakFast_roll_mean_7,BreakFast_roll_mean_14,BreakFast_roll_mean_30,BreakFast_roll_std_7,BreakFast_roll_std_30,BreakFast_ema_7,BreakFast_ema_30,Holiday_Yesterday,Holiday_LastWeek
2023-03-02,310.0,0.0,285.0,3,2,0,0,205.0,0.0,420.0,415.0,265.0,0.0,0.0,0.0,0.0,0,0,0,1,0,0,0,0.0,270.0,0.0,135.0,125.0,20.0,158.33333333333334,124.28571428571429,80.35714285714286,101.83333333333333,131.70132153945184,122.63263989581277,126.15443028437059,144.46750734889517,0.0,0.0
2023-03-03,100.0,175.0,35.0,3,3,1,0,310.0,35.0,0.0,285.0,340.0,380.0,0.0,205.0,0.0,0,0,0,0,1,0,0,205.0,0.0,35.0,20.0,70.0,100.0,171.66666666666666,168.57142857142858,92.85714285714286,98.16666666666667,135.02204405559993,114.14210239972752,172.11582271327794,155.14702300380517,0.0,0.0
2023-03-04,0.0,235.0,0.0,3,4,1,0,100.0,305.0,20.0,35.0,0.0,125.0,175.0,330.0,0.0,0,0,0,0,0,1,0,310.0,205.0,305.0,45.0,20.0,20.0,205.0,177.85714285714286,98.57142857142857,101.5,126.25559865002494,112.62655716708356,154.08686703495846,151.58915055194677,0.0,0.0
2023-03-05,765.0,160.0,70.0,3,5,0,0,0.0,55.0,100.0,0.0,460.0,455.0,235.0,105.0,0.0,0,0,0,0,0,0,1,100.0,310.0,55.0,55.0,35.0,0.0,136.66666666666666,134.28571428571428,95.35714285714286,100.83333333333333,127.68543937572295,113.1834285827529,115.56515027621884,141.809205355047,0.0,0.0
2023-03-06,0.0,320.0,0.0,3,6,0,0,765.0,270.0,20.0,70.0,415.0,435.0,160.0,0.0,0.0,1,0,0,0,0,0,0,0.0,100.0,270.0,0.0,110.0,0.0,288.3333333333333,235.71428571428572,146.07142857142858,123.0,263.73011096302866,165.87074319564576,277.9238627071641,182.0150630740762,0.0,0.0
2023-03-07,225.0,135.0,0.0,3,7,0,0,0.0,0.0,0.0,0.0,570.0,20.0,320.0,0.0,0.0,0,1,0,0,0,0,0,765.0,0.0,0.0,0.0,155.0,185.0,255.0,197.14285714285714,146.07142857142858,122.33333333333333,277.27629335582014,166.33852754887076,208.4428970303731,170.27215577897454,0.0,0.0
2023-03-08,460.0,0.0,0.0,3,8,0,0,225.0,205.0,0.0,0.0,415.0,0.0,135.0,0.0,215.0,0,0,1,0,0,0,0,0.0,765.0,205.0,0.0,275.0,395.0,330.0,229.28571428571428,162.14285714285714,129.83333333333334,263.3031929707109,165.70374131279436,212.5821727727798,173.80298443839553,0.0,0.0
2023-03-09,0.0,0.0,285.0,3,9,0,0,460.0,310.0,185.0,0.0,285.0,245.0,0.0,0.0,0.0,0,0,0,1,0,0,0,225.0,0.0,310.0,0.0,135.0,125.0,228.33333333333334,265.7142857142857,195.0,145.16666666666666,276.68316072462994,174.33362453548125,274.43662957958486,192.26730802301518,0.0,0.0
2023-03-10,175.0,90.0,0.0,3,10,1,0,0.0,100.0,395.0,285.0,35.0,370.0,0.0,175.0,0.0,0,0,0,0,1,0,0,460.0,225.0,100.0,35.0,20.0,70.0,228.33333333333334,221.42857142857142,195.0,139.0,292.7557896625656,176.1386601124435,205.82747218468865,179.86296556991744,0.0,0.0
2023-03-11,110.0,0.0,105.0,3,11,1,0,175.0,0.0,125.0,0.0,0.0,160.0,90.0,235.0,0.0,0,0,0,0,0,1,0,0.0,460.0,0.0,305.0,45.0,20.0,211.66666666666666,232.14285714285714,205.0,131.66666666666666,288.9183440417197,169.57011230905565,198.12060413851648,179.54922585572922,0.0,0.0
2023-03-12,0.0,0.0,220.0,3,12,0,0,110.0,765.0,70.0,105.0,70.0,480.0,0.0,160.0,20.0,0,0,0,0,0,0,1,175.0,0.0,765.0,55.0,55.0,35.0,95.0,247.85714285714286,191.07142857142858,131.16666666666666,276.93045370720097,169.61255714194596,176.09045310388737,175.06217902632733,0.0,0.0
2023-03-13,337.5,0.0,90.0,3,13,0,0,0.0,0.0,20.0,220.0,0.0,0.0,0.0,320.0,505.0,1,0,0,0,0,0,0,110.0,175.0,0.0,270.0,0.0,110.0,95.0,138.57142857142858,187.14285714285714,128.83333333333334,168.59009178364852,170.95917708589104,132.06783982791552,163.76784489559654,0.0,0.0
2023-03-14,70.0,90.0,0.0,3,14,0,0,337.5,225.0,35.0,90.0,0.0,140.0,0.0,135.0,220.0,0,1,0,0,0,0,0,0.0,110.0,225.0,0.0,0.0,155.0,149.16666666666666,186.78571428571428,191.96428571428572,139.41666666666666,170.60379468788128,173.79348046050148,183.42587987093663,174.97637103136452,0.0,0.0
2023-03-15,330.0,0.0,140.0,3,15,0,0,70.0,460.0,110.0,0.0,0.0,20.0,90.0,0.0,0.0,0,0,1,0,0,0,0,337.5,0.0,460.0,205.0,0.0,275.0,135.83333333333334,164.64285714285714,196.96428571428572,140.58333333333334,174.82389097930192,173.18477691189543,155.06940990320248,168.20370193256684,0.0,0.0
2023-03-16,70.0,0.0,260.0,3,16,0,0,330.0,0.0,155.0,140.0,285.0,335.0,0.0,0.0,0.0,0,0,0,1,0,0,0,70.0,337.5,0.0,310.0,0.0,135.0,245.83333333333334,146.07142857142858,205.89285714285714,147.91666666666666,142.0523461531665,176.4717464605895,198.80205742740185,178.64217277562705,0.0,0.0
2023-03-17,150.0,0.0,295.0,3,17,1,0,70.0,175.0,275.0,260.0,0.0,110.0,0.0,90.0,35.0,0,0,0,0,1,0,0,330.0,70.0,175.0,100.0,35.0,20.0,156.66666666666666,156.07142857142858,188.75,145.08333333333334,132.17615410612348,177.0355547444585,166.60154307055137,171.6330003384898,0.0,0.0
2023-03-18,0.0,0.0,160.0,3,18,1,0,150.0,110.0,135.0,295.0,105.0,165.0,0.0,0.0,0.0,0,0,0,0,0,1,0,70.0,330.0,110.0,0.0,305.0,45.0,183.33333333333334,152.5,192.32142857142858,140.91666666666666,131.91695620098776,175.33524948692911,162.45115730291354,170.23732289729693,0.0,0.0
2023-03-19,35.0,0.0,180.0,3,19,0,0,0.0,0.0,20.0,160.0,220.0,275.0,0.0,0.0,0.0,0,0,0,0,0,0,1,150.0,70.0,0.0,765.0,55.0,55.0,73.33333333333333,136.78571428571428,192.32142857142858,136.41666666666666,143.83667159399263,177.21466056604976,121.83836797718516,159.25426980714875,0.0,0.0
2023-03-20,50.0,40.0,205.0,3,20,0,0,35.0,337.5,45.0,180.0,90.0,350.0,0.0,0.0,0.0,1,0,0,0,0,0,0,0.0,150.0,337.5,0.0,270.0,0.0,61.666666666666664,141.78571428571428,140.17857142857142,136.91666666666666,138.80977905718586,176.89574580825135,100.12877598288887,151.23786530346172,0.0,0.0
2023-03-21,80.0,0.0,35.0,3,21,0,0,50.0,70.0,55.0,205.0,0.0,155.0,40.0,90.0,0.0,0,1,0,0,0,0,0,35.0,0.0,70.0,225.0,0.0,0.0,28.333333333333332,100.71428571428571,143.75,137.08333333333334,110.99656794350935,176.8084919230181,87.59658198716664,144.70639012259323,0.0,0.0
2023-03-22,20.0,205.0,255.0,3,22,0,0,80.0,330.0,0.0,35.0,140.0,0.0,0.0,0.0,370.0,0,0,1,0,0,0,0,50.0,35.0,330.0,460.0,205.0,0.0,55.0,102.14285714285714,133.39285714285714,137.91666666666666,110.59901833715726,176.46686136756537,85.69743649037498,140.53178430823237,0.0,0.0
2023-03-23,140.0,0.0,0.0,3,23,0,0,20.0,70.0,0.0,255.0,260.0,55.0,205.0,0.0,0.0,0,0,0,1,0,0,0,80.0,50.0,70.0,0.0,310.0,0.0,50.0,57.857142857142854,101.96428571428571,138.58333333333334,49.14749424412383,175.9649300548135,69.27307736778124,132.75554015931417,0.0,0.0
2023-03-24,0.0,35.0,90.0,3,24,1,0,140.0,150.0,0.0,0.0,295.0,0.0,0.0,0.0,800.0,0,0,0,0,1,0,0,20.0,80.0,150.0,175.0,100.0,35.0,80.0,67.85714285714286,111.96428571428571,143.25,58.299309805601624,174.00845946538703,86.95480802583593,133.22292466516487,0.0,0.0
2023-03-25,0.0,35.0,1125.0,3,25,1,0,0.0,0.0,0.0,90.0,160.0,265.0,35.0,0.0,0.0,0,0,0,0,0,1,0,140.0,20.0,0.0,110.0,0.0,305.0,53.333333333333336,46.42857142857143,99.46428571428571,143.25,50.059488420801664,174.00845946538703,65.21610601937695,124.62789726741231,0.0,0.0
2023-03-26,195.0,0.0,410.0,3,26,0,0,0.0,35.0,35.0,1125.0,180.0,340.0,35.0,0.0,205.0,0,0,0,0,0,0,1,0.0,140.0,35.0,0.0,765.0,55.0,46.666666666666664,46.42857142857143,91.60714285714286,143.25,50.059488420801664,174.00845946538703,48.912079514532714,116.58738776628894,0.0,0.0
2023-03-27,90.0,50.0,715.0,3,27,0,0,195.0,50.0,305.0,410.0,205.0,0.0,0.0,40.0,330.0,1,0,0,0,0,0,0,0.0,0.0,50.0,337.5,0.0,270.0,65.0,69.28571428571429,105.53571428571429,148.58333333333334,74.52228813295673,173.02541587937273,85.43405963589953,121.64626597491547,0.0,0.0
2023-03-28,55.0,0.0,0.0,3,28,0,0,90.0,80.0,55.0,715.0,35.0,460.0,50.0,0.0,105.0,0,1,0,0,0,0,0,195.0,0.0,80.0,70.0,225.0,0.0,95.0,75.0,87.85714285714286,141.41666666666666,74.33034373659248,170.76107947763688,86.57554472692465,119.60457139588867,0.0,0.0
2023-03-29,360.0,0.0,0.0,3,29,0,0,55.0,20.0,270.0,0.0,255.0,415.0,0.0,205.0,0.0,0,0,1,0,0,0,0,90.0,195.0,20.0,330.0,460.0,205.0,113.33333333333333,71.42857142857143,86.78571428571429,141.41666666666666,74.64997687621238,170.76107947763688,78.68165854519349,115.43653453163779,0.0,0.0
2023-03-30,290.0,100.0,105.0,3,30,0,0,360.0,140.0,0.0,0.0,0.0,570.0,0.0,0.0,0.0,0,0,0,1,0,0,0,55.0,90.0,140.0,70.0,0.0,310.0,168.33333333333334,120.0,88.92857142857143,144.41666666666666,127.50816967290105,173.8604317049848,149.0112439088951,131.21482262637085,0.0,0.0
2023-03-31,90.0,0.0,40.0,3,31,1,0,290.0,0.0,205.0,105.0,90.0,415.0,100.0,35.0,0.0,0,0,0,0,1,0,0,360.0,55.0,0.0,150.0,175.0,100.0,235.0,141.42857142857142,104.64285714285714,154.08333333333334,143.08256024973497,173.61581066436224,184.25843293167134,141.4590276182179,0.0,0.0
2023-04-01,35.0,0.0,260.0,4,1,1,0,90.0,0.0,310.0,40.0,1125.0,285.0,0.0,35.0,0.0,0,0,0,0,0,1,0,290.0,360.0,0.0,0.0,110.0,0.0,246.66666666666666,154.28571428571428,100.35714285714286,150.25,131.85941286804197,173.72236818238622,160.6938246987535,138.13909035252644,0.0,0.0
2023-04-02,0.0,0.0,575.0,4,2,0,0,35.0,195.0,100.0,260.0,410.0,35.0,0.0,0.0,175.0,0,0,0,0,0,0,1,90.0,290.0,195.0,35.0,0.0,765.0,138.33333333333334,159.28571428571428,102.85714285714286,141.08333333333334,125.5464247276869,172.2514242638346,129.27036852406513,131.48495549107312,0.0,0.0
2023-04-03,40.0,35.0,645.0,4,3,0,0,0.0,90.0,0.0,575.0,715.0,0.0,0.0,50.0,235.0,1,0,0,0,0,0,0,35.0,90.0,90.0,50.0,337.5,0.0,41.666666666666664,131.42857142857142,100.35714285714286,137.75,137.3776511941409,174.0322378974258,96.95277639304885,123.00205513681034,0.0,0.0
2023-04-04,235.0,35.0,675.0,4,4,0,0,40.0,55.0,765.0,645.0,0.0,70.0,35.0,0.0,160.0,0,1,0,0,0,0,0,0.0,35.0,55.0,80.0,70.0,225.0,25.0,124.28571428571429,99.64285714285714,139.08333333333334,141.1390735949407,173.09117008362833,82.71458229478664,117.64708383766128,0.0,0.0
2023-04-05,35.0,0.0,325.0,4,5,0,0,235.0,360.0,0.0,675.0,0.0,0.0,35.0,0.0,320.0,0,0,1,0,0,0,0,40.0,0.0,360.0,20.0,330.0,460.0,91.66666666666667,150.0,110.71428571428571,121.41666666666667,142.79939308927982,128.24021662848028,120.78593672108998,125.2182397191025,0.0,0.0
2023-04-06,140.0,0.0,440.0,4,6,0,0,35.0,290.0,225.0,325.0,105.0,0.0,0.0,100.0,135.0,0,0,0,1,0,0,0,235.0,40.0,290.0,140.0,70.0,0.0,103.33333333333333,103.57142857142857,111.78571428571429,122.58333333333333,112.83152210686681,127.25294409800193,99.33945254081749,119.3977081243217,0.0,0.0
2023-04-07,115.0,0.0,250.0,4,7,1,0,140.0,90.0,460.0,440.0,40.0,0.0,0.0,0.0,0.0,0,0,0,0,1,0,0,35.0,235.0,90.0,0.0,150.0,175.0,136.66666666666666,82.14285714285714,111.78571428571429,119.75,81.38678961483565,125.83231521244514,109.50458940561312,120.7268882453332,0.0,0.0
2023-04-08,945.0,0.0,80.0,4,8,1,0,115.0,35.0,0.0,250.0,260.0,285.0,0.0,0.0,0.0,0,0,0,0,0,1,0,140.0,35.0,35.0,0.0,0.0,110.0,96.66666666666667,85.71428571428571,120.0,108.25,82.33208019096459,108.19273590887833,110.87844205420984,120.35741158434396,0.0,0.0
2023-04-09,285.0,0.0,190.0,4,9,0,0,945.0,0.0,175.0,80.0,575.0,0.0,0.0,0.0,90.0,0,0,0,0,0,0,1,115.0,140.0,0.0,195.0,35.0,0.0,400.0,215.71428571428572,187.5,139.75,331.20271450463395,185.52157370598394,319.4088315406574,173.5601592240637,0.0,0.0
2023-04-10,60.0,0.0,220.0,4,10,0,0,285.0,40.0,110.0,190.0,645.0,105.0,0.0,35.0,0.0,1,0,0,0,0,0,0,945.0,115.0,40.0,90.0,50.0,337.5,448.3333333333333,256.42857142857144,193.92857142857142,143.41666666666666,317.4995313082404,187.3205846584449,310.806623655493,180.74982637089832,0.0,0.0
2023-04-11,35.0,0.0,135.0,4,11,0,0,60.0,235.0,0.0,220.0,675.0,220.0,0.0,35.0,0.0,0,1,0,0,0,0,0,285.0,945.0,235.0,55.0,80.0,70.0,430.0,259.2857142857143,191.78571428571428,141.75,315.30974944526855,187.84984603446557,248.10496774161976,172.9595149921307,0.0,0.0
2023-04-12,195.0,0.0,310.0,4,12,0,0,35.0,35.0,337.5,135.0,325.0,90.0,0.0,0.0,0.0,0,0,1,0,0,0,0,60.0,285.0,35.0,360.0,20.0,330.0,126.66666666666667,230.71428571428572,190.35714285714286,142.91666666666666,326.7316504848763,187.04609810442975,194.82872580621483,164.05890112167066,0.0,0.0
2023-04-13,245.0,35.0,235.0,4,13,0,0,195.0,140.0,70.0,310.0,440.0,0.0,0.0,0.0,90.0,0,0,0,1,0,0,0,35.0,60.0,140.0,290.0,140.0,70.0,96.66666666666667,253.57142857142858,178.57142857142858,138.16666666666666,316.18446996590296,183.7139987407964,194.87154435466113,166.05510104930482,0.0,0.0
2023-04-14,40.0,0.0,0.0,4,14,1,0,245.0,115.0,330.0,235.0,250.0,140.0,35.0,0.0,0.0,0,0,0,0,1,0,0,195.0,35.0,115.0,90.0,0.0,150.0,158.33333333333334,268.57142857142856,175.35714285714286,144.0,312.3661618159352,184.25245050539053,207.40365826599583,171.14832033644646,0.0,0.0
2023-04-15,90.0,0.0,0.0,4,15,1,0,40.0,945.0,70.0,0.0,80.0,260.0,0.0,0.0,0.0,0,0,0,0,0,1,0,245.0,195.0,945.0,35.0,0.0,0.0,160.0,257.85714285714283,171.78571428571428,134.33333333333334,319.71155154369404,181.74789916412985,165.5527436994969,162.6871383792564,0.0,0.0
2023-04-16,35.0,0.0,230.0,4,16,0,0,90.0,285.0,150.0,0.0,190.0,295.0,0.0,0.0,0.0,0,0,0,0,0,0,1,40.0,245.0,285.0,0.0,195.0,35.0,125.0,135.71428571428572,175.71428571428572,135.0,103.98030949129124,181.5403441434552,146.66455777462266,157.9976455805947,0.0,0.0
2023-04-17,0.0,0.0,45.0,4,17,0,0,35.0,60.0,0.0,230.0,220.0,160.0,0.0,0.0,0.0,1,0,0,0,0,0,0,90.0,40.0,60.0,40.0,90.0,50.0,55.0,100.0,178.21428571428572,131.16666666666666,85.440037453175,182.4246813559396,118.748418330967,150.06231360765312,0.0,0.0
2023-04-18,0.0,0.0,280.0,4,18,0,0,0.0,35.0,35.0,45.0,135.0,180.0,0.0,0.0,0.0,0,1,0,0,0,0,0,35.0,90.0,35.0,235.0,55.0,80.0,41.666666666666664,91.42857142857143,175.35714285714286,131.16666666666666,92.81317640446134,182.4246813559396,89.06131374822525,140.3808740200626,0.0,0.0
2023-04-19,45.0,0.0,45.0,4,19,0,0,0.0,195.0,50.0,280.0,310.0,205.0,0.0,0.0,40.0,0,0,1,0,0,0,0,0.0,35.0,195.0,35.0,360.0,20.0,11.666666666666666,86.42857142857143,158.57142857142858,130.0,97.19886340703268,183.17129725459455,66.79598531116893,131.32404343812308,0.0,0.0
2023-04-20,0.0,0.0,235.0,4,20,0,1,45.0,245.0,80.0,45.0,235.0,35.0,0.0,35.0,0.0,0,0,0,1,0,0,0,0.0,0.0,245.0,140.0,290.0,140.0,15.0,65.0,159.28571428571428,129.83333333333334,85.04900548115351,183.24885723562076,61.346988983376704,125.7547503130829,0.0,0.0
2023-04-21,0.0,35.0,105.0,4,21,1,1,0.0,40.0,20.0,235.0,0.0,255.0,0.0,0.0,205.0,0,0,0,0,1,0,0,45.0,0.0,40.0,115.0,90.0,0.0,15.0,30.0,149.28571428571428,127.16666666666667,33.29164059239616,184.5763244303827,46.010241737532525,117.64154061546465,1.0,0.0
2023-04-22,205.0,35.0,280.0,4,22,1,1,0.0,90.0,140.0,105.0,0.0,0.0,35.0,0.0,0.0,0,0,0,0,0,1,0,0.0,45.0,90.0,945.0,35.0,0.0,15.0,24.285714285714285,141.07142857142858,126.5,34.69252698451606,185.01234814335297,34.5076813031494,110.05176380156371,1.0,0.0
2023-04-23,0.0,0.0,45.0,4,23,0,1,205.0,35.0,0.0,280.0,230.0,90.0,35.0,0.0,35.0,0,0,0,0,0,0,1,0.0,0.0,35.0,285.0,0.0,195.0,68.33333333333333,40.714285714285715,88.21428571428571,128.66666666666666,74.91264754301979,185.55570468252893,77.13076097736204,116.17745645952733,1.0,0.0
2023-04-24,35.0,0.0,20.0,4,24,0,0,0.0,0.0,0.0,45.0,45.0,1125.0,0.0,0.0,35.0,1,0,0,0,0,0,0,205.0,0.0,0.0,60.0,40.0,90.0,68.33333333333333,35.714285714285715,67.85714285714286,128.66666666666666,76.50863630056006,185.55570468252893,57.84807073302153,108.68213668794493,1.0,0.0
2023-04-25,235.0,0.0,0.0,4,25,0,0,35.0,0.0,195.0,20.0,280.0,410.0,0.0,0.0,0.0,0,1,0,0,0,0,0,0.0,205.0,0.0,35.0,235.0,55.0,80.0,40.714285714285715,66.07142857142857,129.83333333333334,74.91264754301979,184.82742805362938,52.13605304976615,103.928450450013,0.0,0.0
2023-04-26,35.0,0.0,105.0,4,26,0,0,235.0,45.0,90.0,0.0,45.0,715.0,0.0,0.0,50.0,0,0,1,0,0,0,0,35.0,0.0,45.0,195.0,35.0,360.0,90.0,74.28571428571429,80.35714285714286,131.16666666666666,101.54754926587205,185.456953520744,97.85203978732461,112.38467945323796,0.0,0.0
2023-04-27,195.0,20.0,20.0,4,27,0,0,35.0,0.0,55.0,105.0,235.0,0.0,0.0,0.0,0.0,0,0,0,1,0,0,0,235.0,35.0,0.0,245.0,140.0,290.0,101.66666666666667,72.85714285714286,68.92857142857143,129.33333333333334,102.09705932988213,186.14850084761923,82.13902984049346,107.39211948851295,0.0,1.0
2023-04-28,0.0,0.0,60.0,4,28,1,0,195.0,0.0,360.0,20.0,105.0,0.0,20.0,35.0,0.0,0,0,0,0,1,0,0,35.0,235.0,0.0,40.0,115.0,90.0,155.0,100.71428571428571,65.35714285714286,134.0,105.4525395390649,185.97552675479682,110.3542723803701,113.0442408118347,0.0,1.0
2023-04-29,70.0,0.0,60.0,4,29,1,0,0.0,205.0,290.0,60.0,280.0,105.0,0.0,35.0,100.0,0,0,0,0,0,1,0,195.0,35.0,205.0,90.0,945.0,35.0,76.66666666666667,100.71428571428571,62.5,122.0,105.4525395390649,182.47153769551437,82.76570428527758,105.75106398526472,0.0,1.0
2023-04-30,60.0,0.0,420.0,4,30,0,0,70.0,0.0,90.0,60.0,45.0,40.0,0.0,0.0,0.0,0,0,0,0,0,0,1,0.0,195.0,0.0,35.0,285.0,0.0,88.33333333333333,81.42857142857143,61.07142857142857,114.66666666666667,95.03132315690618,179.8894935371643,79.57427821395818,103.44454372815088,0.0,1.0
2023-05-01,180.0,0.0,300.0,5,1,0,0,60.0,35.0,35.0,420.0,20.0,260.0,0.0,0.0,0.0,1,0,0,0,0,0,0,70.0,0.0,35.0,0.0,60.0,40.0,43.333333333333336,90.0,62.857142857142854,113.66666666666667,88.97565210026065,180.11458677135533,74.68070866046864,100.64166993923793,0.0,0.0
2023-05-02,0.0,70.0,145.0,5,2,0,0,180.0,235.0,0.0,300.0,0.0,575.0,0.0,0.0,0.0,0,1,0,0,0,0,0,60.0,70.0,235.0,0.0,35.0,235.0,103.33333333333333,110.71428571428571,75.71428571428571,118.5,90.8950205561598,179.87615471341041,101.01053149535147,105.76156220122257,0.0,0.0
2023-05-03,365.0,0.0,0.0,5,3,0,0,0.0,35.0,40.0,145.0,105.0,645.0,70.0,0.0,35.0,0,0,1,0,0,0,0,180.0,60.0,35.0,45.0,195.0,35.0,80.0,77.14285714285714,75.71428571428571,118.5,80.09666778634517,179.87615471341041,75.7578986215136,98.93823560759532,0.0,0.0
2023-05-04,160.0,225.0,0.0,5,4,0,0,365.0,195.0,235.0,0.0,20.0,675.0,0.0,20.0,35.0,0,0,0,1,0,0,0,0.0,180.0,195.0,0.0,245.0,140.0,181.66666666666666,124.28571428571429,98.57142857142857,129.33333333333334,131.66968049594678,184.70728629156838,148.06842396613519,116.10351072968595,0.0,0.0
2023-05-05,110.0,185.0,475.0,5,5,1,0,160.0,0.0,35.0,0.0,60.0,325.0,225.0,0.0,0.0,0,0,0,0,1,0,0,365.0,0.0,0.0,0.0,40.0,115.0,175.0,119.28571428571429,110.0,126.83333333333333,129.17780289935538,183.7327675866705,151.05131797460137,118.93554229551268,0.0,0.0
2023-05-06,105.0,280.0,195.0,5,6,1,0,110.0,70.0,140.0,475.0,60.0,440.0,185.0,0.0,0.0,0,0,0,0,0,1,0,160.0,365.0,70.0,205.0,90.0,945.0,211.66666666666666,135.0,117.85714285714286,129.33333333333334,118.49753865235604,182.94870834487318,140.78848848095103,118.35905569580218,0.0,0.0
2023-05-07,140.0,35.0,365.0,5,7,0,0,105.0,60.0,115.0,195.0,420.0,250.0,280.0,0.0,0.0,0,0,0,0,0,0,1,110.0,160.0,60.0,0.0,35.0,285.0,125.0,140.0,110.71428571428571,128.16666666666666,116.01005703529881,182.98993440064956,131.84136636071327,117.4971811347827,0.0,0.0
2023-05-08,40.0,140.0,0.0,5,8,0,0,140.0,180.0,945.0,365.0,300.0,80.0,35.0,0.0,0.0,1,0,0,0,0,0,0,105.0,110.0,180.0,35.0,0.0,60.0,118.33333333333333,151.42857142857142,120.71428571428571,129.0,110.6313053086045,182.9848307261071,133.88102477053496,118.9489759002806,0.0,0.0
2023-05-09,0.0,0.0,170.0,5,9,0,0,40.0,0.0,285.0,0.0,145.0,190.0,140.0,70.0,0.0,0,1,0,0,0,0,0,140.0,105.0,0.0,235.0,0.0,35.0,95.0,131.42857142857142,121.07142857142857,98.83333333333333,117.0724236571206,99.27047112198879,110.41076857790122,113.85549358413347,0.0,0.0
2023-05-10,245.0,0.0,95.0,5,10,0,0,0.0,365.0,60.0,170.0,0.0,220.0,0.0,0.0,0.0,0,0,1,0,0,0,0,40.0,140.0,365.0,35.0,45.0,195.0,60.0,131.42857142857142,104.28571428571429,89.33333333333333,117.0724236571206,94.35564903993364,82.80807643342592,106.50997786902809,0.0,0.0
2023-05-11,70.0,0.0,35.0,5,11,0,0,245.0,160.0,35.0,95.0,0.0,135.0,0.0,225.0,0.0,0,0,0,1,0,0,0,0.0,40.0,160.0,195.0,0.0,245.0,95.0,114.28571428571429,119.28571428571429,95.5,80.12638825778963,98.33396648929221,123.35605732506944,115.44481800651016,0.0,0.0
2023-05-12,0.0,125.0,35.0,5,12,1,0,70.0,110.0,195.0,35.0,475.0,310.0,0.0,185.0,0.0,0,0,0,0,1,0,0,245.0,0.0,110.0,0.0,0.0,40.0,105.0,101.42857142857143,110.35714285714286,96.66666666666667,78.7778673292971,97.79758594204642,110.01704299380208,112.51289426415467,0.0,0.0
2023-05-13,625.0,190.0,335.0,5,13,1,0,0.0,105.0,245.0,35.0,195.0,235.0,125.0,280.0,35.0,0,0,0,0,0,1,0,70.0,245.0,105.0,70.0,205.0,90.0,105.0,85.71428571428571,110.35714285714286,90.16666666666667,87.29397513710812,97.5164295028715,82.51278224535156,105.25399786001566,0.0,0.0
2023-05-14,20.0,0.0,395.0,5,14,0,0,625.0,140.0,40.0,335.0,365.0,0.0,190.0,35.0,0.0,0,0,0,0,0,0,1,0.0,70.0,140.0,60.0,0.0,35.0,231.66666666666666,160.0,150.0,102.83333333333333,222.69186484168344,135.57466026417742,218.13458668401367,138.78599799807918,0.0,0.0
2023-05-15,0.0,320.0,0.0,5,15,0,0,20.0,40.0,90.0,395.0,0.0,0.0,0.0,140.0,0.0,1,0,0,0,0,0,0,625.0,0.0,40.0,180.0,35.0,0.0,215.0,142.85714285714286,147.14285714285714,102.16666666666667,229.01705072725363,135.9429604861801,168.60094001301024,131.12238522400955,0.0,0.0
2023-05-16,0.0,0.0,585.0,5,16,0,0,0.0,0.0,35.0,0.0,170.0,230.0,320.0,0.0,0.0,0,1,0,0,0,0,0,20.0,625.0,0.0,0.0,235.0,0.0,215.0,137.14285714285714,134.28571428571428,99.16666666666667,232.48399842528832,137.20789243744852,126.45070500975768,122.66287649987991,0.0,0.0
2023-05-17,125.0,0.0,40.0,5,17,0,0,0.0,245.0,0.0,585.0,95.0,45.0,0.0,0.0,0.0,0,0,1,0,0,0,0,0.0,20.0,245.0,365.0,35.0,45.0,6.666666666666667,137.14285714285714,134.28571428571428,98.0,232.48399842528832,137.9192667393901,94.83802875731826,114.74914253214574,0.0,0.0
2023-05-18,205.0,0.0,50.0,5,18,0,0,125.0,70.0,0.0,40.0,35.0,280.0,0.0,0.0,0.0,0,0,0,1,0,0,0,0.0,0.0,70.0,160.0,195.0,0.0,41.666666666666664,120.0,117.14285714285714,102.16666666666667,227.57782551616629,136.73964269756402,102.37852156798868,115.41048817523311,0.0,0.0
2023-05-19,250.0,0.0,50.0,5,19,1,0,205.0,0.0,45.0,50.0,35.0,45.0,0.0,125.0,0.0,0,0,0,0,1,0,0,125.0,0.0,0.0,110.0,0.0,0.0,110.0,139.28571428571428,120.35714285714286,109.0,228.35331855534318,136.58015203913956,128.03389117599153,121.19045668005678,0.0,0.0
2023-05-20,0.0,40.0,580.0,5,20,1,0,250.0,625.0,0.0,50.0,335.0,235.0,0.0,190.0,0.0,0,0,0,0,0,1,0,205.0,125.0,625.0,105.0,70.0,205.0,193.33333333333334,175.0,130.35714285714286,115.83333333333333,222.4110309014969,138.38404416030383,158.52541838199363,129.50074979747248,0.0,0.0
2023-05-21,120.0,0.0,80.0,5,21,0,0,0.0,20.0,0.0,580.0,395.0,105.0,40.0,0.0,35.0,0,0,0,0,0,0,1,250.0,205.0,20.0,140.0,60.0,0.0,151.66666666666666,85.71428571428571,122.85714285714286,115.83333333333333,107.33237207496187,138.38404416030383,118.89406378649522,121.14586271376459,0.0,0.0
2023-05-22,0.0,130.0,255.0,5,22,0,0,120.0,0.0,205.0,80.0,0.0,280.0,0.0,320.0,35.0,1,0,0,0,0,0,0,0.0,250.0,0.0,40.0,180.0,35.0,123.33333333333333,100.0,121.42857142857143,119.83333333333333,103.72238588334386,136.64378137517178,119.17054783987142,121.0719360870701,0.0,0.0
2023-05-23,110.0,65.0,85.0,5,23,0,0,0.0,0.0,0.0,255.0,585.0,45.0,130.0,0.0,0.0,0,1,0,0,0,0,0,120.0,0.0,0.0,0.0,0.0,235.0,40.0,100.0,118.57142857142857,113.0,103.72238588334386,137.36184281695176,89.37791087990357,113.2608434362914,0.0,0.0
2023-05-24,605.0,75.0,0.0,5,24,0,0,110.0,125.0,35.0,85.0,40.0,20.0,65.0,0.0,0.0,0,0,1,0,0,0,0,0.0,120.0,125.0,245.0,365.0,35.0,76.66666666666667,115.71428571428571,126.42857142857143,116.66666666666667,93.9161226586684,135.6995498006237,94.53343315992768,113.05046644040164,0.0,0.0
2023-05-25,550.0,0.0,405.0,5,25,0,0,605.0,205.0,235.0,0.0,50.0,0.0,75.0,0.0,0.0,0,0,0,1,0,0,0,110.0,0.0,205.0,70.0,160.0,195.0,238.33333333333334,184.28571428571428,152.14285714285714,135.66666666666666,207.89477649820364,161.3506212832964,222.15007486994577,144.78914602489186,0.0,0.0
2023-05-26,645.0,0.0,70.0,5,26,1,0,550.0,250.0,35.0,405.0,50.0,105.0,0.0,0.0,0.0,0,0,0,0,1,0,0,605.0,110.0,250.0,0.0,110.0,0.0,421.6666666666667,233.57142857142858,186.42857142857142,146.16666666666666,250.2118150306902,177.48085537034268,304.1125561524593,170.93178176522144,0.0,0.0
2023-05-27,55.0,585.0,0.0,5,27,1,0,645.0,0.0,195.0,70.0,580.0,20.0,0.0,40.0,20.0,0,0,0,0,0,1,0,550.0,605.0,0.0,625.0,105.0,70.0,600.0,290.0,232.5,166.5,295.0564917661248,198.0558524498965,389.3344171143445,201.5168281029491,0.0,0.0
2023-05-28,40.0,170.0,170.0,5,28,0,0,55.0,120.0,0.0,0.0,80.0,60.0,585.0,0.0,0.0,0,0,0,0,0,0,1,645.0,550.0,120.0,20.0,140.0,60.0,416.6666666666667,297.85714285714283,191.78571428571428,161.83333333333334,286.6597452099081,199.00824507842734,305.7508128357584,192.06412951566207,0.0,0.0
2023-05-29,105.0,40.0,160.0,5,29,0,0,40.0,0.0,70.0,170.0,255.0,60.0,170.0,130.0,0.0,1,0,0,0,0,0,0,55.0,645.0,0.0,0.0,40.0,180.0,246.66666666666666,286.42857142857144,193.21428571428572,163.16666666666666,296.36287281127557,198.01812583932696,239.3131096268188,182.25354051465163,0.0,0.0
2023-05-30,505.0,0.0,0.0,5,30,0,0,105.0,110.0,60.0,160.0,85.0,420.0,40.0,65.0,0.0,0,1,0,0,0,0,0,40.0,55.0,110.0,0.0,0.0,0.0,66.66666666666667,301.42857142857144,200.71428571428572,164.33333333333334,281.74625530954677,197.5528446689179,205.7348322201141,177.26944112660962,0.0,0.0
2023-05-31,445.0,0.0,105.0,5,31,0,0,505.0,605.0,180.0,0.0,0.0,300.0,0.0,75.0,0.0,0,0,1,0,0,0,0,105.0,40.0,605.0,125.0,245.0,365.0,216.66666666666666,357.85714285714283,236.78571428571428,179.16666666666666,276.5239161274773,205.97574067624186,280.5511241650856,198.41334815069933,0.0,0.0
2023-06-01,70.0,55.0,175.0,6,1,0,0,445.0,550.0,0.0,105.0,405.0,145.0,0.0,0.0,70.0,0,0,0,1,0,0,0,505.0,105.0,550.0,205.0,70.0,160.0,351.6666666666667,335.0,259.64285714285717,188.0,258.7308769100947,211.61774255840942,321.6633431238142,214.32216439904133,0.0,0.0
2023-06-02,40.0,0.0,135.0,6,2,1,0,70.0,645.0,365.0,175.0,70.0,0.0,55.0,0.0,0.0,0,0,0,0,1,0,0,445.0,505.0,645.0,250.0,0.0,110.0,340.0,266.42857142857144,250.0,190.33333333333334,255.84360922437034,209.85189084674462,258.7475073428606,205.01105701845802,0.0,0.0
2023-06-03,125.0,110.0,355.0,6,3,1,0,40.0,55.0,160.0,135.0,0.0,0.0,0.0,585.0,225.0,0,0,0,0,0,1,0,70.0,445.0,55.0,0.0,625.0,105.0,185.0,180.0,235.0,179.5,203.4698994937579,208.91076299834754,204.06063050714545,194.36518237210592,0.0,0.0
2023-06-04,55.0,0.0,90.0,6,4,0,0,125.0,40.0,110.0,355.0,170.0,475.0,110.0,170.0,185.0,0,0,0,0,0,0,1,40.0,70.0,40.0,120.0,20.0,140.0,78.33333333333333,190.0,243.92857142857142,178.33333333333334,197.9478045681065,209.12103958091424,184.29547288035909,189.89000931584104,0.0,0.0
2023-06-05,105.0,0.0,295.0,6,5,0,0,55.0,105.0,105.0,90.0,160.0,195.0,0.0,40.0,280.0,1,0,0,0,0,0,0,125.0,40.0,105.0,0.0,0.0,40.0,73.33333333333333,192.14285714285714,239.28571428571428,176.5,196.1261741595857,209.9800893680982,151.97160466026932,181.18742806965778,0.0,0.0
2023-06-06,145.0,45.0,115.0,6,6,0,0,105.0,505.0,140.0,295.0,0.0,365.0,0.0,0.0,35.0,0,1,0,0,0,0,0,55.0,125.0,505.0,110.0,0.0,0.0,95.0,192.14285714285714,246.78571428571428,176.5,196.1261741595857,209.9800893680982,140.22870349520198,176.27211012967987,0.0,0.0
2023-06-07,220.0,0.0,45.0,6,7,0,0,145.0,445.0,40.0,115.0,105.0,0.0,45.0,0.0,140.0,0,0,1,0,0,0,0,105.0,55.0,445.0,605.0,125.0,245.0,101.66666666666667,140.71428571428572,249.28571428571428,176.66666666666666,139.41630020160744,209.9521018172271,141.42152762140148,174.25455463744245,0.0,0.0
2023-06-08,385.0,35.0,40.0,6,8,0,0,220.0,70.0,0.0,45.0,175.0,170.0,0.0,55.0,0.0,0,0,0,1,0,0,0,145.0,105.0,70.0,550.0,205.0,70.0,156.66666666666666,108.57142857142857,221.78571428571428,182.66666666666666,62.029179001652274,208.47861600973215,161.0661457160511,177.20587369309132,0.0,0.0
2023-06-09,430.0,0.0,85.0,6,9,1,0,385.0,40.0,245.0,40.0,135.0,95.0,35.0,0.0,0.0,0,0,0,0,1,0,0,220.0,145.0,40.0,645.0,250.0,0.0,250.0,153.57142857142858,210.0,195.5,118.20583339082302,208.696075008942,217.04960928703832,190.6119463580532,0.0,0.0
2023-06-10,70.0,0.0,90.0,6,10,1,0,430.0,125.0,70.0,85.0,355.0,35.0,0.0,110.0,0.0,0,0,0,0,0,1,0,385.0,220.0,125.0,55.0,0.0,625.0,345.0,209.28571428571428,194.64285714285714,201.66666666666666,144.69590444067416,212.9000628971471,270.28720696527876,206.05633691559817,0.0,0.0
2023-06-11,35.0,0.0,70.0,6,11,0,0,70.0,55.0,0.0,90.0,90.0,35.0,0.0,0.0,125.0,0,0,0,0,0,0,1,430.0,385.0,55.0,40.0,120.0,20.0,295.0,201.42857142857142,195.71428571428572,201.66666666666666,151.3746534737096,212.9000628971471,220.21540522395907,197.27850872749508,0.0,0.0
2023-06-12,115.0,0.0,220.0,6,12,0,0,35.0,105.0,625.0,70.0,295.0,335.0,0.0,0.0,190.0,1,0,0,0,0,0,0,70.0,430.0,105.0,105.0,0.0,0.0,178.33333333333334,198.57142857142858,195.35714285714286,202.83333333333334,154.750182706254,211.85015578409926,173.9115539179693,186.8089275192696,0.0,0.0
2023-06-13,180.0,0.0,35.0,6,13,0,0,115.0,145.0,20.0,220.0,115.0,395.0,0.0,45.0,0.0,0,1,0,0,0,0,0,35.0,70.0,145.0,505.0,110.0,0.0,73.33333333333333,200.0,196.07142857142858,185.83333333333334,153.7855649922968,196.72790299317472,159.18366543847696,182.17609348576832,0.0,0.0
2023-06-14,280.0,0.0,140.0,6,14,0,0,180.0,220.0,0.0,35.0,45.0,0.0,0.0,0.0,320.0,0,0,1,0,0,0,0,115.0,35.0,220.0,445.0,605.0,125.0,110.0,205.0,172.85714285714286,191.16666666666666,152.26074127408313,194.23005970228712,164.38774907885772,182.03570035765426,0.0,0.0
2023-06-15,150.0,70.0,45.0,6,15,0,0,280.0,385.0,0.0,140.0,40.0,585.0,0.0,35.0,0.0,0,0,0,1,0,0,0,180.0,115.0,385.0,70.0,550.0,205.0,191.66666666666666,213.57142857142858,161.07142857142858,200.5,154.9116491669332,191.43446704398295,193.2908118091433,188.35597775393464,0.0,0.0
2023-06-16,70.0,0.0,35.0,6,16,1,0,150.0,430.0,125.0,45.0,85.0,40.0,70.0,0.0,0.0,0,0,0,0,1,0,0,280.0,180.0,430.0,40.0,645.0,250.0,203.33333333333334,180.0,166.78571428571428,205.5,135.8614490329515,187.94418650593934,182.46810885685747,185.8813985440034,0.0,0.0
2023-06-17,0.0,0.0,125.0,6,17,1,0,70.0,70.0,205.0,35.0,90.0,50.0,0.0,0.0,0.0,0,0,0,0,0,1,0,150.0,280.0,70.0,125.0,55.0,0.0,166.66666666666666,128.57142857142858,168.92857142857142,203.66666666666666,83.50220983674029,189.02167971504974,154.3510816426431,178.40517928309998,0.0,0.0
2023-06-18,45.0,0.0,35.0,6,18,0,0,0.0,35.0,250.0,125.0,70.0,50.0,0.0,0.0,0.0,0,0,0,0,0,0,1,70.0,150.0,35.0,55.0,40.0,120.0,73.33333333333333,118.57142857142857,160.0,196.83333333333334,95.07515823960365,192.64261771715923,115.76331123198233,166.89516771644838,0.0,0.0
2023-06-19,50.0,0.0,35.0,6,19,0,0,45.0,115.0,0.0,35.0,220.0,580.0,0.0,0.0,40.0,1,0,0,0,0,0,0,0.0,70.0,115.0,105.0,105.0,0.0,38.333333333333336,120.0,159.28571428571428,190.0,93.67496997597577,194.32021209227364,98.07248342398674,159.03096334764527,0.0,0.0
2023-06-20,0.0,0.0,260.0,6,20,0,0,50.0,180.0,120.0,35.0,35.0,80.0,0.0,0.0,0.0,0,1,0,0,0,0,0,45.0,0.0,180.0,145.0,505.0,110.0,31.666666666666668,110.71428571428571,155.35714285714286,191.66666666666666,97.40074312809284,192.84321545526677,86.05436256799005,151.9967076477972,0.0,0.0
2023-06-21,20.0,0.0,60.0,6,21,0,0,0.0,280.0,0.0,260.0,140.0,255.0,0.0,0.0,130.0,0,0,1,0,0,0,0,50.0,45.0,280.0,220.0,445.0,605.0,31.666666666666668,85.0,145.0,187.66666666666666,99.79144919948452,195.60574939250202,64.54077192599254,142.1904684447135,0.0,0.0
2023-06-22,55.0,70.0,20.0,6,22,0,0,20.0,150.0,110.0,60.0,45.0,85.0,0.0,70.0,65.0,0,0,0,1,0,0,0,0.0,50.0,150.0,385.0,70.0,550.0,23.333333333333332,47.857142857142854,130.71428571428572,188.33333333333334,52.11023114970958,194.97715751857444,53.40557894449441,134.3072124160223,0.0,0.0
2023-06-23,140.0,115.0,230.0,6,23,1,0,55.0,70.0,605.0,20.0,35.0,0.0,70.0,0.0,75.0,0,0,0,0,1,0,0,20.0,0.0,70.0,430.0,40.0,645.0,25.0,34.285714285714285,107.14285714285714,186.5,27.753163697821346,195.99502984549875,53.804184208370806,129.19061806660153,0.0,0.0
2023-06-24,0.0,0.0,575.0,6,24,1,0,140.0,0.0,550.0,230.0,125.0,405.0,115.0,0.0,0.0,0,0,0,0,0,1,0,55.0,20.0,0.0,70.0,125.0,55.0,71.66666666666667,44.285714285714285,86.42857142857143,171.0,47.99553550666354,179.4455060879832,75.3531381562781,129.88799754617563,0.0,0.0
2023-06-25,105.0,0.0,470.0,6,25,0,0,0.0,45.0,645.0,575.0,35.0,70.0,0.0,0.0,0.0,0,0,0,0,0,0,1,140.0,55.0,45.0,35.0,55.0,40.0,65.0,44.285714285714285,81.42857142857143,152.66666666666666,47.995535506663536,167.0573581723961,56.51485361720858,121.50812673674494,0.0,0.0
2023-06-26,210.0,160.0,300.0,6,26,0,0,105.0,50.0,55.0,470.0,35.0,0.0,0.0,0.0,585.0,1,0,0,0,0,0,0,0.0,140.0,50.0,115.0,105.0,105.0,81.66666666666667,52.857142857142854,86.42857142857143,134.66666666666666,53.217880990723664,138.89920268218654,68.63614021290644,120.44308630211624,0.0,0.0
2023-06-27,0.0,220.0,20.0,6,27,0,0,210.0,0.0,40.0,300.0,260.0,170.0,160.0,0.0,170.0,0,1,0,0,0,0,0,105.0,0.0,0.0,180.0,145.0,505.0,105.0,75.71428571428571,93.21428571428571,139.83333333333334,79.60467801520667,138.71630273215249,103.97710515967984,126.22095170197971,0.0,0.0
2023-06-28,175.0,0.0,0.0,6,28,0,1,0.0,20.0,105.0,20.0,60.0,160.0,220.0,0.0,40.0,0,0,1,0,0,0,0,210.0,105.0,20.0,280.0,220.0,445.0,105.0,75.71428571428571,80.35714285714286,138.5,79.60467801520667,139.8962053662003,77.98282886975989,118.07766449540038,0.0,0.0
2023-06-29,165.0,0.0,370.0,6,29,0,1,175.0,55.0,505.0,0.0,20.0,0.0,0.0,70.0,0.0,0,0,0,1,0,0,0,0.0,210.0,55.0,150.0,385.0,70.0,128.33333333333334,97.85714285714286,72.85714285714286,140.83333333333334,83.00889223737511,139.90195663844156,102.23712165231991,121.75007323763262,1.0,0.0
2023-06-30,35.0,0.0,525.0,6,30,1,1,165.0,140.0,445.0,370.0,230.0,105.0,0.0,115.0,0.0,0,0,0,0,1,0,0,175.0,0.0,140.0,70.0,430.0,40.0,113.33333333333333,113.57142857142857,73.92857142857143,129.5,83.95009855633887,122.01151726303385,117.92784123923994,124.54039109326922,1.0,0.0
2023-07-01,80.0,0.0,225.0,7,1,1,0,35.0,0.0,70.0,525.0,575.0,175.0,0.0,0.0,55.0,0,0,0,0,0,1,0,165.0,175.0,0.0,0.0,70.0,125.0,125.0,98.57142857142857,71.42857142857143,115.83333333333333,87.7360760897079,107.55979358199941,97.19588092942996,118.76359166789703,1.0,0.0
2023-07-02,0.0,0.0,90.0,7,2,0,0,80.0,105.0,40.0,225.0,470.0,135.0,0.0,0.0,0.0,0,0,0,0,0,0,1,35.0,165.0,105.0,45.0,35.0,55.0,93.33333333333333,110.0,77.14285714285714,116.16666666666667,77.35200923914837,107.42827064294276,92.89691069707247,116.26271478609722,0.0,0.0
2023-07-03,275.0,0.0,0.0,7,3,0,0,0.0,210.0,125.0,90.0,300.0,355.0,0.0,160.0,110.0,1,0,0,0,0,0,0,80.0,35.0,210.0,50.0,115.0,105.0,38.333333333333336,95.0,73.92857142857143,114.83333333333333,87.9393730551526,108.64751082834539,69.67268302280435,108.76189447731676,0.0,0.0
2023-07-04,0.0,0.0,165.0,7,4,0,0,275.0,0.0,55.0,0.0,20.0,90.0,0.0,220.0,0.0,0,1,0,0,0,0,0,0.0,80.0,0.0,0.0,180.0,145.0,118.33333333333333,104.28571428571429,90.0,119.83333333333333,104.06042200842448,112.51423920103859,121.00451226710327,119.48693354329632,0.0,0.0
2023-07-05,50.0,20.0,320.0,7,5,0,0,0.0,175.0,105.0,165.0,0.0,295.0,0.0,0.0,0.0,0,0,1,0,0,0,0,275.0,0.0,175.0,20.0,280.0,220.0,91.66666666666667,104.28571428571429,90.0,118.0,104.06042200842448,114.04475830371051,90.75338420032745,111.77809912114817,0.0,1.0
2023-07-06,245.0,0.0,35.0,7,6,0,0,50.0,165.0,145.0,320.0,370.0,115.0,20.0,0.0,45.0,0,0,0,1,0,0,0,0.0,275.0,165.0,55.0,150.0,385.0,108.33333333333333,86.42857142857143,92.14285714285714,116.16666666666667,100.56980518170292,114.70113589111779,80.56503815024558,107.79241530688054,0.0,1.0
2023-07-07,125.0,0.0,230.0,7,7,1,0,245.0,35.0,220.0,35.0,525.0,45.0,0.0,0.0,0.0,0,0,0,0,1,0,0,50.0,0.0,35.0,140.0,70.0,430.0,98.33333333333333,97.85714285714286,105.71428571428571,119.5,114.55919659202175,116.99801059316626,121.67377861268419,116.64451754514633,0.0,1.0
2023-07-08,35.0,305.0,245.0,7,8,1,0,125.0,80.0,385.0,230.0,225.0,40.0,0.0,0.0,35.0,0,0,0,0,0,1,0,245.0,50.0,80.0,0.0,0.0,70.0,140.0,110.71428571428571,104.64285714285714,116.33333333333333,111.333903619868,115.45960133410262,122.50533395951314,117.18358092933045,0.0,0.0
2023-07-09,150.0,0.0,185.0,7,9,0,0,35.0,0.0,430.0,245.0,90.0,85.0,305.0,0.0,0.0,0,0,0,0,0,0,1,125.0,245.0,0.0,105.0,45.0,35.0,135.0,104.28571428571429,107.14285714285714,104.66666666666667,114.65268464034351,104.54279220634429,100.62900046963486,111.88141441776074,0.0,0.0
2023-07-10,0.0,0.0,255.0,7,10,0,0,150.0,275.0,70.0,185.0,0.0,90.0,0.0,0.0,0.0,1,0,0,0,0,0,0,35.0,125.0,275.0,210.0,50.0,115.0,103.33333333333333,125.71428571428571,110.35714285714286,95.33333333333333,105.57100972917735,85.20698260739846,112.97175035222614,114.34067800371166,0.0,0.0
2023-07-11,20.0,0.0,355.0,7,11,0,0,0.0,0.0,35.0,255.0,165.0,70.0,0.0,0.0,0.0,0,1,0,0,0,0,0,150.0,35.0,0.0,0.0,0.0,180.0,61.666666666666664,86.42857142857143,95.35714285714286,93.0,90.90811687789866,86.86692160405795,84.7288127641696,106.96386006798834,0.0,0.0
2023-07-12,0.0,0.0,75.0,7,12,0,0,20.0,50.0,115.0,355.0,320.0,220.0,0.0,20.0,0.0,0,0,1,0,0,0,0,0.0,150.0,50.0,175.0,20.0,280.0,56.666666666666664,89.28571428571429,96.78571428571429,92.5,88.00703435088622,87.25458193679889,68.5466095731272,101.35328845069878,0.0,0.0
2023-07-13,70.0,0.0,265.0,7,13,0,0,0.0,245.0,180.0,75.0,35.0,35.0,0.0,0.0,0.0,0,0,0,1,0,0,0,20.0,0.0,245.0,165.0,55.0,150.0,6.666666666666667,82.14285714285714,84.28571428571429,88.66666666666667,93.57960705807024,88.74540622723418,51.4099571798454,94.81436661516983,0.0,0.0
2023-07-14,130.0,250.0,95.0,7,14,1,0,70.0,125.0,280.0,265.0,230.0,140.0,0.0,0.0,0.0,0,0,0,0,1,0,0,0.0,20.0,125.0,35.0,140.0,70.0,30.0,57.142857142857146,77.5,85.0,60.267261901822216,87.09883407113874,56.05746788488405,93.21343973677179,0.0,0.0
2023-07-15,280.0,0.0,650.0,7,15,1,0,130.0,35.0,150.0,95.0,245.0,45.0,250.0,305.0,70.0,0,0,0,0,0,1,0,70.0,0.0,35.0,80.0,0.0,0.0,66.66666666666667,57.857142857142854,84.28571428571429,80.0,61.22752260062053,79.491921081588,74.54310091366304,95.58676620536717,0.0,0.0
2023-07-16,440.0,0.0,150.0,7,16,0,0,280.0,150.0,70.0,650.0,185.0,35.0,0.0,0.0,0.0,0,0,0,0,0,0,1,130.0,70.0,150.0,0.0,105.0,45.0,160.0,92.85714285714286,98.57142857142857,84.33333333333333,102.26017238956146,86.65959299160883,125.90732568524729,107.48439419211768,0.0,0.0
2023-07-17,0.0,0.0,380.0,7,17,0,0,440.0,0.0,0.0,150.0,255.0,125.0,0.0,0.0,0.0,1,0,0,0,0,0,0,280.0,130.0,0.0,275.0,210.0,50.0,283.3333333333333,134.28571428571428,130.0,96.66666666666667,167.31777578977693,108.20106868403771,204.43049426393546,128.93701392165846,0.0,0.0
2023-07-18,275.0,310.0,0.0,7,18,0,0,0.0,20.0,45.0,380.0,355.0,35.0,0.0,0.0,0.0,0,1,0,0,0,0,0,440.0,280.0,20.0,0.0,0.0,0.0,240.0,134.28571428571428,110.35714285714286,96.66666666666667,167.31777578977693,108.20106868403771,153.3228706979516,120.6184968944547,0.0,0.0
2023-07-19,17.5,0.0,585.0,7,19,0,0,275.0,0.0,50.0,0.0,75.0,35.0,310.0,0.0,0.0,0,0,1,0,0,0,0,0.0,440.0,0.0,50.0,175.0,20.0,238.33333333333334,170.71428571428572,130.0,104.33333333333333,166.04288029071907,112.47783945211661,183.7421530234637,130.578593869006,0.0,0.0
2023-07-20,235.0,185.0,475.0,7,20,0,0,17.5,70.0,0.0,585.0,265.0,260.0,0.0,0.0,0.0,0,0,0,1,0,0,0,275.0,0.0,70.0,245.0,165.0,55.0,97.5,173.21428571428572,127.67857142857143,103.25,163.15071180324261,113.17355835328699,142.18161476759775,123.2832007161669,0.0,0.0
2023-07-21,80.0,335.0,235.0,7,21,1,0,235.0,130.0,20.0,475.0,95.0,60.0,185.0,250.0,0.0,0,0,0,0,1,0,0,17.5,275.0,130.0,125.0,35.0,140.0,175.83333333333334,196.78571428571428,126.96428571428571,111.08333333333333,157.57745638861138,113.91104237391858,165.38621107569833,130.49073615383355,0.0,0.0
2023-07-22,80.0,35.0,0.0,7,22,1,0,80.0,280.0,55.0,235.0,650.0,20.0,335.0,0.0,70.0,0,0,0,0,0,1,0,235.0,17.5,280.0,35.0,80.0,0.0,110.83333333333333,189.64285714285714,123.75,113.08333333333333,162.17550017540512,112.77778603514318,144.03965830677373,127.23326930519913,0.0,0.0
2023-07-23,105.0,205.0,685.0,7,23,0,0,80.0,440.0,140.0,0.0,150.0,230.0,35.0,0.0,115.0,0,0,0,0,0,0,1,80.0,235.0,440.0,150.0,0.0,105.0,131.66666666666666,161.07142857142858,126.96428571428571,113.91666666666667,161.21838929731007,112.42561397724697,128.0297437300803,124.18596160808951,0.0,0.0
2023-07-24,300.0,0.0,110.0,7,24,0,0,105.0,0.0,0.0,685.0,380.0,575.0,205.0,0.0,0.0,1,0,0,0,0,0,0,80.0,80.0,0.0,0.0,275.0,210.0,88.33333333333333,113.21428571428571,123.75,112.75,104.29040269956808,112.32716608808103,122.27230779756022,122.94815763337408,0.0,0.0
2023-07-25,0.0,0.0,490.0,7,25,0,0,300.0,275.0,105.0,110.0,0.0,470.0,0.0,310.0,0.0,0,1,0,0,0,0,0,105.0,80.0,275.0,20.0,0.0,0.0,161.66666666666666,156.07142857142858,145.17857142857142,122.75,111.41006409186001,115.25898498897898,166.70423084817017,134.37085714089832,0.0,0.0
2023-07-26,815.0,0.0,345.0,7,26,0,0,0.0,17.5,210.0,490.0,585.0,300.0,0.0,0.0,160.0,0,0,1,0,0,0,0,300.0,105.0,17.5,0.0,50.0,175.0,135.0,116.78571428571429,143.75,119.25,110.96841034834227,117.391090392109,125.02817313612763,125.70176958342103,0.0,0.0
2023-07-27,0.0,0.0,885.0,7,27,0,0,815.0,235.0,0.0,345.0,475.0,20.0,0.0,185.0,220.0,0,0,0,1,0,0,0,0.0,300.0,235.0,70.0,245.0,165.0,371.6666666666667,230.71428571428572,201.96428571428572,139.41666666666666,277.0894646654242,172.53395884295654,297.5211298520957,170.1726231586842,0.0,0.0
2023-07-28,50.0,0.0,115.0,7,28,1,0,0.0,80.0,175.0,885.0,235.0,0.0,0.0,335.0,0.0,0,0,0,0,1,0,0,815.0,0.0,80.0,130.0,125.0,35.0,271.6666666666667,197.14285714285714,196.96428571428572,139.41666666666666,290.3999704840598,172.53395884295654,223.14084738907178,159.1937442452207,0.0,0.0
2023-07-29,290.0,0.0,585.0,7,29,1,0,50.0,80.0,165.0,115.0,0.0,370.0,0.0,35.0,0.0,0,0,0,0,0,1,0,0.0,815.0,80.0,280.0,35.0,80.0,288.3333333333333,192.85714285714286,191.25,135.25,292.6297026228589,173.15324834894992,179.85563554180385,152.14898655198067,0.0,0.0
2023-07-30,230.0,150.0,905.0,7,30,0,0,290.0,105.0,35.0,585.0,685.0,525.0,0.0,205.0,0.0,0,0,0,0,0,0,1,50.0,0.0,105.0,440.0,150.0,0.0,113.33333333333333,222.85714285714286,191.96428571428572,139.41666666666666,289.88298131684587,175.383426424414,207.3917266563529,161.04260032282065,0.0,0.0
2023-07-31,45.0,35.0,840.0,7,31,0,0,230.0,300.0,80.0,905.0,110.0,225.0,150.0,0.0,0.0,1,0,0,0,0,0,0,290.0,50.0,300.0,0.0,0.0,275.0,190.0,240.71428571428572,176.96428571428572,145.91666666666666,285.2254747188115,174.99320594365028,213.04379499226468,165.49146481812255,0.0,0.0
2023-08-01,95.0,120.0,300.0,8,1,0,0,45.0,0.0,0.0,840.0,490.0,90.0,35.0,0.0,0.0,0,1,0,0,0,0,0,230.0,290.0,0.0,275.0,20.0,0.0,188.33333333333334,204.28571428571428,180.17857142857142,144.75,292.58088014867167,175.5635630054609,171.0328462441985,157.7178219266308,0.0,0.0
2023-08-02,105.0,0.0,0.0,8,2,0,0,95.0,815.0,275.0,300.0,345.0,0.0,120.0,0.0,0.0,0,0,1,0,0,0,0,45.0,230.0,815.0,17.5,0.0,50.0,123.33333333333333,217.85714285714286,167.32142857142858,147.91666666666666,283.5909193253717,173.70963105003779,152.0246346831489,153.6715108345901,0.0,0.0
2023-08-03,35.0,20.0,890.0,8,3,0,0,105.0,0.0,0.0,0.0,885.0,165.0,0.0,0.0,0.0,0,0,0,1,0,0,0,95.0,45.0,0.0,235.0,70.0,245.0,81.66666666666667,116.42857142857143,173.57142857142858,142.25,105.42431272854328,172.18718513332504,140.26847601236167,150.53141336139075,0.0,0.0
2023-08-04,95.0,0.0,245.0,8,4,1,0,35.0,50.0,50.0,890.0,115.0,320.0,20.0,0.0,20.0,0,0,0,0,1,0,0,105.0,95.0,50.0,80.0,130.0,125.0,78.33333333333333,121.42857142857143,159.28571428571428,143.41666666666666,99.65416389169275,171.3064446788438,113.95135700927125,143.0777737896881,0.0,0.0
2023-08-05,275.0,125.0,520.0,8,5,1,0,95.0,290.0,245.0,245.0,585.0,35.0,0.0,0.0,0.0,0,0,0,0,0,1,0,35.0,105.0,290.0,80.0,280.0,35.0,78.33333333333333,127.85714285714286,160.35714285714286,144.91666666666666,95.64940942739531,170.6560406062508,109.21351775695344,139.97598193228887,0.0,0.0
2023-08-06,560.0,495.0,510.0,8,6,0,0,275.0,230.0,125.0,520.0,905.0,230.0,125.0,150.0,0.0,0,0,0,0,0,0,1,95.0,35.0,230.0,105.0,440.0,150.0,135.0,125.71428571428571,174.28571428571428,145.91666666666666,91.48900532434524,171.34921406566056,150.66013831771508,148.68720890439928,0.0,0.0
2023-08-07,235.0,340.0,70.0,8,7,0,0,560.0,45.0,35.0,510.0,840.0,245.0,495.0,35.0,305.0,1,0,0,0,0,0,0,275.0,95.0,45.0,300.0,0.0,0.0,310.0,172.85714285714286,206.78571428571428,160.41666666666666,188.14571354088696,187.19122084360572,252.9951037382863,175.22351800734128,0.0,0.0
2023-08-08,0.0,375.0,130.0,8,8,0,0,235.0,95.0,150.0,70.0,300.0,185.0,340.0,120.0,0.0,0,1,0,0,0,0,0,560.0,275.0,95.0,0.0,275.0,20.0,356.6666666666667,200.0,202.14285714285714,167.08333333333334,180.161964169281,186.1289913924793,248.49632780371473,179.08006523267412,0.0,0.0
2023-08-09,70.0,595.0,435.0,8,9,0,0,0.0,105.0,0.0,130.0,0.0,255.0,375.0,0.0,0.0,0,0,1,0,0,0,0,235.0,560.0,105.0,815.0,17.5,0.0,265.0,186.42857142857142,202.14285714285714,162.08333333333334,192.54251231252542,188.60202961451043,186.37224585278605,167.52651263701773,0.0,0.0
2023-08-10,105.0,65.0,0.0,8,10,0,0,70.0,35.0,20.0,435.0,890.0,355.0,595.0,20.0,0.0,0,0,0,1,0,0,0,0.0,235.0,35.0,0.0,235.0,70.0,101.66666666666667,181.42857142857142,148.92857142857142,164.41666666666666,195.442111755934,186.95343710046677,157.27918438958955,161.23447956366175,0.0,0.0
2023-08-11,170.0,0.0,135.0,8,11,1,0,105.0,95.0,0.0,0.0,245.0,75.0,65.0,0.0,0.0,0,0,0,0,1,0,0,70.0,0.0,95.0,50.0,80.0,130.0,58.333333333333336,191.42857142857142,156.42857142857142,167.25,188.36388289943574,185.32630821672728,144.20938829219216,157.60644862407068,0.0,0.0
2023-08-12,0.0,0.0,110.0,8,12,1,0,170.0,275.0,70.0,135.0,520.0,265.0,0.0,125.0,0.0,0,0,0,0,0,1,0,105.0,70.0,275.0,290.0,80.0,280.0,115.0,202.14285714285714,165.0,172.91666666666666,184.04838908235376,182.61520139793734,150.6570412191441,158.40603258380807,0.0,0.0
2023-08-13,125.0,0.0,235.0,8,13,0,0,0.0,560.0,130.0,110.0,510.0,95.0,0.0,495.0,250.0,0,0,0,0,0,0,1,170.0,105.0,560.0,230.0,105.0,440.0,91.66666666666667,162.85714285714286,144.28571428571428,170.58333333333334,194.93283336526326,184.4138937157456,112.99278091435808,148.18628854614303,0.0,0.0
2023-08-14,0.0,0.0,70.0,8,14,0,0,125.0,235.0,280.0,235.0,70.0,650.0,0.0,340.0,0.0,1,0,0,0,0,0,0,0.0,170.0,235.0,45.0,300.0,0.0,98.33333333333333,100.71428571428571,136.78571428571428,170.41666666666666,86.28579312516094,184.45409125744328,115.99458568576856,146.6903989625209,0.0,0.0
2023-08-15,0.0,0.0,215.0,8,15,0,0,0.0,0.0,440.0,70.0,130.0,150.0,0.0,375.0,0.0,0,1,0,0,0,0,0,125.0,0.0,0.0,95.0,0.0,275.0,41.666666666666664,67.14285714285714,133.57142857142858,161.08333333333334,69.39363220408752,185.79707522165026,86.99593926432641,137.2265022552615,0.0,0.0
2023-08-16,35.0,0.0,255.0,8,16,0,0,0.0,70.0,0.0,215.0,435.0,380.0,0.0,595.0,0.0,0,0,1,0,0,0,0,0.0,125.0,70.0,105.0,815.0,17.5,41.666666666666664,67.14285714285714,126.78571428571429,146.41666666666666,69.39363220408752,180.30587437278174,65.24695444824481,128.3731795291156,0.0,0.0
2023-08-17,80.0,100.0,880.0,8,17,0,0,35.0,105.0,275.0,255.0,0.0,0.0,0.0,65.0,310.0,0,0,0,1,0,0,0,0.0,0.0,105.0,35.0,0.0,235.0,11.666666666666666,62.142857142857146,121.78571428571429,147.58333333333334,70.40698017343765,179.4369586412922,57.6852158361836,122.34910343046297,0.0,0.0
2023-08-18,55.0,130.0,245.0,8,18,1,0,80.0,170.0,17.5,880.0,135.0,585.0,100.0,0.0,0.0,0,0,0,0,1,0,0,35.0,0.0,170.0,95.0,50.0,80.0,38.333333333333336,58.57142857142857,125.0,141.08333333333334,68.47835945965484,178.18975179195405,63.2639118771377,119.61690320914279,0.0,0.0
2023-08-19,75.0,240.0,105.0,8,19,1,0,55.0,0.0,235.0,245.0,110.0,475.0,130.0,0.0,185.0,0,0,0,0,0,1,0,80.0,35.0,0.0,275.0,290.0,80.0,56.666666666666664,42.142857142857146,122.14285714285714,142.33333333333334,48.0327269384411,177.4228017327893,61.197933907853276,115.44807074403681,0.0,0.0
2023-08-20,185.0,435.0,0.0,8,20,0,0,75.0,125.0,80.0,105.0,235.0,235.0,240.0,0.0,335.0,0,0,0,0,0,0,1,55.0,80.0,125.0,560.0,230.0,105.0,70.0,52.857142857142854,107.85714285714286,137.0,45.35573676110712,176.94534515610695,64.64845043088997,112.83851779280864,0.0,0.0
2023-08-21,220.0,0.0,440.0,8,21,0,0,185.0,0.0,80.0,0.0,70.0,0.0,435.0,0.0,35.0,1,0,0,0,0,0,0,75.0,55.0,0.0,235.0,45.0,300.0,105.0,61.42857142857143,81.07142857142857,140.5,63.35839103296183,176.81741020534196,94.73633782316747,117.49409729004681,0.0,0.0
2023-08-22,0.0,0.0,380.0,8,22,0,0,220.0,0.0,105.0,440.0,215.0,685.0,0.0,0.0,205.0,0,1,0,0,0,0,0,185.0,75.0,0.0,0.0,95.0,0.0,160.0,92.85714285714286,80.0,145.16666666666666,80.14867137894116,177.01297114624967,126.05225336737561,124.10738133585025,0.0,0.0
2023-08-23,230.0,0.0,0.0,8,23,0,0,0.0,35.0,300.0,380.0,255.0,110.0,0.0,0.0,0.0,0,0,1,0,0,0,0,220.0,185.0,35.0,70.0,105.0,815.0,135.0,92.85714285714286,80.0,141.66666666666666,80.14867137894116,178.86294759672427,94.53919002553171,116.10045350773089,0.0,0.0
2023-08-24,35.0,115.0,105.0,8,24,0,0,230.0,80.0,0.0,0.0,880.0,490.0,0.0,100.0,0.0,0,0,0,1,0,0,0,0.0,220.0,80.0,105.0,35.0,0.0,150.0,120.71428571428571,91.42857142857143,139.33333333333334,89.97354108424359,177.17482761450597,128.4043925191488,123.4488113459418,0.0,0.0
2023-08-25,0.0,0.0,445.0,8,25,1,0,35.0,55.0,815.0,105.0,245.0,345.0,115.0,130.0,0.0,0,0,0,0,1,0,0,230.0,0.0,55.0,170.0,95.0,50.0,88.33333333333333,114.28571428571429,86.42857142857143,140.5,94.84322904265791,176.3389662963997,105.05329438936158,117.74243642039718,0.0,0.0
2023-08-26,20.0,0.0,330.0,8,26,1,0,0.0,75.0,0.0,445.0,105.0,885.0,0.0,240.0,0.0,0,0,0,0,0,1,0,35.0,230.0,75.0,0.0,275.0,290.0,88.33333333333333,106.42857142857143,74.28571428571429,113.33333333333333,102.5391911138648,123.79302340470643,78.7899707920212,110.1461501997264,0.0,0.0
2023-08-27,0.0,0.0,240.0,8,27,0,0,20.0,185.0,50.0,330.0,0.0,115.0,0.0,435.0,0.0,0,0,0,0,0,0,1,0.0,35.0,185.0,125.0,560.0,230.0,18.333333333333332,98.57142857142857,75.71428571428571,114.0,107.3434629943483,123.2141393588052,64.09247809401589,104.33026954167956,0.0,0.0
2023-08-28,0.0,0.0,135.0,8,28,0,0,0.0,220.0,290.0,240.0,440.0,585.0,0.0,0.0,0.0,1,0,0,0,0,0,0,20.0,0.0,220.0,0.0,235.0,45.0,6.666666666666667,72.14285714285714,66.78571428571429,112.33333333333333,105.27175716754633,124.44174189731038,48.069358570511916,97.5992844099583,0.0,0.0
2023-08-29,35.0,0.0,210.0,8,29,0,0,0.0,0.0,230.0,135.0,380.0,905.0,0.0,0.0,150.0,0,1,0,0,0,0,0,0.0,20.0,0.0,0.0,0.0,95.0,6.666666666666667,40.714285714285715,66.78571428571429,102.66666666666667,84.5787882898036,121.39088568107908,36.052018927883935,91.30255638350938,0.0,0.0
2023-08-30,0.0,425.0,0.0,8,30,0,0,35.0,230.0,45.0,210.0,0.0,840.0,0.0,0.0,35.0,0,0,1,0,0,0,0,0.0,0.0,230.0,35.0,70.0,105.0,11.666666666666666,45.714285714285715,69.28571428571429,96.16666666666667,82.78629976373757,119.54427352798362,35.789014195912955,87.6701333910249,0.0,0.0
2023-08-31,35.0,45.0,0.0,8,31,0,0,0.0,35.0,95.0,0.0,105.0,300.0,425.0,115.0,120.0,0,0,0,1,0,0,0,35.0,0.0,35.0,80.0,105.0,35.0,11.666666666666666,12.857142857142858,66.78571428571429,94.66666666666667,16.79710859472108,120.48703845966851,26.841760646934716,82.01399575289427,0.0,0.0
2023-09-01,150.0,70.0,175.0,9,1,1,0,35.0,0.0,105.0,0.0,445.0,0.0,45.0,0.0,0.0,0,0,0,0,1,0,0,0.0,35.0,0.0,55.0,170.0,95.0,23.333333333333332,12.857142857142858,63.57142857142857,92.66666666666667,16.79710859472108,120.97829196362798,28.881320485201037,78.98083473657852,0.0,0.0
2023-09-02,455.0,105.0,310.0,9,2,1,0,150.0,20.0,35.0,175.0,330.0,890.0,70.0,0.0,20.0,0,0,0,0,0,1,0,35.0,0.0,20.0,75.0,0.0,275.0,61.666666666666664,34.285714285714285,70.35714285714286,94.16666666666667,53.418830280823435,121.41467369517483,59.16099036390078,83.56271636647668,0.0,0.0
2023-09-03,125.0,20.0,95.0,9,3,0,0,455.0,0.0,95.0,310.0,240.0,245.0,105.0,0.0,0.0,0,0,0,0,0,0,1,150.0,35.0,0.0,185.0,125.0,560.0,213.33333333333334,96.42857142857143,97.5,108.16666666666667,166.77615451342464,137.50538129490607,158.12074277292558,107.52641208476851,0.0,0.0
2023-09-04,170.0,710.0,0.0,9,4,0,0,125.0,0.0,275.0,95.0,135.0,520.0,20.0,0.0,125.0,1,0,0,0,0,0,0,455.0,150.0,0.0,220.0,0.0,235.0,243.33333333333334,114.28571428571429,93.21428571428571,109.16666666666667,161.33372687870136,137.5154118844399,149.84055707969418,108.6537403373641,0.0,0.0
2023-09-05,35.0,250.0,20.0,9,5,0,0,170.0,35.0,560.0,0.0,210.0,510.0,710.0,0.0,495.0,0,1,0,0,0,0,0,125.0,455.0,35.0,0.0,0.0,0.0,250.0,138.57142857142858,89.64285714285714,105.66666666666667,153.88616695776247,134.45120466839128,154.88041780977062,112.61156354140513,0.0,0.0
2023-09-06,105.0,70.0,110.0,9,6,0,0,35.0,0.0,235.0,20.0,0.0,70.0,250.0,425.0,340.0,0,0,1,0,0,0,0,170.0,125.0,0.0,230.0,35.0,70.0,110.0,138.57142857142858,92.14285714285714,88.16666666666667,153.88616695776247,103.99339612101167,124.91031335732796,107.60436589357255,0.0,0.0
2023-09-07,0.0,400.0,35.0,9,7,0,0,105.0,35.0,0.0,110.0,0.0,130.0,70.0,45.0,375.0,0,0,0,1,0,0,0,35.0,170.0,35.0,35.0,80.0,105.0,103.33333333333333,153.57142857142858,83.21428571428571,83.83333333333333,142.84940455231987,100.30714325762538,119.93273501799598,107.43634228753562,0.0,0.0
2023-09-08,35.0,0.0,105.0,9,8,1,0,0.0,150.0,70.0,35.0,175.0,435.0,400.0,70.0,595.0,0,0,0,0,1,0,0,105.0,35.0,150.0,0.0,55.0,170.0,46.666666666666664,148.57142857142858,80.71428571428571,83.83333333333333,148.20352800890294,100.30714325762538,89.94955126349699,100.50496536575913,0.0,0.0
2023-09-09,260.0,360.0,320.0,9,9,1,0,35.0,455.0,105.0,105.0,310.0,0.0,0.0,105.0,65.0,0,0,0,0,0,1,0,0.0,105.0,455.0,20.0,75.0,0.0,46.666666666666664,132.14285714285714,83.21428571428571,82.66666666666667,154.26862780166775,100.67644772456376,76.21216344762274,96.27883856796822,0.0,0.0
2023-09-10,0.0,0.0,280.0,9,10,0,0,260.0,125.0,170.0,320.0,95.0,135.0,360.0,20.0,0.0,0,0,0,0,0,0,1,35.0,0.0,125.0,0.0,185.0,125.0,98.33333333333333,104.28571428571429,100.35714285714286,87.83333333333333,90.80329341625264,105.7133676123983,122.15912258571706,106.84149414422834,0.0,0.0
2023-09-11,0.0,175.0,140.0,9,11,0,0,0.0,170.0,0.0,280.0,0.0,110.0,0.0,710.0,0.0,1,0,0,0,0,0,0,260.0,35.0,170.0,0.0,220.0,0.0,98.33333333333333,86.42857142857143,100.35714285714286,82.16666666666667,98.05246409084114,105.7133676123983,91.61934193928779,99.94849452202006,0.0,0.0
2023-09-12,70.0,55.0,280.0,9,12,0,0,0.0,35.0,125.0,140.0,20.0,235.0,175.0,250.0,0.0,0,1,0,0,0,0,0,0.0,260.0,35.0,35.0,0.0,0.0,86.66666666666667,62.142857142857146,100.35714285714286,82.16666666666667,94.90596850115823,105.7133676123983,68.71450645446585,93.50020455285748,0.0,0.0
2023-09-13,35.0,0.0,210.0,9,13,0,0,70.0,105.0,0.0,280.0,110.0,70.0,55.0,70.0,0.0,0,0,1,0,0,0,0,0.0,0.0,105.0,0.0,230.0,35.0,23.333333333333332,67.14285714285714,102.85714285714286,80.33333333333333,94.15665770659115,105.42143122211716,69.03587984084939,91.98406232364087,0.0,0.0
2023-09-14,145.0,35.0,70.0,9,14,0,0,35.0,0.0,0.0,210.0,35.0,215.0,0.0,400.0,0.0,0,0,0,1,0,0,0,70.0,0.0,0.0,35.0,35.0,80.0,35.0,57.142857142857146,105.35714285714286,81.5,93.17801702731627,104.69290065843003,60.52690988063704,88.30767120598662,0.0,0.0
2023-09-15,0.0,175.0,70.0,9,15,1,0,145.0,35.0,35.0,70.0,105.0,255.0,35.0,0.0,0.0,0,0,0,0,1,0,0,35.0,70.0,35.0,150.0,0.0,55.0,83.33333333333333,77.85714285714286,113.21428571428571,86.33333333333333,94.46591726019233,104.14622787988642,81.64518241047779,91.9652408056004,0.0,0.0
2023-09-16,145.0,20.0,90.0,9,16,1,0,0.0,260.0,80.0,70.0,320.0,880.0,175.0,360.0,100.0,0,0,0,0,0,1,0,145.0,35.0,260.0,455.0,20.0,75.0,60.0,72.85714285714286,102.5,85.16666666666667,97.97351439960447,104.93416107693231,61.23388680785834,86.0319994633036,0.0,0.0
2023-09-17,90.0,140.0,45.0,9,17,0,0,145.0,0.0,55.0,90.0,280.0,245.0,20.0,0.0,130.0,0,0,0,0,0,0,1,0.0,145.0,0.0,125.0,0.0,185.0,96.66666666666667,56.42857142857143,80.35714285714286,87.33333333333333,65.68322247184359,105.49336744417954,82.17541510589376,89.83638659470338,0.0,0.0
2023-09-18,0.0,75.0,0.0,9,18,0,0,90.0,0.0,75.0,45.0,140.0,105.0,140.0,175.0,240.0,1,0,0,0,0,0,0,145.0,0.0,0.0,170.0,0.0,220.0,78.33333333333333,69.28571428571429,77.85714285714286,88.5,61.47008563985747,105.31684542861373,84.13156132942032,89.84694229827092,0.0,0.0
2023-09-19,70.0,0.0,285.0,9,19,0,0,0.0,70.0,185.0,0.0,280.0,0.0,75.0,55.0,435.0,0,1,0,0,0,0,0,90.0,145.0,70.0,35.0,35.0,0.0,78.33333333333333,69.28571428571429,65.71428571428571,86.0,61.47008563985747,106.53152358453067,63.09867099706524,84.05036537580183,0.0,0.0
2023-09-20,0.0,35.0,205.0,9,20,0,0,70.0,35.0,220.0,285.0,210.0,440.0,0.0,0.0,0.0,0,0,1,0,0,0,0,0.0,90.0,35.0,105.0,0.0,230.0,53.333333333333336,69.28571428571429,68.21428571428571,82.16666666666667,61.47008563985747,104.90293817039465,64.82400324779893,83.14389019026623,0.0,0.0
2023-09-21,0.0,0.0,210.0,9,21,0,0,0.0,145.0,0.0,205.0,70.0,380.0,35.0,35.0,0.0,0,0,0,1,0,0,0,70.0,0.0,145.0,0.0,35.0,35.0,23.333333333333332,64.28571428571429,60.714285714285715,74.83333333333333,65.98159916652075,102.59968519590538,48.61800243584919,77.77976824250713,0.0,0.0
2023-09-23,125.0,0.0,220.0,9,23,1,0,0.0,0.0,230.0,210.0,70.0,0.0,0.0,175.0,0.0,0,0,0,0,0,1,0,0.0,70.0,0.0,35.0,150.0,0.0,23.333333333333332,43.57142857142857,60.714285714285715,74.83333333333333,58.787348817176365,102.59968519590538,36.4635018268869,72.76171867847442,0.0,0.0
2023-09-24,140.0,0.0,125.0,9,24,0,0,125.0,145.0,35.0,220.0,90.0,105.0,0.0,20.0,115.0,0,0,0,0,0,0,1,0.0,0.0,145.0,260.0,455.0,20.0,41.666666666666664,61.42857142857143,67.14285714285714,71.33333333333333,62.23037078162906,98.84621749284955,58.59762637016517,76.13193037663737,0.0,0.0
2023-09-25,0.0,35.0,80.0,9,25,0,0,140.0,90.0,0.0,125.0,45.0,445.0,0.0,140.0,0.0,1,0,0,0,0,0,0,125.0,0.0,90.0,0.0,125.0,0.0,88.33333333333333,60.714285714285715,58.57142857142857,74.83333333333333,61.13022789017514,99.37288998699721,78.94821977762388,80.25245099749948,0.0,0.0
2023-09-26,80.0,0.0,35.0,9,26,0,0,0.0,0.0,20.0,80.0,0.0,330.0,35.0,75.0,0.0,0,1,0,0,0,0,0,140.0,125.0,0.0,0.0,170.0,0.0,88.33333333333333,47.857142857142854,58.57142857142857,74.83333333333333,63.36778511575244,99.37288998699721,59.21116483321791,75.07487351378984,0.0,0.0
2023-09-27,55.0,0.0,285.0,9,27,0,0,80.0,70.0,0.0,35.0,285.0,240.0,0.0,0.0,0.0,0,0,1,0,0,0,0,0.0,140.0,70.0,70.0,35.0,35.0,73.33333333333333,59.285714285714285,64.28571428571429,76.83333333333333,60.44477999439996,98.83357077756379,64.40837362491342,75.39262360967436,0.0,0.0
2023-09-28,140.0,0.0,340.0,9,28,0,0,55.0,0.0,0.0,285.0,205.0,135.0,0.0,35.0,0.0,0,0,0,1,0,0,0,80.0,0.0,0.0,35.0,105.0,0.0,45.0,57.142857142857146,63.214285714285715,78.66666666666667,60.26726190182231,97.86455571026647,62.05628021868507,74.07697047356633,0.0,0.0
2023-09-29,55.0,0.0,240.0,9,29,1,0,140.0,0.0,35.0,340.0,210.0,210.0,0.0,0.0,0.0,0,0,0,0,1,0,0,55.0,80.0,0.0,145.0,0.0,35.0,91.66666666666667,77.14285714285714,70.71428571428571,83.33333333333333,61.363476029933096,97.32042112432585,81.5422101640138,78.3300691526911,0.0,0.0
2023-09-30,110.0,35.0,35.0,9,30,1,0,55.0,125.0,0.0,240.0,220.0,0.0,0.0,0.0,425.0,0,0,0,0,0,1,0,140.0,55.0,125.0,0.0,35.0,150.0,83.33333333333333,85.0,64.28571428571429,84.0,52.75730597114788,97.0460253409834,74.90665762301035,76.82490340090457,0.0,0.0
2023-10-01,180.0,20.0,195.0,10,1,0,0,110.0,140.0,35.0,35.0,125.0,0.0,35.0,0.0,45.0,0,0,0,0,0,0,1,55.0,140.0,140.0,145.0,260.0,455.0,101.66666666666667,82.85714285714286,72.14285714285714,87.66666666666667,51.14172651051363,95.833308345824,83.67999321725776,78.96523221374945,0.0,0.0
2023-10-02,0.0,0.0,140.0,10,2,0,0,180.0,0.0,150.0,195.0,80.0,175.0,20.0,35.0,70.0,1,0,0,0,0,0,0,110.0,55.0,0.0,90.0,0.0,125.0,115.0,88.57142857142857,74.64285714285714,92.5,60.04958268757879,96.73773645880105,107.75999491294331,85.48360432899142,0.0,0.0
2023-10-03,0.0,0.0,110.0,10,3,0,0,0.0,80.0,455.0,140.0,35.0,310.0,0.0,0.0,105.0,0,1,0,0,0,0,0,180.0,110.0,80.0,0.0,0.0,170.0,96.66666666666667,88.57142857142857,68.21428571428571,87.5,60.04958268757879,97.53646532946307,80.81999618470749,79.96853308195972,0.0,0.0
2023-10-04,95.0,35.0,100.0,10,4,0,0,0.0,55.0,125.0,110.0,285.0,95.0,0.0,0.0,20.0,0,0,1,0,0,0,0,0.0,180.0,55.0,70.0,70.0,35.0,60.0,77.14285714285714,68.21428571428571,72.33333333333333,68.91160659721632,69.87344882410449,60.61499713853062,74.80927288312361,0.0,0.0
2023-10-05,0.0,0.0,220.0,10,5,0,0,95.0,140.0,170.0,100.0,340.0,0.0,35.0,0.0,710.0,0,0,0,1,0,0,0,0.0,0.0,140.0,0.0,35.0,105.0,31.666666666666668,82.85714285714286,70.0,71.33333333333333,68.42618546392046,69.30608438898687,69.21124785389796,76.11190043905113,0.0,0.0
2023-10-07,90.0,115.0,245.0,10,7,1,0,0.0,55.0,35.0,220.0,240.0,20.0,0.0,0.0,250.0,0,0,0,0,0,1,0,95.0,0.0,55.0,0.0,145.0,0.0,31.666666666666668,62.857142857142854,70.0,65.66666666666667,69.39363220408755,67.89613433378443,51.90843589042347,71.20145524943493,0.0,0.0
2023-10-08,160.0,70.0,365.0,10,8,0,0,90.0,110.0,105.0,245.0,35.0,110.0,115.0,35.0,70.0,0,0,0,0,0,0,1,0.0,95.0,110.0,125.0,0.0,35.0,61.666666666666664,67.85714285714286,76.42857142857143,67.5,69.99149608209207,67.78197807473734,61.4313269178176,72.41426458818107,0.0,0.0
2023-10-09,305.0,35.0,275.0,10,9,0,0,160.0,180.0,0.0,365.0,195.0,35.0,70.0,20.0,400.0,1,0,0,0,0,0,0,90.0,0.0,180.0,140.0,145.0,260.0,83.33333333333333,75.0,78.92857142857143,69.33333333333333,77.19024117939597,69.55193213971738,86.0734951883632,78.06495719539521,0.0,0.0
2023-10-10,310.0,0.0,365.0,10,10,0,0,305.0,0.0,35.0,275.0,140.0,105.0,35.0,0.0,0.0,0,1,0,0,0,0,0,160.0,90.0,0.0,0.0,90.0,0.0,185.0,92.85714285714286,90.71428571428571,79.5,112.09583484891921,80.49791173132061,140.8051213912724,92.7059276989181,0.0,0.0
2023-10-11,0.0,55.0,0.0,10,11,0,0,310.0,0.0,260.0,365.0,110.0,320.0,0.0,0.0,360.0,0,0,1,0,0,0,0,305.0,160.0,0.0,80.0,0.0,0.0,258.3333333333333,137.14285714285714,112.85714285714286,88.66666666666667,129.22387366044055,90.3149024757013,183.10384104345428,106.72490010543952,0.0,0.0
2023-10-12,125.0,0.0,80.0,10,12,0,0,0.0,95.0,0.0,0.0,100.0,280.0,55.0,35.0,0.0,0,0,0,1,0,0,0,310.0,305.0,95.0,55.0,70.0,70.0,205.0,137.14285714285714,107.14285714285714,80.0,129.22387366044055,85.66172444261669,137.3278807825907,99.83942267928214,0.0,0.0
2023-10-13,45.0,0.0,35.0,10,13,1,0,125.0,0.0,0.0,80.0,220.0,140.0,0.0,0.0,175.0,0,0,0,0,1,0,0,0.0,310.0,0.0,140.0,0.0,35.0,145.0,141.42857142857142,112.14285714285714,84.16666666666667,128.08572278342484,84.67059227029378,134.24591058694304,101.46268573223168,0.0,0.0
2023-10-14,20.0,0.0,120.0,10,14,1,0,45.0,90.0,70.0,35.0,245.0,280.0,0.0,115.0,55.0,0,0,0,0,0,1,0,125.0,0.0,90.0,55.0,0.0,145.0,56.666666666666664,147.85714285714286,105.35714285714286,85.66666666666667,120.7220341272027,83.51887390794137,111.93443294020727,97.81993181402319,0.0,0.0
2023-10-15,155.0,55.0,0.0,10,15,0,0,20.0,160.0,35.0,120.0,365.0,210.0,0.0,70.0,0.0,0,0,0,0,0,0,1,45.0,125.0,160.0,110.0,125.0,0.0,63.333333333333336,137.85714285714286,102.85714285714286,84.0,128.93335303097294,84.33717223555512,88.95082470515545,92.79929105182816,0.0,0.0
2023-10-16,35.0,0.0,265.0,10,16,0,0,155.0,305.0,145.0,0.0,275.0,70.0,55.0,35.0,35.0,1,0,0,0,0,0,0,20.0,45.0,305.0,180.0,140.0,145.0,73.33333333333333,137.14285714285714,106.07142857142857,88.0,128.80402241574666,84.77759951372991,105.46311852886659,96.81224001622635,0.0,0.0
2023-10-17,0.0,0.0,160.0,10,17,0,0,35.0,310.0,0.0,265.0,365.0,70.0,0.0,0.0,175.0,0,1,0,0,0,0,0,155.0,20.0,310.0,0.0,0.0,90.0,70.0,98.57142857142857,95.71428571428571,84.33333333333333,109.07620752308463,84.60591539331197,87.84733889664994,92.8243535635666,0.0,0.0
2023-10-18,335.0,0.0,20.0,10,18,0,0,0.0,0.0,145.0,160.0,0.0,90.0,0.0,55.0,20.0,0,0,1,0,0,0,0,35.0,155.0,0.0,0.0,80.0,0.0,63.333333333333336,54.285714285714285,95.71428571428571,84.33333333333333,61.47008563985751,84.60591539331197,65.88550417248746,86.8356855917236,0.0,0.0
2023-10-19,90.0,0.0,195.0,10,19,0,0,335.0,125.0,90.0,20.0,80.0,45.0,0.0,0.0,140.0,0,0,0,1,0,0,0,0.0,35.0,125.0,95.0,55.0,70.0,123.33333333333333,102.14285714285714,119.64285714285714,90.66666666666667,117.255317678174,95.68927202988446,133.1641281293656,102.84628652128983,0.0,0.0
2023-10-20,415.0,70.0,55.0,10,20,1,0,90.0,45.0,0.0,195.0,35.0,0.0,0.0,0.0,75.0,0,0,0,0,1,0,0,335.0,0.0,45.0,0.0,140.0,0.0,141.66666666666666,97.14285714285714,119.28571428571429,90.66666666666667,116.86377906410026,95.68927202988446,122.37309609702419,102.01749384249695,0.0,0.0
2023-10-21,0.0,145.0,35.0,10,21,1,0,415.0,20.0,70.0,55.0,120.0,285.0,70.0,0.0,0.0,0,0,0,0,0,1,0,90.0,335.0,20.0,90.0,55.0,0.0,280.0,150.0,148.92857142857142,104.5,163.65614358566958,110.9158581367287,195.52982207276813,122.20991359459393,0.0,0.0
2023-10-22,110.0,105.0,0.0,10,22,0,0,0.0,155.0,0.0,35.0,0.0,205.0,145.0,55.0,35.0,0,0,0,0,0,0,1,415.0,90.0,155.0,160.0,110.0,125.0,168.33333333333334,147.14285714285714,142.5,102.16666666666667,166.4546270223295,112.39311653156608,146.64736655457608,114.325403040104,0.0,0.0
2023-10-23,105.0,0.0,0.0,10,23,0,0,110.0,35.0,0.0,0.0,265.0,210.0,105.0,0.0,0.0,1,0,0,0,0,0,0,0.0,415.0,35.0,305.0,180.0,140.0,175.0,140.71428571428572,138.92857142857142,105.83333333333333,166.96877381286419,110.72709020717177,137.48552491593205,114.04634477945214,0.0,0.0
2023-10-24,0.0,0.0,385.0,10,24,0,0,105.0,0.0,125.0,0.0,160.0,220.0,0.0,0.0,0.0,0,1,0,0,0,0,0,110.0,0.0,0.0,310.0,0.0,0.0,71.66666666666667,150.71428571428572,124.64285714285714,109.33333333333333,161.59178432675571,108.91101503246733,129.36414368694903,113.46270963239073,0.0,0.0
2023-10-25,105.0,55.0,210.0,10,25,0,0,0.0,335.0,140.0,385.0,20.0,125.0,0.0,0.0,0.0,0,0,1,0,0,0,0,105.0,110.0,335.0,0.0,0.0,80.0,71.66666666666667,150.71428571428572,102.5,105.16666666666667,161.59178432675571,110.66790436920405,97.02310776521178,106.14253481739779,0.0,0.0
2023-10-26,325.0,0.0,160.0,10,26,0,0,105.0,90.0,0.0,210.0,195.0,80.0,55.0,0.0,35.0,0,0,0,1,0,0,0,0.0,105.0,90.0,125.0,95.0,55.0,70.0,117.85714285714286,110.0,104.0,139.78725331902106,110.47234011749055,99.01733082390884,106.06882289369472,0.0,0.0
2023-10-27,105.0,105.0,145.0,10,27,1,0,325.0,415.0,80.0,160.0,55.0,35.0,0.0,70.0,0.0,0,0,0,0,1,0,0,105.0,0.0,415.0,45.0,0.0,140.0,143.33333333333334,151.42857142857142,124.28571428571429,114.83333333333333,158.89499377771162,115.73217695009984,155.51299811793163,120.19341496506925,0.0,0.0
2023-10-28,70.0,0.0,70.0,10,28,1,0,105.0,0.0,55.0,145.0,35.0,285.0,105.0,145.0,0.0,0,0,0,0,0,1,0,325.0,105.0,0.0,20.0,90.0,55.0,178.33333333333334,107.14285714285714,128.57142857142858,115.66666666666667,108.35347798052524,115.56259188715951,142.88474858844873,119.21319464474222,0.0,0.0
2023-10-30,35.0,0.0,0.0,10,30,0,0,70.0,110.0,140.0,70.0,0.0,340.0,0.0,105.0,0.0,1,0,0,0,0,0,0,105.0,325.0,110.0,155.0,160.0,110.0,166.66666666666666,117.14285714285714,132.14285714285714,116.16666666666667,99.70193674385753,115.32325881186559,124.66356144133655,116.0381498289524,0.0,0.0
2023-11-02,0.0,185.0,0.0,11,2,0,0,35.0,105.0,55.0,0.0,0.0,240.0,0.0,0.0,0.0,0,0,0,1,0,0,0,70.0,105.0,105.0,35.0,305.0,180.0,70.0,106.42857142857143,123.57142857142857,112.66666666666667,104.51133454137415,116.16526079724515,102.24767108100241,110.80988209805224,0.0,0.0
2023-11-04,0.0,0.0,0.0,11,4,1,0,0.0,0.0,110.0,0.0,385.0,35.0,185.0,0.0,35.0,0,0,0,0,0,1,0,35.0,70.0,0.0,0.0,310.0,0.0,35.0,91.42857142857143,121.07142857142857,110.83333333333333,112.01615529743479,117.5327051573698,76.6857533107518,103.660857446565,0.0,0.0
2023-11-08,0.0,0.0,0.0,11,8,0,0,0.0,105.0,180.0,0.0,210.0,195.0,0.0,55.0,20.0,0,0,1,0,0,0,0,0.0,35.0,105.0,335.0,0.0,0.0,11.666666666666666,91.42857142857143,121.07142857142857,107.16666666666667,112.01615529743479,119.26270143688268,57.514314983063855,96.97306019194791,0.0,0.0
2023-11-12,0.0,0.0,0.0,11,12,0,0,0.0,325.0,0.0,0.0,160.0,140.0,0.0,0.0,0.0,0,0,0,0,0,0,1,0.0,0.0,325.0,90.0,125.0,95.0,0.0,76.42857142857143,97.14285714285714,101.16666666666667,116.82302447556745,119.99772507422188,43.13573623729789,90.71673372795128,0.0,0.0
2023-11-14,0.0,255.0,0.0,11,14,0,0,0.0,105.0,0.0,0.0,145.0,110.0,0.0,105.0,0.0,0,1,0,0,0,0,0,0.0,0.0,105.0,415.0,45.0,0.0,0.0,30.0,90.71428571428571,101.16666666666667,42.524502740576835,119.99772507422188,32.35180217797342,84.86404122937378,0.0,0.0
2023-11-21,0.0,0.0,0.0,11,21,0,0,0.0,70.0,95.0,0.0,70.0,100.0,255.0,0.0,35.0,0,1,0,0,0,0,0,0.0,0.0,70.0,0.0,20.0,90.0,0.0,15.0,61.07142857142857,101.16666666666667,27.537852736430448,119.99772507422188,24.263851633480066,79.38894179522065,0.0,0.0
2023-11-26,0.0,0.0,0.0,11,26,0,0,0.0,35.0,0.0,0.0,0.0,220.0,0.0,0.0,0.0,0,0,0,0,0,0,1,0.0,0.0,35.0,110.0,155.0,160.0,0.0,5.0,61.07142857142857,98.0,13.228756555322894,121.41124188135316,18.197888725110047,74.26707458262577,0.0,0.0
2023-12-04,0.0,0.0,0.0,12,4,0,0,0.0,0.0,90.0,0.0,0.0,245.0,0.0,185.0,115.0,1,0,0,0,0,0,0,0.0,0.0,0.0,105.0,35.0,305.0,0.0,0.0,53.214285714285715,98.0,0.0,121.41124188135316,13.648416543832536,69.47565041600475,0.0,0.0
2023-12-08,35.0,0.0,0.0,12,8,1,0,0.0,0.0,160.0,0.0,0.0,365.0,0.0,0.0,70.0,0,0,0,0,1,0,0,0.0,0.0,0.0,0.0,0.0,310.0,0.0,0.0,45.714285714285715,95.0,0.0,122.72059659073629,10.2363124078744,64.99335038916574,0.0,0.0
2023-12-10,0.0,0.0,0.0,12,10,0,0,35.0,0.0,305.0,0.0,0.0,275.0,0.0,0.0,35.0,0,0,0,0,0,0,1,0.0,0.0,0.0,105.0,335.0,0.0,11.666666666666666,5.0,48.214285714285715,90.83333333333333,13.228756555322894,122.55950935497974,16.4272343059058,63.0582955253486,0.0,0.0
2023-12-11,0.0,0.0,0.0,12,11,0,0,0.0,0.0,310.0,0.0,0.0,365.0,0.0,0.0,0.0,1,0,0,0,0,0,0,35.0,0.0,0.0,325.0,90.0,125.0,11.666666666666666,5.0,40.714285714285715,80.66666666666667,13.228756555322894,116.69096627072481,12.320425729429349,58.99001839468095,0.0,0.0
2023-12-14,0.0,110.0,0.0,12,14,0,0,0.0,0.0,0.0,0.0,0.0,0.0,0.0,255.0,55.0,0,0,0,1,0,0,0,0.0,35.0,0.0,105.0,415.0,45.0,11.666666666666666,5.0,17.5,70.33333333333333,13.228756555322894,109.16559181711811,9.240319297072013,55.18421075631444,0.0,0.0
2023-12-16,90.0,0.0,0.0,12,16,1,0,0.0,0.0,125.0,0.0,0.0,80.0,110.0,0.0,0.0,0,0,0,0,0,1,0,0.0,0.0,0.0,70.0,0.0,20.0,0.0,5.0,10.0,70.33333333333333,13.228756555322894,109.16559181711811,6.9302394728040095,51.62393909461674,0.0,0.0
2023-12-23,0.0,0.0,0.0,12,23,1,0,90.0,0.0,45.0,0.0,0.0,35.0,0.0,0.0,0.0,0,0,0,0,0,1,0,0.0,0.0,0.0,35.0,110.0,155.0,30.0,17.857142857142858,11.428571428571429,69.16666666666667,34.382304418739196,108.74744018654633,27.697679604603007,54.09981399173824,0.0,0.0
2024-01-02,0.0,0.0,0.0,1,2,0,0,0.0,0.0,20.0,0.0,0.0,120.0,0.0,0.0,0.0,0,1,0,0,0,0,0,90.0,0.0,0.0,0.0,105.0,35.0,30.0,17.857142857142858,8.928571428571429,67.66666666666667,34.382304418739196,109.40066611829414,20.773259703452254,50.60950341162609,0.0,0.0
2024-01-03,220.0,0.0,0.0,1,3,0,0,0.0,35.0,155.0,0.0,0.0,0.0,0.0,0.0,55.0,0,0,1,0,0,0,0,0.0,90.0,35.0,0.0,0.0,0.0,30.0,17.857142857142858,8.928571428571429,67.0,34.382304418739196,109.76149692354139,15.57994477758919,47.344374159263126,0.0,0.0
2024-01-05,150.0,0.0,70.0,1,5,1,0,220.0,0.0,35.0,0.0,0.0,265.0,0.0,0.0,0.0,0,0,0,0,1,0,0,0.0,0.0,0.0,0.0,105.0,335.0,73.33333333333333,44.285714285714285,24.642857142857142,69.16666666666667,84.4308677473554,112.17353653536385,66.6849585831919,58.48344679414938,0.0,0.0
2024-01-06,0.0,0.0,150.0,1,6,1,0,150.0,0.0,0.0,70.0,0.0,160.0,0.0,0.0,0.0,0,0,0,0,0,1,0,220.0,0.0,0.0,0.0,325.0,90.0,123.33333333333333,65.71428571428571,35.357142857142854,73.0,90.1585904313694,112.92811262342823,87.51371893739392,64.38774054936555,0.0,0.0
2024-01-07,70.0,0.0,250.0,1,7,0,0,0.0,0.0,335.0,150.0,0.0,20.0,0.0,110.0,0.0,0,0,0,0,0,0,1,150.0,220.0,0.0,0.0,105.0,415.0,123.33333333333333,65.71428571428571,35.357142857142854,73.0,90.1585904313694,112.92811262342823,65.63528920304543,60.23369277198713,0.0,0.0
2024-01-08,340.0,0.0,0.0,1,8,0,0,70.0,90.0,90.0,250.0,0.0,195.0,0.0,0.0,0.0,1,0,0,0,0,0,0,0.0,150.0,90.0,0.0,70.0,0.0,73.33333333333333,75.71428571428571,40.357142857142854,64.16666666666667,85.41216596737306,101.5151027776363,66.72646690228407,60.86377710927829,0.0,0.0
2024-01-09,250.0,0.0,1050.0,1,9,0,0,340.0,0.0,415.0,0.0,0.0,55.0,0.0,0.0,70.0,0,1,0,0,0,0,0,70.0,0.0,0.0,0.0,35.0,110.0,136.66666666666666,111.42857142857143,64.64285714285714,72.5,131.96319833304167,113.2874738183263,135.04485017671306,78.87256568287324,0.0,0.0
2024-01-10,850.0,0.0,660.0,1,10,0,0,250.0,0.0,0.0,1050.0,0.0,35.0,0.0,0.0,145.0,0,0,1,0,0,0,0,340.0,70.0,0.0,0.0,0.0,105.0,220.0,147.14285714285714,82.5,67.0,130.602997121593,99.21762913431523,163.7836376325348,89.91304531623626,0.0,0.0
2024-01-11,830.0,0.0,110.0,1,11,0,0,850.0,220.0,110.0,660.0,0.0,0.0,0.0,0.0,105.0,0,0,0,1,0,0,0,250.0,340.0,220.0,35.0,0.0,0.0,480.0,268.57142857142856,143.21428571428572,95.33333333333333,280.32294301564457,173.20474894607048,335.3377282244011,138.95091336035006,0.0,0.0
2024-01-12,630.0,0.0,0.0,1,12,1,0,830.0,150.0,105.0,110.0,70.0,0.0,0.0,0.0,0.0,0,0,0,0,1,0,0,850.0,250.0,150.0,0.0,0.0,105.0,643.3333333333334,355.7142857142857,200.0,119.33333333333333,349.0872452008304,219.10764687600536,459.00329616830084,183.53472540161778,0.0,0.0
2024-01-13,770.0,0.0,0.0,1,13,1,0,630.0,0.0,0.0,0.0,150.0,385.0,0.0,0.0,0.0,0,0,0,0,0,1,0,830.0,850.0,0.0,0.0,0.0,325.0,770.0,424.2857142857143,245.0,136.83333333333334,349.0872452008304,238.06867791101558,501.7524721262256,212.33893666602955,0.0,0.0
2024-01-14,560.0,0.0,140.0,1,14,0,0,770.0,70.0,105.0,0.0,250.0,210.0,0.0,0.0,55.0,0,0,0,0,0,0,1,630.0,830.0,70.0,0.0,0.0,105.0,743.3333333333334,534.2857142857143,300.0,162.5,312.5090474880762,263.00894832030286,568.8143540946692,248.31706978435025,0.0,0.0
2024-01-16,40.0,0.0,510.0,1,16,0,0,560.0,340.0,325.0,140.0,0.0,160.0,0.0,0.0,0.0,0,1,0,0,0,0,0,770.0,630.0,340.0,90.0,0.0,70.0,653.3333333333334,604.2857142857143,340.0,177.66666666666666,236.91469230204217,272.5256499580498,566.6107655710018,268.4256459272954,0.0,0.0
2024-01-18,330.0,0.0,0.0,1,18,0,0,40.0,250.0,105.0,510.0,1050.0,145.0,0.0,0.0,105.0,0,0,0,1,0,0,0,560.0,770.0,250.0,0.0,0.0,35.0,456.6666666666667,561.4285714285714,336.42857142857144,168.16666666666666,308.8920292177925,272.1798446176571,434.95807417825137,253.68850748037318,0.0,0.0
2024-01-19,140.0,0.0,300.0,1,19,1,0,330.0,850.0,70.0,0.0,660.0,70.0,0.0,0.0,0.0,0,0,0,0,1,0,0,40.0,560.0,850.0,0.0,0.0,0.0,310.0,572.8571428571429,360.0,175.66666666666666,296.68806771390285,273.47613314930953,408.71855563368854,258.6118295784136,0.0,0.0
2024-01-20,670.0,0.0,90.0,1,20,1,0,140.0,830.0,35.0,300.0,110.0,0.0,0.0,0.0,0.0,0,0,0,0,0,1,0,330.0,40.0,830.0,220.0,35.0,0.0,170.0,471.42857142857144,370.0,178.0,307.3233135439271,272.8413711171813,341.5389167252664,250.9594534765805,0.0,0.0
2024-01-21,120.0,0.0,650.0,1,21,0,0,670.0,630.0,0.0,90.0,0.0,0.0,0.0,0.0,185.0,0,0,0,0,0,0,1,140.0,330.0,630.0,150.0,0.0,0.0,380.0,448.57142857142856,402.14285714285717,199.16666666666666,281.0355002147456,285.6936004416853,423.6541875439498,277.9943274458334,0.0,0.0
2024-01-22,280.0,0.0,0.0,1,22,0,0,120.0,770.0,0.0,650.0,0.0,0.0,0.0,0.0,0.0,1,0,0,0,0,0,0,670.0,140.0,770.0,0.0,0.0,0.0,310.0,375.7142857142857,400.0,203.16666666666666,292.05348499074273,283.641600389055,347.74064065796233,267.8011450299732,0.0,0.0
2024-01-23,1210.0,0.0,320.0,1,23,0,0,280.0,560.0,0.0,0.0,140.0,0.0,0.0,0.0,0.0,0,1,0,0,0,0,0,120.0,670.0,560.0,70.0,0.0,0.0,356.6666666666667,305.7142857142857,420.0,212.5,234.93666826453037,281.3230747979858,330.80548049347175,268.5881679312653,0.0,0.0
2024-01-24,290.0,0.0,70.0,1,24,0,0,1210.0,40.0,0.0,320.0,510.0,0.0,0.0,0.0,0.0,0,0,1,0,0,0,0,280.0,120.0,40.0,340.0,90.0,0.0,536.6666666666666,398.57142857142856,501.42857142857144,252.83333333333334,413.0951694798899,331.9838055183367,550.6041103701039,329.32441516150624,0.0,0.0
2024-01-25,470.0,0.0,370.0,1,25,0,0,290.0,330.0,0.0,70.0,0.0,0.0,0.0,0.0,255.0,0,0,0,1,0,0,0,1210.0,280.0,330.0,250.0,0.0,0.0,593.3333333333334,434.2857142857143,497.85714285714283,262.5,386.9046886446816,328.57253962116715,485.4530827775779,326.7873561188284,0.0,0.0
2024-01-26,390.0,0.0,0.0,1,26,1,0,470.0,140.0,0.0,370.0,300.0,0.0,0.0,0.0,0.0,0,0,0,0,1,0,0,290.0,1210.0,140.0,850.0,0.0,0.0,656.6666666666666,454.2857142857143,513.5714285714286,278.1666666666667,384.22463667569696,326.8250700860961,481.5898120831834,336.0268815305169,0.0,0.0
2024-01-27,1050.0,380.0,160.0,1,27,1,0,390.0,670.0,0.0,0.0,90.0,0.0,0.0,0.0,0.0,0,0,0,0,0,1,0,470.0,290.0,670.0,830.0,220.0,35.0,383.3333333333333,490.0,480.7142857142857,291.1666666666667,361.063244690825,323.11437959157837,458.69235906238754,339.5090182059675,0.0,0.0
2024-01-28,340.0,0.0,160.0,1,28,0,0,1050.0,120.0,0.0,160.0,650.0,0.0,380.0,0.0,0.0,0,0,0,0,0,0,1,390.0,470.0,120.0,630.0,150.0,0.0,636.6666666666666,544.2857142857143,496.42857142857144,326.1666666666667,416.88756049471897,346.50890254108896,606.5192692967906,385.347146063647,0.0,0.0
2024-01-29,830.0,0.0,370.0,1,29,0,0,340.0,280.0,35.0,160.0,0.0,0.0,0.0,0.0,0.0,1,0,0,0,0,0,0,1050.0,390.0,280.0,770.0,0.0,0.0,593.3333333333334,575.7142857142857,475.7142857142857,337.5,386.7754362614539,340.9893061322477,539.889451972593,382.4215237369601,0.0,0.0
2024-01-30,210.0,0.0,180.0,1,30,0,0,830.0,1210.0,0.0,370.0,320.0,0.0,0.0,0.0,0.0,0,1,0,0,0,0,0,340.0,1050.0,1210.0,560.0,70.0,0.0,740.0,654.2857142857143,480.0,364.0,372.28381390444304,347.4994418254014,612.4170889794448,411.29755446360787,0.0,0.0
2024-01-31,200.0,0.0,220.0,1,31,0,0,210.0,290.0,0.0,180.0,70.0,0.0,0.0,0.0,0.0,0,0,1,0,0,0,0,830.0,340.0,290.0,40.0,340.0,90.0,460.0,511.42857142857144,455.0,371.0,310.184277026231,341.9855814665795,511.8128167345836,398.3106154659558,0.0,0.0
2024-02-01,480.0,0.0,180.0,2,1,0,0,200.0,470.0,0.0,220.0,370.0,0.0,0.0,0.0,110.0,0,0,0,1,0,0,0,210.0,830.0,470.0,330.0,250.0,0.0,413.3333333333333,498.57142857142856,466.42857142857144,377.6666666666667,322.5124582311288,336.4078326749505,433.8596125509377,385.51638221008767,0.0,0.0
2024-02-02,70.0,0.0,560.0,2,2,1,0,480.0,390.0,90.0,180.0,0.0,0.0,0.0,0.0,0.0,0,0,0,0,1,0,0,200.0,210.0,390.0,140.0,850.0,0.0,296.6666666666667,500.0,477.14285714285717,393.6666666666667,322.3869310833384,329.1628182519105,445.39470941320326,391.6120994868562,0.0,0.0
2024-02-03,460.0,370.0,590.0,2,3,1,0,70.0,1050.0,0.0,560.0,160.0,0.0,0.0,380.0,0.0,0,0,0,0,0,1,0,480.0,200.0,1050.0,670.0,830.0,220.0,250.0,454.2857142857143,472.14285714285717,393.0,360.96431692791737,329.8186544566365,351.5460320599025,370.8629317780268,0.0,0.0
2024-02-04,170.0,0.0,820.0,2,4,0,0,460.0,340.0,0.0,590.0,160.0,0.0,370.0,0.0,0.0,0,0,0,0,0,0,1,70.0,480.0,340.0,120.0,630.0,150.0,336.6666666666667,370.0,457.14285714285717,408.3333333333333,250.73226092121965,321.505974989615,378.65952404492685,376.61371037299284,0.0,0.0
2024-02-05,1850.0,0.0,220.0,2,5,0,0,170.0,830.0,220.0,820.0,370.0,0.0,0.0,0.0,0.0,1,0,0,0,0,0,0,460.0,70.0,830.0,280.0,770.0,0.0,233.33333333333334,345.7142857142857,460.7142857142857,414.0,262.0977643842809,315.5028826580151,326.4946430336951,363.2837935747352,0.0,0.0
2024-02-06,1200.0,0.0,210.0,2,6,0,0,1850.0,210.0,150.0,220.0,180.0,70.0,0.0,0.0,0.0,0,1,0,0,0,0,0,170.0,460.0,210.0,1210.0,560.0,70.0,826.6666666666666,491.42857142857144,572.8571428571429,468.3333333333333,618.0460762604615,407.79544680731976,707.3709822752713,459.20096818281684,0.0,0.0
2024-02-07,610.0,0.0,0.0,2,7,0,0,1200.0,200.0,0.0,210.0,220.0,150.0,0.0,0.0,0.0,0,0,1,0,0,0,0,1850.0,170.0,200.0,290.0,40.0,340.0,1073.3333333333333,632.8571428571429,572.1428571428571,503.3333333333333,655.0754227749728,424.2586502345598,830.5282367064535,506.9944541065061,0.0,0.0
2024-02-08,650.0,0.0,0.0,2,8,0,0,610.0,480.0,70.0,0.0,180.0,250.0,0.0,0.0,0.0,0,0,0,1,0,0,0,1200.0,1850.0,480.0,470.0,330.0,250.0,1220.0,691.4285714285714,595.0,523.6666666666666,627.6790201854386,413.7922461676943,775.3961775298401,513.639973196409,0.0,0.0
2024-02-09,690.0,100.0,0.0,2,9,1,0,650.0,70.0,340.0,0.0,560.0,0.0,0.0,0.0,0.0,0,0,0,0,1,0,0,610.0,1200.0,70.0,390.0,140.0,850.0,820.0,715.7142857142857,607.8571428571429,543.0,621.392445583764,405.32787919802945,744.04713314738,522.4373942805116,0.0,0.0
2024-02-10,700.0,0.0,210.0,2,10,1,0,690.0,460.0,250.0,0.0,590.0,1050.0,100.0,370.0,0.0,0,0,0,0,0,1,0,650.0,610.0,460.0,1050.0,670.0,830.0,650.0,804.2857142857143,629.2857142857143,554.6666666666666,554.6126919709266,404.319209274684,730.535349860535,533.2478849720916,0.0,0.0
2024-02-11,1020.0,0.0,100.0,2,11,0,0,700.0,170.0,850.0,210.0,820.0,660.0,0.0,0.0,0.0,0,0,0,0,0,0,1,690.0,650.0,170.0,340.0,120.0,630.0,680.0,838.5714285714286,604.2857142857143,569.6666666666666,536.9180127179122,400.9599114309467,722.9015123954013,544.0060859416341,0.0,0.0
2024-02-12,310.0,90.0,140.0,2,12,0,0,1020.0,1850.0,830.0,100.0,220.0,110.0,0.0,0.0,0.0,1,0,0,0,0,0,0,700.0,690.0,1850.0,830.0,280.0,770.0,803.3333333333334,960.0,652.8571428571429,575.3333333333334,449.5182606598606,406.2251230225829,797.1761342965509,574.7153707195931,0.0,0.0
2024-02-13,350.0,0.0,0.0,2,13,0,0,310.0,1200.0,630.0,140.0,210.0,0.0,90.0,0.0,0.0,0,1,0,0,0,0,0,1020.0,700.0,1200.0,210.0,1210.0,560.0,676.6666666666666,740.0,615.7142857142857,558.0,289.8275349237883,406.07796091985534,675.3821007224132,557.6369597054259,0.0,0.0
2024-02-14,850.0,0.0,0.0,2,14,0,0,350.0,610.0,770.0,0.0,0.0,0.0,0.0,0.0,0.0,0,0,1,0,0,0,0,310.0,1020.0,610.0,200.0,290.0,40.0,560.0,618.5714285714286,625.7142857142857,548.6666666666666,238.49727960912287,407.58103347748494,594.0365755418098,544.2410268212049,0.0,0.0
2024-02-15,0.0,110.0,610.0,2,15,0,0,850.0,650.0,560.0,0.0,0.0,140.0,0.0,0.0,0.0,0,0,0,1,0,0,0,350.0,310.0,650.0,480.0,470.0,330.0,503.3333333333333,652.8571428571429,672.1428571428571,551.3333333333334,253.8184578075623,409.337002492073,658.0274316563574,563.9674121875788,0.0,0.0
2024-02-16,1160.0,0.0,0.0,2,16,1,0,0.0,690.0,40.0,610.0,0.0,510.0,110.0,100.0,0.0,0,0,0,0,1,0,0,850.0,350.0,690.0,70.0,390.0,140.0,400.0,560.0,637.8571428571429,532.6666666666666,354.11862419251514,421.5156014892575,493.5205737422681,527.5824178528964,0.0,0.0
2024-02-17,200.0,0.0,600.0,2,17,1,0,1160.0,700.0,330.0,0.0,210.0,0.0,0.0,0.0,0.0,0,0,0,0,0,1,0,0.0,850.0,700.0,460.0,1050.0,670.0,670.0,627.1428571428571,715.7142857142857,570.0,421.09833711831413,425.9512680561248,660.1404303067011,568.3835521849676,0.0,0.0
2024-02-18,400.0,0.0,70.0,2,18,0,0,200.0,1020.0,140.0,600.0,100.0,300.0,0.0,0.0,0.0,0,0,0,0,0,0,1,1160.0,0.0,1020.0,170.0,340.0,120.0,453.3333333333333,555.7142857142857,697.1428571428571,565.6666666666666,448.2133845561039,429.1264851181817,545.1053227300258,544.6168713988407,0.0,0.0
2024-02-19,630.0,0.0,140.0,2,19,0,0,400.0,310.0,670.0,70.0,140.0,90.0,0.0,90.0,0.0,1,0,0,0,0,0,0,200.0,1160.0,310.0,1850.0,830.0,280.0,586.6666666666666,467.14285714285717,713.5714285714286,574.3333333333334,399.82138869393003,422.8122868189351,508.82899204751936,535.2867506634316,0.0,0.0
2024-02-20,430.0,0.0,0.0,2,20,0,0,630.0,350.0,120.0,140.0,0.0,650.0,0.0,0.0,0.0,0,1,0,0,0,0,0,400.0,200.0,350.0,1200.0,210.0,1210.0,410.0,512.8571428571429,626.4285714285714,573.0,397.14457005454494,422.5631966610601,539.1217440356395,541.3972828786941,0.0,0.0
2024-02-21,370.0,0.0,140.0,2,21,0,0,430.0,850.0,280.0,0.0,0.0,0.0,0.0,0.0,0.0,0,0,1,0,0,0,0,630.0,400.0,850.0,610.0,200.0,290.0,486.6666666666667,524.2857142857143,571.4285714285714,583.3333333333334,392.8043254538294,414.823047719796,511.8413080267296,534.2103614026494,0.0,0.0
2024-02-22,280.0,0.0,210.0,2,22,0,0,370.0,0.0,1210.0,140.0,610.0,320.0,0.0,110.0,0.0,0,0,0,1,0,0,0,430.0,630.0,0.0,650.0,480.0,470.0,476.6666666666667,455.7142857142857,554.2857142857143,586.3333333333334,367.55304119982185,412.8745600044286,476.3809810200472,523.6161445379623,0.0,0.0
2024-02-23,0.0,0.0,180.0,2,23,1,0,280.0,1160.0,290.0,210.0,0.0,70.0,0.0,0.0,0.0,0,0,0,0,1,0,0,370.0,430.0,1160.0,690.0,70.0,390.0,360.0,495.7142857142857,527.8571428571429,555.3333333333334,322.12094741246585,399.1174171139091,427.2857357650354,507.89897392260997,0.0,0.0
2024-02-24,800.0,90.0,140.0,2,24,1,0,0.0,200.0,470.0,180.0,600.0,370.0,0.0,0.0,0.0,0,0,0,0,0,1,0,280.0,370.0,200.0,700.0,460.0,1050.0,216.66666666666666,330.0,478.57142857142856,545.6666666666666,197.82146833277017,409.15120999903945,320.4643018237765,475.13129818566745,0.0,0.0
2024-02-25,110.0,0.0,500.0,2,25,0,0,800.0,400.0,390.0,140.0,70.0,0.0,90.0,0.0,0.0,0,0,0,0,0,0,1,0.0,280.0,400.0,1020.0,170.0,340.0,360.0,415.7142857142857,485.7142857142857,556.6666666666666,254.09034763623862,411.47617631906814,440.34822636783235,496.0905692704631,0.0,0.0
2024-02-26,830.0,0.0,80.0,2,26,0,0,110.0,630.0,1050.0,500.0,140.0,160.0,0.0,0.0,380.0,1,0,0,0,0,0,0,800.0,0.0,630.0,310.0,1850.0,830.0,303.3333333333333,374.2857142857143,420.7142857142857,547.3333333333334,279.4552524023085,418.502530238578,357.76116977587424,471.18150028527197,0.0,0.0
2024-02-27,880.0,0.0,510.0,2,27,0,0,830.0,430.0,340.0,80.0,0.0,160.0,0.0,0.0,0.0,0,1,0,0,0,0,0,110.0,800.0,430.0,350.0,1200.0,210.0,580.0,402.85714285714283,457.85714285714283,540.0,317.5801361186538,411.2554370251639,475.82087733190565,494.33108091202865,0.0,0.0
2024-02-28,1150.0,0.0,210.0,2,28,0,0,880.0,370.0,830.0,510.0,140.0,370.0,0.0,0.0,0.0,0,0,1,0,0,0,0,830.0,110.0,370.0,850.0,610.0,200.0,606.6666666666666,467.14285714285717,495.7142857142857,558.0,365.86492433293284,414.00816250490715,576.8656579989292,519.2129466596398,0.0,0.0
2024-02-29,720.0,0.0,850.0,2,29,0,0,1150.0,280.0,210.0,210.0,210.0,180.0,0.0,0.0,0.0,0,0,0,1,0,0,0,880.0,830.0,280.0,0.0,650.0,480.0,953.3333333333334,578.5714285714286,517.1428571428571,568.6666666666666,442.1699737818993,425.22799834290373,720.1492434991969,559.9088855848244,0.0,0.0
2024-03-01,80.0,70.0,250.0,3,1,1,0,720.0,0.0,200.0,850.0,180.0,220.0,0.0,0.0,0.0,0,0,0,0,1,0,0,1150.0,880.0,0.0,1160.0,690.0,70.0,916.6666666666666,641.4285714285714,568.5714285714286,585.6666666666666,423.5338857529018,420.5635245250347,720.1119326243977,570.2373445793519,0.0,0.0
2024-03-02,370.0,0.0,140.0,3,2,1,0,80.0,800.0,480.0,250.0,140.0,180.0,70.0,90.0,0.0,0,0,0,0,0,1,0,720.0,1150.0,800.0,200.0,700.0,460.0,650.0,652.8571428571429,491.42857142857144,581.6666666666666,403.96840989175865,424.9063453266502,560.0839494682982,538.6091288000389,0.0,0.0
2024-03-03,800.0,410.0,650.0,3,3,0,0,370.0,110.0,70.0,140.0,500.0,560.0,0.0,0.0,0.0,0,0,0,0,0,0,1,80.0,720.0,110.0,400.0,1020.0,170.0,390.0,591.4285714285714,503.57142857142856,578.0,410.50491557871203,426.28628877785866,512.5629621012237,527.731120490359,0.0,0.0
2024-03-04,540.0,0.0,510.0,3,4,0,0,800.0,830.0,460.0,650.0,80.0,590.0,410.0,0.0,370.0,1,0,0,0,0,0,0,370.0,80.0,830.0,630.0,310.0,1850.0,416.6666666666667,690.0,532.1428571428571,602.3333333333334,354.68295701936364,417.02297409080495,584.4222215759178,545.2968546522713,0.0,0.0
2024-03-05,0.0,0.0,240.0,3,5,0,0,540.0,880.0,170.0,510.0,510.0,820.0,0.0,0.0,0.0,0,1,0,0,0,0,0,800.0,370.0,880.0,430.0,350.0,1200.0,570.0,648.5714285714286,525.7142857142857,605.0,352.535037096956,416.33665091672106,573.3166661819383,544.9551220940604,0.0,0.0
2024-03-06,680.0,0.0,740.0,3,6,0,0,0.0,1150.0,1850.0,240.0,210.0,220.0,0.0,0.0,0.0,0,0,1,0,0,0,0,540.0,800.0,1150.0,370.0,850.0,610.0,446.6666666666667,522.8571428571429,495.0,599.3333333333334,408.68546527104354,423.55582894098507,429.9874996364538,509.79672712025007,0.0,0.0
2024-03-07,270.0,140.0,580.0,3,7,0,0,680.0,720.0,1200.0,740.0,850.0,210.0,0.0,0.0,0.0,0,0,0,1,0,0,0,0.0,540.0,720.0,280.0,0.0,650.0,406.6666666666667,455.7142857142857,517.1428571428571,560.3333333333334,316.74685701451125,352.2977123980789,492.49062472734033,520.7775834350726,0.0,0.0
2024-03-08,1550.0,140.0,0.0,3,8,1,0,270.0,80.0,610.0,580.0,250.0,0.0,140.0,70.0,0.0,0,0,0,0,1,0,0,680.0,0.0,80.0,0.0,1160.0,690.0,316.6666666666667,391.42857142857144,516.4285714285714,529.3333333333334,299.3564526017195,334.539656257962,436.8679685455053,504.59838450377765,0.0,0.0
2024-03-09,900.0,0.0,0.0,3,9,1,0,1550.0,370.0,650.0,0.0,140.0,0.0,140.0,0.0,0.0,0,0,0,0,0,1,0,270.0,680.0,370.0,800.0,200.0,700.0,833.3333333333334,601.4285714285714,627.1428571428571,560.6666666666666,495.6957592256418,382.883193976812,715.1509764091289,572.043650019663,0.0,0.0
2024-03-10,780.0,880.0,0.0,3,10,0,0,900.0,800.0,690.0,0.0,650.0,0.0,0.0,410.0,100.0,0,0,0,0,0,0,1,1550.0,270.0,800.0,110.0,400.0,1020.0,906.6666666666666,677.1428571428571,634.2857142857143,569.0,494.9314526852608,387.58625291446526,761.3632323068467,593.2021242119429,0.0,0.0
2024-03-11,180.0,70.0,0.0,3,11,0,0,780.0,540.0,700.0,0.0,510.0,210.0,880.0,0.0,0.0,1,0,0,0,0,0,0,900.0,1550.0,540.0,830.0,630.0,310.0,1076.6666666666667,674.2857142857143,682.1428571428571,572.0,494.1611458777772,388.90119301827104,766.022424230135,605.253600069237,0.0,0.0
2024-03-12,600.0,0.0,0.0,3,12,0,0,180.0,0.0,1020.0,0.0,240.0,100.0,70.0,0.0,0.0,0,1,0,0,0,0,0,780.0,900.0,0.0,880.0,430.0,350.0,620.0,622.8571428571429,635.7142857142857,554.6666666666666,528.037697066989,394.54673542785974,619.5168181726012,577.8178839357379,0.0,0.0
2024-03-13,150.0,0.0,70.0,3,13,0,0,600.0,680.0,310.0,0.0,740.0,140.0,0.0,0.0,90.0,0,0,1,0,0,0,0,180.0,780.0,680.0,1150.0,370.0,850.0,520.0,708.5714285714286,615.7142857142857,540.6666666666666,453.5206195763894,384.79670703778953,614.6376136294509,579.2489881979484,0.0,0.0
2024-03-14,650.0,70.0,140.0,3,14,0,0,150.0,270.0,350.0,70.0,580.0,0.0,0.0,140.0,0.0,0,0,0,1,0,0,0,600.0,180.0,270.0,720.0,280.0,0.0,310.0,632.8571428571429,544.2857142857143,535.3333333333334,500.85640942004784,389.18777786151196,498.4782102220882,551.5555050884033,0.0,0.0
2024-03-15,330.0,0.0,140.0,3,15,1,0,650.0,1550.0,850.0,140.0,0.0,0.0,70.0,140.0,0.0,0,0,0,0,1,0,0,150.0,600.0,1550.0,80.0,0.0,1160.0,466.6666666666667,687.1428571428571,539.2857142857143,545.3333333333334,474.89347176373064,388.11421473344797,536.3586576665662,557.9067628246353,0.0,0.0
2024-03-16,410.0,0.0,40.0,3,16,1,0,330.0,900.0,0.0,140.0,0.0,610.0,0.0,0.0,110.0,0,0,0,0,0,1,0,650.0,150.0,900.0,370.0,800.0,200.0,376.6666666666667,512.8571428571429,557.1428571428571,528.0,295.3932004246926,385.64232132897445,484.7689932499246,543.2031007069169,0.0,0.0
2024-03-17,70.0,0.0,210.0,3,17,0,0,410.0,780.0,1160.0,40.0,0.0,0.0,0.0,880.0,0.0,0,0,0,0,0,0,1,330.0,650.0,780.0,800.0,110.0,400.0,463.3333333333333,442.85714285714283,560.0,541.6666666666666,241.50322880617833,373.3546278820172,466.07674493744344,534.6093522742126,0.0,0.0
2024-03-18,470.0,0.0,0.0,3,18,0,0,70.0,180.0,200.0,210.0,0.0,600.0,0.0,70.0,0.0,1,0,0,0,0,0,0,410.0,330.0,180.0,540.0,830.0,630.0,270.0,341.42857142857144,507.85714285714283,505.3333333333333,224.82797656790598,364.02665053379064,367.0575587030826,504.6345553532957,0.0,0.0
2024-03-19,380.0,0.0,0.0,3,19,0,0,470.0,600.0,400.0,0.0,0.0,70.0,0.0,0.0,0.0,0,1,0,0,0,0,0,70.0,410.0,600.0,0.0,880.0,430.0,316.6666666666667,382.85714285714283,502.85714285714283,514.3333333333334,216.69596871456255,359.5273078049444,392.79316902731193,502.40006791114763,0.0,0.0
2024-03-20,180.0,0.0,1160.0,3,20,0,0,380.0,150.0,630.0,0.0,70.0,140.0,0.0,0.0,0.0,0,0,1,0,0,0,0,470.0,70.0,150.0,680.0,1150.0,370.0,306.6666666666667,351.42857142857144,530.0,513.6666666666666,194.80148625618565,359.76508938504566,389.59487677048395,494.5032893362349,0.0,0.0
2024-03-21,140.0,0.0,340.0,3,21,0,0,180.0,650.0,430.0,1160.0,140.0,0.0,0.0,70.0,0.0,0,0,0,1,0,0,0,380.0,470.0,650.0,270.0,720.0,280.0,343.3333333333333,355.7142857142857,494.2857142857143,498.6666666666667,189.89972291160564,364.10242338199794,337.19615757786295,474.21275454034884,0.0,0.0
2024-03-22,110.0,0.0,465.0,3,22,1,0,140.0,330.0,370.0,340.0,140.0,140.0,0.0,0.0,0.0,0,0,0,0,1,0,0,180.0,380.0,330.0,1550.0,80.0,0.0,233.33333333333334,282.85714285714283,485.0,489.0,152.28419547174306,369.7935118134312,287.8971181833972,452.6506413441973,0.0,0.0
2024-03-23,180.0,70.0,55.0,3,23,1,0,110.0,410.0,280.0,465.0,40.0,210.0,0.0,0.0,0.0,0,0,0,0,0,1,0,140.0,180.0,410.0,900.0,370.0,800.0,143.33333333333334,251.42857142857142,382.14285714285717,480.3333333333333,163.2409845829745,375.67854319363505,243.4228386375479,430.54414835424916,0.0,0.0
2024-03-24,315.0,125.0,0.0,3,24,0,0,180.0,70.0,0.0,55.0,210.0,180.0,70.0,0.0,0.0,0,0,0,0,0,0,1,110.0,140.0,70.0,780.0,800.0,110.0,143.33333333333334,218.57142857142858,330.7142857142857,477.0,148.48440674905538,377.9541114273366,227.56712897816092,414.38000975074925,0.0,0.0
2024-03-25,0.0,0.0,140.0,3,25,0,0,315.0,470.0,800.0,0.0,0.0,140.0,125.0,0.0,90.0,1,0,0,0,0,0,0,180.0,110.0,470.0,180.0,540.0,830.0,201.66666666666666,253.57142857142858,297.5,487.5,135.9753128854116,368.5029125417113,249.4253467336207,407.9683962184429,0.0,0.0
2024-03-26,165.0,0.0,285.0,3,26,0,0,0.0,380.0,110.0,140.0,0.0,500.0,0.0,0.0,0.0,0,1,0,0,0,0,0,315.0,180.0,380.0,600.0,0.0,880.0,165.0,186.42857142857142,284.64285714285717,460.8333333333333,127.04048848412701,374.01383741074693,187.06901005021552,381.6478545269305,0.0,0.0
2024-03-27,0.0,0.0,130.0,3,27,0,0,165.0,180.0,830.0,285.0,1160.0,80.0,0.0,0.0,0.0,0,0,1,0,0,0,0,0.0,315.0,180.0,150.0,680.0,1150.0,160.0,155.71428571428572,253.57142857142858,462.6666666666667,94.18194144971741,372.36599842306924,181.55175753766164,367.67057358970914,0.0,0.0
2024-03-28,450.0,35.0,60.0,3,28,0,0,0.0,140.0,880.0,130.0,340.0,510.0,0.0,0.0,0.0,0,0,0,1,0,0,0,165.0,0.0,140.0,650.0,270.0,720.0,55.0,130.0,242.85714285714286,435.0,109.73452814254308,374.95746885250315,136.16381815324624,343.94989142263114,0.0,0.0
2024-03-29,20.0,0.0,70.0,3,29,1,0,450.0,110.0,1150.0,60.0,465.0,210.0,35.0,0.0,0.0,0,0,0,0,1,0,0,0.0,165.0,110.0,330.0,1550.0,80.0,205.0,174.28571428571428,228.57142857142858,420.6666666666667,163.7179630601704,365.45845873022455,214.6228636149347,350.79183391149365,0.0,0.0
2024-03-30,55.0,0.0,375.0,3,30,1,0,20.0,180.0,720.0,70.0,55.0,850.0,0.0,70.0,0.0,0,0,0,0,0,1,0,450.0,0.0,180.0,410.0,900.0,370.0,156.66666666666666,161.42857142857142,206.42857142857142,383.0,172.88518072491237,345.3773548473891,165.96714771120102,329.4504252720425,0.0,0.0
2024-03-31,0.0,0.0,80.0,3,31,0,0,55.0,315.0,80.0,375.0,0.0,250.0,0.0,125.0,70.0,0,0,0,0,0,0,1,20.0,450.0,315.0,70.0,780.0,800.0,175.0,143.57142857142858,181.07142857142858,360.8333333333333,177.05258836746486,344.34115834929366,138.22536078340076,311.7439462222333,0.0,0.0
2024-04-01,0.0,0.0,35.0,4,1,0,0,0.0,0.0,370.0,80.0,140.0,140.0,0.0,0.0,0.0,1,0,0,0,0,0,0,55.0,20.0,0.0,470.0,180.0,540.0,25.0,98.57142857142857,176.07142857142858,358.1666666666667,165.89942449453815,346.8913258558406,103.66902058755056,291.6314335627344,0.0,0.0
2024-04-02,35.0,0.0,240.0,4,2,0,0,0.0,165.0,800.0,35.0,285.0,650.0,0.0,0.0,410.0,0,1,0,0,0,0,0,0.0,55.0,165.0,380.0,600.0,0.0,18.333333333333332,98.57142857142857,142.5,345.8333333333333,165.89942449453815,352.9801287103395,77.75176544066292,272.81650236513866,0.0,0.0
2024-04-03,70.0,0.0,55.0,4,3,0,0,35.0,0.0,540.0,240.0,130.0,510.0,0.0,0.0,0.0,0,0,1,0,0,0,0,0.0,0.0,0.0,180.0,150.0,680.0,11.666666666666666,80.0,117.85714285714286,320.3333333333333,164.49417416228837,346.61399909382783,67.0638240804972,257.4735022125491,0.0,0.0
2024-04-04,145.0,50.0,70.0,4,4,0,0,70.0,450.0,0.0,55.0,60.0,240.0,0.0,35.0,0.0,0,0,0,1,0,0,0,35.0,0.0,450.0,140.0,650.0,270.0,35.0,90.0,110.0,304.6666666666667,160.90887690449708,346.9645051242158,67.7978680603729,245.37843755367498,0.0,0.0
2024-04-05,175.0,0.0,265.0,4,5,1,0,145.0,20.0,680.0,70.0,70.0,740.0,50.0,0.0,0.0,0,0,0,0,1,0,0,70.0,35.0,20.0,110.0,330.0,1550.0,83.33333333333333,46.42857142857143,110.35714285714286,309.5,50.803074522634226,343.5673652760964,87.09840104527967,238.90240932440562,0.0,0.0
2024-04-06,280.0,70.0,0.0,4,6,1,0,175.0,55.0,270.0,265.0,375.0,580.0,0.0,0.0,140.0,0,0,0,0,0,1,0,145.0,70.0,55.0,180.0,410.0,900.0,130.0,68.57142857142857,115.0,292.6666666666667,68.17344825970727,337.09901679838345,109.07380078395975,234.7796732389601,0.0,0.0
2024-04-07,420.0,0.0,45.0,4,7,0,0,280.0,0.0,1550.0,0.0,80.0,0.0,70.0,0.0,140.0,0,0,0,0,0,0,1,175.0,145.0,0.0,315.0,70.0,780.0,200.0,100.71428571428571,122.14285714285714,293.0,104.22046229941934,337.08077411187674,151.80535058796983,237.69711367515623,0.0,0.0
2024-04-08,480.0,0.0,140.0,4,8,0,1,420.0,0.0,900.0,45.0,35.0,0.0,0.0,0.0,0.0,1,0,0,0,0,0,0,280.0,175.0,0.0,0.0,470.0,180.0,291.6666666666667,160.71428571428572,129.64285714285714,255.33333333333334,148.19549507965706,241.30369094642512,218.85401294097738,249.45859021224294,0.0,0.0
2024-04-09,65.0,0.0,0.0,4,9,0,1,480.0,35.0,780.0,140.0,240.0,0.0,0.0,0.0,880.0,0,1,0,0,0,0,0,420.0,280.0,35.0,165.0,380.0,600.0,393.3333333333333,229.28571428571428,163.92857142857142,241.33333333333334,170.76857076729502,213.15339034622926,284.14050970573305,264.3322295533886,1.0,0.0
2024-04-10,105.0,0.0,250.0,4,10,0,1,65.0,70.0,180.0,0.0,55.0,0.0,0.0,0.0,70.0,0,0,1,0,0,0,0,480.0,420.0,70.0,0.0,180.0,150.0,321.6666666666667,233.57142857142858,156.78571428571428,217.5,165.3711554280822,189.50821108586706,229.3553822792998,251.47208571123448,1.0,0.0
2024-04-11,0.0,0.0,350.0,4,11,0,1,105.0,145.0,600.0,250.0,70.0,0.0,0.0,50.0,0.0,0,0,0,1,0,0,0,65.0,480.0,145.0,450.0,140.0,650.0,216.66666666666666,238.57142857142858,164.28571428571428,215.0,160.04463663080244,190.51201428310742,198.26653670947485,242.02227372986454,1.0,0.0
2024-04-12,140.0,0.0,50.0,4,12,1,1,0.0,175.0,150.0,350.0,265.0,70.0,0.0,0.0,0.0,0,0,0,0,1,0,0,105.0,65.0,175.0,20.0,110.0,330.0,56.666666666666664,217.85714285714286,132.14285714285714,195.0,182.04525863223154,179.89939717366568,148.69990253210614,226.40793348922813,1.0,0.0
2024-04-13,260.0,0.0,220.0,4,13,1,0,140.0,280.0,650.0,50.0,0.0,140.0,0.0,70.0,70.0,0,0,0,0,0,1,0,0.0,105.0,280.0,55.0,180.0,410.0,81.66666666666667,212.85714285714286,140.71428571428572,194.66666666666666,183.88984798100213,179.9948913706727,146.52492689907962,220.83322810282633,1.0,0.0
2024-04-14,285.0,0.0,200.0,4,14,0,0,260.0,420.0,330.0,220.0,45.0,140.0,0.0,0.0,0.0,0,0,0,0,0,0,1,140.0,0.0,420.0,0.0,315.0,70.0,133.33333333333334,210.0,155.35714285714286,181.66666666666666,182.82505298782192,158.8120410038739,174.8936951743097,223.36011661232143,0.0,0.0
2024-04-15,395.0,20.0,0.0,4,15,0,0,285.0,480.0,410.0,200.0,140.0,40.0,0.0,0.0,0.0,1,0,0,0,0,0,0,260.0,140.0,480.0,0.0,0.0,470.0,228.33333333333334,190.71428571428572,175.71428571428572,180.16666666666666,163.02935756657854,157.5703637751399,202.4202713807323,227.33688328249426,0.0,1.0
2024-04-16,105.0,35.0,80.0,4,16,0,0,395.0,65.0,70.0,0.0,0.0,210.0,20.0,0.0,0.0,0,1,0,0,0,0,0,285.0,260.0,65.0,35.0,165.0,380.0,313.3333333333333,178.57142857142858,203.92857142857142,179.66666666666666,139.33515606007558,156.83800852962992,250.56520353554922,238.1538585545914,0.0,1.0
2024-04-17,565.0,0.0,35.0,4,17,0,0,105.0,105.0,470.0,80.0,250.0,0.0,35.0,0.0,0.0,0,0,1,0,0,0,0,395.0,285.0,105.0,70.0,0.0,180.0,261.6666666666667,184.28571428571428,208.92857142857142,180.83333333333334,134.64238347775682,156.12264925114306,214.1739026516619,229.56328703494037,0.0,1.0
2024-04-18,70.0,35.0,0.0,4,18,0,0,565.0,0.0,380.0,35.0,350.0,0.0,0.0,0.0,0.0,0,0,0,1,0,0,0,105.0,395.0,0.0,145.0,450.0,140.0,355.0,250.0,244.28571428571428,184.0,190.26297590440416,163.0020097189413,301.8804269887464,251.20436529075067,0.0,1.0
2024-04-19,130.0,0.0,0.0,4,19,1,0,70.0,140.0,180.0,0.0,50.0,1160.0,35.0,0.0,0.0,0,0,0,0,1,0,0,565.0,105.0,140.0,175.0,20.0,110.0,246.66666666666666,260.0,238.92857142857142,173.66666666666666,176.2573875520301,159.94575229796183,243.91032024155982,239.5137610784442,0.0,1.0
2024-04-20,240.0,0.0,655.0,4,20,1,0,130.0,260.0,140.0,0.0,220.0,340.0,0.0,0.0,0.0,0,0,0,0,0,1,0,70.0,565.0,260.0,280.0,55.0,180.0,255.0,258.57142857142856,235.71428571428572,172.0,177.428724790977,160.13787163264823,215.43274018116986,232.4483571378994,0.0,0.0
2024-04-21,1110.0,0.0,195.0,4,21,0,0,240.0,285.0,110.0,655.0,200.0,465.0,0.0,0.0,0.0,0,0,0,0,0,0,1,130.0,70.0,285.0,420.0,0.0,315.0,146.66666666666666,255.71428571428572,232.85714285714286,175.33333333333334,177.56286613076313,160.48919468050005,221.5745551358774,232.93555990319624,0.0,0.0
2024-04-22,915.0,35.0,255.0,4,22,0,0,1110.0,395.0,180.0,195.0,0.0,55.0,0.0,20.0,70.0,1,0,0,0,0,0,0,240.0,130.0,395.0,480.0,0.0,0.0,493.3333333333333,373.57142857142856,282.14285714285717,208.66666666666666,369.88415174792976,233.63297673079455,443.6809163519081,289.5203624900868,0.0,0.0
2024-04-23,515.0,0.0,105.0,4,23,0,0,915.0,105.0,315.0,255.0,80.0,0.0,35.0,35.0,125.0,0,1,0,0,0,0,0,1110.0,240.0,105.0,65.0,35.0,165.0,755.0,447.85714285714283,313.2142857142857,233.16666666666666,423.2695865014904,266.71851148320417,561.510687263931,329.87388749072636,0.0,0.0
2024-04-24,70.0,70.0,35.0,4,24,0,0,515.0,565.0,0.0,105.0,35.0,140.0,0.0,0.0,0.0,0,0,1,0,0,0,0,915.0,1110.0,565.0,105.0,70.0,0.0,846.6666666666666,506.42857142857144,345.35714285714283,239.83333333333334,395.366014870127,271.29473517437333,549.8830154479483,341.817507652615,0.0,0.0
2024-04-25,175.0,980.0,105.0,4,25,0,0,70.0,70.0,165.0,35.0,0.0,285.0,70.0,35.0,0.0,0,0,0,1,0,0,0,515.0,915.0,70.0,0.0,145.0,450.0,500.0,435.7142857142857,342.85714285714283,242.16666666666666,426.208366211377,269.45565604513234,429.91226158596123,324.2808942556721,0.0,0.0
2024-04-26,90.0,35.0,160.0,4,26,1,0,175.0,130.0,0.0,105.0,0.0,130.0,980.0,0.0,0.0,0,0,0,0,1,0,0,70.0,515.0,130.0,140.0,175.0,20.0,253.33333333333334,450.7142857142857,355.35714285714283,242.5,412.8299546163907,269.36307378191503,366.1841961894709,314.6498688198223,0.0,0.0
2024-04-27,310.0,0.0,235.0,4,27,1,0,90.0,240.0,450.0,160.0,655.0,60.0,35.0,0.0,35.0,0,0,0,0,0,1,0,175.0,70.0,240.0,260.0,280.0,55.0,111.66666666666667,445.0,351.7857142857143,245.5,418.25032376954965,267.06046712954037,297.1381471421032,300.1563288959628,0.0,0.0
2024-04-28,20.0,0.0,140.0,4,28,0,0,310.0,1110.0,20.0,235.0,195.0,70.0,0.0,0.0,0.0,0,0,0,0,0,0,1,90.0,175.0,1110.0,285.0,420.0,0.0,191.66666666666666,455.0,355.35714285714283,240.83333333333334,413.3400537088074,264.5754026325217,300.3536103565774,300.791404451062,0.0,0.0
2024-04-29,55.0,0.0,170.0,4,29,0,0,20.0,915.0,55.0,140.0,255.0,375.0,0.0,35.0,0.0,1,0,0,0,0,0,0,310.0,90.0,915.0,395.0,480.0,0.0,140.0,299.2857142857143,336.42857142857144,240.83333333333334,320.30491425396195,264.5754026325217,230.26520776743305,282.6758299703484,0.0,0.0
2024-04-30,235.0,385.0,45.0,4,30,0,0,55.0,515.0,0.0,170.0,105.0,80.0,0.0,0.0,0.0,0,1,0,0,0,0,0,20.0,310.0,515.0,105.0,65.0,35.0,128.33333333333334,176.42857142857142,312.14285714285717,240.83333333333334,178.1786155733031,264.5754026325217,186.4489058255748,267.98706674645496,0.0,0.0
