Date,BreakFast,Dinner,Lunch,Month,Day,IsWeekend,IsHoliday,BreakFast_lag_1d,BreakFast_lag_1w,BreakFast_lag_1m,Lunch_lag_1d,Lunch_lag_1w,Lunch_lag_1m,Dinner_lag_1d,Dinner_lag_1w,Dinner_lag_1m,DayOfWeek_0,DayOfWeek_1,DayOfWeek_2,DayOfWeek_3,DayOfWeek_4,DayOfWeek_5,DayOfWeek_6,BreakFast_lag_2d,BreakFast_lag_3d,BreakFast_lag_7d,BreakFast_lag_14d,BreakFast_lag_21d,BreakFast_lag_28d,BreakFast_roll_mean_3,BreakFast_roll_mean_7,BreakFast_roll_mean_14,BreakFast_roll_mean_30,BreakFast_roll_std_7,BreakFast_roll_std_30,BreakFast_ema_7,BreakFast_ema_30,Holiday_Yesterday,Holiday_LastWeek
2023-03-02,88.0,2094.0,381.0,3,2,0,0,765.0,766.0,473.0,451.0,259.0,250.0,3483.0,2853.0,4368.0,0,0,0,1,0,0,0,1214.0,956.9,766.0,1215.0,825.0,223.0,978.6333333333333,981.6142857142856,1176.8,1029.3933333333332,277.069163619071,495.6458823027568,1019.6071823308328,973.017300007432,0.0,0.0
2023-03-03,50.0,2592.0,345.0,3,3,1,0,88.0,873.0,612.0,381.0,1012.0,278.0,2094.0,2830.0,1527.5,0,0,0,0,1,0,0,765.0,1214.0,873.0,1749.5,456.0,968.0,689.0,884.7571428571428,1096.3,1016.56,437.2245336862319,515.1493727802278,786.7053867481245,915.9194096843719,0.0,0.0
2023-03-04,275.0,1927.5,674.8,3,4,1,0,50.0,798.0,223.0,345.0,1087.0,938.5,2592.0,4164.0,2849.0,0,0,0,0,0,1,0,88.0,765.0,798.0,2197.4,1229.0,1994.0,301.0,767.1857142857142,974.907142857143,997.8266666666666,539.5849838180311,539.9881454211771,602.5290400610934,860.0536413176383,0.0,0.0
2023-03-05,839.0,4099.5,632.1,3,5,0,0,275.0,1498.4,968.0,674.8,573.0,565.0,1927.5,2626.0,1896.0,0,0,0,0,0,0,1,50.0,88.0,1498.4,1505.0,997.0,886.4,137.66666666666666,692.4714285714284,837.5928571428573,999.56,569.9610241478088,537.4929225516402,520.64678004582,822.3082451035972,0.0,0.0
2023-03-06,766.0,2249.5,385.0,3,6,0,0,839.0,956.9,1994.0,632.1,575.0,247.0,4099.5,1937.8,2686.0,1,0,0,0,0,0,0,275.0,50.0,956.9,578.0,924.0,1550.4,388.0,598.2714285714285,790.0214285714286,995.26,458.06980805071515,538.2695579033959,600.235085034365,823.3851325162684,0.0,0.0
2023-03-07,486.0,3413.5,728.0,3,7,0,0,766.0,1214.0,886.4,385.0,523.0,569.5,2249.5,3393.5,1466.0,0,1,0,0,0,0,0,839.0,275.0,1214.0,1040.0,340.4,1751.4,626.6666666666666,571.0,803.45,954.3266666666666,438.4214106693848,505.38827063155514,641.6763137757738,819.6828659023156,0.0,0.0
2023-03-08,187.0,2141.0,693.0,3,8,0,0,486.0,765.0,1550.4,728.0,451.0,125.0,3413.5,3483.0,1952.0,0,0,1,0,0,0,0,766.0,839.0,765.0,1319.0,432.0,745.0,697.0,467.0,763.8785714285715,940.9799999999999,334.5006228195497,512.4812409687086,602.7572353318303,798.1549390699082,0.0,0.0
2023-03-09,804.0,3054.0,529.7,3,9,0,0,187.0,88.0,1751.4,693.0,381.0,969.0,2141.0,2094.0,3700.0,0,0,0,1,0,0,0,486.0,766.0,88.0,766.0,1215.0,825.0,479.6666666666667,384.42857142857144,683.0214285714286,895.5333333333333,319.6909221643394,517.0074623174736,498.81792649887274,758.7255881621722,0.0,0.0
2023-03-10,956.0,1376.0,638.0,3,10,1,0,804.0,50.0,745.0,529.7,345.0,258.0,3054.0,2592.0,1673.0,0,0,0,0,1,0,0,187.0,486.0,50.0,873.0,1749.5,456.0,492.3333333333333,486.7142857142857,685.7357142857144,863.9533333333333,323.5602541957805,491.21792602731284,575.1134448741545,761.6465179581612,0.0,0.0
2023-03-11,241.0,1807.0,1087.4,3,11,1,0,956.0,275.0,825.0,638.0,674.8,801.0,1376.0,1927.5,3374.4,0,0,0,0,0,1,0,804.0,187.0,275.0,798.0,2197.4,1229.0,649.0,616.1428571428571,691.6642857142858,870.9866666666666,300.1096624965773,490.96650404274413,670.3350836556159,774.1854522834411,0.0,0.0
2023-03-12,458.0,1834.0,675.0,3,12,0,0,241.0,839.0,456.0,1087.4,632.1,570.5,1807.0,4099.5,2559.0,0,0,0,0,0,0,1,956.0,804.0,839.0,1498.4,1505.0,997.0,667.0,611.2857142857143,651.8785714285715,851.52,306.7527311944233,504.25072540251773,563.0013127417119,739.7863908457998,0.0,0.0
2023-03-13,342.0,1895.5,1103.0,3,13,0,0,458.0,766.0,1229.0,675.0,385.0,973.5,1834.0,2249.5,2197.0,1,0,0,0,0,0,0,241.0,956.0,766.0,956.9,578.0,924.0,551.6666666666666,556.8571428571429,577.5642857142857,851.5866666666666,293.11228142779953,504.1967601240017,536.7509845562839,721.6066236944579,0.0,0.0
2023-03-14,222.0,2555.5,260.0,3,14,0,0,342.0,486.0,997.0,1103.0,728.0,1196.0,1895.5,3413.5,4039.0,0,1,0,0,0,0,0,458.0,241.0,486.0,1214.0,1040.0,340.4,347.0,496.2857142857143,533.6428571428571,822.02,286.42318009413646,507.29943983329235,488.0632384172129,697.1158737786864,0.0,0.0
2023-03-15,364.0,1855.5,174.0,3,15,0,0,222.0,187.0,924.0,260.0,693.0,282.0,2555.5,2141.0,3750.0,0,0,1,0,0,0,0,342.0,458.0,187.0,765.0,1319.0,432.0,340.6666666666667,458.57142857142856,462.7857142857143,796.1866666666666,304.79493496603976,517.7076160132867,421.5474288129097,666.4632367607066,0.0,0.0
2023-03-16,274.5,2499.0,390.0,3,16,0,0,364.0,804.0,340.4,174.0,529.7,526.0,1855.5,3054.0,4156.0,0,0,0,1,0,0,0,222.0,342.0,804.0,88.0,766.0,1215.0,309.3333333333333,483.85714285714283,434.14285714285717,777.52,285.22413909732387,523.0088621916786,407.1605716096823,646.9494795503385,0.0,0.0
2023-03-17,1188.0,1478.0,503.0,3,17,1,0,274.5,956.0,432.0,390.0,638.0,1566.0,2499.0,1376.0,2181.0,0,0,0,0,1,0,0,364.0,222.0,956.0,50.0,873.0,1749.5,286.8333333333333,408.2142857142857,447.4642857142857,775.3233333333334,254.75574202603974,525.0425366566507,373.9954287072617,622.9204808696716,0.0,0.0
2023-03-18,590.0,1493.0,718.0,3,18,1,0,1188.0,241.0,1215.0,503.0,1087.4,1259.0,1478.0,1807.0,3598.5,0,0,0,0,0,1,0,274.5,364.0,241.0,275.0,798.0,2197.4,608.8333333333334,441.35714285714283,528.75,800.5233333333333,339.0453158362112,526.1375267199521,577.4965715304463,659.3772240393702,0.0,0.0
2023-03-19,629.0,1207.0,365.0,3,19,0,0,590.0,458.0,1749.5,718.0,675.0,689.0,1493.0,1834.0,2451.0,0,0,0,0,0,0,1,1188.0,274.5,458.0,839.0,1498.4,1505.0,684.1666666666666,491.2142857142857,551.25,779.6899999999999,330.2175869966722,521.5133332841101,580.6224286478348,654.9012741013464,0.0,0.0
2023-03-20,356.0,3182.0,252.0,3,20,0,0,629.0,342.0,2197.4,365.0,1103.0,1026.0,1207.0,1895.5,3515.0,1,0,0,0,0,0,0,590.0,1188.0,342.0,766.0,956.9,578.0,802.3333333333334,515.6428571428571,536.25,742.3399999999999,333.65809774449684,488.7575349802802,592.7168214858762,653.2302241593242,0.0,0.0
2023-03-21,449.0,1855.0,325.0,3,21,0,0,356.0,222.0,1505.0,252.0,260.0,844.0,3182.0,2555.5,4452.22,0,1,0,0,0,0,0,629.0,590.0,222.0,486.0,1214.0,1040.0,525.0,517.6428571428571,506.9642857142857,680.9599999999999,332.4836730685326,408.81105036012843,533.5376161144071,634.0540806651743,0.0,0.0
2023-03-22,244.0,2154.0,1267.0,3,22,0,0,449.0,364.0,578.0,325.0,174.0,908.0,1855.0,1855.5,2629.0,0,0,1,0,0,0,0,356.0,629.0,364.0,187.0,765.0,1319.0,478.0,550.0714285714286,504.32142857142856,645.76,309.0895809431613,379.8484312967745,512.4032120858053,622.1151077190341,0.0,0.0
2023-03-23,536.0,2598.0,268.0,3,23,0,0,244.0,274.5,1040.0,1267.0,390.0,965.0,2154.0,2499.0,3025.5,0,0,0,1,0,0,0,449.0,356.0,274.5,804.0,88.0,766.0,349.6666666666667,532.9285714285714,508.39285714285717,634.6266666666667,324.09314872057854,386.7352849736857,445.302409064354,597.7205846403867,0.0,0.0
2023-03-24,344.0,1580.0,310.0,3,24,1,0,536.0,1188.0,1319.0,268.0,503.0,785.0,2598.0,1478.0,2569.0,0,0,0,0,1,0,0,244.0,449.0,1188.0,956.0,50.0,873.0,409.6666666666667,570.2857142857143,489.25,617.8266666666666,303.774430724353,379.3957863664848,467.9768067982655,593.7386114377812,0.0,0.0
2023-03-25,100.0,1319.0,375.0,3,25,1,0,344.0,590.0,766.0,310.0,718.0,259.0,1580.0,1493.0,2853.0,0,0,0,0,0,1,0,536.0,244.0,590.0,241.0,275.0,798.0,374.6666666666667,449.7142857142857,445.5357142857143,585.3266666666666,142.3290955095669,358.4421859152154,436.98260509869914,577.6264429579244,0.0,0.0
2023-03-26,604.0,1374.0,539.0,3,26,0,0,100.0,629.0,873.0,375.0,365.0,1012.0,1319.0,1207.0,2830.0,0,0,0,0,0,0,1,344.0,536.0,629.0,458.0,839.0,1498.4,326.6666666666667,379.7142857142857,435.4642857142857,563.1266666666667,177.88827419264626,367.37921489957694,352.73695382402434,546.8118337348326,0.0,0.0
2023-03-27,262.0,1131.0,371.0,3,27,0,0,604.0,356.0,798.0,539.0,252.0,1087.0,1374.0,3182.0,4164.0,1,0,0,0,0,0,0,100.0,344.0,356.0,342.0,766.0,956.9,349.3333333333333,376.14285714285717,445.89285714285717,554.16,172.2095899105008,362.80964192791475,415.55271536801826,550.5013928487144,0.0,0.0
2023-03-28,519.0,1767.0,339.0,3,28,0,0,262.0,449.0,1498.4,371.0,325.0,573.0,1131.0,1855.0,2626.0,0,1,0,0,0,0,0,604.0,100.0,449.0,222.0,486.0,1214.0,322.0,362.7142857142857,440.17857142857144,536.2933333333334,177.6219902730837,363.5845127134228,377.1645365260137,531.8883997617006,0.0,0.0
2023-03-29,305.0,748.0,190.0,3,29,0,0,519.0,244.0,956.9,339.0,1267.0,575.0,1767.0,2154.0,1937.8,0,0,1,0,0,0,0,262.0,604.0,244.0,364.0,187.0,765.0,461.6666666666667,372.7142857142857,461.39285714285717,503.6466666666667,185.10241695316884,314.93255515879935,412.62340239451026,531.0568900996554,0.0,0.0
2023-03-30,92.0,1161.5,0.0,3,30,0,0,305.0,536.0,1214.0,190.0,268.0,523.0,748.0,2598.0,3393.5,0,0,0,1,0,0,0,519.0,262.0,536.0,274.5,804.0,88.0,362.0,381.42857142857144,457.17857142857144,481.9166666666667,179.3802824010647,304.9108994594896,385.7175517958827,516.4725746093551,0.0,0.0
2023-03-31,160.0,1642.0,341.0,3,31,1,0,92.0,344.0,765.0,0.0,310.0,451.0,1161.5,1580.0,3483.0,0,0,0,0,1,0,0,305.0,519.0,344.0,1188.0,956.0,50.0,305.3333333333333,318.0,444.14285714285717,444.51666666666665,193.55361014457986,279.7951986023332,312.288163846912,489.0872472152032,0.0,0.0
2023-04-01,407.0,479.0,0.0,4,1,1,0,160.0,100.0,88.0,341.0,375.0,381.0,1642.0,1319.0,2094.0,0,0,0,0,0,1,0,92.0,305.0,100.0,590.0,241.0,275.0,185.66666666666666,291.7142857142857,370.7142857142857,424.35,201.7545656531836,277.6946086794893,274.216122885184,467.8558119109966,0.0,0.0
2023-04-02,297.0,1384.0,390.0,4,2,0,0,407.0,604.0,50.0,0.0,539.0,345.0,479.0,1374.0,2592.0,0,0,0,0,0,0,1,160.0,92.0,604.0,629.0,458.0,839.0,219.66666666666666,335.57142857142856,357.64285714285717,434.98333333333335,185.87707151309903,270.3823755776031,307.412092163888,463.9296304973839,0.0,0.0
2023-04-03,0.0,1890.5,429.0,4,3,0,0,297.0,262.0,275.0,390.0,371.0,674.8,1384.0,1131.0,1927.5,1,0,0,0,0,0,0,407.0,160.0,262.0,356.0,342.0,766.0,288.0,291.7142857142857,333.92857142857144,443.21666666666664,143.33610185587617,261.882168927742,304.809069122916,453.15997691690757,0.0,0.0
2023-04-04,45.0,1224.0,499.0,4,4,0,0,0.0,519.0,839.0,429.0,339.0,632.1,1890.5,1767.0,4099.5,0,1,0,0,0,0,0,297.0,407.0,519.0,449.0,222.0,486.0,234.66666666666666,254.28571428571428,308.5,434.05,181.51190437150794,272.56819298587595,228.606801842187,423.9238493738813,0.0,0.0
2023-04-05,266.0,1321.0,1647.0,4,5,0,0,45.0,305.0,766.0,499.0,190.0,385.0,1224.0,748.0,2249.5,0,0,1,0,0,0,0,0.0,297.0,305.0,244.0,364.0,187.0,114.0,186.57142857142858,279.64285714285717,407.5833333333333,152.37547609207243,270.43196873269835,182.70510138164025,399.477149414276,0.0,0.0
2023-04-06,1094.0,1858.0,703.0,4,6,0,0,266.0,92.0,486.0,1647.0,0.0,728.0,1321.0,1161.5,3413.5,0,0,0,1,0,0,0,45.0,0.0,92.0,536.0,274.5,804.0,103.66666666666667,181.0,281.2142857142857,390.9166666666667,147.97297050475137,262.8832205441755,203.52882603623019,390.8657204198067,0.0,0.0
2023-04-07,554.0,2188.5,1223.0,4,7,1,0,1094.0,160.0,187.0,703.0,341.0,693.0,1858.0,1642.0,2141.0,0,0,0,0,1,0,0,266.0,45.0,160.0,344.0,1188.0,956.0,468.3333333333333,324.14285714285717,321.07142857142856,411.18333333333334,368.2378889483575,292.26129320480777,426.1466195271727,436.2292223282063,0.0,0.0
2023-04-08,414.0,636.0,605.0,4,8,1,0,554.0,407.0,804.0,1223.0,0.0,529.7,2188.5,479.0,3054.0,0,0,0,0,0,1,0,1094.0,266.0,407.0,100.0,590.0,241.0,638.0,380.42857142857144,336.07142857142856,423.4166666666667,369.07761475641644,290.22773707524163,458.1099646453795,443.8273370167091,0.0,0.0
2023-04-09,101.0,1853.0,339.0,4,9,0,0,414.0,297.0,956.0,605.0,390.0,638.0,636.0,1384.0,1376.0,0,0,0,0,0,0,1,554.0,1094.0,297.0,604.0,629.0,458.0,687.3333333333334,381.42857142857144,358.5,410.4166666666667,369.1710791953857,281.18634400957444,447.0824734840346,441.90299269305046,0.0,0.0
2023-04-10,857.0,2563.5,1658.0,4,10,0,0,101.0,0.0,241.0,339.0,429.0,1087.4,1853.0,1890.5,1807.0,1,0,0,0,0,0,0,414.0,554.0,0.0,262.0,356.0,342.0,356.3333333333333,353.42857142857144,322.57142857142856,381.9166666666667,383.7854683469473,266.9506632492132,360.56185511302596,419.9092512289827,0.0,0.0
2023-04-11,114.0,365.5,970.0,4,11,0,0,857.0,45.0,458.0,1658.0,499.0,675.0,2563.5,1224.0,1834.0,0,1,0,0,0,0,0,101.0,414.0,45.0,519.0,449.0,222.0,457.3333333333333,475.85714285714283,365.07142857142856,402.45,388.9084847670587,279.1498902147304,484.67139133476945,448.1086543755,0.0,0.0
2023-04-12,248.0,1099.0,579.0,4,12,0,0,114.0,266.0,342.0,970.0,1647.0,1103.0,365.5,1321.0,1895.5,0,0,1,0,0,0,0,857.0,101.0,266.0,305.0,244.0,364.0,357.3333333333333,485.7142857142857,336.14285714285717,390.98333333333335,376.8557258358139,283.8156420604058,392.0035435010771,426.55325731901615,0.0,0.0
2023-04-13,782.0,1391.5,302.5,4,13,0,0,248.0,1094.0,222.0,579.0,703.0,260.0,1099.0,1858.0,2555.5,0,0,0,1,0,0,0,114.0,857.0,1094.0,92.0,536.0,274.5,406.3333333333333,483.14285714285717,332.07142857142856,387.85,378.6618670051284,284.89190781405233,356.00265762580784,415.03369233069253,0.0,0.0
2023-04-14,557.0,436.0,711.75,4,14,1,0,782.0,554.0,364.0,302.5,1223.0,174.0,1391.5,2188.5,1855.5,0,0,0,0,1,0,0,248.0,114.0,554.0,160.0,344.0,1188.0,381.3333333333333,438.57142857142856,381.35714285714283,406.51666666666665,306.2057353821976,291.9100736390464,462.5019932193559,438.7089379867769,0.0,0.0
2023-04-15,580.0,1337.0,85.0,4,15,1,0,557.0,414.0,274.5,711.75,605.0,390.0,436.0,636.0,2499.0,0,0,0,0,0,1,0,782.0,248.0,414.0,407.0,100.0,590.0,529.0,439.0,409.7142857142857,412.95,306.39625759246263,293.0652025250251,486.1264949145169,446.3406194069849,0.0,0.0
2023-04-16,251.0,1929.5,140.0,4,16,0,0,580.0,101.0,1188.0,85.0,339.0,503.0,1337.0,1853.0,1478.0,0,0,0,0,0,0,1,557.0,782.0,101.0,297.0,604.0,629.0,639.6666666666666,462.7142857142857,422.07142857142856,423.1333333333333,310.53486883424995,293.39601733579354,509.59487118588765,454.9638052516956,0.0,0.0
2023-04-17,436.0,1175.0,599.0,4,17,0,0,251.0,857.0,590.0,140.0,1658.0,718.0,1929.5,2563.5,1493.0,1,0,0,0,0,0,0,580.0,557.0,857.0,0.0,262.0,356.0,462.6666666666667,484.14285714285717,418.7857142857143,391.9,285.587948258459,256.7501603263096,444.9461533894157,441.80485007416684,0.0,0.0
2023-04-18,364.0,1843.5,234.0,4,18,0,0,436.0,114.0,629.0,599.0,970.0,365.0,1175.0,365.5,1207.0,0,1,0,0,0,0,0,251.0,580.0,114.0,45.0,519.0,449.0,422.3333333333333,424.0,449.92857142857144,386.76666666666665,233.5729721807157,254.17950259654958,442.7096150420618,441.430343617769,0.0,0.0
2023-04-19,324.0,1780.0,415.0,4,19,0,0,364.0,248.0,356.0,234.0,579.0,252.0,1843.5,1099.0,3182.0,0,0,1,0,0,0,0,436.0,251.0,248.0,266.0,305.0,244.0,350.3333333333333,459.7142857142857,472.7142857142857,377.93333333333334,194.0401283976371,250.04205623266043,423.0322112815463,436.43483757791296,0.0,0.0
2023-04-20,753.0,3090.0,235.0,4,20,0,1,324.0,782.0,449.0,415.0,302.5,325.0,1780.0,1391.5,1855.0,0,0,0,1,0,0,0,364.0,436.0,782.0,1094.0,92.0,536.0,374.6666666666667,470.57142857142856,476.85714285714283,376.8666666666667,181.9705627685032,250.20704989286654,398.27415846115974,429.18097708901536,0.0,0.0
2023-04-21,408.0,2223.0,204.0,4,21,1,1,753.0,557.0,244.0,235.0,711.75,1267.0,3090.0,436.0,2154.0,0,0,0,0,1,0,0,324.0,364.0,557.0,554.0,160.0,344.0,480.3333333333333,466.42857142857144,452.5,387.0,173.84749748257073,259.2227107973044,486.9556188458698,450.0725269542402,1.0,0.0
2023-04-22,544.0,3381.0,237.0,4,22,1,1,408.0,580.0,536.0,204.0,85.0,268.0,2223.0,1337.0,2598.0,0,0,0,0,0,1,0,753.0,324.0,580.0,414.0,407.0,100.0,495.0,445.14285714285717,442.07142857142856,392.46666666666664,169.98865508363465,257.8285628399061,467.21671413440237,447.35817037654726,1.0,0.0
2023-04-23,518.0,2107.0,597.0,4,23,0,1,544.0,251.0,344.0,237.0,140.0,310.0,3381.0,1929.5,1580.0,0,0,0,0,0,0,1,408.0,753.0,251.0,101.0,297.0,604.0,568.3333333333334,440.0,451.35714285714283,392.73333333333335,165.71964277055406,257.9862243493293,486.4125356008018,453.5931271264475,1.0,0.0
2023-04-24,1381.0,2465.0,995.0,4,24,0,0,518.0,436.0,100.0,597.0,599.0,375.0,2107.0,1175.0,1319.0,1,0,0,0,0,0,0,544.0,408.0,436.0,857.0,0.0,262.0,490.0,478.14285714285717,481.14285714285717,398.53333333333336,144.31265660759942,258.80744184436134,494.30940170060137,457.7484092473219,1.0,0.0
2023-04-25,1355.25,5089.0,523.0,4,25,0,0,1381.0,364.0,604.0,995.0,234.0,539.0,2465.0,1843.5,1374.0,0,1,0,0,0,0,0,518.0,544.0,364.0,114.0,45.0,519.0,814.3333333333334,613.1428571428571,518.5714285714286,441.23333333333335,367.5950800230369,308.71688663232135,715.982051275451,517.3130280055592,0.0,0.0
2023-04-26,492.0,2940.0,740.0,4,26,0,0,1355.25,324.0,262.0,523.0,415.0,371.0,5089.0,1780.0,1131.0,0,0,1,0,0,0,0,1381.0,518.0,324.0,248.0,266.0,305.0,1084.75,754.75,607.2321428571429,466.275,439.5148129851068,350.073799793306,875.7990384565883,571.3734778116523,0.0,0.0
2023-04-27,1340.0,4883.0,1345.0,4,27,0,0,492.0,753.0,519.0,740.0,235.0,339.0,2940.0,3090.0,1767.0,0,0,0,1,0,0,0,1355.25,1381.0,753.0,782.0,1094.0,92.0,1076.0833333333333,778.75,624.6607142857143,473.94166666666666,416.032776152713,347.9580068012892,779.8492788424412,566.2526082754167,0.0,1.0
2023-04-28,1238.75,2828.0,264.0,4,28,1,0,1340.0,408.0,305.0,1345.0,204.0,190.0,4883.0,2223.0,748.0,0,0,0,0,1,0,0,492.0,1355.25,408.0,557.0,554.0,160.0,1062.4166666666667,862.6071428571429,664.5178571428571,501.30833333333334,466.12122567397597,382.2225029200994,919.886959131831,616.1717948382932,0.0,1.0
2023-04-29,1059.5,2706.0,382.0,4,29,1,0,1238.75,544.0,92.0,264.0,237.0,0.0,2828.0,3381.0,1161.5,0,0,0,0,0,1,0,1340.0,492.0,544.0,580.0,414.0,407.0,1023.5833333333334,981.2857142857143,713.2142857142857,532.4333333333333,435.85883677543836,403.13202644682804,999.6027193488733,656.3381306551775,0.0,1.0
2023-04-30,649.0,3242.0,450.0,4,30,0,0,1059.5,518.0,160.0,382.0,597.0,341.0,2706.0,2107.0,1642.0,0,0,0,0,0,0,1,1238.75,1340.0,518.0,251.0,101.0,297.0,1212.75,1054.9285714285713,747.4642857142857,564.6833333333333,390.89072200247887,405.37608620189656,1014.5770395116549,682.3485738387144,0.0,1.0
2023-05-01,497.0,1182.0,40.0,5,1,0,0,649.0,1381.0,407.0,450.0,995.0,0.0,3242.0,2465.0,479.0,1,0,0,0,0,0,0,1059.5,1238.75,1381.0,436.0,857.0,0.0,982.4166666666666,1073.642857142857,775.8928571428571,580.9833333333333,363.04441467100094,398.31253396377497,923.1827796337411,680.1970529458941,0.0,0.0
2023-05-02,247.9,2688.5,430.0,5,2,0,0,497.0,1355.25,297.0,40.0,523.0,390.0,1182.0,5089.0,1384.0,0,1,0,0,0,0,0,649.0,1059.5,1355.25,364.0,114.0,45.0,735.1666666666666,947.3571428571429,780.25,583.9833333333333,390.9858228765799,397.29457353570695,816.6370847253058,668.3778882397075,0.0,0.0
2023-05-03,477.9,1379.0,55.0,5,3,0,0,247.9,492.0,0.0,430.0,740.0,429.0,2688.5,2940.0,1890.5,0,0,1,0,0,0,0,497.0,649.0,492.0,324.0,248.0,266.0,464.6333333333334,789.1642857142857,771.9571428571428,582.3466666666666,421.289356929302,398.6165117462914,674.4528135439795,641.2502825468232,0.0,0.0
2023-05-04,554.0,2907.0,639.0,5,4,0,0,477.9,1340.0,45.0,55.0,1345.0,499.0,1379.0,4883.0,1224.0,0,0,0,1,0,0,0,247.9,497.0,1340.0,753.0,782.0,1094.0,407.59999999999997,787.15,782.9499999999999,598.2766666666666,422.9772994302808,383.8160074048887,625.3146101579846,630.7115546405767,0.0,0.0
2023-05-05,337.0,2104.75,676.0,5,5,1,0,554.0,1238.75,266.0,639.0,264.0,1647.0,2907.0,2828.0,1321.0,0,0,0,0,1,0,0,477.9,247.9,1238.75,408.0,557.0,554.0,426.59999999999997,674.8642857142858,768.7357142857143,615.2433333333333,349.74228692267803,369.4980947487933,607.4859576184884,625.7624220831201,0.0,0.0
2023-05-06,981.0,953.5,743.0,5,6,1,0,337.0,1059.5,1094.0,676.0,382.0,703.0,2104.75,2706.0,1858.0,0,0,0,0,0,1,0,554.0,477.9,1059.5,544.0,580.0,414.0,456.29999999999995,546.0428571428572,763.6642857142857,617.61,262.6589858678795,367.4054807843026,539.8644682138663,607.1325884003382,0.0,0.0
2023-05-07,702.5,3071.0,108.0,5,7,0,0,981.0,649.0,554.0,743.0,450.0,1223.0,953.5,3242.0,2188.5,0,0,0,0,0,0,1,337.0,554.0,649.0,518.0,251.0,101.0,624.0,534.8285714285714,794.8785714285714,613.8433333333334,237.55968172430366,362.9047589822345,650.1483511603997,631.2530665680583,0.0,0.0
2023-05-08,1199.0,3662.5,316.0,5,8,0,0,702.5,497.0,414.0,108.0,40.0,605.0,3071.0,1182.0,636.0,1,0,0,0,0,0,0,981.0,337.0,497.0,1381.0,436.0,857.0,673.5,542.4714285714286,808.0571428571428,618.7933333333333,242.65109186021078,363.0730791673925,663.2362633702998,635.8496429185062,0.0,0.0
2023-05-09,244.0,3249.0,899.0,5,9,0,0,1199.0,247.9,101.0,316.0,430.0,339.0,3662.5,2688.5,1853.0,0,1,0,0,0,0,0,702.5,981.0,247.9,1355.25,364.0,114.0,960.8333333333334,642.7571428571429,795.0571428571428,644.9599999999999,344.44130054888836,375.8667407381281,797.1771975277248,672.1819240205381,0.0,0.0
2023-05-10,362.0,2664.5,420.0,5,10,0,0,244.0,477.9,857.0,899.0,55.0,1658.0,3249.0,1379.0,2563.5,0,0,1,0,0,0,0,1199.0,702.5,477.9,492.0,324.0,248.0,715.1666666666666,642.2,715.6821428571428,649.7266666666667,345.18878409743667,369.58472518754587,658.8828981457937,644.5572837611486,0.0,0.0
2023-05-11,648.0,2341.0,626.0,5,11,0,0,362.0,554.0,114.0,420.0,639.0,970.0,2664.5,2907.0,365.5,0,0,0,1,0,0,0,244.0,1199.0,554.0,1340.0,753.0,782.0,601.6666666666666,625.6428571428571,706.3964285714285,633.2266666666667,356.9617993433979,371.0586022898985,584.6621736093452,626.32778158301,0.0,0.0
2023-05-12,812.0,2505.0,353.0,5,12,1,0,648.0,337.0,248.0,626.0,676.0,579.0,2341.0,2104.75,1099.0,0,0,0,0,1,0,0,362.0,244.0,337.0,1238.75,408.0,557.0,418.0,639.0714285714286,656.967857142857,651.0266666666666,355.5829050741226,357.8656472836516,600.4966302070089,627.7259892228159,0.0,0.0
2023-05-13,303.0,2667.5,619.0,5,13,1,0,812.0,981.0,782.0,353.0,743.0,302.5,2505.0,953.5,1391.5,0,0,0,0,0,1,0,648.0,362.0,981.0,1059.5,544.0,580.0,607.3333333333334,706.9285714285714,626.4857142857143,669.8266666666666,332.93147800653986,350.7059650469892,653.3724726552567,639.6146350794085,0.0,0.0
2023-05-14,522.0,2310.0,630.9,5,14,0,0,303.0,702.5,557.0,619.0,108.0,711.75,2667.5,3071.0,436.0,0,0,0,0,0,0,1,812.0,648.0,702.5,649.0,518.0,251.0,587.6666666666666,610.0714285714286,572.45,653.86,338.48540448240766,356.2823588207762,565.7793544914425,617.8975618484789,0.0,0.0
2023-05-15,1574.0,2294.9,364.0,5,15,0,0,522.0,1199.0,580.0,630.9,316.0,85.0,2310.0,3662.5,1337.0,1,0,0,0,0,0,0,303.0,812.0,1199.0,497.0,1381.0,436.0,545.6666666666666,584.2857142857143,563.3785714285715,652.6933333333333,337.1432506050974,356.6675658652321,554.8345158685819,611.7106223743834,0.0,0.0
2023-05-16,322.9,4976.0,616.0,5,16,0,0,1574.0,244.0,251.0,364.0,899.0,140.0,2294.9,3249.0,1929.5,0,1,0,0,0,0,0,522.0,303.0,244.0,247.9,1355.25,364.0,799.6666666666666,637.8571428571429,640.3071428571428,685.8266666666666,458.90537462220135,393.9073908169657,809.6258869014364,673.793808027649,0.0,0.0
2023-05-17,1451.0,2361.0,472.0,5,17,0,0,322.9,362.0,436.0,616.0,420.0,599.0,4976.0,2664.5,1175.0,0,0,1,0,0,0,0,1574.0,522.0,362.0,477.9,492.0,324.0,806.3000000000001,649.1285714285714,645.6642857142858,688.2233333333334,448.4696374497228,391.3811599551209,687.9444151760773,651.1554978323169,0.0,0.0
2023-05-18,114.0,2945.5,190.0,5,18,0,0,1451.0,648.0,364.0,472.0,626.0,234.0,2361.0,2341.0,1843.5,0,0,0,1,0,0,0,322.9,1574.0,648.0,554.0,1340.0,753.0,1115.9666666666667,804.6999999999999,715.1714285714287,722.0566666666667,516.056808888324,412.14610560797007,878.708311382058,702.7583689399094,0.0,0.0
2023-05-19,746.0,1102.5,598.0,5,19,1,0,114.0,812.0,324.0,190.0,353.0,415.0,2945.5,2505.0,1780.0,0,0,0,0,1,0,0,1451.0,322.9,812.0,337.0,1238.75,408.0,629.3000000000001,728.4142857142857,683.7428571428572,713.7233333333334,578.7432949318477,422.0439983055641,687.5312335365435,664.7739580405604,0.0,0.0
2023-05-20,635.0,1838.0,750.0,5,20,1,0,746.0,303.0,753.0,598.0,619.0,235.0,1102.5,2667.5,3090.0,0,0,0,0,0,1,0,114.0,1451.0,303.0,981.0,1059.5,544.0,770.3333333333334,718.9857142857143,712.9571428571429,727.7900000000001,577.691268264089,415.5899144174665,702.1484251524076,670.0143478443953,0.0,0.0
2023-05-21,154.0,1268.0,303.0,5,21,0,0,635.0,522.0,408.0,750.0,630.9,204.0,1838.0,2310.0,2223.0,0,0,0,0,0,0,1,746.0,114.0,522.0,702.5,649.0,518.0,498.3333333333333,766.4142857142857,688.2428571428572,723.8566666666667,550.8518265031939,415.9013741952185,685.3613188643058,667.7553576608859,0.0,0.0
2023-05-22,690.0,1920.0,739.0,5,22,0,0,154.0,1574.0,544.0,303.0,364.0,237.0,1268.0,2294.9,3381.0,1,0,0,0,0,0,0,635.0,746.0,1574.0,1199.0,497.0,1381.0,511.6666666666667,713.842857142857,649.0642857142858,715.39,593.9406588123735,425.03814400835705,552.5209891482293,634.6098507150223,0.0,0.0
2023-05-23,1289.0,2431.0,183.0,5,23,0,0,690.0,322.9,518.0,739.0,616.0,597.0,1920.0,4976.0,2107.0,0,1,0,0,0,0,0,154.0,635.0,322.9,244.0,247.9,1355.25,493.0,587.5571428571428,612.7071428571428,720.2566666666667,459.28470421276785,423.8422314911555,586.890741861172,638.183408733408,0.0,0.0
2023-05-24,276.0,2028.0,641.0,5,24,0,0,1289.0,1451.0,1381.0,183.0,472.0,995.0,2431.0,2361.0,2465.0,0,0,1,0,0,0,0,690.0,154.0,1451.0,362.0,477.9,492.0,711.0,725.5714285714286,687.35,745.9566666666667,508.96917298360927,434.39896641565394,762.418056395879,680.1715759118978,0.0,0.0
2023-05-25,718.0,2135.0,575.0,5,25,0,0,276.0,114.0,1355.25,641.0,190.0,523.0,2028.0,2945.5,5089.0,0,0,0,1,0,0,0,1289.0,690.0,114.0,648.0,554.0,1340.0,751.6666666666666,557.7142857142857,681.2071428571428,709.1233333333333,414.91634268677774,425.45107092017804,640.8135422969093,654.0959903691947,0.0,0.0
2023-05-26,928.0,1703.0,40.0,5,26,1,0,718.0,746.0,492.0,575.0,598.0,740.0,2135.0,1102.5,2940.0,0,0,0,0,1,0,0,276.0,1289.0,746.0,812.0,337.0,1238.75,761.0,644.0,686.2071428571428,687.8816666666667,367.3386267011228,407.61343555132476,660.110156722682,658.2188297002145,0.0,0.0
2023-05-27,409.0,1189.0,287.5,5,27,1,0,928.0,635.0,1340.0,40.0,750.0,1345.0,1703.0,1838.0,4883.0,0,0,0,0,0,1,0,718.0,276.0,635.0,303.0,981.0,1059.5,640.6666666666666,670.0,694.4928571428571,702.4150000000001,381.9131663960629,408.1608593371338,727.0826175420115,675.6240664937492,0.0,0.0
2023-05-28,1116.0,1198.0,187.0,5,28,0,0,409.0,154.0,1238.75,287.5,303.0,264.0,1189.0,1268.0,2828.0,0,0,0,0,0,0,1,928.0,718.0,154.0,522.0,702.5,649.0,685.0,637.7142857142857,702.0642857142857,671.3816666666667,394.70356568177203,393.1284348533311,647.5619631565086,658.4225138167332,0.0,0.0
2023-05-29,366.0,1905.5,691.0,5,29,0,0,1116.0,690.0,1059.5,187.0,739.0,382.0,1198.0,1920.0,2706.0,1,0,0,0,0,0,0,409.0,928.0,690.0,1574.0,1199.0,497.0,817.6666666666666,775.1428571428571,744.4928571428571,667.2900000000001,364.53551659220125,387.6198549681339,764.6714723673814,687.9436419575891,0.0,0.0
2023-05-30,915.0,3977.5,796.0,5,30,0,0,366.0,1289.0,649.0,691.0,183.0,450.0,1905.5,2431.0,3242.0,0,1,0,0,0,0,0,1116.0,409.0,1289.0,322.9,244.0,247.9,630.3333333333334,728.8571428571429,658.2071428571428,644.1733333333334,396.3308502465371,384.08606159641306,665.0036042755361,667.1730844119382,0.0,0.0
2023-05-31,1055.0,1914.0,1110.0,5,31,0,0,915.0,276.0,497.0,796.0,641.0,40.0,3977.5,2028.0,1182.0,0,0,1,0,0,0,0,366.0,1116.0,276.0,1451.0,362.0,477.9,799.0,675.4285714285714,700.5,653.0400000000001,327.4588305639137,387.2585446620811,727.5027032066521,683.1619176756842,0.0,0.0
2023-06-01,827.0,3296.0,236.5,6,1,0,0,1055.0,718.0,247.9,1110.0,575.0,430.0,1914.0,2135.0,2688.5,0,0,0,1,0,0,0,915.0,366.0,718.0,114.0,648.0,554.0,778.6666666666666,786.7142857142857,672.2142857142857,671.64,300.3374292834171,392.8652832188416,809.3770274049891,707.1514713740271,0.0,0.0
2023-06-02,176.0,2026.0,782.0,6,2,1,0,827.0,928.0,477.9,236.5,40.0,55.0,3296.0,1703.0,1379.0,0,0,0,0,1,0,0,1055.0,915.0,928.0,746.0,812.0,337.0,932.3333333333334,802.2857142857143,723.1428571428571,690.9433333333334,299.0037426107544,385.4846199206945,813.7827705537418,714.8836345111866,0.0,0.0
2023-06-03,682.0,1797.0,598.0,6,3,1,0,176.0,409.0,554.0,782.0,287.5,639.0,2026.0,1189.0,2907.0,0,0,0,0,0,1,0,827.0,1055.0,409.0,635.0,303.0,981.0,686.0,694.8571428571429,682.4285714285714,680.88,372.3938007770041,395.059769725003,654.3370779153063,680.1169484136908,0.0,0.0
2023-06-04,879.0,1697.5,960.0,6,4,0,0,682.0,1116.0,337.0,598.0,187.0,676.0,1797.0,1198.0,2104.75,0,0,0,0,0,0,1,176.0,827.0,1116.0,154.0,522.0,702.5,561.6666666666666,733.8571428571429,685.7857142857143,685.1466666666668,351.1568636053452,394.33274128656205,661.2528084364797,680.2384356128076,0.0,0.0
2023-06-05,964.0,1434.0,377.0,6,5,0,0,879.0,366.0,981.0,960.0,691.0,743.0,1697.5,1905.5,953.5,1,0,0,0,0,0,0,682.0,176.0,366.0,690.0,1574.0,1199.0,579.0,700.0,737.5714285714286,703.2133333333334,318.03458931380436,390.22680826034684,715.6896063273598,693.0617623474652,0.0,0.0
2023-06-06,875.0,1905.0,632.0,6,6,0,0,964.0,915.0,702.5,377.0,796.0,108.0,1434.0,3977.5,3071.0,0,1,0,0,0,0,0,879.0,682.0,915.0,1289.0,322.9,244.0,841.6666666666666,785.4285714285714,757.1428571428571,702.6466666666668,292.6686733850286,389.8216442154676,777.7672047455198,710.5416486476288,0.0,0.0
2023-06-07,406.0,3526.5,460.0,6,7,0,0,875.0,1055.0,1199.0,632.0,1110.0,316.0,1905.0,1914.0,3662.5,0,0,1,0,0,0,0,964.0,879.0,1055.0,276.0,1451.0,362.0,906.0,779.7142857142857,727.5714285714286,708.3966666666668,290.09637150765076,391.08956067794037,802.0754035591399,721.1518648639109,0.0,0.0
2023-06-08,372.0,3886.5,677.0,6,8,0,0,406.0,827.0,244.0,460.0,236.5,899.0,3526.5,3296.0,3249.0,0,0,0,1,0,0,0,875.0,964.0,827.0,718.0,114.0,648.0,748.3333333333334,687.0,736.8571428571429,681.9633333333334,291.1597499655476,383.51238660330245,703.0565526693549,700.8194864855941,0.0,0.0
2023-06-09,773.0,2106.0,552.0,6,9,1,0,372.0,176.0,362.0,677.0,782.0,420.0,3886.5,2026.0,2664.5,0,0,0,0,1,0,0,406.0,875.0,176.0,928.0,746.0,812.0,551.0,622.0,712.1428571428571,686.23,305.14859768097716,379.15923426844626,620.2924145020162,679.6053260671687,0.0,0.0
2023-06-10,147.0,2300.0,471.0,6,10,1,0,773.0,682.0,648.0,552.0,598.0,626.0,2106.0,1797.0,2341.0,0,0,0,0,0,1,0,372.0,406.0,682.0,409.0,635.0,303.0,517.0,707.2857142857143,701.0714285714286,699.9300000000001,235.11111861253661,374.43581757459935,658.4693108765122,685.630788901545,0.0,0.0
2023-06-11,473.0,2043.0,592.0,6,11,0,0,147.0,879.0,812.0,471.0,960.0,353.0,2300.0,1697.5,2505.0,0,0,0,0,0,0,1,773.0,372.0,879.0,1116.0,154.0,522.0,430.6666666666667,630.8571428571429,682.3571428571429,683.23,317.29451543291714,387.7668790874762,530.6019831573841,650.880415424026,0.0,0.0
2023-06-12,466.0,1706.0,295.0,6,12,0,0,473.0,964.0,303.0,592.0,377.0,619.0,2043.0,1434.0,2667.5,1,0,0,0,0,0,0,147.0,773.0,964.0,366.0,690.0,1574.0,464.3333333333333,572.8571428571429,636.4285714285714,671.9300000000001,301.06778227470585,388.82296578795075,516.2014873680381,639.4042595902179,0.0,0.0
2023-06-13,702.0,997.0,595.0,6,13,0,0,466.0,875.0,522.0,295.0,632.0,630.9,1706.0,1905.0,2310.0,0,1,0,0,0,0,0,473.0,147.0,875.0,915.0,1289.0,322.9,362.0,501.7142857142857,643.5714285714286,677.3633333333333,247.26754355401818,384.60583717425004,503.65111552602855,628.2168880037523,0.0,0.0
2023-06-14,390.0,2069.5,770.0,6,14,0,0,702.0,406.0,1574.0,595.0,460.0,364.0,997.0,3526.5,2294.9,0,0,1,0,0,0,0,466.0,473.0,406.0,1055.0,276.0,1451.0,547.0,477.0,628.3571428571429,683.3633333333333,209.5009944288257,383.50098006738347,553.2383366445214,632.9770887777038,0.0,0.0
2023-06-15,276.0,2869.0,754.0,6,15,0,0,390.0,372.0,322.9,770.0,677.0,616.0,2069.5,3886.5,4976.0,0,0,0,1,0,0,0,702.0,466.0,372.0,827.0,718.0,114.0,519.3333333333334,474.7142857142857,580.8571428571429,643.8966666666668,210.48967851632284,347.96040647071374,512.428752483391,617.301147566239,0.0,0.0
2023-06-16,761.0,1999.5,723.0,6,16,1,0,276.0,773.0,1451.0,754.0,552.0,472.0,2869.0,2106.0,2361.0,0,0,0,0,1,0,0,390.0,702.0,773.0,176.0,928.0,746.0,456.0,461.0,541.5,642.3333333333334,221.15454626422112,349.5540344331699,453.32156436254326,595.2817186909978,0.0,0.0
2023-06-17,518.0,2233.0,40.0,6,17,1,0,761.0,147.0,114.0,723.0,471.0,190.0,1999.5,2300.0,2945.5,0,0,0,0,0,1,0,276.0,390.0,147.0,682.0,409.0,635.0,475.6666666666667,459.2857142857143,583.2857142857143,619.3333333333334,218.36186654703462,315.55767092270287,530.2411732719074,605.9732207109334,0.0,0.0
2023-06-18,160.0,2529.0,877.0,6,18,0,0,518.0,473.0,746.0,40.0,592.0,598.0,2233.0,2043.0,1102.5,0,0,0,0,0,0,1,761.0,276.0,473.0,879.0,1116.0,154.0,518.3333333333334,512.2857142857143,571.5714285714286,632.8,169.48619834243618,301.5585263718904,527.1808799539306,600.2975290521636,0.0,0.0
2023-06-19,774.5,1401.5,259.5,6,19,0,0,160.0,466.0,635.0,877.0,295.0,750.0,2529.0,1706.0,1838.0,1,0,0,0,0,0,0,518.0,761.0,466.0,964.0,366.0,690.0,479.6666666666667,467.57142857142856,520.2142857142857,613.2666666666667,216.3791865705955,312.7446830588957,435.3856599654479,571.8912368552499,0.0,0.0
2023-06-20,5.0,1322.4,498.0,6,20,0,0,774.5,702.0,154.0,259.5,595.0,303.0,1401.5,997.0,1268.0,0,1,0,0,0,0,0,160.0,518.0,702.0,875.0,915.0,1289.0,484.1666666666667,511.64285714285717,506.67857142857144,617.9166666666666,245.4677022688383,314.1130392657738,520.1642449740859,584.9627699613628,0.0,0.0
2023-06-21,596.0,1214.5,849.0,6,21,0,0,5.0,390.0,690.0,498.0,770.0,739.0,1322.4,2069.5,1920.0,0,0,1,0,0,0,0,774.5,160.0,390.0,406.0,1055.0,276.0,313.1666666666667,412.07142857142856,444.5357142857143,612.95,292.2830290106137,322.7602491761893,391.37318373056445,547.5458170606298,0.0,0.0
2023-06-22,468.9,1695.5,1073.0,6,22,0,0,596.0,276.0,1289.0,849.0,754.0,183.0,1214.5,2869.0,2431.0,0,0,0,1,0,0,0,5.0,774.5,276.0,372.0,827.0,718.0,458.5,441.5,458.10714285714283,609.8166666666667,299.960136240357,322.442576639446,442.5298877979233,550.6718933792989,0.0,0.0
2023-06-23,530.0,1375.5,919.0,6,23,1,0,468.9,761.0,276.0,1073.0,723.0,641.0,1695.5,1999.5,2028.0,0,0,0,0,1,0,0,596.0,5.0,761.0,773.0,176.0,928.0,356.6333333333334,469.0571428571429,465.0285714285714,582.4799999999999,290.9470848633414,296.6046915247341,449.12241584844253,545.396287354828,0.0,0.0
2023-06-24,995.0,1596.0,949.0,6,24,1,0,530.0,518.0,718.0,919.0,40.0,575.0,1375.5,2233.0,2135.0,0,0,0,0,0,1,0,468.9,596.0,518.0,147.0,682.0,409.0,531.6333333333333,436.0571428571429,447.6714285714285,590.9466666666666,264.1847955323629,291.12916760414953,469.3418118863319,544.4029784932262,0.0,0.0
2023-06-25,1066.0,2123.0,565.0,6,25,0,0,995.0,160.0,928.0,949.0,877.0,40.0,1596.0,2529.0,1703.0,0,0,0,0,0,0,1,530.0,468.9,160.0,473.0,879.0,1116.0,664.6333333333333,504.2,508.24285714285713,600.18,339.59779642002025,299.56799285776094,600.756358914749,573.4737540743084,0.0,0.0
2023-06-26,716.0,3030.7,1049.0,6,26,0,0,1066.0,774.5,409.0,565.0,259.5,287.5,2123.0,1401.5,1189.0,1,0,0,0,0,0,0,995.0,530.0,774.5,466.0,964.0,366.0,863.6666666666666,633.6285714285714,550.6,604.78,358.6649537487867,305.77070561744966,717.0672691860617,605.249640908224,0.0,0.0
2023-06-27,812.0,1130.0,499.0,6,27,0,0,716.0,5.0,1116.0,1049.0,498.0,187.0,3030.7,1322.4,1198.0,0,1,0,0,0,0,0,1066.0,995.0,5.0,702.0,875.0,915.0,925.6666666666666,625.2714285714285,568.4571428571428,615.0133333333332,355.50309288052506,304.125340237726,716.8004518895463,612.394825365758,0.0,0.0
2023-06-28,1648.0,2160.0,921.0,6,28,0,1,812.0,596.0,366.0,499.0,849.0,691.0,1130.0,1214.5,1905.5,0,0,1,0,0,0,0,716.0,1066.0,596.0,390.0,406.0,1055.0,864.6666666666666,740.5571428571428,576.3142857142857,604.8799999999999,229.27059600061318,291.66643843669226,740.6003389171597,625.2725785679672,0.0,0.0
2023-06-29,1373.0,3887.5,880.0,6,29,0,1,1648.0,468.9,915.0,921.0,1073.0,796.0,2160.0,1695.5,3977.5,0,0,0,1,0,0,0,812.0,716.0,468.9,276.0,372.0,827.0,1058.6666666666667,890.842857142857,666.1714285714286,647.6133333333332,399.96775643853636,344.57678062679497,967.4502541878697,691.2549928539049,1.0,0.0
2023-06-30,1935.0,2915.0,379.0,6,30,1,1,1373.0,530.0,1055.0,880.0,919.0,1110.0,3887.5,1375.5,1914.0,0,0,0,0,1,0,0,1648.0,812.0,530.0,761.0,773.0,176.0,1277.6666666666667,1020.0,744.5285714285714,662.8799999999999,386.7630626968749,366.29362764750954,1068.8376906409023,735.2385417020402,1.0,0.0
2023-07-01,448.0,2619.0,1214.0,7,1,1,0,1935.0,995.0,827.0,379.0,949.0,236.5,2915.0,1596.0,3296.0,0,0,0,0,0,1,0,1373.0,1648.0,995.0,518.0,147.0,682.0,1652.0,1220.7142857142858,828.3857142857142,692.2133333333333,449.56190314783663,428.69800859662575,1285.3782679806768,812.6425067535215,1.0,0.0
2023-07-02,619.0,2287.5,879.0,7,2,0,0,448.0,1066.0,176.0,1214.0,565.0,782.0,2619.0,2123.0,2026.0,0,0,0,0,0,0,1,1935.0,1373.0,1066.0,160.0,473.0,879.0,1252.0,1142.5714285714287,823.3857142857142,679.5799999999999,534.794620124666,430.17086292582024,1076.0337009855075,789.1171837371653,0.0,0.0
2023-07-03,1030.0,2781.0,696.0,7,3,0,0,619.0,716.0,682.0,879.0,1049.0,598.0,2287.5,3030.7,1797.0,1,0,0,0,0,0,0,448.0,1935.0,716.0,774.5,466.0,964.0,1000.6666666666666,1078.7142857142858,856.1714285714286,694.3466666666666,570.927816303052,419.7658483039072,961.7752757391306,778.1418815605741,0.0,0.0
2023-07-04,1070.0,2351.5,931.0,7,4,0,0,1030.0,812.0,879.0,696.0,499.0,960.0,2781.0,1130.0,1697.5,0,1,0,0,0,0,0,619.0,448.0,812.0,5.0,702.0,875.0,699.0,1123.5714285714287,874.4214285714286,705.9466666666666,549.6177026330386,424.19788707901273,978.8314568043479,794.390792427634,0.0,0.0
2023-07-05,1577.0,1437.5,818.0,7,5,0,0,1070.0,1648.0,964.0,931.0,921.0,377.0,2351.5,2160.0,1434.0,0,0,1,0,0,0,0,1030.0,619.0,1648.0,596.0,390.0,406.0,906.3333333333334,1160.4285714285713,950.4928571428571,712.3133333333333,533.6605841240471,428.2982732285698,1001.6235926032609,812.1720316258511,0.0,1.0
2023-07-06,1531.0,3471.0,390.5,7,6,0,0,1577.0,1373.0,875.0,818.0,880.0,632.0,1437.5,3887.5,1905.0,0,0,0,1,0,0,0,1070.0,1030.0,1373.0,468.9,276.0,372.0,1225.6666666666667,1150.2857142857142,1020.5642857142857,732.7466666666666,523.4258031742145,454.53857370800307,1145.4676944524458,861.5157715209575,0.0,1.0
2023-07-07,1125.0,3995.5,102.0,7,7,1,0,1531.0,1935.0,406.0,390.5,379.0,460.0,3471.0,2915.0,3526.5,0,0,0,0,1,0,0,1577.0,1070.0,1935.0,530.0,761.0,773.0,1392.6666666666667,1172.857142857143,1096.4285714285713,754.6133333333332,537.8387083415216,476.8496464645154,1241.8507708393345,904.7083023905732,0.0,1.0
2023-07-08,589.0,1420.0,1057.5,7,8,1,0,1125.0,448.0,372.0,102.0,1214.0,677.0,3995.5,2619.0,3886.5,0,0,0,0,0,1,0,1531.0,1577.0,448.0,995.0,518.0,147.0,1411.0,1057.142857142857,1138.9285714285713,778.5799999999999,420.97562422363154,476.7926234675862,1212.6380781295009,918.9206699782783,0.0,0.0
2023-07-09,426.0,1723.0,855.0,7,9,0,0,589.0,619.0,773.0,1057.5,879.0,552.0,1420.0,2287.5,2106.0,0,0,0,0,0,0,1,1125.0,1531.0,619.0,1066.0,160.0,473.0,1081.6666666666667,1077.2857142857142,1109.9285714285713,785.8133333333333,389.1412401197088,472.03406564191613,1056.7285585971256,897.6354654635508,0.0,0.0
2023-07-10,604.0,1741.0,618.0,7,10,0,0,426.0,1030.0,147.0,855.0,696.0,471.0,1723.0,2781.0,2300.0,1,0,0,0,0,0,0,589.0,1125.0,1030.0,716.0,774.5,466.0,713.3333333333334,1049.7142857142858,1064.2142857142858,774.2466666666666,431.5498095182503,476.5883221204746,899.0464189478441,867.2073709175153,0.0,0.0
2023-07-11,90.0,2445.0,853.0,7,11,0,0,604.0,1070.0,473.0,618.0,931.0,592.0,1741.0,2351.5,2043.0,0,1,0,0,0,0,0,426.0,589.0,1070.0,812.0,5.0,702.0,539.6666666666666,988.8571428571429,1056.2142857142858,789.4799999999999,463.63758424421275,462.95677715877684,825.284814210883,850.2262502131596,0.0,0.0
2023-07-12,1018.0,2978.0,290.0,7,12,0,0,90.0,1577.0,466.0,853.0,818.0,295.0,2445.0,1437.5,1706.0,0,0,1,0,0,0,0,604.0,426.0,1577.0,1648.0,596.0,390.0,373.3333333333333,848.8571428571429,1004.6428571428571,776.7133333333333,570.6602692120266,477.05141032382875,641.4636106581622,801.1793953606976,0.0,0.0
2023-07-13,334.5,1660.0,745.0,7,13,0,0,1018.0,1531.0,702.0,290.0,390.5,595.0,2978.0,3471.0,997.0,0,0,0,1,0,0,0,90.0,604.0,1531.0,1373.0,468.9,276.0,570.6666666666666,769.0,959.6428571428571,795.1133333333332,484.37175805366667,475.2960266187171,735.5977079936217,815.167821466459,0.0,0.0
2023-07-14,315.0,2536.0,764.0,7,14,1,0,334.5,1125.0,390.0,745.0,102.0,770.0,1660.0,3995.5,2069.5,0,0,0,0,1,0,0,1018.0,90.0,1125.0,1935.0,530.0,761.0,480.8333333333333,598.0714285714286,885.4642857142857,782.8633333333332,367.72412990485867,482.4604950655033,635.3232809952162,784.1569942750747,0.0,0.0
2023-07-15,1271.0,3310.0,279.5,7,15,1,0,315.0,589.0,276.0,764.0,1057.5,754.0,2536.0,1420.0,2869.0,0,0,0,0,0,1,0,334.5,1018.0,589.0,448.0,995.0,518.0,555.8333333333334,482.35714285714283,769.75,780.3633333333332,294.4127932973403,484.75527952049015,555.2424607464122,753.8888010960377,0.0,0.0
2023-07-16,644.0,2112.0,217.0,7,16,0,0,1271.0,426.0,761.0,279.5,855.0,723.0,3310.0,1723.0,1999.5,0,0,0,0,0,0,1,315.0,334.5,426.0,619.0,1066.0,160.0,640.1666666666666,579.7857142857143,828.5357142857143,813.53,421.1515816922743,483.09290471523894,734.1818455598092,787.2508139285515,0.0,0.0
2023-07-17,773.0,2603.5,720.0,7,17,0,0,644.0,604.0,518.0,217.0,618.0,40.0,2112.0,1741.0,2233.0,1,0,0,0,0,0,0,1271.0,315.0,604.0,1030.0,716.0,774.5,743.3333333333334,610.9285714285714,830.3214285714286,809.6299999999999,415.91189256975093,484.0030137765958,711.6363841698569,778.008825933161,0.0,0.0
2023-07-18,204.0,3499.2,627.5,7,18,0,0,773.0,90.0,160.0,720.0,853.0,877.0,2603.5,2445.0,2529.0,0,1,0,0,0,0,0,644.0,1271.0,90.0,1070.0,812.0,5.0,896.0,635.0714285714286,811.9642857142857,818.1299999999999,420.32432205891365,480.9342489650599,726.9772881273927,777.6856758729571,0.0,0.0
2023-07-19,136.0,2256.5,1624.0,7,19,0,0,204.0,1018.0,774.5,627.5,290.0,259.5,3499.2,2978.0,1401.5,0,0,1,0,0,0,0,773.0,644.0,1018.0,1577.0,1648.0,596.0,540.3333333333334,651.3571428571429,750.1071428571429,819.5966666666666,397.26111420216114,478.9208713587126,596.2329660955445,740.6736967843792,0.0,0.0
2023-07-20,738.9,1422.5,648.0,7,20,0,0,136.0,334.5,5.0,1624.0,745.0,498.0,2256.5,1660.0,1322.4,0,0,0,1,0,0,0,204.0,773.0,334.5,1531.0,1373.0,468.9,371.0,525.3571428571429,647.1785714285714,798.3133333333333,401.4416431527033,494.9145560065155,481.1747245716584,701.6624905402257,0.0,0.0
2023-07-21,1301.9,2727.5,929.0,7,21,1,0,738.9,315.0,596.0,648.0,764.0,849.0,1422.5,2536.0,1214.5,0,0,0,0,1,0,0,136.0,204.0,315.0,1125.0,1935.0,530.0,359.6333333333334,583.1285714285715,590.6,822.7766666666666,398.4854021344889,471.95493551918656,545.6060434287438,704.0649105053724,0.0,0.0
2023-07-22,536.5,1344.5,781.0,7,22,1,0,1301.9,1271.0,468.9,929.0,279.5,1073.0,2727.5,3310.0,1695.5,0,0,0,0,0,1,0,738.9,136.0,1271.0,589.0,448.0,995.0,725.6,724.1142857142858,603.2357142857144,846.3066666666666,457.9563895851924,477.8191859236939,734.6795325715578,742.6349162792194,0.0,0.0
2023-07-23,1187.0,1712.0,1525.0,7,23,0,0,536.5,644.0,530.0,781.0,217.0,919.0,1344.5,2112.0,1375.5,0,0,0,0,0,0,1,1301.9,738.9,644.0,426.0,619.0,1066.0,859.1,619.1857142857143,599.4857142857144,848.5600000000001,391.0220429787018,476.13443885321817,685.1346494286684,729.3358894224956,0.0,0.0
2023-07-24,172.0,2823.5,1319.0,7,24,0,0,1187.0,773.0,995.0,1525.0,720.0,949.0,1712.0,2603.5,1596.0,1,0,0,0,0,0,0,536.5,1301.9,773.0,604.0,1030.0,716.0,1008.4666666666667,696.7571428571429,653.8428571428573,870.4600000000002,446.6664410091822,476.08637915171767,810.6009870715013,758.8626062339475,0.0,0.0
2023-07-25,297.0,3460.0,176.0,7,25,0,0,172.0,204.0,1066.0,1319.0,627.5,565.0,2823.5,3499.2,2123.0,0,1,0,0,0,0,0,1187.0,536.5,204.0,90.0,1070.0,812.0,631.8333333333334,610.9,622.9857142857144,843.0266666666668,485.630586625952,492.10482127940656,650.9507403036259,721.0005026059509,0.0,0.0
2023-07-26,852.0,2206.0,1175.5,7,26,0,0,297.0,136.0,716.0,176.0,1624.0,1049.0,3460.0,2256.5,3030.7,0,0,1,0,0,0,0,172.0,1187.0,136.0,1018.0,1577.0,1648.0,552.0,624.1857142857143,637.7714285714286,817.3933333333334,473.77076534463134,500.0539101511668,562.4630552277195,693.6456314700831,0.0,0.0
2023-07-27,170.0,2250.0,760.0,7,27,0,0,852.0,738.9,812.0,1175.5,648.0,499.0,2206.0,1422.5,1130.0,0,0,0,1,0,0,0,297.0,172.0,738.9,334.5,1531.0,1373.0,440.3333333333333,726.4714285714286,625.9142857142858,821.9266666666667,425.6543813717323,499.71936809630927,634.8472914207896,703.862042342981,0.0,0.0
2023-07-28,870.4,2031.0,85.5,7,28,1,0,170.0,1301.9,1648.0,760.0,929.0,921.0,2250.0,2727.5,2160.0,0,0,0,0,1,0,0,852.0,297.0,1301.9,315.0,1125.0,1935.0,439.6666666666667,645.2,614.1642857142858,800.5266666666668,474.40499224467095,513.7097999597755,518.6354685655922,669.4193299337564,0.0,0.0
2023-07-29,621.0,1732.0,915.0,7,29,1,0,870.4,536.5,1373.0,85.5,781.0,880.0,2031.0,1344.5,3887.5,0,0,0,0,0,1,0,170.0,852.0,536.5,1271.0,589.0,448.0,630.8000000000001,583.5571428571428,653.8357142857143,774.6066666666667,396.4891417476764,488.4723137838349,606.5766014241941,682.3858247767399,0.0,0.0
2023-07-30,959.0,1443.0,1241.0,7,30,0,0,621.0,1187.0,1935.0,915.0,1525.0,379.0,1732.0,1712.0,2915.0,0,0,0,0,0,0,1,870.4,170.0,1187.0,644.0,426.0,619.0,553.8000000000001,595.6285714285714,607.407142857143,749.5400000000001,396.1038151557643,475.83759660710666,610.1824510681456,678.4254489846921,0.0,0.0
2023-07-31,553.0,1635.5,1114.0,7,31,0,0,959.0,172.0,448.0,1241.0,1319.0,1214.0,1443.0,2823.5,2619.0,1,0,0,0,0,0,0,621.0,870.4,172.0,773.0,604.0,1030.0,816.8000000000001,563.0571428571428,629.907142857143,717.0066666666667,345.51452867254227,422.3508379284342,697.3868383011093,696.5270329211637,0.0,0.0
2023-08-01,749.0,1647.0,319.0,8,1,0,0,553.0,297.0,619.0,1114.0,176.0,879.0,1635.5,3460.0,2287.5,0,1,0,0,0,0,0,959.0,621.0,297.0,204.0,90.0,1070.0,711.0,617.4857142857143,614.1928571428572,720.5066666666667,300.7545811708238,420.4756247257452,661.2901287258319,687.2672243456047,0.0,0.0
2023-08-02,520.0,3336.0,380.0,8,2,0,0,749.0,852.0,1030.0,319.0,1175.5,696.0,1647.0,2206.0,2781.0,0,0,1,0,0,0,0,553.0,959.0,852.0,136.0,1018.0,1577.0,753.6666666666666,682.0571428571428,653.1214285714286,724.84,267.11999087265843,420.0631197233626,683.2175965443739,691.2499840652432,0.0,0.0
2023-08-03,392.0,3275.0,429.5,8,3,0,0,520.0,170.0,1070.0,380.0,760.0,931.0,3336.0,2250.0,2351.5,0,0,0,1,0,0,0,749.0,553.0,170.0,738.9,334.5,1531.0,607.3333333333334,634.6285714285714,680.5500000000001,707.84,261.3280806080458,417.60006077420616,642.4131974082804,680.2015979965179,0.0,0.0
2023-08-04,305.0,2733.5,1962.0,8,4,1,0,392.0,870.4,1577.0,429.5,85.5,818.0,3275.0,2031.0,1437.5,0,0,0,0,1,0,0,520.0,749.0,870.4,1301.9,315.0,1125.0,553.6666666666666,666.342857142857,655.7714285714286,685.24,202.36210825434307,415.6663429839553,579.8098980562104,661.6079465128715,0.0,0.0
2023-08-05,502.0,2337.0,90.0,8,5,1,0,305.0,621.0,1531.0,1962.0,915.0,390.5,2733.5,1732.0,3471.0,0,0,0,0,0,1,0,392.0,520.0,621.0,536.5,1271.0,589.0,405.6666666666667,585.5714285714286,584.5642857142857,642.84,219.45527801267076,385.33418152076234,511.1074235421578,638.6009822217185,0.0,0.0
2023-08-06,836.0,2405.0,402.0,8,6,0,0,502.0,959.0,1125.0,90.0,1241.0,102.0,2337.0,1443.0,3995.5,0,0,0,0,0,0,1,305.0,392.0,959.0,1187.0,644.0,426.0,399.6666666666667,568.5714285714286,582.1,608.5400000000001,220.85806689882367,347.48870147844,508.8305676566183,629.7880156267689,0.0,0.0
2023-08-07,689.0,3158.0,552.0,8,7,0,0,836.0,553.0,589.0,402.0,1114.0,1057.5,2405.0,1635.5,1420.0,1,0,0,0,0,0,0,502.0,305.0,553.0,172.0,773.0,604.0,547.6666666666666,551.0,557.0285714285714,598.9066666666666,186.90104333577045,336.50980508677634,590.6229257424637,643.0920146185904,0.0,0.0
2023-08-08,482.0,428.5,745.0,8,8,0,0,689.0,749.0,426.0,552.0,319.0,855.0,3158.0,1647.0,1723.0,0,1,0,0,0,0,0,836.0,502.0,749.0,297.0,204.0,90.0,675.6666666666666,570.4285714285714,593.9571428571428,602.24,194.07460519334296,336.9033398673766,615.2171943068478,646.0538201270685,0.0,0.0
2023-08-09,1109.0,1140.0,585.0,8,9,0,0,482.0,520.0,604.0,745.0,380.0,618.0,428.5,3336.0,1741.0,0,0,1,0,0,0,0,689.0,836.0,520.0,852.0,136.0,1018.0,669.0,532.2857142857143,607.1714285714286,604.1066666666667,178.76307810965224,336.0472328596735,581.9128957301358,635.4697026995158,0.0,0.0
2023-08-10,711.5,3287.0,685.0,8,10,0,0,1109.0,392.0,90.0,585.0,429.5,853.0,1140.0,3275.0,2445.0,0,0,0,1,0,0,0,482.0,689.0,392.0,170.0,738.9,334.5,760.0,616.4285714285714,625.5285714285714,620.94,281.25484122817386,348.4607023804094,713.6846717976018,666.0200444608373,0.0,0.0
2023-08-11,1186.0,3364.0,523.0,8,11,1,0,711.5,305.0,1018.0,685.0,1962.0,290.0,3287.0,2733.5,2978.0,0,0,0,0,1,0,0,1109.0,482.0,305.0,870.4,1301.9,315.0,767.5,662.0714285714286,664.2071428571428,641.6566666666666,264.1695207897484,333.980661925552,713.1385038482014,668.9542351407833,0.0,0.0
2023-08-12,795.0,3160.0,796.0,8,12,1,0,1186.0,502.0,334.5,523.0,90.0,745.0,3364.0,2337.0,1660.0,0,0,0,0,0,1,0,711.5,1109.0,502.0,621.0,536.5,1271.0,1002.1666666666666,787.9285714285714,686.75,647.2566666666667,275.32835375411673,341.82491755922035,831.353877886151,702.3120264220231,0.0,0.0
2023-08-13,352.0,2064.0,320.0,8,13,0,0,795.0,836.0,315.0,796.0,402.0,764.0,3160.0,2405.0,2536.0,0,0,0,0,0,0,1,1186.0,711.5,836.0,959.0,1187.0,644.0,897.5,829.7857142857143,699.1785714285714,662.6066666666667,245.24305242331423,337.60958060982244,822.2654084146133,708.2918956851184,0.0,0.0
2023-08-14,611.0,3869.5,610.0,8,14,0,0,352.0,689.0,1271.0,320.0,552.0,279.5,2064.0,3158.0,3310.0,1,0,0,0,0,0,0,795.0,1186.0,689.0,553.0,172.0,773.0,777.6666666666666,760.6428571428571,655.8214285714286,663.84,304.31353271005844,336.36121347598095,704.6990563109599,685.3053217699496,0.0,0.0
2023-08-15,332.0,1547.5,1300.0,8,15,0,0,611.0,482.0,644.0,610.0,745.0,217.0,3869.5,428.5,2112.0,0,1,0,0,0,0,0,352.0,795.0,482.0,749.0,297.0,204.0,586.0,749.5,659.9642857142857,641.84,308.76946632290725,316.26352564779324,681.27429223322,680.5114300428561,0.0,0.0
2023-08-16,615.0,1793.0,667.0,8,16,0,0,332.0,1109.0,773.0,1300.0,585.0,720.0,1547.5,1140.0,2603.5,0,0,1,0,0,0,0,611.0,352.0,1109.0,520.0,852.0,136.0,431.6666666666667,728.0714285714286,630.1785714285714,631.44,334.5562270345878,321.2801587614664,593.955719174915,658.0268216529944,0.0,0.0
2023-08-17,680.0,1771.0,915.0,8,17,0,0,615.0,711.5,204.0,667.0,685.0,627.5,1793.0,3287.0,3499.2,0,0,0,1,0,0,0,332.0,611.0,711.5,392.0,170.0,738.9,519.3333333333334,657.5,636.9642857142857,626.1733333333334,289.93778068176323,320.17270009333623,599.2167893811862,655.2508976753818,0.0,0.0
2023-08-18,508.4,2361.0,575.0,8,18,1,0,680.0,1186.0,136.0,915.0,523.0,1624.0,1771.0,3364.0,2256.5,0,0,0,0,1,0,0,615.0,332.0,1186.0,305.0,870.4,1301.9,542.3333333333334,653.0,657.5357142857143,642.0400000000001,289.20350389762956,310.167954057375,619.4125920358897,656.8476139543894,0.0,0.0
2023-08-19,827.0,2147.0,0.0,8,19,1,0,508.4,795.0,738.9,575.0,796.0,648.0,2361.0,3160.0,1422.5,0,0,0,0,0,1,0,680.0,615.0,795.0,502.0,621.0,536.5,601.1333333333333,556.2,672.0642857142857,654.4533333333334,169.83348707876445,296.3619103141587,591.6594440269173,647.2703485379772,0.0,0.0
2023-08-20,449.0,1415.0,160.0,8,20,0,0,827.0,352.0,1301.9,0.0,320.0,929.0,2147.0,2064.0,2727.5,0,0,0,0,0,0,1,508.4,680.0,352.0,836.0,959.0,1187.0,671.8000000000001,560.7714285714286,695.2785714285714,657.39,177.58631435901407,297.6611975337756,650.494583020188,658.8658099226238,0.0,0.0
2023-08-21,516.0,1879.0,939.0,8,21,0,0,449.0,611.0,536.5,160.0,610.0,781.0,1415.0,3869.5,1344.5,1,0,0,0,0,0,0,827.0,508.4,611.0,689.0,553.0,172.0,594.8000000000001,574.6285714285715,667.6357142857142,628.9600000000002,161.65013366615332,273.7510051626956,600.120937265141,645.3260802501966,0.0,0.0
2023-08-22,481.4,1687.0,135.0,8,22,0,0,516.0,332.0,1187.0,939.0,1300.0,1525.0,1879.0,1547.5,1712.0,0,1,0,0,0,0,0,449.0,827.0,332.0,482.0,749.0,297.0,597.3333333333334,561.0571428571428,655.2785714285714,628.2766666666668,162.07495032795487,274.01521941539005,579.0907029488558,636.9824621695387,0.0,0.0
2023-08-23,619.4,1668.4,505.0,8,23,0,0,481.4,615.0,172.0,135.0,667.0,1319.0,1687.0,1793.0,2823.5,0,0,1,0,0,0,0,516.0,449.0,615.0,1109.0,520.0,852.0,482.1333333333334,582.4,655.2357142857143,604.7566666666667,134.34979220924086,253.9516077758792,554.6680272116419,626.9448839650523,0.0,0.0
2023-08-24,1158.3,1685.0,43.0,8,24,0,0,619.4,680.0,297.0,505.0,915.0,176.0,1668.4,1771.0,3460.0,0,0,0,1,0,0,0,481.4,516.0,680.0,711.5,392.0,170.0,538.9333333333333,583.0285714285714,620.2642857142857,619.67,134.53789694463507,240.43889631685832,570.8510204087314,626.4581172576296,0.0,0.0
2023-08-25,477.0,2258.0,589.5,8,25,1,0,1158.3,508.4,852.0,43.0,575.0,1175.5,1685.0,2361.0,2206.0,0,0,0,0,1,0,0,619.4,481.4,508.4,1186.0,305.0,870.4,753.0333333333333,651.3571428571429,652.1785714285714,648.3799999999999,257.3761440456537,251.73833212697056,717.7132653065485,660.7704967893956,0.0,0.0
2023-08-26,437.9,1998.0,542.0,8,26,1,0,477.0,827.0,170.0,589.5,0.0,760.0,2258.0,2147.0,2250.0,0,0,0,0,0,1,0,1158.3,619.4,827.0,795.0,502.0,621.0,751.5666666666666,646.8714285714286,601.5357142857143,635.88,260.5371676254374,250.58661851605387,657.5349489799114,648.9143357062088,0.0,0.0
2023-08-27,798.9,1187.0,880.0,8,27,0,0,437.9,449.0,870.4,542.0,160.0,85.5,1998.0,1415.0,2031.0,0,0,0,0,0,0,1,477.0,1158.3,449.0,352.0,836.0,959.0,691.0666666666666,591.2857142857143,576.0285714285714,644.8100000000001,257.1873663860084,237.8622831779361,602.6262117349336,635.3005075961308,0.0,0.0
2023-08-28,494.0,2050.0,1177.0,8,28,0,0,798.9,516.0,621.0,880.0,939.0,915.0,1187.0,1879.0,1732.0,1,0,0,0,0,0,0,437.9,477.0,516.0,611.0,689.0,553.0,571.2666666666667,641.2714285714285,607.9499999999999,642.4266666666666,258.92100284504784,235.8738688854458,651.6946588012001,645.8553135576708,0.0,0.0
2023-08-29,570.0,1908.0,201.0,8,29,0,0,494.0,481.4,959.0,1177.0,135.0,1241.0,2050.0,1687.0,1443.0,0,1,0,0,0,0,0,798.9,437.9,481.4,332.0,482.0,749.0,576.9333333333333,638.1285714285714,599.592857142857,638.1933333333333,260.82155914395815,237.40636765322623,612.2709941009001,636.0581965539501,0.0,0.0
2023-08-30,544.0,1390.0,90.0,8,30,0,0,570.0,619.4,553.0,201.0,505.0,1114.0,1908.0,1668.4,1635.5,0,0,1,0,0,0,0,494.0,798.9,619.4,615.0,1109.0,520.0,620.9666666666667,650.7857142857143,616.592857142857,625.2266666666667,254.00903808441734,229.78108762447144,601.703245575675,631.7963774214372,0.0,0.0
2023-08-31,470.0,3875.0,856.0,8,31,0,0,544.0,1158.3,749.0,90.0,43.0,319.0,1390.0,1685.0,1647.0,0,0,0,1,0,0,0,570.0,494.0,1158.3,680.0,711.5,392.0,536.0,640.0142857142857,611.5214285714285,624.9266666666666,257.141176714085,229.8844896349308,587.2774341817562,626.1320950071511,0.0,0.0
2023-09-01,552.0,2913.0,240.0,9,1,1,0,470.0,477.0,520.0,856.0,589.5,380.0,3875.0,2258.0,3336.0,0,0,0,0,1,0,0,544.0,570.0,477.0,508.4,1186.0,305.0,528.0,541.6857142857143,596.5214285714285,615.6266666666667,122.0209876561033,230.3350527074572,557.9580756363172,616.059056619593,0.0,0.0
2023-09-02,1027.0,3785.0,1377.0,9,2,1,0,552.0,437.9,392.0,240.0,542.0,429.5,2913.0,1998.0,3275.0,0,0,0,0,0,1,0,470.0,544.0,437.9,827.0,795.0,502.0,522.0,552.4,599.6357142857142,616.6933333333333,118.64042312803632,229.95071575918368,556.4685567272379,611.9262142570386,0.0,0.0
2023-09-03,569.0,2608.0,205.0,9,3,0,0,1027.0,798.9,305.0,1377.0,880.0,1962.0,3785.0,1187.0,2733.5,0,0,0,0,0,0,1,552.0,470.0,798.9,449.0,352.0,836.0,683.0,636.5571428571428,613.9214285714286,637.86,202.9003191811415,237.65131310533428,674.1014175454284,638.7051681759394,0.0,0.0
2023-09-04,364.0,1952.0,360.0,9,4,0,0,569.0,494.0,502.0,205.0,1177.0,90.0,2608.0,2050.0,2337.0,1,0,0,0,0,0,0,1027.0,552.0,494.0,516.0,611.0,689.0,716.0,603.7142857142857,622.4928571428571,646.66,190.46847008163223,229.6540856037243,647.8260631590713,634.2080605516853,0.0,0.0
2023-09-05,219.0,1894.5,122.0,9,5,0,0,364.0,570.0,836.0,360.0,201.0,402.0,1952.0,1908.0,2405.0,0,1,0,0,0,0,0,569.0,1027.0,570.0,481.4,332.0,482.0,653.3333333333334,585.1428571428571,611.6357142857142,642.06,208.43898273549758,233.99265623607457,576.8695473693035,616.7752824515767,0.0,0.0
2023-09-06,484.0,1672.0,180.0,9,6,0,0,219.0,544.0,689.0,122.0,90.0,552.0,1894.5,1390.0,3158.0,0,0,1,0,0,0,0,364.0,569.0,544.0,619.4,615.0,1109.0,384.0,535.0,592.8928571428571,621.4933333333333,250.63652301024717,243.28936500890612,487.40216052697764,591.1123610030879,0.0,0.0
2023-09-07,502.0,2783.0,355.0,9,7,0,0,484.0,470.0,482.0,180.0,856.0,745.0,1672.0,3875.0,428.5,0,0,0,1,0,0,0,219.0,364.0,470.0,1158.3,680.0,711.5,355.6666666666667,526.4285714285714,583.2214285714286,614.66,251.30251168850634,244.20512660890012,486.5516203952332,584.2018860996629,0.0,0.0
2023-09-08,917.0,3014.5,495.0,9,8,1,0,502.0,552.0,1109.0,355.0,240.0,585.0,2783.0,2913.0,1140.0,0,0,0,0,1,0,0,484.0,219.0,552.0,477.0,508.4,1186.0,401.6666666666667,531.0,536.3428571428572,615.3266666666666,250.39435563393363,243.8575360431935,490.4137152964249,578.8985386093622,0.0,0.0
2023-09-09,527.0,1668.0,267.0,9,9,1,0,917.0,1027.0,711.5,495.0,1377.0,685.0,3014.5,3785.0,3287.0,0,0,0,0,0,1,0,502.0,484.0,1027.0,437.9,827.0,795.0,634.3333333333334,583.1428571428571,567.7714285714286,608.9266666666666,290.3178881682556,232.71953511252224,597.0602864723187,600.7115361184356,0.0,0.0
2023-09-10,724.0,2819.0,445.0,9,10,0,0,527.0,569.0,1186.0,267.0,205.0,523.0,1668.0,2608.0,3364.0,0,0,0,0,0,0,1,917.0,502.0,569.0,798.9,449.0,352.0,648.6666666666666,511.7142857142857,574.1357142857144,602.7766666666666,214.52871935610602,232.3529637891653,579.545214854239,595.9559531430526,0.0,0.0
2023-09-11,1720.5,2908.5,222.0,9,11,0,0,724.0,364.0,795.0,445.0,360.0,796.0,2819.0,1952.0,3160.0,1,0,0,0,0,0,0,527.0,917.0,364.0,494.0,516.0,611.0,722.6666666666666,533.8571428571429,568.7857142857143,587.3766666666667,228.9420804275083,206.20377715416285,615.6589111406793,604.216859391888,0.0,0.0
2023-09-12,1088.5,948.0,1151.0,9,12,0,0,1720.5,219.0,352.0,222.0,122.0,320.0,2908.5,1894.5,2064.0,0,1,0,0,0,0,0,724.0,527.0,219.0,570.0,481.4,332.0,990.5,727.6428571428571,656.3928571428571,618.2266666666667,488.34522576125306,290.38555218801815,891.8691833555094,676.2351265278952,0.0,0.0
2023-09-13,96.0,1775.9,344.0,9,13,0,0,1088.5,484.0,611.0,1151.0,180.0,610.0,948.0,1672.0,3869.5,0,0,1,0,0,0,0,1720.5,724.0,484.0,544.0,619.4,615.0,1177.6666666666667,851.8571428571429,693.4285714285714,642.7766666666666,446.16558158432167,298.13145640614744,941.0268875166321,702.8328603002891,0.0,0.0
2023-09-14,807.6,2986.0,785.0,9,14,0,0,96.0,502.0,332.0,344.0,355.0,1300.0,1775.9,2783.0,1547.5,0,0,0,1,0,0,0,1088.5,1720.5,502.0,470.0,1158.3,680.0,968.3333333333334,796.4285714285714,661.4285714285714,625.61,517.8283522374495,314.40708988891106,729.7701656374741,663.6823531841416,0.0,0.0
2023-09-15,862.0,1240.0,936.0,9,15,1,0,807.6,917.0,615.0,785.0,495.0,667.0,2986.0,3014.5,1793.0,0,0,0,0,1,0,0,96.0,1088.5,917.0,552.0,477.0,508.4,664.0333333333333,840.0857142857143,685.5428571428572,641.4633333333334,501.49313863226274,311.06471272991917,749.2276242281056,672.9673626561325,0.0,0.0
2023-09-16,997.0,2307.0,534.0,9,16,1,0,862.0,527.0,680.0,936.0,267.0,915.0,1240.0,1668.0,1771.0,0,0,0,0,0,1,0,807.6,96.0,527.0,1027.0,437.9,827.0,588.5333333333333,832.2285714285715,707.6857142857143,649.6966666666667,500.5171482719503,313.5986282554153,777.4207181710792,685.1630166783176,0.0,0.0
2023-09-17,633.5,1788.0,524.0,9,17,0,0,997.0,724.0,508.4,534.0,445.0,575.0,2307.0,2819.0,2361.0,0,0,0,0,0,0,1,862.0,807.6,724.0,569.0,798.9,449.0,888.8666666666667,899.3714285714286,705.5428571428572,660.2633333333334,483.9993963986789,319.9315966581449,832.3155386283095,705.2815317313294,0.0,0.0
2023-09-18,1110.0,2805.9,1120.0,9,18,0,0,633.5,1720.5,827.0,524.0,222.0,0.0,1788.0,2908.5,2147.0,1,0,0,0,0,0,0,997.0,862.0,1720.5,364.0,494.0,516.0,830.8333333333334,886.4428571428572,710.15,664.4333333333333,490.6279882529559,318.6968458272374,782.611653971232,700.650465168018,0.0,0.0
2023-09-19,345.0,1570.0,975.9,9,19,0,0,1110.0,1088.5,449.0,1120.0,1151.0,160.0,2805.9,948.0,1415.0,0,1,0,0,0,0,0,633.5,997.0,1088.5,219.0,570.0,481.4,913.5,799.2285714285715,763.4357142857143,673.8666666666667,352.4620769874192,327.73490163106896,864.458740478424,727.060112576533,0.0,0.0
2023-09-20,1576.0,2781.9,567.5,9,20,0,0,345.0,96.0,516.0,975.9,344.0,939.0,1570.0,1775.9,1879.0,0,0,1,0,0,0,0,1110.0,633.5,96.0,484.0,544.0,619.4,696.1666666666666,693.0142857142857,772.4357142857143,670.4,362.64133074141506,330.7318186417342,734.594055358818,702.4110730554664,0.0,0.0
2023-09-21,168.0,3112.6,843.0,9,21,0,0,1576.0,807.6,481.4,567.5,785.0,135.0,2781.9,2986.0,1687.0,0,0,0,1,0,0,0,345.0,1110.0,807.6,502.0,470.0,1158.3,1010.3333333333334,904.4428571428572,850.4357142857143,705.7333333333333,387.16401286424167,368.17074405988484,944.9455415191135,758.7716489873718,0.0,0.0
2023-09-22,640.9,1398.5,671.0,9,22,1,0,168.0,862.0,619.4,843.0,936.0,505.0,3112.6,1240.0,1668.4,0,0,0,0,1,0,0,1576.0,345.0,862.0,917.0,552.0,477.0,696.3333333333334,813.0714285714286,826.5785714285714,695.2866666666667,478.52276405024395,379.0413913648694,750.7091561393352,720.6573490527028,0.0,0.0
2023-09-23,2310.46,890.9,1665.0,9,23,1,0,640.9,997.0,1158.3,671.0,534.0,43.0,1398.5,2307.0,1685.0,0,0,0,0,0,1,0,168.0,1576.0,997.0,527.0,1027.0,437.9,794.9666666666667,781.4857142857143,806.8571428571429,696.0033333333333,482.03900405316904,378.9132659223665,723.2568671045013,715.5117136299478,0.0,0.0
2023-09-24,1256.0,1484.0,153.0,9,24,0,0,2310.46,633.5,477.0,1665.0,524.0,589.5,890.9,1788.0,2258.0,0,0,0,0,0,0,1,640.9,168.0,633.5,724.0,569.0,798.9,1039.7866666666666,969.1228571428572,934.2471428571428,734.4086666666667,757.0812028158821,473.8756442921849,1120.057650328376,818.411603073177,0.0,0.0
2023-09-25,1923.4,3757.0,0.0,9,25,0,0,1256.0,1110.0,437.9,153.0,1120.0,542.0,1484.0,2805.9,1998.0,1,0,0,0,0,0,0,2310.46,640.9,1110.0,1720.5,364.0,494.0,1402.4533333333336,1058.0514285714287,972.2471428571428,760.3753333333334,747.5882827561476,480.5799630384345,1154.043237746282,846.6431125523269,0.0,0.0
2023-09-26,132.0,719.5,713.0,9,26,0,0,1923.4,345.0,798.9,0.0,975.9,880.0,3757.0,1570.0,1187.0,0,1,0,0,0,0,0,1256.0,2310.46,345.0,1088.5,219.0,570.0,1829.9533333333336,1174.2514285714285,986.74,809.8919999999999,817.0008016199367,521.0346123812798,1346.3824283097115,916.1112988392737,0.0,0.0
2023-09-27,260.0,1503.0,205.0,9,27,0,0,132.0,1576.0,494.0,713.0,567.5,1177.0,719.5,2781.9,2050.0,0,0,1,0,0,0,0,1923.4,1256.0,1576.0,96.0,484.0,544.0,1103.8,1143.8228571428572,918.4185714285715,787.662,856.0656791336027,535.5444057147959,1042.7868212322837,865.5234731077077,0.0,0.0
2023-09-28,1227.4,1227.5,411.0,9,28,0,0,260.0,168.0,570.0,205.0,843.0,201.0,1503.0,3112.6,1908.0,0,0,0,1,0,0,0,132.0,1923.4,168.0,807.6,502.0,470.0,771.8000000000001,955.8228571428572,930.1328571428572,779.862,889.198931805369,541.6383549896204,847.0901159242128,826.4574425846298,0.0,0.0
2023-09-29,506.0,1474.0,765.0,9,29,1,0,1227.4,640.9,544.0,411.0,671.0,90.0,1227.5,1398.5,1390.0,0,0,0,0,1,0,0,260.0,132.0,640.9,862.0,917.0,552.0,539.8000000000001,1107.1657142857143,960.1185714285714,801.7753333333334,820.2443852669184,546.1348039142322,942.1675869431596,852.3247043533634,0.0,0.0
2023-09-30,1058.0,1175.0,1747.0,9,30,1,0,506.0,2310.46,470.0,765.0,1665.0,856.0,1474.0,890.9,3875.0,0,0,0,0,0,1,0,1227.4,260.0,2310.46,997.0,527.0,1027.0,664.4666666666667,1087.8942857142858,934.6899999999999,800.5086666666667,834.486058738294,546.7969518287346,833.1256902073696,829.9811750402432,0.0,0.0
2023-10-01,2143.0,1476.0,142.0,10,1,0,0,1058.0,1256.0,552.0,1747.0,153.0,240.0,1175.0,1484.0,2913.0,0,0,0,0,0,0,1,506.0,1227.4,1256.0,633.5,724.0,569.0,930.4666666666667,908.9714285714284,939.0471428571428,820.1086666666667,640.3560096131049,545.077068177825,889.3442676555272,844.6920669731307,0.0,0.0
2023-10-02,125.0,1467.5,118.0,10,2,0,0,2143.0,1923.4,1027.0,142.0,0.0,1377.0,1476.0,3757.0,3785.0,1,0,0,0,0,0,0,1058.0,506.0,1923.4,1110.0,1720.5,364.0,1235.6666666666667,1035.685714285714,1046.8685714285714,873.142,790.604940174656,593.3523837188384,1202.7582007416454,928.4538691038965,0.0,0.0
2023-10-03,263.0,1213.0,220.0,10,3,0,0,125.0,132.0,569.0,118.0,713.0,205.0,1467.5,719.5,2608.0,0,1,0,0,0,0,0,2143.0,1058.0,132.0,345.0,1088.5,219.0,1108.6666666666667,778.7714285714285,976.5114285714286,843.0753333333334,744.9400640639612,607.9606532568582,933.318650556234,876.6181356133227,0.0,0.0
2023-10-04,258.0,1341.5,613.0,10,4,0,0,263.0,260.0,364.0,220.0,205.0,360.0,1213.0,1503.0,1952.0,0,0,1,0,0,0,0,125.0,2143.0,260.0,1576.0,96.0,484.0,843.6666666666666,797.4857142857143,970.6542857142857,832.8753333333334,727.4234792026153,615.2408394516699,765.7389879171756,837.0298687995601,0.0,0.0
2023-10-05,472.0,1091.0,180.0,10,5,0,0,258.0,1227.4,219.0,613.0,411.0,122.0,1341.5,1227.5,1894.5,0,0,0,1,0,0,0,263.0,125.0,1227.4,168.0,807.6,502.0,215.33333333333334,797.1999999999999,876.5114285714286,829.3420000000001,727.6701267286799,618.3231066605427,638.8042409378817,799.6731030705562,0.0,0.0
2023-10-06,420.0,687.5,254.0,10,6,1,0,472.0,506.0,484.0,180.0,765.0,180.0,1091.0,1474.0,1672.0,0,0,0,0,1,0,0,258.0,263.0,506.0,640.9,862.0,917.0,331.0,689.2857142857143,898.2257142857143,837.7753333333334,709.0119214525974,611.3981370412175,597.1031807034112,778.5329028724559,0.0,0.0
2023-10-07,238.0,1768.5,247.0,10,7,1,0,420.0,1058.0,502.0,254.0,1747.0,355.0,687.5,1175.0,2783.0,0,0,0,0,0,1,0,472.0,258.0,1058.0,2310.46,997.0,527.0,383.3333333333333,677.0,882.4471428571429,835.642,713.4484330816531,612.7852041598602,552.8273855275584,755.4017478484266,0.0,0.0
2023-10-08,505.0,1441.8,337.0,10,8,0,0,238.0,2143.0,917.0,247.0,142.0,495.0,1768.5,1476.0,3014.5,0,0,0,0,0,0,1,420.0,472.0,2143.0,1256.0,633.5,724.0,376.6666666666667,559.8571428571429,734.4142857142857,826.8420000000001,707.761124620312,619.5994607942714,474.1205391456688,722.0209899227217,0.0,0.0
2023-10-09,257.8,1926.0,651.0,10,9,0,0,505.0,125.0,527.0,337.0,118.0,267.0,1441.8,1467.5,1668.0,1,0,0,0,0,0,0,238.0,420.0,125.0,1923.4,1110.0,1720.5,387.6666666666667,325.85714285714283,680.7714285714285,813.1086666666667,140.78994823426993,622.0931557180681,481.8404043592516,708.0196357341591,0.0,0.0
2023-10-10,168.0,2178.0,546.0,10,10,0,0,257.8,263.0,724.0,651.0,220.0,445.0,1926.0,1213.0,2819.0,0,1,0,0,0,0,0,505.0,238.0,263.0,132.0,345.0,1088.5,333.59999999999997,344.8285714285715,561.8,804.1353333333334,115.97387226275563,628.273245577516,425.8303032694387,678.9732076222779,0.0,0.0
2023-10-11,204.9,1070.2,450.0,10,11,0,0,168.0,258.0,1720.5,546.0,613.0,222.0,2178.0,1341.5,2908.5,0,0,1,0,0,0,0,257.8,505.0,258.0,260.0,1576.0,96.0,310.26666666666665,331.25714285714287,564.3714285714286,785.6020000000001,131.64521585360308,638.8306348180785,361.372727452079,646.0071942272923,0.0,0.0
2023-10-12,668.0,2031.0,214.0,10,12,0,0,204.9,472.0,1088.5,450.0,180.0,1151.0,1070.2,1091.0,948.0,0,0,0,1,0,0,0,168.0,257.8,472.0,1227.4,168.0,807.6,210.23333333333335,323.6714285714285,560.4357142857143,735.0820000000001,137.94896054079055,622.0556924252207,322.25454558905926,617.5486655674671,0.0,0.0
2023-10-13,511.4,2852.5,136.0,10,13,1,0,668.0,420.0,96.0,214.0,254.0,344.0,2031.0,687.5,1775.9,0,0,0,0,1,0,0,204.9,168.0,420.0,506.0,640.9,862.0,346.9666666666667,351.6714285714285,520.4785714285714,721.0653333333335,184.955983180552,618.5452051483013,408.69090919179445,620.803590369566,0.0,0.0
2023-10-14,748.3,2634.0,653.5,10,14,1,0,511.4,238.0,807.6,136.0,247.0,785.0,2852.5,1768.5,2986.0,0,0,0,0,0,1,0,668.0,204.9,238.0,1058.0,2310.46,997.0,461.4333333333334,364.7285714285714,520.8642857142858,734.912,193.6075473243523,608.6403141791859,434.3681818938459,613.7452942166908,0.0,0.0
2023-10-15,1317.3,3306.0,902.5,10,15,0,0,748.3,505.0,862.0,653.5,337.0,936.0,2634.0,1441.8,1240.0,0,0,0,0,0,0,1,511.4,668.0,505.0,2143.0,1256.0,633.5,642.5666666666666,437.62857142857143,498.74285714285713,732.9353333333332,230.49560165207367,608.4923824685885,512.8511364203844,622.4262429769043,0.0,0.0
2023-10-16,365.3,4197.0,626.4,10,16,0,0,1317.3,257.8,997.0,902.5,651.0,534.0,3306.0,1926.0,2307.0,1,0,0,0,0,0,0,748.3,511.4,257.8,125.0,1923.4,1110.0,859.0,553.6714285714286,439.7642857142857,748.112,406.9788352985344,617.4346494884828,713.9633523152883,667.2568079461363,0.0,0.0
2023-10-17,328.0,3593.5,461.0,10,17,0,0,365.3,168.0,633.5,626.4,546.0,524.0,4197.0,2178.0,1788.0,0,1,0,0,0,0,0,1317.3,748.3,168.0,263.0,132.0,345.0,810.3000000000002,569.0285714285714,456.92857142857144,727.0553333333334,395.82901070321384,619.422398906535,626.7975142364662,647.7757235625147,0.0,0.0
2023-10-18,809.0,3508.0,1001.0,10,18,0,0,328.0,204.9,1110.0,461.0,450.0,1120.0,3593.5,1070.2,2805.9,0,0,1,0,0,0,0,365.3,1317.3,204.9,258.0,260.0,1576.0,670.2,591.8857142857142,461.57142857142856,716.872,372.7593836447815,623.5112113606409,552.0981356773497,627.1450317197719,0.0,0.0
2023-10-19,734.0,4063.0,467.0,10,19,0,0,809.0,668.0,345.0,1001.0,214.0,975.9,3508.0,2031.0,1570.0,0,0,0,1,0,0,0,328.0,365.3,668.0,472.0,1227.4,168.0,500.7666666666667,678.1857142857143,500.92857142857144,706.8386666666667,336.38871081221527,619.3750632623697,616.3236017580123,638.8776103184963,0.0,0.0
2023-10-20,411.0,1510.0,951.0,10,20,1,0,734.0,511.4,1576.0,467.0,136.0,567.5,4063.0,2852.5,2781.9,0,0,0,0,1,0,0,809.0,328.0,511.4,420.0,506.0,640.9,623.6666666666667,687.6142857142858,519.6428571428571,719.8053333333334,336.9800658227489,615.5990938115563,645.7427013185093,645.014538685045,0.0,0.0
2023-10-21,1157.0,2285.0,748.0,10,21,1,0,411.0,748.3,168.0,951.0,653.5,843.0,1510.0,2634.0,3112.6,0,0,0,0,0,1,0,734.0,809.0,748.3,238.0,1058.0,2310.46,651.3333333333334,673.2714285714285,519.0,680.972,347.69655215568616,596.164628908307,587.057025988882,629.9168265118162,0.0,0.0
2023-10-22,405.0,1755.0,280.0,10,22,0,0,1157.0,1317.3,640.9,748.0,902.5,671.0,2285.0,3306.0,1398.5,0,0,0,0,0,0,1,411.0,734.0,1317.3,505.0,2143.0,1256.0,767.3333333333334,731.6571428571427,584.6428571428571,713.9386666666667,393.67058080389455,594.161653051408,729.5427694916615,663.922192543312,0.0,0.0
2023-10-23,255.0,1876.0,730.0,10,23,0,0,405.0,365.3,2310.46,280.0,626.4,1665.0,1755.0,4197.0,890.9,1,0,0,0,0,0,0,1157.0,411.0,365.3,257.8,125.0,1923.4,657.6666666666667,601.3285714285714,577.5,706.0753333333334,309.4855231632303,596.7170969894698,648.4070771187461,647.2175349598725,0.0,0.0
2023-10-24,592.0,1598.0,125.0,10,24,0,0,255.0,328.0,1256.0,730.0,461.0,153.0,1876.0,3593.5,1484.0,0,1,0,0,0,0,0,405.0,1157.0,328.0,168.0,263.0,132.0,605.6666666666667,585.5714285714286,577.3,637.56,325.87925020517184,519.1058556588534,550.0553078390595,621.9131778656873,0.0,0.0
2023-10-25,242.0,2569.0,502.0,10,25,0,0,592.0,809.0,1923.4,125.0,1001.0,0.0,1598.0,3508.0,3757.0,0,0,1,0,0,0,0,255.0,405.0,809.0,204.9,258.0,260.0,417.3333333333334,623.2857142857143,607.5857142857142,615.4266666666666,305.757373465581,505.81334088385995,560.5414808792947,619.9832954227398,0.0,0.0
2023-10-26,20.0,1627.0,750.0,10,26,0,0,242.0,734.0,132.0,502.0,467.0,713.0,2569.0,4063.0,719.5,0,0,0,1,0,0,0,592.0,255.0,734.0,668.0,472.0,1227.4,363.00000000000006,542.2857142857143,610.2357142857143,559.38,322.97766397782163,445.435985880397,480.906110659471,595.5972763632083,0.0,0.0
2023-10-27,575.0,2414.0,396.0,10,27,1,0,20.0,411.0,260.0,750.0,951.0,205.0,1627.0,1510.0,1503.0,0,0,0,0,1,0,0,242.0,592.0,411.0,511.4,420.0,506.0,284.66666666666674,440.2857142857143,563.95,555.6466666666668,362.6493780893199,449.5914733616955,365.67958299460327,558.4619682107432,0.0,0.0
2023-10-28,454.0,1167.0,135.0,10,28,1,0,575.0,1157.0,1227.4,396.0,748.0,411.0,2414.0,2285.0,1227.5,0,0,0,0,0,1,0,20.0,242.0,1157.0,748.3,238.0,1058.0,279.00000000000006,463.7142857142857,568.4928571428571,566.1466666666668,365.7265436933774,446.1135774150153,418.0096872459525,559.5289380035986,0.0,0.0
2023-10-29,500.0,2407.0,188.0,10,29,0,0,454.0,405.0,506.0,135.0,280.0,765.0,1167.0,1755.0,1474.0,0,0,0,0,0,0,1,575.0,20.0,405.0,1317.3,505.0,2143.0,349.66666666666674,363.2857142857143,547.4714285714286,540.3666666666667,204.6881483995521,428.5856871902837,427.00726543446433,552.7206194227213,0.0,0.0
2023-10-30,296.0,2161.0,40.0,10,30,0,0,500.0,255.0,1058.0,188.0,730.0,1747.0,2407.0,1876.0,1175.0,1,0,0,0,0,0,0,454.0,575.0,255.0,365.3,257.8,125.0,509.66666666666674,376.85714285714283,489.09285714285716,540.1666666666666,210.96795062396367,428.6036770187849,445.2554490758482,549.3192891373844,0.0,0.0
2023-10-31,377.5,1234.0,160.0,10,31,0,0,296.0,592.0,2143.0,40.0,125.0,142.0,2161.0,1598.0,1476.0,0,1,0,0,0,0,0,500.0,454.0,592.0,328.0,168.0,263.0,416.66666666666674,382.7142857142857,484.14285714285717,514.7666666666667,207.56261246967645,419.3362343886636,407.94158680688616,532.9761091930371,0.0,0.0
2023-11-01,274.0,1850.0,2941.0,11,1,0,0,377.5,242.0,125.0,160.0,502.0,118.0,1234.0,2569.0,1467.5,0,0,1,0,0,0,0,296.0,500.0,242.0,809.0,204.9,258.0,391.16666666666674,352.07142857142856,487.67857142857144,455.9166666666667,186.25574455825873,285.4664737647453,400.33119010516464,522.9453924709057,0.0,0.0
2023-11-02,678.0,4335.0,383.0,11,2,0,0,274.0,20.0,263.0,2941.0,750.0,220.0,1850.0,1627.0,1213.0,0,0,0,1,0,0,0,377.5,296.0,20.0,734.0,668.0,472.0,315.8333333333334,356.64285714285717,449.4642857142857,460.8833333333333,183.475864508501,280.7680305056522,368.74839257887345,506.8843994082667,0.0,0.0
2023-11-03,987.0,1040.0,678.0,11,3,1,0,678.0,575.0,258.0,383.0,396.0,613.0,4335.0,2414.0,1341.5,0,0,0,0,1,0,0,274.0,377.5,575.0,411.0,511.4,420.0,443.16666666666674,450.64285714285717,445.4642857142857,474.71666666666664,147.23584093943276,280.9056119341367,446.0612944341551,517.9241155754753,0.0,0.0
2023-11-04,614.0,1655.5,462.0,11,4,1,0,987.0,454.0,472.0,678.0,135.0,180.0,1040.0,1167.0,1091.0,0,0,0,0,0,1,0,678.0,274.0,454.0,1157.0,748.3,238.0,646.3333333333334,509.5,486.60714285714283,499.01666666666665,251.00979396562565,292.7918126838804,581.2959708256163,548.1870758609285,0.0,0.0
2023-11-05,244.0,1434.0,844.0,11,5,0,0,614.0,500.0,420.0,462.0,188.0,254.0,1655.5,2407.0,687.5,0,0,0,0,0,0,1,987.0,678.0,500.0,405.0,1317.3,505.0,759.6666666666666,532.3571428571429,447.82142857142856,503.75,252.39465034704824,293.48697057374045,589.4719781192123,552.4330709666751,0.0,0.0
2023-11-06,365.0,915.5,125.0,11,6,0,0,244.0,296.0,238.0,844.0,40.0,247.0,1434.0,2161.0,1768.5,1,0,0,0,0,0,0,614.0,987.0,296.0,255.0,365.3,257.8,615.0000000000001,495.7857142857143,436.32142857142856,497.8833333333333,275.3660983041254,296.9573823868045,503.1039835894092,532.5341631623736,0.0,0.0
2023-11-07,199.0,1910.0,563.0,11,7,0,0,365.0,377.5,505.0,125.0,160.0,337.0,915.5,1234.0,1441.8,0,1,0,0,0,0,0,244.0,614.0,377.5,592.0,328.0,168.0,407.66666666666674,505.64285714285717,444.17857142857144,502.1166666666667,268.16330756426896,294.01547705371956,468.5779876920569,521.7255074744785,0.0,0.0
2023-11-08,950.0,1918.0,736.0,11,8,0,0,199.0,274.0,257.8,563.0,2941.0,651.0,1910.0,1850.0,1926.0,0,0,1,0,0,0,0,365.0,244.0,274.0,242.0,809.0,204.9,269.3333333333334,480.14285714285717,416.10714285714283,491.9166666666667,289.97898117589256,299.17461869494247,401.1834907690427,500.9045069922541,0.0,0.0
2023-11-09,531.5,3656.0,421.0,11,9,0,0,950.0,678.0,168.0,736.0,383.0,546.0,1918.0,4335.0,2178.0,0,0,0,1,0,0,0,199.0,365.0,678.0,20.0,734.0,668.0,504.66666666666674,576.7142857142857,466.67857142857144,514.99,320.810283649445,307.083976327716,538.387618076782,529.8784097669474,0.0,0.0
2023-11-10,1415.0,2284.0,1305.0,11,10,1,0,531.5,987.0,204.9,421.0,678.0,450.0,3656.0,1040.0,1070.2,0,0,0,0,1,0,0,950.0,199.0,987.0,575.0,411.0,511.4,560.1666666666667,555.7857142857143,503.2142857142857,527.1066666666667,317.8665675435276,300.0104939927052,536.6657135575865,529.9830284916604,0.0,0.0
2023-11-11,1073.0,2050.0,1563.0,11,11,1,0,1415.0,614.0,668.0,1305.0,462.0,214.0,2284.0,1655.5,2031.0,0,0,0,0,0,1,0,531.5,950.0,614.0,454.0,1157.0,748.3,965.5,616.9285714285714,563.2142857142857,567.4433333333333,434.42859295970806,334.5562492609279,756.2492851681899,587.0808976212307,0.0,0.0
2023-11-12,1921.0,1607.0,1029.0,11,12,0,0,1073.0,244.0,511.4,1563.0,844.0,136.0,2050.0,1434.0,2852.5,0,0,0,0,0,0,1,1415.0,531.5,244.0,500.0,405.0,1317.3,1006.5,682.5,607.4285714285714,580.9433333333333,467.30869526113685,346.70453652018756,835.4369638761424,618.4305171295385,0.0,0.0
2023-11-13,130.0,2015.0,670.0,11,13,0,0,1921.0,365.0,748.3,1029.0,125.0,653.5,1607.0,915.5,2634.0,1,0,0,0,0,0,0,1073.0,1415.0,365.0,296.0,255.0,365.3,1469.6666666666667,922.0714285714286,708.9285714285714,627.93,612.3864812199499,423.88190543902743,1106.8277229071068,702.467257959891,0.0,0.0
2023-11-14,492.0,917.0,733.0,11,14,0,0,130.0,199.0,1317.3,670.0,563.0,902.5,2015.0,1910.0,3306.0,0,1,0,0,0,0,0,1921.0,1073.0,199.0,377.5,592.0,328.0,1041.3333333333333,888.5,697.0714285714286,607.3199999999999,653.10316949162,432.765860403792,862.6207921803301,665.5338864786077,0.0,0.0
2023-11-15,932.0,4108.0,945.5,11,15,0,0,492.0,950.0,365.3,733.0,736.0,626.4,917.0,1918.0,4197.0,0,0,1,0,0,0,0,130.0,1921.0,950.0,274.0,242.0,809.0,847.6666666666666,930.3571428571429,705.25,579.81,609.4807020656814,411.80115334533923,769.9655941352476,654.3381518670847,0.0,0.0
2023-11-16,354.0,2538.0,360.0,11,16,0,0,932.0,531.5,328.0,945.5,421.0,461.0,4108.0,3656.0,3593.5,0,0,0,1,0,0,0,492.0,130.0,531.5,678.0,20.0,734.0,518.0000000000001,927.7857142857143,752.25,598.7,609.4219841471954,414.6100702404941,810.4741956014357,672.2518194885631,0.0,0.0
2023-11-17,908.0,1740.0,631.5,11,17,1,0,354.0,1415.0,809.0,360.0,1305.0,1001.0,2538.0,2284.0,3508.0,0,0,0,0,1,0,0,932.0,492.0,1415.0,987.0,575.0,411.0,592.6666666666667,902.4285714285714,729.1071428571429,599.5666666666667,631.9358767952268,414.05150715184277,696.3556467010767,651.7194440376882,0.0,0.0
2023-11-18,1059.0,1380.0,291.0,11,18,1,0,908.0,1073.0,734.0,631.5,1563.0,467.0,1740.0,2050.0,4063.0,0,0,0,0,0,1,0,354.0,932.0,1073.0,614.0,454.0,1157.0,731.3333333333334,830.0,723.4642857142857,602.8666666666667,591.1342205173595,416.16736382451177,749.2667350258075,668.2536734546115,0.0,0.0
2023-11-19,1110.0,3049.0,977.0,11,19,0,0,1059.0,1921.0,411.0,291.0,1029.0,951.0,1380.0,1607.0,1510.0,0,0,0,0,0,0,1,908.0,354.0,1921.0,244.0,500.0,405.0,773.6666666666666,828.0,755.25,613.7,590.1979893787052,423.85764526344894,826.7000512693556,693.4631138768948,0.0,0.0
2023-11-20,577.0,2243.0,631.0,11,20,0,0,1110.0,130.0,1157.0,977.0,670.0,748.0,3049.0,2015.0,2285.0,1,0,0,0,0,0,0,1059.0,908.0,130.0,365.0,296.0,255.0,1025.6666666666667,712.1428571428571,817.1071428571429,637.0,383.170296592097,431.4747565237638,897.5250384520167,720.3364613687081,0.0,0.0
2023-11-21,864.5,2720.0,601.5,11,21,0,0,577.0,492.0,405.0,631.0,733.0,280.0,2243.0,917.0,1755.0,0,1,0,0,0,0,0,1110.0,1059.0,492.0,199.0,377.5,592.0,915.3333333333334,776.0,832.25,617.6666666666666,297.6983932327026,420.218751188681,817.3937788390125,711.0889477320173,0.0,0.0
2023-11-22,665.0,1440.5,405.0,11,22,0,0,864.5,932.0,255.0,601.5,945.5,730.0,2720.0,4108.0,1876.0,0,0,1,0,0,0,0,577.0,1110.0,932.0,950.0,274.0,242.0,850.5,829.2142857142857,879.7857142857143,632.9833333333333,270.52416052650636,420.57398142369027,829.1703341292593,720.9864349751131,0.0,0.0
2023-11-23,850.0,2026.75,255.0,11,23,0,0,665.0,354.0,592.0,405.0,360.0,125.0,1440.5,2538.0,1598.0,0,0,0,1,0,0,0,864.5,577.0,354.0,531.5,678.0,20.0,702.1666666666666,791.0714285714286,859.4285714285714,646.65,272.43262600923043,414.4852260168108,788.1277505969445,717.3744069122025,0.0,0.0
2023-11-24,594.0,2692.0,328.0,11,24,1,0,850.0,908.0,242.0,255.0,631.5,502.0,2026.75,1740.0,2569.0,0,0,0,0,1,0,0,665.0,864.5,908.0,1415.0,987.0,575.0,793.1666666666666,861.9285714285714,882.1785714285714,655.25,192.61931985382975,415.98606885658864,803.5958129477083,725.9308967888347,0.0,0.0
2023-11-25,448.0,6070.0,1040.0,11,25,1,0,594.0,1059.0,20.0,328.0,291.0,750.0,2692.0,1380.0,1627.0,0,0,0,0,0,1,0,850.0,665.0,1059.0,1073.0,614.0,454.0,703.0,817.0714285714286,823.5357142857143,666.9833333333333,215.32580519053423,408.8307019000552,751.1968597107812,717.4192260282648,0.0,0.0
2023-11-26,1057.0,2244.0,472.0,11,26,0,0,448.0,1110.0,575.0,1040.0,977.0,396.0,6070.0,3049.0,2414.0,0,0,0,0,0,0,1,594.0,850.0,1110.0,1921.0,244.0,500.0,630.6666666666667,729.7857142857143,778.8928571428571,681.25,224.55286258526633,392.62133529780874,675.3976447830859,700.0373404780541,0.0,0.0
2023-11-27,272.0,1958.0,370.0,11,27,0,0,1057.0,577.0,454.0,472.0,631.0,135.0,2244.0,2243.0,1167.0,1,0,0,0,0,0,0,448.0,594.0,577.0,130.0,365.0,296.0,699.6666666666666,722.2142857142857,717.1785714285714,697.3166666666667,210.0194152022716,397.9494310997863,770.7982335873144,723.06718947947,0.0,0.0
2023-11-28,240.0,2825.5,686.0,11,28,0,0,272.0,864.5,500.0,370.0,601.5,188.0,1958.0,2720.0,2407.0,0,1,0,0,0,0,0,1057.0,448.0,864.5,492.0,199.0,377.5,592.3333333333334,678.6428571428571,727.3214285714286,691.25,268.62779613647984,403.14008325163826,646.0986751904858,693.9660804807945,0.0,0.0
2023-11-29,1420.0,3159.0,110.0,11,29,0,0,240.0,665.0,296.0,686.0,405.0,40.0,2825.5,1440.5,2161.0,0,0,1,0,0,0,0,272.0,1057.0,665.0,932.0,950.0,274.0,523.0000000000001,589.4285714285714,709.3214285714286,682.5833333333334,298.64017208164,410.12750505458513,544.5740063928644,664.6779462562272,0.0,0.0
2023-11-30,1795.0,3083.0,1058.0,11,30,0,0,1420.0,850.0,377.5,110.0,255.0,160.0,3159.0,2026.75,1234.0,0,0,0,1,0,0,0,240.0,272.0,850.0,354.0,531.5,678.0,644.0000000000001,697.2857142857143,744.1785714285714,720.05,435.47319637596996,424.6766183490842,763.4305047946483,713.4084013364707,0.0,0.0
2023-12-01,1437.0,2343.0,503.0,12,1,1,0,1795.0,594.0,274.0,1058.0,328.0,2941.0,3083.0,2692.0,1850.0,0,0,0,0,1,0,0,1420.0,240.0,594.0,908.0,1415.0,987.0,1151.6666666666667,832.2857142857143,847.1071428571429,767.3,604.4145140232027,462.4282535217462,1021.3228785959863,783.1885044760531,0.0,0.0
2023-12-02,2189.0,1202.0,349.0,12,2,1,0,1437.0,448.0,678.0,503.0,1040.0,383.0,2343.0,6070.0,4335.0,0,0,0,0,0,1,0,1795.0,1420.0,448.0,1059.0,1073.0,614.0,1550.6666666666667,952.7142857142857,884.8928571428571,806.0666666666667,632.3605812840524,468.35826129101235,1125.2421589469895,825.3698912840498,0.0,0.0
2023-12-03,110.0,2133.5,665.0,12,3,0,0,2189.0,1057.0,987.0,349.0,472.0,678.0,1202.0,2244.0,1040.0,0,0,0,0,0,0,1,1437.0,1795.0,1057.0,1110.0,1921.0,244.0,1807.0,1201.4285714285713,965.6071428571429,856.4333333333333,734.8394058438568,531.1478742947354,1391.1816192102422,913.3460273302402,0.0,0.0
2023-12-04,375.0,3426.0,635.25,12,4,0,0,110.0,272.0,614.0,665.0,370.0,462.0,2133.5,1958.0,1655.5,1,0,0,0,0,0,0,2189.0,1437.0,272.0,577.0,130.0,365.0,1245.3333333333333,1066.142857142857,894.1785714285714,827.2,844.8051902798712,547.5935221651562,1070.8862144076816,861.5172513734506,0.0,0.0
2023-12-05,128.0,2831.0,827.0,12,5,0,0,375.0,240.0,244.0,635.25,686.0,844.0,3426.0,2825.5,1434.0,0,1,0,0,0,0,0,110.0,2189.0,240.0,864.5,492.0,199.0,891.3333333333334,1080.857142857143,879.75,819.2333333333333,829.424987279627,552.5186177754608,896.9146608057612,830.1290416074216,0.0,0.0
2023-12-06,1393.0,2824.5,129.0,12,6,0,0,128.0,1420.0,365.0,827.0,110.0,125.0,2831.0,3159.0,915.5,0,0,1,0,0,0,0,375.0,110.0,1420.0,665.0,932.0,950.0,204.33333333333334,1064.857142857143,827.1428571428571,815.3666666666667,849.1936231059494,557.0702136970758,704.6859956043209,784.8303937617816,0.0,0.0
2023-12-07,191.0,3493.0,1661.0,12,7,0,0,1393.0,1795.0,199.0,129.0,1058.0,563.0,2824.5,3083.0,1910.0,0,0,0,1,0,0,0,128.0,375.0,1795.0,850.0,354.0,531.5,632.0,1061.0,879.1428571428571,849.6333333333333,847.3710324684615,560.021350167722,876.7644967032406,824.0671425513441,0.0,0.0
2023-12-08,521.0,2577.0,314.0,12,8,1,0,191.0,1437.0,950.0,1661.0,503.0,736.0,3493.0,2343.0,1918.0,0,0,0,0,1,0,0,1393.0,128.0,1437.0,594.0,908.0,1415.0,570.6666666666666,831.8571428571429,832.0714285714286,849.3666666666667,832.5487830694823,560.34365892009,705.3233725274305,783.2241010964187,0.0,0.0
2023-12-09,785.0,2050.0,25.0,12,9,1,0,521.0,2189.0,531.5,314.0,349.0,421.0,2577.0,1202.0,3656.0,0,0,0,0,0,1,0,191.0,1393.0,2189.0,448.0,1059.0,1073.0,701.6666666666666,701.0,826.8571428571429,835.0666666666667,792.6110858001754,563.1539376327439,659.2425293955729,766.3064171547144,0.0,0.0
2023-12-10,1837.0,2298.0,336.0,12,10,0,0,785.0,110.0,1415.0,25.0,665.0,1305.0,2050.0,2133.5,2284.0,0,0,0,0,0,0,1,521.0,191.0,110.0,1057.0,1110.0,1921.0,499.0,500.42857142857144,850.9285714285714,843.5166666666667,462.0071634159133,560.3367288627827,690.6818970466796,767.5124547576361,0.0,0.0
2023-12-11,443.0,3176.0,518.5,12,11,0,0,1837.0,375.0,1073.0,336.0,635.25,1563.0,2298.0,3426.0,2050.0,1,0,0,0,0,0,0,785.0,521.0,375.0,272.0,577.0,130.0,1047.6666666666667,747.1428571428571,906.6428571428571,857.5833333333334,644.0259903066612,580.1254335729136,977.2614227850097,836.5116512248854,0.0,0.0
2023-12-12,347.5,2001.0,400.0,12,12,0,0,443.0,128.0,1921.0,518.5,827.0,1029.0,3176.0,2831.0,1607.0,0,1,0,0,0,0,0,1837.0,785.0,128.0,240.0,864.5,492.0,1021.6666666666666,756.8571428571429,918.8571428571429,836.5833333333334,637.9614483053103,583.4518282767998,843.6960670887572,811.1238027587639,0.0,0.0
2023-12-13,519.0,1735.0,410.0,12,13,0,0,347.5,1393.0,130.0,400.0,129.0,670.0,2001.0,2824.5,2015.0,0,0,1,0,0,0,0,443.0,1837.0,1393.0,1420.0,665.0,932.0,875.8333333333334,788.2142857142857,926.5357142857143,784.1333333333333,606.5198442166349,552.5108195747179,719.6470503165679,781.2125896775533,0.0,0.0
2023-12-14,563.0,1864.0,755.0,12,14,0,0,519.0,191.0,492.0,410.0,1661.0,733.0,1735.0,3493.0,917.0,0,0,0,1,0,0,0,347.5,443.0,191.0,1795.0,850.0,354.0,436.5,663.3571428571429,862.1785714285714,797.1,548.4498392656121,541.0761690276657,669.4852877374259,764.2956484080338,0.0,0.0
2023-12-15,211.0,1205.5,185.0,12,15,1,0,563.0,521.0,932.0,755.0,314.0,945.5,1864.0,2577.0,4108.0,0,0,0,0,1,0,0,519.0,347.5,521.0,1437.0,594.0,908.0,476.5,716.5,774.1785714285714,799.4666666666667,511.85357606773925,539.8495309731721,642.8639658030694,751.3088323817092,0.0,0.0
2023-12-16,340.0,2187.0,0.0,12,16,1,0,211.0,785.0,354.0,185.0,25.0,360.0,1205.5,2050.0,2538.0,0,0,0,0,0,1,0,563.0,519.0,785.0,2189.0,448.0,1059.0,431.0,672.2142857142857,686.6071428571429,775.4333333333333,543.9892659130059,549.7048696147423,534.8979743523021,716.4501980345021,0.0,0.0
2023-12-17,582.0,1637.0,330.0,12,17,0,0,340.0,1837.0,908.0,0.0,336.0,631.5,2187.0,2298.0,1740.0,0,0,0,0,0,0,1,211.0,563.0,1837.0,110.0,1057.0,1110.0,371.3333333333333,608.6428571428571,554.5357142857143,774.9666666666667,554.5121515264348,550.0807923940986,486.17348076422655,692.163088483889,0.0,0.0
2023-12-18,469.0,1382.0,161.0,12,18,0,0,582.0,443.0,1059.0,330.0,518.5,291.0,1637.0,3176.0,1380.0,1,0,0,0,0,0,0,340.0,211.0,443.0,375.0,272.0,577.0,377.6666666666667,429.35714285714283,588.25,764.1,136.47182685011902,550.5819241242975,510.13011057316993,685.0557924526704,0.0,0.0
2023-12-19,123.0,871.0,677.5,12,19,0,0,469.0,347.5,1110.0,161.0,400.0,977.0,1382.0,2001.0,3049.0,0,1,0,0,0,0,0,582.0,340.0,347.5,128.0,240.0,864.5,463.6666666666667,433.07142857142856,594.9642857142857,744.4333333333333,137.25658107215986,550.2221453153282,499.84758292987743,671.1167090686272,0.0,0.0
2023-12-20,1468.9,1438.0,165.5,12,20,0,0,123.0,519.0,577.0,677.5,410.0,631.0,871.0,1735.0,2243.0,0,0,1,0,0,0,0,469.0,582.0,519.0,1393.0,1420.0,665.0,391.3333333333333,401.0,594.6071428571429,711.5333333333333,180.11940484023182,557.0753668650373,405.63568719740806,635.754340741619,0.0,0.0
2023-12-21,548.9,2418.0,350.0,12,21,0,0,1468.9,563.0,864.5,165.5,755.0,601.5,1438.0,1864.0,2720.0,0,0,0,1,0,0,0,123.0,469.0,563.0,191.0,1795.0,850.0,686.9666666666667,536.7,600.0285714285714,741.2633333333334,445.76581669452037,573.2137120164502,671.4517653980561,689.5056735969985,0.0,0.0
2023-12-22,469.75,1054.0,163.0,12,22,1,0,548.9,211.0,665.0,350.0,185.0,405.0,2418.0,1205.5,1440.5,0,0,0,0,1,0,0,1468.9,123.0,211.0,521.0,1437.0,594.0,713.6,534.6857142857143,625.592857142857,730.7433333333333,445.65901175888297,573.7697812281285,640.8138240485421,680.434339816547,0.0,0.0
2023-12-23,736.0,2983.0,284.0,12,23,1,0,469.75,340.0,850.0,163.0,0.0,255.0,1054.0,2187.0,2026.75,0,0,0,0,0,1,0,548.9,1468.9,340.0,785.0,2189.0,448.0,829.1833333333334,571.65,621.9321428571428,724.235,424.56868800387616,575.645534962631,598.0478680364065,666.8418017638666,0.0,0.0
2023-12-24,2007.0,1835.0,178.0,12,24,0,0,736.0,582.0,594.0,284.0,330.0,328.0,2983.0,1637.0,2692.0,0,0,0,0,0,0,1,469.75,548.9,582.0,1837.0,110.0,1057.0,584.8833333333333,628.2214285714286,618.4321428571428,720.435,414.8289485409842,575.1627672398182,632.5359010273048,671.3036210049074,0.0,0.0
2023-12-25,1147.0,1680.0,379.5,12,25,0,0,2007.0,469.0,448.0,178.0,161.0,1040.0,1835.0,1382.0,6070.0,1,0,0,0,0,0,0,736.0,469.75,469.0,443.0,375.0,272.0,1070.9166666666667,831.7928571428572,630.5749999999999,767.5350000000001,663.4886311689717,620.5188442427391,976.1519257704786,757.4775809400747,0.0,0.0
2023-12-26,1334.0,3051.0,1213.0,12,26,0,0,1147.0,123.0,1057.0,379.5,677.5,472.0,1680.0,871.0,2244.0,0,1,0,0,0,0,0,2007.0,736.0,123.0,347.5,128.0,240.0,1296.6666666666667,928.65,680.8607142857143,790.8350000000002,651.0722854133271,621.2298651632016,1018.8639443278589,782.6080595891023,0.0,0.0
2023-12-27,1556.0,3009.0,559.0,12,27,0,0,1334.0,1468.9,272.0,1213.0,165.5,370.0,3051.0,1438.0,1958.0,0,0,1,0,0,0,0,1147.0,2007.0,1468.9,519.0,1393.0,1420.0,1496.0,1101.65,751.3249999999999,800.0683333333334,555.1432885601096,627.3506579373036,1097.6479582458942,818.1817331639988,0.0,0.0
2023-12-28,2099.0,3986.0,329.0,12,28,0,0,1556.0,548.9,240.0,559.0,350.0,686.0,3009.0,2418.0,2825.5,0,0,0,1,0,0,0,1334.0,1147.0,548.9,563.0,191.0,1795.0,1345.6666666666667,1114.0928571428572,825.3964285714285,842.8683333333335,565.6238461708829,633.8475263303135,1212.2359686844206,865.7829116695474,0.0,0.0
2023-12-29,950.0,2997.0,965.5,12,29,1,0,2099.0,469.75,1420.0,329.0,163.0,110.0,3986.0,1054.0,3159.0,0,0,0,0,1,0,0,1556.0,1334.0,469.75,211.0,521.0,1437.0,1663.0,1335.5357142857142,935.1107142857143,904.8350000000002,609.2238988488314,663.0737831662581,1433.9269765133154,945.3453044650605,0.0,0.0
2023-12-30,1253.0,4894.0,2769.5,12,30,1,0,950.0,736.0,1795.0,965.5,284.0,1058.0,2997.0,2983.0,3083.0,0,0,0,0,0,1,0,2099.0,1556.0,736.0,340.0,785.0,2189.0,1535.0,1404.142857142857,987.8964285714285,889.1683333333334,515.2712646659776,655.9967404885555,1312.9452323849864,945.6456074027985,0.0,0.0
2023-12-31,1337.0,2321.0,853.0,12,31,0,0,1253.0,2007.0,1437.0,2769.5,178.0,503.0,4894.0,1835.0,2343.0,0,0,0,0,0,0,1,950.0,2099.0,2007.0,582.0,1837.0,110.0,1434.0,1478.0,1053.1107142857143,871.1016666666668,434.2180711731525,637.3888090298077,1297.9589242887398,965.474923054231,0.0,0.0
2024-01-01,1374.0,8137.8,952.0,1,1,0,0,1337.0,1147.0,2189.0,853.0,379.5,349.0,2321.0,1680.0,1202.0,1,0,0,0,0,0,0,1253.0,950.0,1147.0,469.0,443.0,375.0,1180.0,1382.2857142857142,1107.0392857142856,867.7683333333334,366.7840937507665,634.5826030418209,1307.719193216555,989.4442828571839,0.0,0.0
2024-01-02,817.8,8881.0,1561.0,1,2,0,0,1374.0,1334.0,110.0,952.0,1213.0,665.0,8137.8,3051.0,2133.5,0,1,0,0,0,0,0,1337.0,1253.0,1334.0,123.0,347.5,128.0,1321.3333333333333,1414.7142857142858,1171.6821428571427,840.6016666666668,352.2620777611054,592.0925449686655,1324.2893949124161,1014.2543291244624,0.0,0.0
2024-01-03,0.0,10052.5,4504.0,1,3,0,0,817.8,1556.0,375.0,1561.0,559.0,635.25,8881.0,3009.0,3426.0,0,0,1,0,0,0,0,1374.0,1337.0,1556.0,1468.9,519.0,1393.0,1176.2666666666667,1340.9714285714285,1221.310714285714,864.195,419.57463267093743,575.8554545570471,1197.667046184312,1001.5798562777229,0.0,0.0
2024-01-04,6179.8,5715.0,1248.0,1,4,0,0,0.0,2099.0,128.0,4504.0,329.0,827.0,10052.5,3986.0,2831.0,0,0,0,1,0,0,0,817.8,1374.0,2099.0,548.9,563.0,191.0,730.6,1118.6857142857143,1116.3892857142857,851.695,640.6178981487883,590.7187142546692,898.250284638234,936.9618010339989,0.0,0.0
2024-01-05,3023.8,6806.0,4208.0,1,5,1,0,6179.8,950.0,1393.0,1248.0,965.5,129.0,5715.0,2997.0,2824.5,0,0,0,0,1,0,0,0.0,817.8,950.0,469.75,211.0,521.0,2332.5333333333333,1701.6571428571428,1518.5964285714288,1053.4216666666666,2030.4851496273354,1125.9274855442613,2218.6377134786753,1275.209426773741,0.0,0.0
2024-01-06,560.0,3786.0,897.0,1,6,1,0,3023.8,1253.0,191.0,4208.0,2769.5,1661.0,6806.0,4894.0,3493.0,0,0,0,0,0,1,0,6179.8,0.0,1253.0,736.0,340.0,785.0,3067.866666666667,1997.9142857142858,1701.0285714285715,1107.7816666666668,2053.6924010414114,1180.9127887215432,2419.9282851090065,1388.0217218205964,0.0,0.0
2024-01-07,1309.8,6300.0,2075.0,1,7,0,0,560.0,1337.0,521.0,897.0,853.0,314.0,3786.0,2321.0,2577.0,0,0,0,0,0,0,1,3023.8,6179.8,1337.0,2007.0,582.0,1837.0,3254.5333333333333,1898.9142857142858,1688.457142857143,1120.0816666666667,2111.4768949944105,1172.9293251545344,1954.946213831755,1334.6009655741063,0.0,0.0
2024-01-08,1890.0,2880.0,1311.0,1,8,0,0,1309.8,1374.0,785.0,2075.0,952.0,25.0,6300.0,8137.8,2050.0,1,0,0,0,0,0,0,560.0,3023.8,1374.0,1147.0,469.0,443.0,1631.2,1895.0285714285715,1638.6571428571428,1146.375,2112.7079919022453,1167.8670046174511,1793.6596603738162,1333.0009032790028,0.0,0.0
2024-01-09,1910.0,4840.8,1014.0,1,9,0,0,1890.0,817.8,1837.0,1311.0,1561.0,336.0,2880.0,8881.0,2298.0,0,1,0,0,0,0,0,1309.8,560.0,817.8,1334.0,123.0,347.5,1253.2666666666667,1968.7428571428572,1691.7285714285715,1183.2083333333333,2100.4653570555442,1173.4883495655556,1817.7447452803622,1368.936328873906,0.0,0.0
2024-01-10,1472.0,3736.0,1818.0,1,10,0,0,1910.0,0.0,443.0,1014.0,4504.0,518.5,4840.8,10052.5,3176.0,0,0,1,0,0,0,0,1890.0,1309.8,0.0,1556.0,1468.9,519.0,1703.2666666666667,2124.7714285714287,1732.8714285714286,1185.6416666666667,2040.4286785822608,1174.9655496111316,1840.8085589602715,1403.8436624949443,0.0,0.0
2024-01-11,565.8,3383.0,310.0,1,11,0,0,1472.0,6179.8,347.5,1818.0,1248.0,400.0,3736.0,5715.0,2001.0,0,0,0,1,0,0,0,1910.0,1890.0,6179.8,2099.0,548.9,563.0,1757.3333333333333,2335.057142857143,1726.8714285714286,1219.9416666666666,1852.1164243977234,1167.534493183387,1748.6064192202036,1408.2408455597867,0.0,0.0
2024-01-12,2750.8,4668.0,1672.0,1,12,1,0,565.8,3023.8,519.0,310.0,4208.0,410.0,3383.0,6806.0,1735.0,0,0,0,0,1,0,0,1472.0,1910.0,3023.8,950.0,469.75,211.0,1315.9333333333332,1533.0571428571427,1617.357142857143,1227.2183333333335,859.0505124014198,1162.5792572524585,1452.9048144151527,1353.889823265607,0.0,0.0
2024-01-13,1696.0,7346.0,650.0,1,13,1,0,2750.8,560.0,563.0,1672.0,897.0,755.0,4668.0,3786.0,1864.0,0,0,0,0,0,1,0,565.8,1472.0,560.0,1253.0,736.0,340.0,1596.2,1494.0571428571427,1745.9857142857145,1301.6116666666667,782.9158210543085,1186.8506892470054,1777.3786108113645,1444.0130604742776,0.0,0.0
2024-01-14,982.8,6172.0,980.0,1,14,0,0,1696.0,1309.8,211.0,650.0,2075.0,185.0,7346.0,6300.0,1205.5,0,0,0,0,0,0,1,2750.8,565.8,1309.8,1337.0,2007.0,582.0,1670.8666666666668,1656.3428571428572,1777.6285714285716,1339.3783333333333,666.0461316784359,1180.5467396203173,1757.0339581085234,1460.270282379163,0.0,0.0
2024-01-15,3110.0,6786.0,718.0,1,15,0,0,982.8,1890.0,340.0,980.0,1311.0,0.0,6172.0,2880.0,2187.0,1,0,0,0,0,0,0,1696.0,2750.8,1890.0,1374.0,1147.0,469.0,1809.8666666666668,1609.6285714285716,1752.3285714285716,1365.105,704.7454805679505,1163.3939963529124,1563.4754685813925,1429.4657480321205,0.0,0.0
2024-01-16,1942.6,4328.0,740.0,1,16,0,0,3110.0,1910.0,582.0,718.0,1014.0,330.0,6786.0,4840.8,1637.0,0,1,0,0,0,0,0,982.8,1696.0,1910.0,817.8,1334.0,123.0,1929.6000000000001,1783.9142857142858,1876.3285714285716,1457.4383333333333,907.3656804702483,1188.8727941352927,1950.1066014360445,1537.8873126752096,0.0,0.0
2024-01-17,1376.8,3958.0,754.0,1,17,0,0,1942.6,1472.0,469.0,740.0,1818.0,161.0,4328.0,3736.0,1382.0,0,0,1,0,0,0,0,3110.0,982.8,1472.0,0.0,1556.0,1468.9,2011.8,1788.5714285714287,1956.6714285714286,1502.7916666666667,908.2039596813873,1180.2457213533921,1948.2299510770335,1563.9978086316478,0.0,0.0
2024-01-18,3904.0,5593.0,1572.0,1,18,0,0,1376.8,565.8,123.0,754.0,310.0,677.5,3958.0,3383.0,871.0,0,0,0,1,0,0,0,1942.6,3110.0,565.8,6179.8,2099.0,548.9,2143.133333333333,1774.9714285714288,2055.014285714286,1533.0516666666667,914.4260599127837,1164.3571199773523,1805.3724633077752,1551.9205306554124,0.0,0.0
2024-01-19,3618.6,6288.0,1340.0,1,19,1,0,3904.0,2750.8,1468.9,1572.0,1672.0,165.5,5593.0,4668.0,1438.0,0,0,0,0,1,0,0,1376.8,1942.6,2750.8,3023.8,950.0,469.75,2407.7999999999997,2251.8571428571427,1892.4571428571428,1659.085,1040.4948612033002,1210.1968469939668,2330.0293474808313,1703.667593193773,0.0,0.0
2024-01-20,2518.0,5560.0,1145.0,1,20,1,0,3618.6,1696.0,548.9,1340.0,650.0,350.0,6288.0,7346.0,2418.0,0,0,0,0,0,1,0,3904.0,1376.8,1696.0,560.0,1253.0,736.0,2966.4666666666667,2375.828571428571,1934.9428571428573,1730.7416666666666,1155.2227053895786,1261.1188821209341,2652.1720106106236,1827.2116194393361,0.0,0.0
2024-01-21,8210.8,3454.0,560.0,1,21,0,0,2518.0,982.8,469.75,1145.0,980.0,163.0,5560.0,6172.0,1054.0,0,0,0,0,0,0,1,3618.6,3904.0,982.8,1309.8,1337.0,2007.0,3346.866666666667,2493.2571428571428,2074.8,1796.3783333333333,1115.7028081843634,1248.6680490995013,2618.6290079579676,1871.7786117335727,0.0,0.0
2024-01-22,1492.0,4199.0,560.0,1,22,0,0,8210.8,3110.0,736.0,560.0,718.0,284.0,3454.0,6786.0,2983.0,1,0,0,0,0,0,0,2518.0,3618.6,3110.0,1890.0,1374.0,1147.0,4782.466666666666,3525.828571428571,2567.7285714285713,2054.413333333333,2251.4493774117186,1687.7181672986417,4016.6717559684757,2280.747733557213,0.0,0.0
2024-01-23,1062.0,7168.0,864.0,1,23,0,0,1492.0,1942.6,2007.0,560.0,740.0,178.0,4199.0,4328.0,1835.0,0,1,0,0,0,0,0,8210.8,2518.0,1942.6,1910.0,817.8,1334.0,4073.6,3294.6857142857143,2539.2999999999997,2079.6133333333332,2380.6057320414416,1672.932894285246,3385.5038169763566,2229.860783005135,0.0,0.0
2024-01-24,1148.0,3490.0,1212.0,1,24,0,0,1062.0,1376.8,1147.0,864.0,754.0,379.5,7168.0,3958.0,1680.0,0,0,1,0,0,0,0,1492.0,8210.8,1376.8,1472.0,0.0,1556.0,3588.2666666666664,3168.8857142857137,2478.7285714285713,2048.1133333333332,2484.943733386178,1683.2125103469575,2804.627862732267,2154.514926037062,0.0,0.0
2024-01-25,914.0,7116.0,2202.0,1,25,0,0,1148.0,3904.0,1334.0,1212.0,1572.0,1213.0,3490.0,5593.0,3051.0,0,0,0,1,0,0,0,1062.0,1492.0,3904.0,565.8,6179.8,2099.0,1234.0,3136.2,2455.585714285714,2048.1466666666665,2513.7820616221547,1683.194059689706,2390.4708970492,2089.578479195962,0.0,0.0
2024-01-26,2466.0,6548.0,2912.0,1,26,1,0,914.0,3618.6,1556.0,2202.0,1340.0,559.0,7116.0,6288.0,3009.0,0,0,0,0,1,0,0,1148.0,1062.0,3618.6,2750.8,3023.8,950.0,1041.3333333333333,2709.0571428571425,2480.4571428571426,2034.1466666666665,2613.621382205886,1691.0670803255914,2021.3531727869001,2013.7347063446095,0.0,0.0
2024-01-27,2586.8,4300.0,2686.0,1,27,1,0,2466.0,2518.0,2099.0,2912.0,1145.0,329.0,6548.0,5560.0,3986.0,0,0,0,0,0,1,0,914.0,1148.0,2518.0,1696.0,560.0,1253.0,1509.3333333333333,2544.4,2460.1142857142854,2064.48,2582.896472309075,1690.3559915612148,2132.514879590175,2042.9131123868929,0.0,0.0
2024-01-28,1639.6,6378.0,2600.0,1,28,0,0,2586.8,8210.8,950.0,2686.0,560.0,965.5,4300.0,3454.0,2997.0,0,0,0,0,0,0,1,2466.0,914.0,8210.8,982.8,1309.8,1337.0,1988.9333333333334,2554.2285714285713,2523.742857142857,2080.74,2582.9101711791973,1693.0435040543675,2246.0861596926316,2078.0025890070933,0.0,0.0
2024-01-29,2079.6,6710.0,2188.0,1,29,0,0,1639.6,1492.0,1253.0,2600.0,560.0,2769.5,6378.0,4199.0,4894.0,1,0,0,0,0,0,0,2586.8,2466.0,1492.0,3110.0,1890.0,1374.0,2230.7999999999997,1615.4857142857143,2570.6571428571433,2103.7266666666665,670.7741483504254,1681.8060165177799,2094.4646197694738,2049.718551006636,0.0,0.0
2024-01-30,1232.0,4523.0,2206.0,1,30,0,0,2079.6,1062.0,1337.0,2188.0,864.0,853.0,6710.0,7168.0,2321.0,0,1,0,0,0,0,0,1639.6,2586.8,1062.0,1942.6,1910.0,817.8,2102.0,1699.4285714285713,2497.057142857143,2131.2799999999997,689.2576047562231,1674.1415040098243,2090.748464827105,2051.646386425563,0.0,0.0
2024-01-31,1390.0,3990.0,1710.0,1,31,0,0,1232.0,1148.0,1374.0,2206.0,1212.0,952.0,4523.0,3490.0,8137.8,0,0,1,0,0,0,0,2079.6,1639.6,1148.0,1376.8,1472.0,0.0,1650.3999999999999,1723.7142857142858,2446.2999999999997,2127.7799999999997,665.6452995116131,1675.9680659866099,1876.0613486203288,1998.7659743981073,0.0,0.0
2024-02-01,1426.0,5762.0,682.0,2,1,0,0,1390.0,914.0,817.8,1710.0,2202.0,1561.0,3990.0,7116.0,8881.0,0,0,0,1,0,0,0,1232.0,2079.6,914.0,3904.0,565.8,6179.8,1567.2,1758.2857142857142,2447.2428571428572,2128.313333333333,636.4031725999159,1675.7224514515674,1754.5460114652465,1959.490750243391,0.0,0.0
2024-02-02,2318.0,3146.0,1195.0,2,2,1,0,1426.0,2466.0,0.0,682.0,2912.0,4504.0,5762.0,6548.0,10052.5,0,0,0,0,1,0,0,1390.0,1232.0,2466.0,3618.6,2750.8,3023.8,1349.3333333333333,1831.4285714285713,2270.2428571428572,2148.586666666667,546.2295418420288,1662.9512078879802,1672.4095085989347,1925.0719921631724,0.0,0.0
2024-02-03,3036.0,6758.0,1575.0,2,3,1,0,2318.0,2586.8,6179.8,1195.0,2686.0,1248.0,3146.0,4300.0,5715.0,0,0,0,0,0,1,0,1426.0,1390.0,2586.8,2518.0,1696.0,560.0,1711.3333333333333,1810.2857142857142,2177.3428571428567,2225.8533333333335,519.7983565081479,1612.7719439723546,1833.807131449201,1950.4221862171612,0.0,0.0
2024-02-04,3078.0,3494.0,3706.0,2,4,0,0,3036.0,1639.6,3023.8,1575.0,2600.0,4208.0,6758.0,6378.0,6806.0,0,0,0,0,0,0,1,2318.0,1426.0,1639.6,8210.8,982.8,1309.8,2260.0,1874.457142857143,2214.3428571428567,2121.06,644.4270397211849,1439.8654277636385,2134.3553485869006,2020.4594645257316,0.0,0.0
2024-02-05,3010.0,4164.0,1262.0,2,5,0,0,3078.0,2079.6,560.0,3706.0,2188.0,897.0,3494.0,6710.0,3786.0,1,0,0,0,0,0,0,3036.0,2318.0,2079.6,1492.0,3110.0,1890.0,2810.6666666666665,2079.942857142857,1847.7142857142858,2122.866666666667,773.4666699501729,1441.0706961368578,2370.2665114401752,2088.687886169233,0.0,0.0
2024-02-06,1474.0,5271.0,1912.0,2,6,0,0,3010.0,1232.0,1309.8,1262.0,2206.0,2075.0,4164.0,4523.0,6300.0,0,1,0,0,0,0,0,3078.0,3036.0,1232.0,1062.0,1942.6,1910.0,3041.3333333333335,2212.8571428571427,1956.142857142857,2204.5333333333333,849.592731562488,1418.6957072906994,2530.1998835801314,2148.1273773841212,0.0,0.0
2024-02-07,2194.0,3118.0,244.0,2,7,0,0,1474.0,1390.0,1890.0,1912.0,1710.0,1311.0,5271.0,3990.0,2880.0,0,0,1,0,0,0,0,3010.0,3078.0,1390.0,1148.0,1376.8,1472.0,2520.6666666666665,2247.4285714285716,1985.5714285714287,2210.0066666666667,806.8776977012187,1415.4377935961122,2266.1499126850986,2104.6352885206297,0.0,0.0
2024-02-08,1868.0,3542.0,2340.0,2,8,0,0,2194.0,1426.0,1910.0,244.0,682.0,1014.0,3118.0,5762.0,4840.8,0,0,0,1,0,0,0,1474.0,3010.0,1426.0,914.0,3904.0,565.8,2226.0,2362.285714285714,2060.285714285714,2220.14,716.6630343208062,1414.1554283692465,2248.112434513824,2110.4007537773637,0.0,0.0
2024-02-09,3392.0,3116.0,804.0,2,9,1,0,1868.0,2318.0,1472.0,2340.0,1195.0,1818.0,3542.0,3146.0,3736.0,0,0,0,0,1,0,0,2194.0,1474.0,2318.0,2466.0,3618.6,2750.8,1845.3333333333333,2425.4285714285716,2128.4285714285716,2218.74,635.2707709165853,1414.4938006714385,2153.0843258853683,2094.7619954691468,0.0,0.0
2024-02-10,2734.8,4285.0,2752.0,2,10,1,0,3392.0,3036.0,565.8,804.0,1575.0,310.0,3116.0,6758.0,3383.0,0,0,0,0,0,1,0,1868.0,2194.0,3036.0,2586.8,2518.0,1696.0,2484.6666666666665,2578.8571428571427,2194.5714285714284,2282.74,727.9366796114961,1422.9525769595634,2462.8132444140265,2178.4547699550085,0.0,0.0
2024-02-11,3592.0,7394.0,2220.0,2,11,0,0,2734.8,3078.0,2750.8,2752.0,3706.0,1672.0,4285.0,3494.0,4668.0,0,0,0,0,0,0,1,3392.0,1868.0,3078.0,1639.6,8210.8,982.8,2664.9333333333334,2535.828571428571,2205.1428571428573,2355.04,704.950262345474,1387.3651985713411,2530.80993331052,2214.3480106030725,0.0,0.0
2024-02-12,3136.0,6475.0,2950.0,2,12,0,0,3592.0,3010.0,1696.0,2220.0,1262.0,650.0,7394.0,4164.0,7346.0,1,0,0,0,0,0,0,2734.8,3392.0,3010.0,2079.6,1492.0,3110.0,3239.6,2609.2571428571428,2344.6,2383.08,792.2052740233913,1404.0402348100704,2796.10744998289,2303.2287841125517,0.0,0.0
2024-02-13,2788.0,5889.8,1886.0,2,13,0,0,3136.0,1474.0,982.8,2950.0,1912.0,980.0,6475.0,5271.0,6172.0,0,1,0,0,0,0,0,3592.0,2734.8,1474.0,1232.0,1062.0,1942.6,3154.2666666666664,2627.2571428571428,2420.057142857143,2431.08,804.1693827736024,1404.3556633707076,2881.0805874871676,2356.955959331097,0.0,0.0
2024-02-14,2528.0,5656.0,1694.0,2,14,0,0,2788.0,2194.0,3110.0,1886.0,244.0,718.0,5889.8,3118.0,6786.0,0,0,1,0,0,0,0,3136.0,3592.0,2194.0,1390.0,1148.0,1376.8,3172.0,2814.9714285714285,2531.2000000000003,2491.253333333333,623.0716965547541,1378.5985146675878,2857.8104406153757,2384.765252277478,0.0,0.0
2024-02-15,2432.0,5850.5,2900.0,2,15,0,0,2528.0,1868.0,1942.6,1694.0,2340.0,740.0,5656.0,3542.0,4328.0,0,0,0,1,0,0,0,2788.0,3136.0,1868.0,1426.0,914.0,3904.0,2817.3333333333335,2862.6857142857143,2612.4857142857145,2471.8533333333335,578.8092012300531,1373.6773469811592,2775.3578304615316,2394.0062037434473,0.0,0.0
2024-02-16,2570.8,4071.0,178.5,2,16,1,0,2432.0,3392.0,1376.8,2900.0,804.0,754.0,5850.5,3116.0,3958.0,0,0,0,0,1,0,0,2528.0,2788.0,3392.0,2318.0,2466.0,3618.6,2582.6666666666665,2943.2571428571428,2684.342857142857,2488.1666666666665,439.842543255133,1370.0766352422709,2689.518372846149,2396.4574164051605,0.0,0.0
2024-02-17,2750.0,6324.0,2108.0,2,17,1,0,2570.8,2734.8,3904.0,178.5,2752.0,1572.0,4071.0,4285.0,5593.0,0,0,0,0,0,1,0,2432.0,2528.0,2734.8,3036.0,2586.8,2518.0,2510.266666666667,2825.942857142857,2702.4000000000005,2527.9666666666667,408.61237890019527,1353.9261020768668,2659.8387796346115,2407.705325024183,0.0,0.0
2024-02-18,1366.0,5958.0,544.0,2,18,0,0,2750.0,3592.0,3618.6,2108.0,2220.0,1340.0,6324.0,7394.0,6288.0,0,0,0,0,0,0,1,2570.8,2432.0,3592.0,3078.0,1639.6,8210.8,2584.266666666667,2828.1142857142863,2681.971428571429,2489.5,408.0873575946356,1329.6590351120747,2682.379084725959,2429.7888524419777,0.0,0.0
2024-02-19,2076.0,2814.0,1514.0,2,19,0,0,1366.0,3136.0,2518.0,544.0,2950.0,1145.0,5958.0,6475.0,5560.0,1,0,0,0,0,0,0,2750.0,2570.8,3136.0,3010.0,2079.6,1492.0,2228.9333333333334,2510.1142857142863,2559.6857142857148,2414.4133333333334,554.6170673794413,1327.3001707467565,2353.284313544469,2361.1573135747535,0.0,0.0
2024-02-20,1826.0,3894.0,80.0,2,20,0,0,2076.0,2788.0,8210.8,1514.0,1886.0,560.0,2814.0,5889.8,3454.0,0,1,0,0,0,0,0,1366.0,2750.0,2788.0,1474.0,1232.0,1062.0,2064.0,2358.6857142857148,2492.971428571429,2399.6800000000003,496.9588427914043,1328.563234942688,2283.963235158352,2342.760067537673,0.0,0.0
2024-02-21,2060.0,2820.0,584.0,2,21,0,0,1826.0,2528.0,1492.0,80.0,1694.0,560.0,3894.0,5656.0,4199.0,0,0,1,0,0,0,0,2076.0,1366.0,2528.0,2194.0,1390.0,1148.0,1756.0,2221.257142857143,2518.1142857142863,2186.8533333333335,491.4342236662769,751.7442979306628,2169.472426368764,2309.4207083416945,0.0,0.0
2024-02-22,3184.0,3876.0,3398.0,2,22,0,0,2060.0,2432.0,1062.0,584.0,2900.0,864.0,2820.0,5850.5,7168.0,0,0,0,1,0,0,0,1826.0,2076.0,2432.0,1868.0,1426.0,914.0,1987.3333333333333,2154.4,2508.5428571428574,2205.786666666667,474.28351577229984,740.7121846613217,2142.104319776573,2293.329049739005,0.0,0.0
2024-02-23,834.0,7380.0,1757.5,2,23,1,0,3184.0,2570.8,1148.0,3398.0,178.5,1212.0,3876.0,4071.0,3490.0,0,0,0,0,1,0,0,2060.0,1826.0,2570.8,3392.0,2318.0,2466.0,2356.6666666666665,2261.828571428571,2602.5428571428574,2276.52,612.6305621777989,728.9467822209971,2402.57823983243,2350.7916916913273,0.0,0.0
2024-02-24,4318.0,3912.0,1220.0,2,24,1,0,834.0,2750.0,914.0,1757.5,2108.0,2202.0,7380.0,6324.0,7116.0,0,0,0,0,0,1,0,3184.0,2060.0,2750.0,2734.8,3036.0,2586.8,2026.0,2013.7142857142858,2419.8285714285716,2266.0533333333337,792.0651728836699,747.7220337906948,2010.4336798743225,2252.934163195113,0.0,0.0
2024-02-25,1754.0,6188.0,1724.0,2,25,0,0,4318.0,1366.0,2466.0,1220.0,544.0,2912.0,3912.0,5958.0,6548.0,0,0,0,0,0,0,1,834.0,3184.0,1366.0,3592.0,3078.0,1639.6,2778.6666666666665,2237.714285714286,2532.914285714286,2379.52,1167.660583429636,792.4156721804802,2587.325259905742,2386.164217182525,0.0,0.0
2024-02-26,3608.0,6684.0,728.0,2,26,0,0,1754.0,2076.0,2586.8,1724.0,1514.0,2686.0,6188.0,2814.0,4300.0,1,0,0,0,0,0,0,4318.0,834.0,2076.0,3136.0,3010.0,2079.6,2302.0,2293.1428571428573,2401.628571428572,2355.786666666667,1127.916579151051,800.3588349257345,2378.9939449293065,2345.379428977201,0.0,0.0
2024-02-27,3282.8,4570.0,3801.8,2,27,0,0,3608.0,1826.0,1639.6,728.0,80.0,2600.0,6684.0,3894.0,6378.0,0,1,0,0,0,0,0,1754.0,4318.0,1826.0,2788.0,1474.0,1232.0,3226.6666666666665,2512.0,2435.342857142857,2389.826666666667,1223.3549498544296,831.6282968321575,2686.2454586969798,2426.8388206560917,0.0,0.0
2024-02-28,781.0,3925.0,2582.0,2,28,0,0,3282.8,2060.0,2079.6,3801.8,584.0,2188.0,4570.0,2820.0,6710.0,0,0,1,0,0,0,0,3608.0,1754.0,2060.0,2528.0,2194.0,1390.0,2881.6,2720.1142857142854,2470.6857142857143,2444.6,1211.0559957169219,834.6198986199735,2835.3840940227346,2482.0621225492473,0.0,0.0
2024-02-29,1036.0,6725.0,220.0,2,29,0,0,781.0,3184.0,1232.0,2582.0,3398.0,2206.0,3925.0,3876.0,4523.0,0,0,0,1,0,0,0,3282.8,3608.0,3184.0,2432.0,1868.0,1426.0,2557.266666666667,2537.4,2345.9,2401.3133333333335,1407.7559873784946,886.2794915022417,2321.788070517051,2372.3161791589737,0.0,0.0
2024-03-01,2372.0,6476.0,1767.0,3,1,1,0,1036.0,834.0,1390.0,220.0,1757.5,1710.0,6725.0,7380.0,3990.0,0,0,0,0,1,0,0,781.0,3282.8,834.0,2570.8,3392.0,2318.0,1699.9333333333334,2230.542857142857,2246.1857142857143,2394.78,1475.7846939364642,895.8670442456951,2000.3410528877882,2286.1022321164596,0.0,0.0
2024-03-02,1944.0,9657.0,3482.0,3,2,1,0,2372.0,4318.0,1426.0,1767.0,1220.0,682.0,6476.0,3912.0,5762.0,0,0,0,0,0,1,0,1036.0,781.0,4318.0,2750.0,2734.8,3036.0,1396.3333333333333,2450.2571428571428,2231.985714285714,2427.513333333334,1341.603541608751,875.5992433690808,2093.255789665841,2291.644023592817,0.0,0.0
2024-03-03,7984.0,5489.0,3586.0,3,3,0,0,1944.0,1754.0,2318.0,3482.0,1724.0,1195.0,9657.0,6188.0,3146.0,0,0,0,0,0,0,1,2372.0,1036.0,1754.0,1366.0,3592.0,3078.0,1784.0,2111.1142857142854,2174.4142857142856,2444.78,1061.611051544729,860.1395048839868,2055.941842249381,2269.2153769094098,0.0,0.0
2024-03-04,1274.0,6845.2,1164.0,3,4,0,0,7984.0,3608.0,3036.0,3586.0,728.0,1575.0,5489.0,6684.0,6758.0,1,0,0,0,0,0,0,1944.0,2372.0,3608.0,2076.0,3136.0,3010.0,4100.0,3001.1142857142854,2647.128571428572,2633.646666666667,2435.1818600319302,1326.8074929183847,3537.956381687036,2637.9111590442867,0.0,0.0
2024-03-05,1639.8,5979.0,1768.0,3,5,0,0,1274.0,3282.8,3078.0,1164.0,3801.8,3706.0,6845.2,4570.0,3494.0,0,1,0,0,0,0,0,7984.0,1944.0,3282.8,1826.0,2788.0,1474.0,3734.0,2667.6857142857143,2589.842857142857,2574.9133333333334,2497.2336477447543,1347.2243278204508,2971.967286265277,2549.9168907188487,0.0,0.0
2024-03-06,3105.8,4192.0,1235.0,3,6,0,0,1639.8,781.0,3010.0,1768.0,2582.0,1262.0,5979.0,3925.0,4164.0,0,0,1,0,0,0,0,1274.0,7984.0,781.0,2060.0,2528.0,2194.0,3632.6,2432.9714285714285,2576.542857142857,2526.9733333333334,2506.977038662491,1354.2752450164512,2638.9254646989575,2491.199671962794,0.0,0.0
2024-03-07,1212.0,4734.0,1050.0,3,7,0,0,3105.8,1036.0,1474.0,1235.0,220.0,1912.0,4192.0,6725.0,5271.0,0,0,0,1,0,0,0,1639.8,1274.0,1036.0,3184.0,2432.0,1868.0,2006.5333333333335,2765.0857142857144,2651.2428571428572,2530.1666666666665,2403.51106469166,1355.5658109498384,2755.644098524218,2530.851306029711,0.0,0.0
2024-03-08,1842.0,1928.0,750.0,3,8,1,0,1212.0,2372.0,2194.0,1050.0,1767.0,244.0,4734.0,6476.0,3118.0,0,0,0,0,1,0,0,3105.8,1639.8,2372.0,834.0,2570.8,3392.0,1985.8666666666668,2790.2285714285717,2510.3857142857146,2521.4333333333334,2383.24377387507,1363.4260670200956,2369.7330738931632,2445.764124995536,0.0,0.0
2024-03-09,3132.0,4824.0,472.0,3,9,1,0,1842.0,1944.0,1868.0,750.0,3482.0,2340.0,1928.0,9657.0,3542.0,0,0,0,0,0,1,0,1212.0,3105.8,1944.0,4318.0,2750.0,2734.8,2053.266666666667,2714.514285714286,2582.3857142857146,2509.7,2407.0451812880256,1367.8484930722411,2237.7998054198724,2406.8116008022757,0.0,0.0
2024-03-10,713.8,3636.0,80.0,3,10,0,0,3132.0,7984.0,3392.0,472.0,3586.0,804.0,4824.0,5489.0,3116.0,0,0,0,0,0,0,1,1842.0,1212.0,7984.0,1754.0,1366.0,3592.0,2062.0,2884.2285714285717,2497.671428571429,2551.8333333333335,2385.4482637541355,1366.8677680749884,2461.3498540649043,2453.597949137613,0.0,0.0
2024-03-11,426.0,3670.0,890.0,3,11,0,0,713.8,1274.0,2734.8,80.0,1164.0,2752.0,3636.0,6845.2,4285.0,1,0,0,0,0,0,0,3132.0,1842.0,1274.0,3608.0,2076.0,3136.0,1895.9333333333334,1845.6285714285716,2423.371428571428,2462.56,939.3652426227079,1397.224984129565,2024.4623905486783,2341.3529201609927,0.0,0.0
2024-03-12,1604.0,2743.0,1600.0,3,12,0,0,426.0,1639.8,3592.0,890.0,1768.0,2220.0,3670.0,5979.0,7394.0,0,1,0,0,0,0,0,713.8,3132.0,1639.8,3282.8,1826.0,2788.0,1423.9333333333334,1724.4857142857145,2196.0857142857144,2385.6,1070.8485162533048,1444.4981087585047,1624.8467929115086,2217.781764021574,0.0,0.0
2024-03-13,752.8,1728.0,420.0,3,13,0,0,1604.0,3105.8,3136.0,1600.0,1235.0,2950.0,2743.0,4192.0,6475.0,0,0,1,0,0,0,0,426.0,713.8,3105.8,781.0,2060.0,2528.0,914.6,1719.3714285714286,2076.171428571429,2319.3333333333335,1071.4057210261753,1432.798422507587,1619.6350946836315,2178.1829405363114,0.0,0.0
2024-03-14,854.0,2696.0,670.0,3,14,0,0,752.8,1212.0,2788.0,420.0,1050.0,1886.0,1728.0,4734.0,5889.8,0,0,0,1,0,0,0,1604.0,426.0,1212.0,1036.0,3184.0,2432.0,927.6,1383.2285714285713,2074.157142857143,2239.8933333333334,922.7308486485202,1451.8975585914036,1402.9263210127235,2086.2227508242913,0.0,0.0
2024-03-15,1060.0,3346.0,610.0,3,15,1,0,854.0,1842.0,2528.0,670.0,750.0,1694.0,2696.0,1928.0,5656.0,0,0,0,0,1,0,0,752.8,1604.0,1842.0,2372.0,834.0,2570.8,1070.2666666666667,1332.0857142857142,2061.157142857143,2175.4266666666667,943.4906666709732,1469.5505995989417,1265.6947407595426,2006.7245088356274,0.0,0.0
2024-03-16,1599.0,3208.0,540.0,3,16,1,0,1060.0,3132.0,2432.0,610.0,472.0,2900.0,3346.0,4824.0,5850.5,0,0,0,0,0,1,0,854.0,752.8,3132.0,1944.0,4318.0,2750.0,888.9333333333334,1220.3714285714286,1967.4428571428573,2126.4933333333333,919.0307679185456,1481.7955619923516,1214.271055569657,1945.645508265587,0.0,0.0
2024-03-17,718.0,880.0,360.0,3,17,0,0,1599.0,713.8,2570.8,540.0,80.0,178.5,3208.0,3636.0,4071.0,0,0,0,0,0,0,1,1060.0,854.0,713.8,7984.0,1754.0,1366.0,1171.0,1001.3714285714286,1942.8,2098.726666666667,451.1123500647613,1483.6768144070982,1310.4532916772428,1923.281281925872,0.0,0.0
2024-03-18,2584.0,1419.0,270.0,3,18,0,0,718.0,426.0,2750.0,360.0,890.0,2108.0,880.0,3670.0,6324.0,1,0,0,0,0,0,0,1599.0,1060.0,426.0,1274.0,3608.0,2076.0,1125.6666666666667,1001.9714285714284,1423.8,2036.9666666666667,450.66869469816925,1501.8004569994234,1162.3399687579322,1845.521199220977,0.0,0.0
2024-03-19,3060.0,914.0,1713.0,3,19,0,0,2584.0,1604.0,1366.0,270.0,1600.0,544.0,1419.0,2743.0,5958.0,0,1,0,0,0,0,0,718.0,1599.0,1604.0,1639.8,3282.8,1826.0,1633.6666666666667,1310.2571428571428,1517.3714285714286,2031.4333333333334,673.8452316299906,1499.3865891350902,1517.7549765684491,1893.1649928196239,0.0,0.0
2024-03-20,2742.0,2810.0,370.0,3,20,0,0,3060.0,752.8,2076.0,1713.0,420.0,1514.0,914.0,1728.0,2814.0,0,0,1,0,0,0,0,2584.0,718.0,752.8,3105.8,781.0,2060.0,2120.6666666666665,1518.2571428571428,1618.814285714286,2087.9,948.4084543014554,1505.3483672879681,1903.316232426337,1968.444670702229,0.0,0.0
2024-03-21,4150.0,1868.0,450.0,3,21,0,0,2742.0,854.0,1826.0,370.0,670.0,80.0,2810.0,2696.0,3894.0,0,0,0,1,0,0,0,3060.0,2584.0,854.0,1212.0,1036.0,3184.0,2795.3333333333335,1802.4285714285713,1592.8285714285714,2110.1,978.3676638740088,1510.0703055110403,2112.9871743197527,2018.351466140795,0.0,0.0
2024-03-22,416.0,1442.0,210.0,3,22,1,0,4150.0,1060.0,2060.0,450.0,610.0,584.0,1868.0,3346.0,2820.0,0,0,0,0,1,0,0,2742.0,3060.0,1060.0,1842.0,2372.0,834.0,3317.3333333333335,2273.285714285714,1802.685714285714,2187.5666666666666,1211.2561956203035,1553.9660512719533,2622.2403807398146,2155.877178002679,0.0,0.0
2024-03-23,87.0,891.5,445.0,3,23,1,0,416.0,1599.0,3184.0,210.0,540.0,3398.0,1442.0,3208.0,3876.0,0,0,0,0,0,1,0,4150.0,2742.0,1599.0,3132.0,1944.0,4318.0,2436.0,2181.285714285714,1700.8285714285714,2132.766666666667,1336.7279347079461,1587.2508022349216,2070.680285554861,2043.6270374863773,0.0,0.0
2024-03-24,440.0,738.0,108.75,3,24,0,0,87.0,718.0,834.0,445.0,360.0,1757.5,891.5,880.0,7380.0,0,0,0,0,0,0,1,416.0,4150.0,718.0,713.8,7984.0,1754.0,1551.0,1965.2857142857142,1483.3285714285714,2029.5333333333333,1551.4205011629087,1616.9569574663547,1574.7602141661455,1917.3930350679013,0.0,0.0
2024-03-25,155.0,917.0,277.0,3,25,0,0,440.0,2584.0,4318.0,108.75,270.0,1220.0,738.0,1419.0,3912.0,1,0,0,0,0,0,0,87.0,416.0,2584.0,426.0,1274.0,3608.0,314.3333333333333,1925.5714285714287,1463.7714285714285,2016.4,1591.70598804583,1628.560671902943,1291.0701606246091,1822.0773553861015,0.0,0.0
2024-03-26,340.5,1152.0,132.0,3,26,0,0,155.0,3060.0,1754.0,277.0,1713.0,1724.0,917.0,914.0,6188.0,0,1,0,0,0,0,0,440.0,87.0,3060.0,1604.0,1639.8,3282.8,227.33333333333334,1578.5714285714287,1444.4142857142856,1877.6333333333334,1686.20380906766,1602.8406654594753,1007.0526204684568,1714.5239776192564,0.0,0.0
2024-03-27,251.0,1647.0,1392.0,3,27,0,0,340.5,2742.0,3608.0,132.0,370.0,728.0,1152.0,2810.0,6684.0,0,0,1,0,0,0,0,155.0,440.0,2742.0,752.8,3105.8,781.0,311.8333333333333,1190.0714285714287,1354.1642857142856,1830.5166666666667,1599.0290915784756,1627.190746524424,840.4144653513426,1625.877269385756,0.0,0.0
2024-03-28,66.0,1296.0,477.0,3,28,0,0,251.0,4150.0,3282.8,1392.0,450.0,3801.8,1647.0,1868.0,4570.0,0,0,0,1,0,0,0,340.5,155.0,4150.0,854.0,1212.0,1036.0,248.83333333333334,834.2142857142857,1318.3214285714287,1718.6166666666666,1467.895144334875,1616.1311789714587,693.060849013507,1537.1755100705461,0.0,0.0
2024-03-29,1021.0,710.0,842.0,3,29,1,0,66.0,416.0,781.0,477.0,210.0,2582.0,1296.0,1442.0,3925.0,0,0,0,0,1,0,0,251.0,340.5,416.0,1060.0,1842.0,2372.0,219.16666666666666,250.78571428571428,1262.0357142857142,1611.39,153.4562524909633,1615.4861043490364,536.2956367601303,1442.2609610337367,0.0,0.0
2024-03-30,631.0,1101.0,477.0,3,30,1,0,1021.0,87.0,1036.0,842.0,445.0,220.0,710.0,891.5,6725.0,0,0,0,0,0,1,0,66.0,251.0,87.0,1599.0,3132.0,1944.0,446.0,337.2142857142857,1259.25,1619.39,330.38813754214954,1611.8222504786095,657.4717275700978,1415.0828345154314,0.0,0.0
2024-03-31,607.0,1257.0,248.0,3,31,0,0,631.0,440.0,2372.0,477.0,108.75,1767.0,1101.0,738.0,6476.0,0,0,0,0,0,0,1,1021.0,66.0,440.0,718.0,713.8,7984.0,572.6666666666666,414.92857142857144,1190.107142857143,1605.89,325.66962151995585,1618.5589743178423,650.8537956775733,1364.4968451918553,0.0,0.0
2024-04-01,0.0,733.0,350.0,4,1,0,0,607.0,155.0,1944.0,248.0,277.0,3482.0,1257.0,917.0,9657.0,1,0,0,0,0,0,0,631.0,1021.0,155.0,2584.0,426.0,1274.0,753.0,438.7857142857143,1182.1785714285713,1547.0566666666668,333.8270332001844,1621.8261026903638,639.8903467581799,1315.6260809859293,0.0,0.0
2024-04-02,643.0,1610.0,231.0,4,2,0,0,0.0,340.5,7984.0,350.0,132.0,3586.0,733.0,1152.0,5489.0,0,1,0,0,0,0,0,607.0,631.0,340.5,3060.0,1604.0,1639.8,412.6666666666667,416.64285714285717,997.6071428571429,1482.256666666667,359.9095620529438,1644.1025896515243,479.91776006863495,1230.7469789868371,0.0,0.0
2024-04-03,374.0,1957.0,394.0,4,3,0,0,643.0,251.0,1274.0,231.0,1392.0,1164.0,1610.0,1647.0,6845.2,0,0,1,0,0,0,0,0.0,607.0,251.0,2742.0,752.8,3105.8,416.6666666666667,459.85714285714283,824.9642857142857,1237.5566666666668,367.3274781315375,1098.9723901283255,520.6883200514762,1192.8278190522026,0.0,0.0
2024-04-04,469.0,2338.25,928.0,4,4,0,0,374.0,66.0,1639.8,394.0,477.0,1768.0,1957.0,1296.0,5979.0,0,0,0,1,0,0,0,643.0,0.0,66.0,4150.0,854.0,1212.0,339.0,477.42857142857144,655.8214285714286,1207.5566666666668,358.5074881332578,1110.170398751635,484.0162400386072,1140.0002178230284,0.0,0.0
2024-04-05,701.0,1877.5,0.0,4,5,1,0,469.0,1021.0,3105.8,928.0,842.0,1235.0,2338.25,710.0,4192.0,0,0,0,0,1,0,0,374.0,643.0,1021.0,416.0,1060.0,1842.0,495.3333333333333,535.0,392.89285714285717,1168.53,310.5806390188099,1115.0198752364959,480.2621800289554,1096.7098811892847,0.0,0.0
2024-04-06,875.0,771.0,389.2,4,6,1,0,701.0,631.0,1212.0,0.0,477.0,1050.0,1877.5,1101.0,4734.0,0,0,0,0,0,1,0,469.0,374.0,631.0,87.0,1599.0,3132.0,514.6666666666666,489.2857142857143,413.25,1088.37,243.4109791318044,1055.814946282302,535.4466350217166,1071.1802114351374,0.0,0.0
2024-04-07,932.0,1663.0,120.0,4,7,0,0,875.0,607.0,1842.0,389.2,248.0,750.0,771.0,1257.0,1928.0,0,0,0,0,0,0,1,701.0,469.0,607.0,440.0,718.0,713.8,681.6666666666666,524.1428571428571,469.5357142857143,1077.1366666666665,281.56729720821954,1056.2468946237407,620.3349762662874,1058.5234236006124,0.0,0.0
2024-04-08,110.0,2069.0,80.0,4,8,0,1,932.0,0.0,3132.0,120.0,350.0,472.0,1663.0,733.0,4824.0,1,0,0,0,0,0,0,875.0,701.0,0.0,155.0,2584.0,426.0,836.0,570.5714285714286,504.67857142857144,1046.8033333333333,321.47413433683596,1046.546256942108,698.2512321997156,1050.3606220779925,0.0,0.0
2024-04-09,866.0,1299.0,195.0,4,9,0,1,110.0,643.0,713.8,80.0,231.0,80.0,2069.0,1610.0,3636.0,0,1,0,0,0,0,0,932.0,875.0,643.0,340.5,3060.0,1604.0,639.0,586.2857142857143,501.4642857142857,946.0699999999999,290.09177529746876,982.3906832753469,551.1884241497867,989.6921948471544,1.0,0.0
2024-04-10,1308.25,1383.0,562.0,4,10,0,1,866.0,374.0,426.0,195.0,394.0,890.0,1299.0,1957.0,3670.0,0,0,1,0,0,0,0,110.0,932.0,374.0,251.0,2742.0,752.8,636.0,618.1428571428571,539.0,951.1433333333334,308.9872859150387,981.5424503558523,629.8913181123401,981.7120532441122,1.0,0.0
2024-04-11,1357.0,3015.0,454.0,4,11,0,1,1308.25,469.0,1604.0,562.0,928.0,1600.0,1383.0,2338.25,2743.0,0,0,0,1,0,0,0,866.0,110.0,469.0,66.0,4150.0,854.0,761.4166666666666,751.6071428571429,614.5178571428571,980.5516666666667,379.6472007322174,978.4778118890544,799.4809885842551,1002.7790175509438,1.0,0.0
2024-04-12,937.0,2756.5,0.0,4,12,1,1,1357.0,701.0,752.8,454.0,0.0,420.0,3015.0,1877.5,1728.0,0,0,0,0,1,0,0,1308.25,866.0,701.0,1021.0,416.0,1060.0,1177.0833333333333,878.4642857142857,706.7321428571429,972.3183333333334,416.088242558279,974.0802542950285,938.8607414381913,1025.6319841605605,1.0,0.0
2024-04-13,1245.0,1913.0,315.0,4,13,1,0,937.0,875.0,854.0,0.0,389.2,670.0,2756.5,771.0,2696.0,0,0,0,0,0,1,0,1357.0,1308.25,875.0,631.0,87.0,1599.0,1200.75,912.1785714285714,700.7321428571429,978.4583333333334,408.8098252418658,973.229001835829,938.3955560786435,1019.9137916340728,1.0,0.0
2024-04-14,153.0,1903.0,216.5,4,14,0,0,1245.0,932.0,1060.0,315.0,120.0,610.0,1913.0,1663.0,3346.0,0,0,0,0,0,0,1,937.0,1357.0,932.0,607.0,440.0,718.0,1179.6666666666667,965.0357142857143,744.5892857142857,991.4916666666667,426.7285541518994,974.1224974377525,1015.0466670589826,1034.4354824963907,0.0,0.0
2024-04-15,387.0,2630.2,1067.5,4,15,0,0,153.0,110.0,1599.0,216.5,80.0,540.0,1903.0,2069.0,3208.0,1,0,0,0,0,0,0,1245.0,937.0,110.0,0.0,155.0,2584.0,778.3333333333334,853.75,712.1607142857143,961.2583333333333,526.6565333940763,985.9264470435313,799.535000294237,977.5686771740429,0.0,1.0
2024-04-16,930.3,7878.1,583.0,4,16,0,0,387.0,866.0,718.0,1067.5,195.0,360.0,2630.2,1299.0,880.0,0,1,0,0,0,0,0,153.0,1245.0,866.0,643.0,340.5,3060.0,595.0,893.3214285714286,739.8035714285714,920.8583333333333,468.6741652942744,983.7221925337099,696.4012502206778,939.4674721950726,0.0,1.0
2024-04-17,748.0,2320.0,878.0,4,17,0,0,930.3,1308.25,2584.0,583.0,562.0,270.0,7878.1,1383.0,1419.0,0,0,1,0,0,0,0,387.0,153.0,1308.25,374.0,251.0,2742.0,490.09999999999997,902.5071428571429,760.3249999999999,927.935,468.6795550876334,982.9758911652233,754.8759376655082,938.8760223760356,0.0,1.0
2024-04-18,979.3,3853.0,417.5,4,18,0,0,748.0,1357.0,3060.0,878.0,454.0,1713.0,2320.0,3015.0,914.0,0,0,0,1,0,0,0,930.3,387.0,1357.0,469.0,66.0,4150.0,688.4333333333334,822.4714285714286,787.0392857142857,866.735,434.4284241555619,932.1548745773267,753.1569532491312,926.5614402872592,0.0,1.0
2024-04-19,1437.5,3481.5,1016.0,4,19,1,0,979.3,937.0,2742.0,417.5,0.0,370.0,3853.0,2756.5,2810.0,0,0,0,0,1,0,0,748.0,930.3,937.0,701.0,1021.0,416.0,885.8666666666667,768.5142857142857,823.4892857142858,797.3783333333333,376.5773777440309,835.7614264934481,809.6927149368485,929.9639280106618,0.0,1.0
2024-04-20,1119.0,1782.7,173.0,4,20,1,0,1437.5,1245.0,4150.0,1016.0,315.0,450.0,3481.5,1913.0,1868.0,0,0,0,0,0,1,0,979.3,748.0,1245.0,875.0,631.0,87.0,1054.9333333333334,840.0142857142857,876.0964285714286,753.895,453.5474669336208,761.7560477391936,966.6445362026363,962.7081907196514,0.0,0.0
2024-04-21,608.5,4640.4,324.0,4,21,0,0,1119.0,153.0,416.0,173.0,216.5,210.0,1782.7,1903.0,1442.0,0,0,0,0,0,0,1,1437.5,979.3,153.0,932.0,607.0,440.0,1178.6000000000001,822.0142857142857,893.525,652.8616666666666,436.99417016924133,420.2395239998304,1004.7334021519773,972.7915332538676,0.0,0.0
2024-04-22,335.0,2032.9,809.5,4,22,0,0,608.5,387.0,87.0,324.0,1067.5,445.0,4640.4,2630.2,891.5,1,0,0,0,0,0,0,1119.0,1437.5,387.0,110.0,0.0,155.0,1055.0,887.0857142857143,870.4178571428572,659.2783333333333,345.00039337451557,417.96162868000863,905.675051613983,949.288853689102,0.0,0.0
2024-04-23,456.7,3090.5,737.5,4,23,0,0,335.0,930.3,440.0,809.5,583.0,108.75,2032.9,7878.1,738.0,0,1,0,0,0,0,0,608.5,1119.0,930.3,866.0,643.0,340.5,687.5,879.657142857143,886.4892857142858,667.545,357.8822565087694,408.6002000839153,763.0062887104873,909.6573147414181,0.0,0.0
2024-04-24,421.0,2461.5,691.0,4,24,0,0,456.7,748.0,155.0,737.5,878.0,277.0,3090.5,2320.0,917.0,0,0,1,0,0,0,0,335.0,608.5,748.0,1308.25,374.0,251.0,466.73333333333335,812.0,857.2535714285714,668.1016666666667,390.0350155221098,408.2907674353945,686.4297165328654,880.4342621774557,0.0,0.0
2024-04-25,631.0,4597.9,1121.5,4,25,0,0,421.0,979.3,340.5,691.0,417.5,132.0,2461.5,3853.0,1152.0,0,0,0,1,0,0,0,456.7,335.0,979.3,1357.0,469.0,66.0,404.23333333333335,765.2857142857143,793.8785714285714,676.9683333333335,417.5869786785789,399.55865964476527,620.0722873996491,850.7933420369748,0.0,0.0
2024-04-26,1005.0,2840.0,1224.0,4,26,1,0,631.0,1437.5,251.0,1121.5,1016.0,1392.0,4597.9,3481.5,1647.0,0,0,0,0,1,0,0,421.0,456.7,1437.5,937.0,701.0,1021.0,502.90000000000003,715.5285714285716,742.0214285714285,686.6516666666668,408.4877465085313,394.6126731460436,622.8042155497368,836.6131264216862,0.0,0.0
2024-04-27,736.0,3199.0,543.4,4,27,1,0,1005.0,1119.0,66.0,1224.0,173.0,477.0,2840.0,1782.7,1296.0,0,0,0,0,0,1,0,631.0,421.0,1119.0,1245.0,875.0,631.0,685.6666666666666,653.7428571428571,746.8785714285714,711.7850000000001,299.1660846260407,389.89204720554767,718.3531616623026,847.4767956848033,0.0,0.0
2024-04-28,863.0,2368.0,1567.0,4,28,0,0,736.0,608.5,1021.0,543.4,324.0,842.0,3199.0,4640.4,710.0,0,0,0,0,0,0,1,1005.0,631.0,608.5,153.0,932.0,607.0,790.6666666666666,599.0285714285714,710.5214285714285,734.1183333333335,225.96037052460812,370.32340071593,722.7648712467269,840.2847443502999,0.0,0.0
2024-04-29,1064.7,2149.5,366.0,4,29,0,0,863.0,335.0,631.0,1567.0,809.5,477.0,2368.0,2032.9,1101.0,1,0,0,0,0,0,0,736.0,1005.0,335.0,387.0,110.0,0.0,868.0,635.3857142857142,761.2357142857143,728.8516666666668,247.21341946161397,367.2131990160543,757.8236534350451,841.7502447147966,0.0,0.0
2024-04-30,566.0,2503.0,1242.0,4,30,0,0,1064.7,456.7,607.0,366.0,737.5,248.0,2149.5,3090.5,1257.0,0,1,0,0,0,0,0,863.0,736.0,456.7,930.3,866.0,643.0,887.9,739.6285714285714,809.6428571428571,743.3083333333333,253.21269527339686,371.73728999521114,834.5427400762837,856.1340998944872,0.0,0.0
