Date,BreakFast,Dinner,Lunch,Month,Day,IsWeekend,IsHoliday,BreakFast_lag_1d,BreakFast_lag_1w,BreakFast_lag_1m,Lunch_lag_1d,Lunch_lag_1w,Lunch_lag_1m,Dinner_lag_1d,Dinner_lag_1w,Dinner_lag_1m,DayOfWeek_0,DayOfWeek_1,DayOfWeek_2,DayOfWeek_3,DayOfWeek_4,DayOfWeek_5,DayOfWeek_6,BreakFast_lag_2d,BreakFast_lag_3d,BreakFast_lag_7d,BreakFast_lag_14d,BreakFast_lag_21d,BreakFast_lag_28d,BreakFast_roll_mean_3,BreakFast_roll_mean_7,BreakFast_roll_mean_14,BreakFast_roll_mean_30,BreakFast_roll_std_7,BreakFast_roll_std_30,BreakFast_ema_7,BreakFast_ema_30,Holiday_Yesterday,Holiday_LastWeek
2023-03-05,278.0,281.5,963.0,3,5,0,0,344.5,42.5,74.0,1495.75,349.0,30.0,776.0,665.0,494.0,0,0,0,0,0,0,1,117.0,203.0,42.5,256.0,338.0,424.0,221.5,299.0,243.85714285714286,282.76666666666665,236.94637227299634,250.93211519608573,269.29933206727867,245.03329097449893,0.0,0.0
2023-03-06,235.0,173.0,950.0,3,6,0,0,278.0,672.0,60.0,963.0,381.0,182.0,281.5,970.0,600.0,1,0,0,0,0,0,0,344.5,117.0,672.0,0.0,1228.0,477.0,246.5,332.64285714285717,245.42857142857142,289.56666666666666,209.59777238910775,247.82452542534782,271.47449905045903,247.16017542775708,0.0,0.0
2023-03-07,1004.0,327.5,332.0,3,7,0,0,235.0,558.0,424.0,950.0,1062.0,340.0,173.0,1027.0,0.0,0,1,0,0,0,0,0,278.0,344.5,558.0,0.0,85.0,248.0,285.8333333333333,270.2142857142857,262.2142857142857,295.4,147.57875218078695,244.268697445506,262.35587428784424,246.375647980805,0.0,0.0
2023-03-08,371.0,528.0,1024.0,3,8,0,0,1004.0,156.0,477.0,332.0,361.0,116.0,327.5,40.0,30.0,0,0,1,0,0,0,0,235.0,278.0,156.0,120.0,369.0,412.0,505.6666666666667,333.92857142857144,333.92857142857144,314.73333333333335,304.92655243673414,275.72546107506554,447.7669057158832,295.2546384336563,0.0,0.0
2023-03-09,252.0,695.5,96.0,3,9,0,0,371.0,203.0,248.0,1024.0,438.0,380.0,528.0,1126.0,327.0,0,0,0,1,0,0,0,1004.0,235.0,203.0,404.0,80.0,280.0,536.6666666666666,364.64285714285717,351.85714285714283,311.2,294.6730835866693,274.249590575874,428.5751792869124,300.14143595406557,0.0,0.0
2023-03-10,290.0,231.0,286.5,3,10,1,0,252.0,117.0,412.0,96.0,35.0,535.0,695.5,458.0,457.25,0,0,0,0,1,0,0,371.0,1004.0,117.0,293.0,86.0,431.0,542.3333333333334,371.64285714285717,341.0,311.3333333333333,290.74913503535913,274.21877539951424,384.4313844651843,297.0355368602549,0.0,0.0
2023-03-11,838.5,734.0,1321.0,3,11,1,0,290.0,344.5,280.0,286.5,1495.75,734.0,231.0,776.0,791.0,0,0,0,0,0,1,0,252.0,371.0,344.5,248.0,56.0,421.0,304.3333333333333,396.35714285714283,340.7857142857143,307.26666666666665,272.2613196737212,273.57829155325066,360.82353834888823,296.58163125636753,0.0,0.0
2023-03-12,472.0,320.0,883.5,3,12,0,0,838.5,278.0,431.0,1321.0,963.0,535.0,734.0,281.5,176.0,0,0,0,0,0,0,1,290.0,252.0,278.0,42.5,256.0,338.0,460.1666666666667,466.92857142857144,382.9642857142857,325.8833333333333,316.93748444704204,290.15901357862305,480.2426537616662,331.5441066591825,0.0,0.0
2023-03-13,318.0,1485.0,115.5,3,13,0,0,472.0,235.0,421.0,883.5,950.0,796.5,320.0,173.0,642.0,1,0,0,0,0,0,0,838.5,290.0,235.0,672.0,0.0,1228.0,533.5,494.64285714285717,413.64285714285717,327.25,305.9551593351704,290.76711115776914,478.18199032124966,340.60577719729974,0.0,0.0
2023-03-14,833.25,4742.0,410.0,3,14,0,0,318.0,1004.0,338.0,115.5,332.0,764.0,1485.0,327.5,70.0,0,1,0,0,0,0,0,472.0,838.5,1004.0,558.0,0.0,85.0,542.8333333333334,506.5,388.35714285714283,323.81666666666666,295.6505538638478,290.22956084538623,438.13649274093723,339.1473399587643,0.0,0.0
2023-03-15,0.0,1140.0,899.0,3,15,0,0,833.25,371.0,1228.0,410.0,1024.0,210.0,4742.0,528.0,1354.5,0,0,1,0,0,0,0,318.0,472.0,371.0,156.0,120.0,369.0,541.0833333333334,482.10714285714283,408.01785714285717,340.325,251.51200506233525,304.7841601317913,536.9148695557029,371.0249309291666,0.0,0.0
2023-03-16,164.5,25005.0,170.0,3,16,0,0,0.0,252.0,85.0,899.0,96.0,438.0,1140.0,695.5,1050.0,0,0,0,1,0,0,0,833.25,318.0,252.0,203.0,404.0,80.0,383.75,429.10714285714283,396.875,299.39166666666665,310.90438834226217,260.7347846862829,402.6861521667772,347.08783861115586,0.0,0.0
2023-03-17,260.0,400.0,1164.5,3,17,1,0,164.5,290.0,369.0,170.0,286.5,483.0,25005.0,231.0,472.5,0,0,0,0,1,0,0,0.0,833.25,290.0,117.0,293.0,86.0,332.5833333333333,416.60714285714283,394.125,302.0416666666667,320.8128951436899,258.87805080149536,343.1396141250829,335.30797805559746,0.0,0.0
2023-03-18,111.0,191.0,660.0,3,18,1,0,260.0,838.5,80.0,1164.5,1321.0,131.0,400.0,734.0,442.0,0,0,0,0,0,1,0,164.5,0.0,838.5,344.5,248.0,56.0,141.5,412.32142857142856,404.3392857142857,298.40833333333336,322.9791890317687,258.67071068463076,322.3547105938122,330.44939882620406,0.0,0.0
2023-03-19,81.0,114.0,254.0,3,19,0,0,111.0,472.0,86.0,660.0,883.5,728.0,191.0,320.0,416.5,0,0,0,0,0,0,1,260.0,164.5,472.0,278.0,42.5,256.0,178.5,308.39285714285717,387.6607142857143,299.44166666666666,276.72240366561607,257.8286794470357,269.51603294535914,316.2913730954813,0.0,0.0
2023-03-20,0.0,574.0,306.0,3,20,0,0,81.0,318.0,56.0,254.0,115.5,880.0,114.0,1485.0,300.5,1,0,0,0,0,0,0,111.0,260.0,318.0,235.0,672.0,0.0,150.66666666666666,252.53571428571428,373.5892857142857,299.275,277.65440256171837,257.9729866738924,222.38702470901936,301.1112845086761,0.0,0.0
2023-03-21,0.0,518.0,0.0,3,21,0,0,0.0,833.25,256.0,306.0,410.0,127.0,574.0,4742.0,137.0,0,1,0,0,0,0,0,81.0,111.0,833.25,1004.0,558.0,0.0,64.0,207.10714285714286,356.80357142857144,297.40833333333336,290.8591389151735,259.9887305526296,166.79026853176453,281.6847500242454,0.0,0.0
2023-03-22,65.0,1185.0,149.0,3,22,0,0,0.0,0.0,0.0,0.0,899.0,0.0,518.0,1140.0,278.0,0,0,1,0,0,0,0,0.0,81.0,0.0,371.0,156.0,120.0,27.0,88.07142857142857,285.0892857142857,288.875,99.36985985508417,265.5367104791143,125.0927013988234,263.51154034526184,0.0,0.0
2023-03-23,0.0,471.0,0.0,3,23,0,0,65.0,164.5,0.0,149.0,170.0,271.0,1185.0,25005.0,17764.0,0,0,0,1,0,0,0,0.0,0.0,164.5,252.0,203.0,404.0,21.666666666666668,97.35714285714286,263.23214285714283,291.0416666666667,92.5728156127716,263.3545538790825,110.06952604911754,250.70434419395463,0.0,0.0
2023-03-24,0.0,300.0,0.0,3,24,1,0,0.0,260.0,120.0,0.0,1164.5,612.0,471.0,400.0,39.0,0,0,0,0,1,0,0,65.0,0.0,260.0,290.0,117.0,293.0,21.666666666666668,73.85714285714286,245.23214285714286,291.0416666666667,93.56179521476462,263.3545538790825,82.55214453683816,234.52987037498983,0.0,0.0
2023-03-25,0.0,0.0,0.0,3,25,1,0,0.0,111.0,404.0,0.0,660.0,513.0,300.0,191.0,325.0,0,0,0,0,0,1,0,0.0,65.0,111.0,838.5,344.5,248.0,21.666666666666668,36.714285714285715,224.51785714285714,287.0416666666667,47.734384133153554,266.92908850522434,61.914108402628614,219.39891099595823,0.0,0.0
2023-03-26,0.0,580.0,0.0,3,26,0,0,0.0,81.0,293.0,0.0,254.0,921.5,0.0,114.0,1619.0,0,0,0,0,0,0,1,0.0,0.0,81.0,472.0,278.0,42.5,0.0,20.857142857142858,164.625,273.575,35.91855867296033,270.98518497168425,46.43558130197146,205.2441425446061,0.0,0.0
2023-03-27,0.0,760.0,160.0,3,27,0,0,0.0,0.0,248.0,0.0,306.0,321.5,580.0,574.0,447.5,1,0,0,0,0,0,0,0.0,0.0,0.0,318.0,235.0,672.0,0.0,9.285714285714286,130.91071428571428,263.80833333333334,24.567690745600565,275.50333000157013,34.82668597647859,192.00258496108313,0.0,0.0
2023-03-28,0.0,208.0,45.0,3,28,0,0,0.0,0.0,42.5,160.0,0.0,349.0,760.0,518.0,665.0,0,1,0,0,0,0,0,0.0,0.0,0.0,833.25,1004.0,558.0,0.0,9.285714285714286,108.19642857142857,255.54166666666666,24.567690745600565,279.6830262757853,26.120014482358947,179.6153214152068,0.0,0.0
2023-03-29,0.0,545.75,257.0,3,29,0,0,0.0,65.0,672.0,45.0,149.0,381.0,208.0,1185.0,970.0,0,0,1,0,0,0,0,0.0,0.0,65.0,0.0,371.0,156.0,0.0,9.285714285714286,48.67857142857143,254.125,24.567690745600565,280.90431821419077,19.59001086176921,168.02723616261284,0.0,0.0
2023-03-30,0.0,467.0,75.0,3,30,0,0,0.0,0.0,558.0,257.0,0.0,1062.0,545.75,471.0,1027.0,0,0,0,1,0,0,0,0.0,0.0,0.0,164.5,252.0,203.0,0.0,0.0,48.67857142857143,231.725,0.0,273.118456285534,14.692508146326906,157.18676931341201,0.0,0.0
2023-03-31,0.0,316.0,147.0,3,31,1,0,0.0,0.0,156.0,75.0,0.0,361.0,467.0,300.0,40.0,0,0,0,0,1,0,0,0.0,0.0,0.0,260.0,290.0,117.0,0.0,0.0,36.92857142857143,213.125,0.0,269.1031941371704,11.01938110974518,147.04568742222415,0.0,0.0
2023-04-01,0.0,790.0,0.0,4,1,1,0,0.0,0.0,203.0,147.0,0.0,438.0,316.0,0.0,1126.0,0,0,0,0,0,1,0,0.0,0.0,0.0,111.0,838.5,344.5,0.0,0.0,18.357142857142858,207.925,0.0,271.7394253724038,8.264535832308884,137.55886887885487,0.0,0.0
2023-04-02,0.0,266.0,60.0,4,2,0,0,0.0,0.0,117.0,0.0,0.0,35.0,790.0,580.0,458.0,0,0,0,0,0,0,1,0.0,0.0,0.0,81.0,472.0,278.0,0.0,0.0,10.428571428571429,201.15833333333333,0.0,274.3809370839336,6.198401874231663,128.68410314473522,0.0,0.0
2023-04-03,0.0,101.0,315.0,4,3,0,0,0.0,0.0,344.5,60.0,160.0,1495.75,266.0,760.0,776.0,1,0,0,0,0,0,0,0.0,0.0,0.0,0.0,318.0,235.0,0.0,0.0,4.642857142857143,197.25833333333333,0.0,276.4421627116831,4.648801405673747,120.38190294184908,0.0,0.0
2023-04-04,0.0,160.0,116.0,4,4,0,0,0.0,0.0,278.0,315.0,45.0,963.0,101.0,208.0,281.5,0,1,0,0,0,0,0,0.0,0.0,0.0,0.0,833.25,1004.0,0.0,0.0,4.642857142857143,185.775,0.0,277.2688564372134,3.48660105425531,112.61532855850398,0.0,0.0
2023-04-05,0.0,474.0,277.0,4,5,0,0,0.0,0.0,235.0,116.0,257.0,950.0,160.0,545.75,173.0,0,0,1,0,0,0,0,0.0,0.0,0.0,65.0,0.0,371.0,0.0,0.0,4.642857142857143,176.50833333333333,0.0,278.72204114720535,2.6149507906914824,105.3498234902134,0.0,0.0
2023-04-06,0.0,174.0,0.0,4,6,0,0,0.0,0.0,1004.0,277.0,75.0,332.0,474.0,467.0,327.5,0,0,0,1,0,0,0,0.0,0.0,0.0,0.0,164.5,252.0,0.0,0.0,0.0,168.675,0.0,280.3191773029329,1.9612130930186118,98.55306068439319,0.0,0.0
2023-04-07,0.0,1259.0,120.0,4,7,1,0,0.0,0.0,371.0,0.0,147.0,1024.0,174.0,316.0,528.0,0,0,0,0,1,0,0,0.0,0.0,0.0,0.0,260.0,290.0,0.0,0.0,0.0,135.20833333333334,0.0,233.1101012927426,1.4709098197639587,92.19479870475492,0.0,0.0
2023-04-08,0.0,425.0,354.0,4,8,1,0,0.0,0.0,252.0,120.0,0.0,96.0,1259.0,790.0,695.5,0,0,0,0,0,1,0,0.0,0.0,0.0,0.0,111.0,838.5,0.0,0.0,0.0,122.84166666666667,0.0,229.98986562505306,1.103182364822969,86.24674717541589,0.0,0.0
2023-04-09,0.0,856.5,19.0,4,9,0,0,0.0,0.0,290.0,354.0,60.0,286.5,425.0,266.0,231.0,0,0,0,0,0,0,1,0.0,0.0,0.0,0.0,81.0,472.0,0.0,0.0,0.0,114.44166666666666,0.0,229.71167913628003,0.8273867736172268,80.68244090603423,0.0,0.0
2023-04-10,0.0,960.0,76.0,4,10,0,0,0.0,0.0,838.5,19.0,315.0,1321.0,856.5,101.0,734.0,1,0,0,0,0,0,0,0.0,0.0,0.0,0.0,0.0,318.0,0.0,0.0,0.0,104.775,0.0,228.16577788589578,0.6205400802129201,75.477122137903,0.0,0.0
2023-04-11,0.0,704.0,130.0,4,11,0,0,0.0,0.0,472.0,76.0,116.0,883.5,960.0,160.0,320.0,0,1,0,0,0,0,0,0.0,0.0,0.0,0.0,0.0,833.25,0.0,0.0,0.0,76.825,0.0,181.8410061251883,0.4654050601596901,70.60763038707054,0.0,0.0
2023-04-12,0.0,751.5,75.0,4,12,0,0,0.0,0.0,318.0,130.0,277.0,115.5,704.0,474.0,1485.0,0,0,1,0,0,0,0,0.0,0.0,0.0,0.0,65.0,0.0,0.0,0.0,0.0,61.09166666666667,0.0,166.2187030864674,0.34905379511976753,66.05229939435633,0.0,0.0
2023-04-13,0.0,1253.0,73.0,4,13,0,0,0.0,0.0,833.25,75.0,0.0,410.0,751.5,174.0,4742.0,0,0,0,1,0,0,0,0.0,0.0,0.0,0.0,0.0,164.5,0.0,0.0,0.0,50.49166666666667,0.0,159.2645338375931,0.2617903463398257,61.790860723752694,0.0,0.0
2023-04-14,0.0,380.0,0.0,4,14,1,0,0.0,0.0,0.0,73.0,120.0,899.0,1253.0,1259.0,1140.0,0,0,0,0,1,0,0,0.0,0.0,0.0,0.0,0.0,260.0,0.0,0.0,0.0,22.716666666666665,0.0,59.389376057556284,0.19634275975486926,57.80435358028478,0.0,0.0
2023-04-15,0.0,110.0,243.0,4,15,1,0,0.0,0.0,164.5,0.0,354.0,170.0,380.0,425.0,25005.0,0,0,0,0,0,1,0,0.0,0.0,0.0,0.0,0.0,111.0,0.0,0.0,0.0,22.716666666666665,0.0,59.389376057556284,0.14725706981615194,54.07504044607286,0.0,0.0
2023-04-16,0.0,205.0,112.0,4,16,0,0,0.0,0.0,260.0,243.0,19.0,1164.5,110.0,856.5,400.0,0,0,0,0,0,0,1,0.0,0.0,0.0,0.0,0.0,81.0,0.0,0.0,0.0,17.233333333333334,0.0,53.10931039445727,0.11044280236211396,50.58632815922945,0.0,0.0
2023-04-17,0.0,70.0,250.0,4,17,0,0,0.0,0.0,111.0,112.0,76.0,660.0,205.0,960.0,191.0,1,0,0,0,0,0,0,0.0,0.0,0.0,0.0,0.0,0.0,0.0,0.0,0.0,8.566666666666666,0.0,26.84911009035074,0.08283210177158547,47.32269408444046,0.0,0.0
2023-04-18,0.0,213.0,0.0,4,18,0,0,0.0,0.0,81.0,250.0,130.0,254.0,70.0,704.0,114.0,0,1,0,0,0,0,0,0.0,0.0,0.0,0.0,0.0,0.0,0.0,0.0,0.0,4.866666666666666,0.0,18.639471158205314,0.062124076328689104,44.26961704673462,0.0,0.0
2023-04-19,0.0,433.0,156.0,4,19,0,0,0.0,0.0,0.0,0.0,75.0,306.0,213.0,751.5,574.0,0,0,1,0,0,0,0,0.0,0.0,0.0,0.0,0.0,65.0,0.0,0.0,0.0,2.1666666666666665,0.0,11.867322079282689,0.04659305724651683,41.413512721138844,0.0,0.0
2023-04-20,0.0,874.0,135.0,4,20,0,1,0.0,0.0,0.0,156.0,73.0,0.0,433.0,1253.0,518.0,0,0,0,1,0,0,0,0.0,0.0,0.0,0.0,0.0,0.0,0.0,0.0,0.0,2.1666666666666665,0.0,11.867322079282689,0.03494479293488762,38.741673190742794,0.0,0.0
2023-04-21,322.5,250.0,342.5,4,21,1,1,0.0,0.0,65.0,135.0,0.0,149.0,874.0,380.0,1185.0,0,0,0,0,1,0,0,0.0,0.0,0.0,0.0,0.0,0.0,0.0,0.0,0.0,2.1666666666666665,0.0,11.867322079282689,0.026208594701165717,36.24221040424326,1.0,0.0
2023-04-22,235.5,673.0,331.0,4,22,1,1,322.5,0.0,0.0,342.5,243.0,0.0,250.0,110.0,471.0,0,0,0,0,0,1,0,0.0,0.0,0.0,0.0,0.0,0.0,107.5,46.07142857142857,23.035714285714285,10.75,121.89354254547591,58.88017493180617,80.64465644602588,54.710454894292084,1.0,0.0
2023-04-23,0.0,208.5,135.0,4,23,0,1,235.5,0.0,0.0,331.0,112.0,0.0,673.0,205.0,300.0,0,0,0,0,0,0,1,322.5,0.0,0.0,0.0,0.0,0.0,186.0,79.71428571428571,39.857142857142854,18.6,138.43526078485732,71.7004544784333,119.35849233451941,66.37429651401517,1.0,0.0
2023-04-24,41.0,706.0,913.0,4,24,0,0,0.0,0.0,0.0,135.0,250.0,0.0,208.5,70.0,0.0,1,0,0,0,0,0,0,235.5,322.5,0.0,0.0,0.0,0.0,186.0,79.71428571428571,39.857142857142854,18.6,138.43526078485732,71.7004544784333,89.51886925088957,62.09208383569162,1.0,0.0
2023-04-25,133.5,527.0,115.0,4,25,0,0,41.0,0.0,0.0,913.0,0.0,0.0,706.0,213.0,580.0,0,1,0,0,0,0,0,0.0,235.5,0.0,0.0,0.0,0.0,92.16666666666667,85.57142857142857,42.785714285714285,19.966666666666665,135.333054773347,71.7244407597504,77.38915193816717,60.73130423338894,0.0,0.0
2023-04-26,0.0,0.0,371.0,4,26,0,0,133.5,0.0,0.0,115.0,156.0,160.0,527.0,433.0,760.0,0,0,1,0,0,0,0,41.0,0.0,0.0,0.0,0.0,0.0,58.166666666666664,104.64285714285714,52.32142857142857,24.416666666666668,130.58768263945444,74.52945302238696,91.41686395362538,65.42605879897675,0.0,0.0
2023-04-27,230.0,1201.5,115.0,4,27,0,0,0.0,0.0,0.0,371.0,135.0,45.0,0.0,874.0,208.0,0,0,0,1,0,0,0,133.5,41.0,0.0,0.0,0.0,0.0,58.166666666666664,104.64285714285714,52.32142857142857,24.416666666666668,130.58768263945444,74.52945302238696,68.56264796521904,61.20502274742987,0.0,1.0
2023-04-28,138.0,462.0,706.0,4,28,1,0,230.0,322.5,0.0,115.0,342.5,257.0,1201.5,250.0,545.75,0,0,0,0,1,0,0,0.0,133.5,322.5,0.0,0.0,0.0,121.16666666666667,137.5,68.75,32.083333333333336,128.79311575805082,83.25066876953484,108.92198597391427,72.09502127985375,0.0,1.0
2023-04-29,78.5,499.0,495.0,4,29,1,0,138.0,235.5,0.0,706.0,331.0,75.0,462.0,673.0,467.0,0,0,0,0,0,1,0,230.0,0.0,235.5,0.0,0.0,0.0,122.66666666666667,111.14285714285714,78.60714285714286,36.68333333333333,100.36463283353123,85.2063907402995,116.1914894804357,76.34695539083094,0.0,1.0
2023-04-30,210.0,329.0,802.0,4,30,0,0,78.5,0.0,0.0,495.0,135.0,147.0,499.0,208.5,316.0,0,0,0,0,0,0,1,138.0,230.0,0.0,0.0,0.0,0.0,148.83333333333334,88.71428571428571,84.21428571428571,39.3,84.18029121220385,85.24635698556528,106.76861711032677,76.4858614946483,0.0,1.0
2023-05-01,0.0,300.0,926.0,5,1,0,0,210.0,41.0,0.0,802.0,913.0,0.0,329.0,706.0,790.0,1,0,0,0,0,0,0,78.5,138.0,41.0,0.0,0.0,0.0,142.16666666666666,118.71428571428571,99.21428571428571,46.3,84.71317151760663,90.37571004156663,132.57646283274508,85.09967688209035,0.0,0.0
2023-05-02,394.0,1386.0,527.5,5,2,0,0,0.0,133.5,0.0,926.0,115.0,60.0,300.0,527.0,266.0,0,1,0,0,0,0,0,210.0,78.5,133.5,0.0,0.0,0.0,96.16666666666667,112.85714285714286,99.21428571428571,46.3,92.07909384767822,90.37571004156663,99.43234712455882,79.60937514776195,0.0,0.0
2023-05-03,0.0,1760.0,515.0,5,3,0,0,394.0,0.0,0.0,527.5,371.0,315.0,1386.0,0.0,101.0,0,0,1,0,0,0,0,0.0,210.0,0.0,0.0,0.0,0.0,201.33333333333334,150.07142857142858,127.35714285714286,59.43333333333333,141.2988642828351,109.9282472353215,173.0742603434191,99.89264126726118,0.0,0.0
2023-05-04,548.0,659.0,511.0,5,4,0,0,0.0,230.0,0.0,515.0,115.0,116.0,1760.0,1201.5,160.0,0,0,0,1,0,0,0,394.0,0.0,230.0,0.0,0.0,0.0,131.33333333333334,150.07142857142858,127.35714285714286,59.43333333333333,141.2988642828351,109.9282472353215,129.8056952575643,93.4479547338895,0.0,0.0
2023-05-05,992.0,565.0,313.0,5,5,1,0,548.0,138.0,0.0,511.0,706.0,277.0,659.0,462.0,474.0,0,0,0,0,1,0,0,0.0,394.0,138.0,322.5,0.0,0.0,314.0,195.5,166.5,77.7,207.08472501209093,140.88357874010998,234.35427144317322,122.7738931381547,0.0,0.0
2023-05-06,330.0,220.0,506.0,5,6,1,0,992.0,78.5,0.0,313.0,495.0,0.0,565.0,499.0,174.0,0,0,0,0,0,1,0,548.0,0.0,78.5,235.5,0.0,0.0,513.3333333333334,317.5,214.32142857142858,110.76666666666667,361.52973598308614,217.5650807639318,423.7657035823799,178.85299680666085,0.0,0.0
2023-05-07,85.0,47.0,811.0,5,7,0,0,330.0,210.0,0.0,506.0,802.0,120.0,220.0,329.0,1259.0,0,0,0,0,0,0,1,992.0,548.0,210.0,0.0,0.0,0.0,623.3333333333334,353.42857142857144,221.07142857142858,121.76666666666667,345.98210798770936,220.09922266126256,400.3242776867849,188.60441636752145,0.0,0.0
2023-05-08,515.0,163.0,52.0,5,8,0,0,85.0,0.0,0.0,811.0,926.0,354.0,47.0,300.0,425.0,1,0,0,0,0,0,0,330.0,992.0,0.0,41.0,0.0,0.0,469.0,335.57142857142856,227.14285714285714,124.6,357.64780494356785,219.0221371271046,321.4932082650887,181.92026047284264,0.0,0.0
2023-05-09,210.0,874.0,60.0,5,9,0,0,515.0,394.0,0.0,52.0,527.5,19.0,163.0,1386.0,856.5,0,1,0,0,0,0,0,85.0,330.0,394.0,133.5,0.0,0.0,310.0,409.14285714285717,261.0,141.76666666666668,328.9297942172607,228.88005943986357,369.8699061988165,203.40927592620764,0.0,0.0
2023-05-10,0.0,701.7,24.0,5,10,0,0,210.0,0.0,0.0,60.0,515.0,76.0,874.0,1760.0,960.0,0,0,1,0,0,0,0,515.0,85.0,0.0,0.0,0.0,0.0,270.0,382.85714285714283,266.4642857142857,148.76666666666668,337.5798318281808,227.60252458046764,329.9024296491124,203.83448393096847,0.0,0.0
2023-05-11,0.0,1799.0,373.0,5,11,0,0,0.0,548.0,0.0,24.0,511.0,130.0,701.7,659.0,704.0,0,0,0,1,0,0,0,210.0,515.0,548.0,230.0,0.0,0.0,241.66666666666666,382.85714285714283,266.4642857142857,148.76666666666668,337.5798318281808,227.60252458046764,247.42682223683428,190.6838720644544,0.0,0.0
2023-05-12,18.0,322.0,480.0,5,12,1,0,0.0,992.0,0.0,373.0,313.0,75.0,1799.0,565.0,751.5,0,0,0,0,1,0,0,0.0,210.0,992.0,138.0,322.5,0.0,70.0,304.57142857142856,250.03571428571428,148.76666666666668,355.94187593990546,227.60252458046764,185.57011667762572,178.38168676997347,0.0,0.0
2023-05-13,138.0,369.0,600.0,5,13,1,0,18.0,330.0,0.0,480.0,506.0,73.0,322.0,220.0,1253.0,0,0,0,0,0,1,0,0.0,0.0,330.0,78.5,235.5,0.0,6.0,165.42857142857142,241.46428571428572,149.36666666666667,197.57180731981745,227.2202309067866,143.6775875082193,168.03448117191067,0.0,0.0
2023-05-14,27.0,1085.0,244.0,5,14,0,0,138.0,85.0,0.0,600.0,811.0,0.0,369.0,47.0,380.0,0,0,0,0,0,0,1,18.0,0.0,85.0,210.0,0.0,0.0,52.0,138.0,245.71428571428572,153.96666666666667,183.7616209477196,225.482315742596,142.25819063116447,166.09677270920676,0.0,0.0
2023-05-15,0.0,396.0,222.0,5,15,0,0,27.0,515.0,0.0,244.0,52.0,243.0,1085.0,163.0,110.0,1,0,0,0,0,0,0,138.0,18.0,515.0,0.0,41.0,0.0,61.0,129.71428571428572,232.64285714285714,154.86666666666667,187.81259656522369,224.8997068938055,113.44364297337336,157.12278737312892,0.0,0.0
2023-05-16,0.0,1430.7,375.0,5,16,0,0,0.0,210.0,0.0,222.0,60.0,112.0,396.0,874.0,205.0,0,1,0,0,0,0,0,27.0,138.0,210.0,394.0,133.5,0.0,55.0,56.142857142857146,232.64285714285714,154.86666666666667,83.79822705250344,224.8997068938055,85.08273223003002,146.9858333490561,0.0,0.0
2023-05-17,0.0,648.0,219.0,5,17,0,0,0.0,0.0,0.0,375.0,24.0,250.0,1430.7,701.7,70.0,0,0,1,0,0,0,0,0.0,27.0,0.0,0.0,0.0,0.0,9.0,26.142857142857142,204.5,154.86666666666667,50.51873768358555,224.8997068938055,63.812049172522514,137.50287635879442,0.0,0.0
2023-05-18,0.0,761.0,631.0,5,18,0,0,0.0,0.0,0.0,219.0,373.0,0.0,648.0,1799.0,213.0,0,0,0,1,0,0,0,0.0,0.0,0.0,548.0,230.0,0.0,0.0,26.142857142857142,204.5,154.86666666666667,50.51873768358555,224.8997068938055,47.85903687939189,128.63172304532384,0.0,0.0
2023-05-19,238.0,558.0,434.0,5,19,1,0,0.0,18.0,0.0,631.0,480.0,156.0,761.0,322.0,433.0,0,0,0,0,1,0,0,0.0,0.0,18.0,992.0,138.0,322.5,0.0,26.142857142857142,165.35714285714286,154.86666666666667,50.51873768358555,224.8997068938055,35.89427765954392,120.33290220369005,0.0,0.0
2023-05-20,41.0,963.0,346.0,5,20,1,0,238.0,138.0,0.0,434.0,600.0,135.0,558.0,369.0,874.0,0,0,0,0,0,1,0,0.0,0.0,138.0,330.0,78.5,235.5,79.33333333333333,57.57142857142857,111.5,162.8,94.17688524412864,223.44140634395765,86.42070824465793,127.92432786796813,0.0,0.0
2023-05-21,55.0,810.5,119.5,5,21,0,0,41.0,27.0,322.5,346.0,244.0,342.5,963.0,1085.0,250.0,0,0,0,0,0,0,1,238.0,0.0,27.0,85.0,210.0,0.0,93.0,43.714285714285715,90.85714285714286,164.16666666666666,87.25196136422852,222.53486101691163,75.06553118349345,122.31630671519599,0.0,0.0
2023-05-22,0.0,45.0,40.0,5,22,0,0,55.0,0.0,235.5,119.5,222.0,331.0,810.5,396.0,673.0,1,0,0,0,0,0,0,41.0,238.0,0.0,515.0,0.0,41.0,111.33333333333333,47.714285714285715,88.71428571428571,155.25,86.99945265290366,221.32780143862465,70.04914838762008,117.97331918518336,0.0,0.0
2023-05-23,170.0,648.0,383.0,5,23,0,0,0.0,0.0,0.0,40.0,375.0,135.0,45.0,1430.7,208.5,0,1,0,0,0,0,0,55.0,41.0,0.0,210.0,394.0,133.5,32.0,47.714285714285715,51.92857142857143,147.4,86.99945265290366,222.5562850157238,52.53686129071506,110.36213730226831,0.0,0.0
2023-05-24,0.0,145.0,275.0,5,24,0,0,170.0,0.0,41.0,383.0,219.0,913.0,648.0,648.0,706.0,0,0,1,0,0,0,0,0.0,55.0,0.0,0.0,0.0,0.0,75.0,72.0,49.07142857142857,153.06666666666666,94.83494433312397,220.83137322921067,81.9026459680363,114.20974134728327,0.0,0.0
2023-05-25,0.0,207.0,396.5,5,25,0,0,0.0,0.0,133.5,275.0,631.0,115.0,145.0,761.0,527.0,0,0,0,1,0,0,0,170.0,0.0,0.0,0.0,548.0,230.0,56.666666666666664,72.0,49.07142857142857,151.7,94.83494433312397,221.6741006445088,61.42698447602722,106.84137093778114,0.0,0.0
2023-05-26,0.0,726.7,254.0,5,26,1,0,0.0,238.0,0.0,396.5,434.0,371.0,207.0,558.0,0.0,0,0,0,0,1,0,0,0.0,170.0,238.0,18.0,992.0,138.0,56.666666666666664,72.0,49.07142857142857,147.25,94.83494433312397,223.3854234586339,46.070238357020415,99.9483792643759,0.0,0.0
2023-05-27,75.0,111.0,240.5,5,27,1,0,0.0,41.0,230.0,254.0,346.0,115.0,726.7,963.0,1201.5,0,0,0,0,0,1,0,0.0,0.0,41.0,138.0,330.0,78.5,0.0,38.0,47.785714285714285,147.25,62.58061467685819,223.3854234586339,34.552678767765315,93.50009673119037,0.0,0.0
2023-05-28,93.0,748.0,471.0,5,28,0,0,75.0,55.0,138.0,240.5,119.5,706.0,111.0,810.5,462.0,0,0,0,0,0,0,1,0.0,0.0,55.0,27.0,85.0,210.0,25.0,42.857142857142854,43.285714285714285,142.08333333333334,64.15197729202316,223.19792064804116,44.664509075823986,92.30654210337164,0.0,0.0
2023-05-29,140.0,190.0,30.0,5,29,0,0,93.0,0.0,78.5,471.0,40.0,495.0,748.0,45.0,499.0,1,0,0,0,0,0,0,75.0,0.0,0.0,0.0,515.0,0.0,56.0,48.285714285714285,48.0,140.58333333333334,66.89971172263368,223.3774478218479,56.74838180686799,92.35128132250895,0.0,0.0
2023-05-30,0.0,250.0,362.0,5,30,0,0,140.0,170.0,210.0,30.0,383.0,802.0,190.0,648.0,329.0,0,1,0,0,0,0,0,93.0,75.0,170.0,0.0,210.0,394.0,102.66666666666667,68.28571428571429,58.0,142.63333333333333,70.8677507420558,223.07003436115113,77.561286355151,95.42539220492773,0.0,0.0
2023-05-31,0.0,80.0,510.0,5,31,0,0,0.0,0.0,0.0,362.0,275.0,926.0,250.0,145.0,300.0,0,0,1,0,0,0,0,140.0,93.0,0.0,0.0,0.0,0.0,77.66666666666667,44.0,58.0,135.63333333333333,58.197938107806394,224.1753444459746,58.17096476636325,89.26891528848078,0.0,0.0
2023-06-01,0.0,95.0,55.0,6,1,0,0,0.0,0.0,394.0,510.0,396.5,527.5,80.0,207.0,1386.0,0,0,0,1,0,0,0,0.0,140.0,0.0,0.0,0.0,548.0,46.666666666666664,44.0,58.0,135.63333333333333,58.197938107806394,224.1753444459746,43.628223574772434,83.50963043115945,0.0,0.0
2023-06-02,340.0,533.9,10.0,6,2,1,0,0.0,0.0,0.0,55.0,254.0,515.0,95.0,726.7,1760.0,0,0,0,0,1,0,0,0.0,0.0,0.0,238.0,18.0,992.0,0.0,44.0,58.0,122.5,58.197938107806394,220.01970914850602,32.72116768107932,78.12191233882659,0.0,0.0
2023-06-03,223.0,701.0,420.0,6,3,1,0,340.0,75.0,548.0,10.0,240.5,511.0,533.9,111.0,659.0,0,0,0,0,0,1,0,0.0,0.0,75.0,41.0,138.0,330.0,113.33333333333333,92.57142857142857,65.28571428571429,133.83333333333334,122.12542342861742,222.23769246917382,109.54087576080948,95.01727283309584,0.0,0.0
2023-06-04,195.0,458.5,1013.0,6,4,0,0,223.0,93.0,992.0,420.0,471.0,313.0,701.0,748.0,565.0,0,0,0,0,0,0,1,340.0,0.0,93.0,55.0,27.0,85.0,187.66666666666666,113.71428571428571,78.28571428571429,123.0,131.0606911392764,208.87168144663585,137.9056568206071,103.27422297289613,0.0,0.0
2023-06-05,0.0,46.0,587.0,6,5,0,0,195.0,140.0,330.0,1013.0,30.0,506.0,458.5,190.0,220.0,1,0,0,0,0,0,0,223.0,340.0,140.0,0.0,0.0,515.0,252.66666666666666,128.28571428571428,88.28571428571429,96.43333333333334,134.01083822551368,130.5219451315358,152.17924261545534,109.19201503916089,0.0,0.0
2023-06-06,0.0,48.0,130.0,6,6,0,0,0.0,0.0,85.0,587.0,362.0,811.0,46.0,250.0,47.0,0,1,0,0,0,0,0,195.0,223.0,0.0,170.0,0.0,210.0,139.33333333333334,108.28571428571429,88.28571428571429,85.43333333333334,142.16975098535602,123.89642040230967,114.1344319615915,102.14736890760213,0.0,0.0
2023-06-07,0.0,433.0,40.0,6,7,0,0,0.0,0.0,515.0,130.0,510.0,52.0,48.0,80.0,163.0,0,0,1,0,0,0,0,0.0,195.0,0.0,0.0,0.0,0.0,65.0,108.28571428571429,76.14285714285714,82.6,142.16975098535602,124.87472343002104,85.60082397119362,95.55721607485361,0.0,0.0
2023-06-08,0.0,205.0,78.0,6,8,0,0,0.0,0.0,210.0,40.0,55.0,60.0,433.0,95.0,874.0,0,0,0,1,0,0,0,0.0,0.0,0.0,0.0,0.0,0.0,0.0,108.28571428571429,76.14285714285714,65.43333333333334,142.16975098535602,95.27263359771153,64.20061797839521,89.392234392605,0.0,0.0
2023-06-09,0.0,684.0,142.0,6,9,1,0,0.0,340.0,0.0,78.0,10.0,24.0,205.0,533.9,701.7,0,0,0,0,1,0,0,0.0,0.0,340.0,0.0,238.0,18.0,0.0,108.28571428571429,76.14285714285714,58.43333333333333,142.16975098535602,91.94101682444435,48.150463483796415,83.62499346404985,0.0,0.0
2023-06-10,0.0,326.0,118.0,6,10,1,0,0.0,223.0,0.0,142.0,420.0,373.0,684.0,701.0,1799.0,0,0,0,0,0,1,0,0.0,0.0,223.0,75.0,41.0,138.0,0.0,59.714285714285715,76.14285714285714,58.43333333333333,102.30137549696722,91.94101682444435,36.11284761284731,78.22983259540148,0.0,0.0
2023-06-11,96.0,91.75,40.0,6,11,0,0,0.0,195.0,18.0,118.0,1013.0,480.0,326.0,458.5,322.0,0,0,0,0,0,0,1,0.0,0.0,195.0,93.0,55.0,27.0,0.0,27.857142857142858,70.78571428571429,58.43333333333333,73.70307223679978,91.94101682444435,27.084635709635485,73.1827466215046,0.0,0.0
2023-06-12,0.0,556.0,305.0,6,12,0,0,96.0,0.0,138.0,40.0,587.0,600.0,91.75,46.0,369.0,1,0,0,0,0,0,0,0.0,0.0,0.0,140.0,0.0,0.0,32.0,13.714285714285714,71.0,61.03333333333333,36.28458940888684,91.86102071301458,44.313476782226616,74.65482748463334,0.0,0.0
2023-06-13,0.0,245.0,381.0,6,13,0,0,0.0,0.0,27.0,305.0,130.0,244.0,556.0,48.0,1085.0,0,1,0,0,0,0,0,96.0,0.0,0.0,0.0,170.0,0.0,32.0,13.714285714285714,61.0,56.43333333333333,36.28458940888684,91.32763427139297,33.23510758666996,69.83838700175377,0.0,0.0
2023-06-14,407.0,298.75,130.0,6,14,0,0,0.0,0.0,0.0,381.0,40.0,222.0,245.0,433.0,396.0,0,0,1,0,0,0,0,0.0,96.0,0.0,0.0,0.0,0.0,32.0,13.714285714285714,61.0,55.53333333333333,36.28458940888684,91.7597061795701,24.926330690002473,65.33268461454385,0.0,0.0
2023-06-15,401.0,120.0,412.5,6,15,0,0,407.0,0.0,0.0,130.0,78.0,375.0,298.75,205.0,1430.7,0,0,0,1,0,0,0,0.0,0.0,0.0,0.0,0.0,0.0,135.66666666666666,71.85714285714286,90.07142857142857,69.1,152.0530922314404,111.27764282686599,120.44474801750185,87.37573722005715,0.0,0.0
2023-06-16,511.0,23.0,284.0,6,16,1,0,401.0,0.0,0.0,412.5,142.0,219.0,120.0,684.0,648.0,0,0,0,0,1,0,0,407.0,0.0,0.0,340.0,0.0,238.0,269.3333333333333,129.14285714285714,118.71428571428571,82.46666666666667,191.01520757209244,125.82438043814793,190.58356101312637,107.60956062521475,0.0,0.0
2023-06-17,180.0,1225.0,416.0,6,17,1,0,511.0,0.0,0.0,284.0,118.0,631.0,23.0,326.0,761.0,0,0,0,0,0,1,0,401.0,407.0,0.0,223.0,75.0,41.0,439.6666666666667,202.14285714285714,130.92857142857142,99.5,227.57960407399474,147.06994582686616,270.68767075984476,133.6347502622977,0.0,0.0
2023-06-18,197.0,1575.0,427.0,6,18,0,0,180.0,96.0,238.0,416.0,40.0,434.0,1225.0,91.75,558.0,0,0,0,0,0,0,1,511.0,401.0,96.0,195.0,93.0,55.0,364.0,227.85714285714286,127.85714285714286,105.5,210.45777769062423,146.54144994411732,248.01575306988357,136.62605669698817,0.0,0.0
2023-06-19,128.0,1421.5,80.0,6,19,0,0,197.0,0.0,41.0,427.0,305.0,346.0,1575.0,556.0,963.0,1,0,0,0,0,0,0,180.0,511.0,0.0,0.0,140.0,0.0,296.0,242.28571428571428,128.0,104.13333333333334,203.2500219645042,145.4502482385086,235.2618148024127,140.52114981331152,0.0,0.0
2023-06-20,233.0,360.0,65.0,6,20,0,0,128.0,0.0,55.0,80.0,381.0,119.5,1421.5,245.0,810.5,0,1,0,0,0,0,0,197.0,180.0,0.0,0.0,0.0,170.0,168.33333333333334,260.57142857142856,137.14285714285714,107.03333333333333,182.52018805496297,145.01473963926486,208.44636110180952,139.71333369632367,0.0,0.0
2023-06-21,223.5,314.5,0.0,6,21,0,0,233.0,407.0,0.0,65.0,130.0,40.0,360.0,298.75,45.0,0,0,1,0,0,0,0,128.0,197.0,407.0,0.0,0.0,0.0,186.0,293.85714285714283,153.78571428571428,112.96666666666667,144.33113382245767,146.44676173609508,214.58477082635713,145.73182829656085,0.0,0.0
2023-06-22,16.0,842.75,330.0,6,22,0,0,223.5,401.0,170.0,0.0,412.5,383.0,314.5,120.0,648.0,0,0,0,1,0,0,0,233.0,128.0,401.0,0.0,0.0,0.0,194.83333333333334,267.64285714285717,169.75,120.41666666666667,136.82553193931383,146.18647063050122,216.81357811976784,150.74912969678272,0.0,0.0
2023-06-23,78.0,943.0,70.0,6,23,1,0,16.0,511.0,0.0,330.0,284.0,275.0,842.75,23.0,145.0,0,0,0,0,1,0,0,223.5,233.0,511.0,0.0,340.0,0.0,157.5,212.64285714285714,170.89285714285714,115.28333333333333,150.93727016151288,147.08639751293603,166.61018358982588,142.05563745828061,0.0,0.0
2023-06-24,0.0,478.0,258.0,6,24,1,0,78.0,180.0,0.0,70.0,416.0,396.5,943.0,1225.0,207.0,0,0,0,0,0,1,0,16.0,223.5,180.0,0.0,223.0,75.0,105.83333333333333,150.78571428571428,176.46428571428572,117.88333333333334,80.64317347780559,145.66078231887684,144.45763769236942,137.92301568677865,0.0,0.0
2023-06-25,0.0,112.0,237.0,6,25,0,0,0.0,197.0,0.0,258.0,427.0,254.0,478.0,1575.0,726.7,0,0,0,0,0,0,1,78.0,16.0,197.0,96.0,195.0,93.0,31.333333333333332,125.07142857142857,176.46428571428572,117.88333333333334,96.84542175180889,145.66078231887684,108.34322826927706,129.0247566102123,0.0,0.0
2023-06-26,32.0,657.0,301.0,6,26,0,0,0.0,128.0,75.0,237.0,80.0,240.5,112.0,1421.5,111.0,1,0,0,0,0,0,0,0.0,78.0,128.0,0.0,0.0,140.0,26.0,96.92857142857143,169.60714285714286,117.88333333333334,100.99440107064883,145.66078231887684,81.2574212019578,120.70057876439216,0.0,0.0
2023-06-27,160.0,902.0,454.0,6,27,0,0,32.0,233.0,93.0,301.0,65.0,471.0,657.0,360.0,748.0,0,1,0,0,0,0,0,0.0,0.0,233.0,0.0,0.0,0.0,10.666666666666666,83.21428571428571,171.89285714285714,116.45,102.5775548641358,146.307443773201,68.94306590146834,114.97796077959268,0.0,0.0
2023-06-28,0.0,439.0,303.0,6,28,0,1,160.0,223.5,140.0,454.0,0.0,30.0,902.0,314.5,190.0,0,0,1,0,0,0,0,32.0,0.0,223.5,407.0,0.0,0.0,64.0,72.78571428571429,183.32142857142858,118.68333333333334,87.39939794932683,146.44844234189694,91.70729942610126,117.88260847123188,0.0,0.0
2023-06-29,0.0,339.0,124.0,6,29,0,1,0.0,16.0,0.0,303.0,330.0,362.0,439.0,842.75,250.0,0,0,0,1,0,0,0,160.0,32.0,16.0,401.0,0.0,0.0,64.0,40.857142857142854,154.25,114.01666666666667,59.552297944548094,147.9684544277841,68.78047456957594,110.27727889244272,1.0,0.0
2023-06-30,0.0,475.0,39.0,6,30,1,1,0.0,78.0,0.0,124.0,70.0,510.0,339.0,943.0,80.0,0,0,0,0,1,0,0,0.0,160.0,78.0,511.0,0.0,340.0,53.333333333333336,38.57142857142857,125.60714285714286,114.01666666666667,60.955877875879075,147.9684544277841,51.58535592718196,103.16261573809159,1.0,0.0
2023-07-01,0.0,402.0,181.5,7,1,1,0,0.0,0.0,0.0,39.0,258.0,55.0,475.0,478.0,95.0,0,0,0,0,0,1,0,0.0,0.0,0.0,180.0,0.0,223.0,0.0,27.428571428571427,89.10714285714286,114.01666666666667,59.662543087091805,147.9684544277841,38.68901694538647,96.50696310982762,1.0,0.0
2023-07-02,0.0,472.0,125.0,7,2,0,0,0.0,0.0,340.0,181.5,237.0,10.0,402.0,112.0,533.9,0,0,0,0,0,0,1,0.0,0.0,0.0,197.0,96.0,195.0,0.0,27.428571428571427,76.25,114.01666666666667,59.662543087091805,147.9684544277841,29.016762709039853,90.28070742532262,0.0,0.0
2023-07-03,121.2,556.0,176.0,7,3,0,0,0.0,32.0,223.0,125.0,301.0,420.0,472.0,657.0,701.0,1,0,0,0,0,0,0,0.0,0.0,32.0,128.0,0.0,0.0,0.0,27.428571428571427,62.17857142857143,102.68333333333334,59.662543087091805,143.00027027544624,21.76257203177989,84.45614565594697,0.0,0.0
2023-07-04,0.0,584.5,360.0,7,4,0,0,121.2,160.0,195.0,176.0,454.0,1013.0,556.0,902.0,458.5,0,1,0,0,0,0,0,0.0,0.0,160.0,233.0,0.0,0.0,40.4,40.17142857142857,61.69285714285714,99.28999999999999,69.51406846305107,141.24380572319805,46.62192902383492,86.82671690395038,0.0,0.0
2023-07-05,38.0,286.0,67.5,7,5,0,0,0.0,0.0,0.0,360.0,303.0,587.0,584.5,439.0,46.0,0,0,1,0,0,0,0,121.2,0.0,0.0,223.5,407.0,0.0,40.4,17.314285714285713,45.050000000000004,92.78999999999999,45.80929412871878,141.17428297113426,34.96644676787619,81.22499323272778,0.0,1.0
2023-07-06,0.0,300.0,120.5,7,6,0,0,38.0,0.0,0.0,67.5,124.0,130.0,286.0,339.0,48.0,0,0,0,1,0,0,0,0.0,121.2,0.0,16.0,401.0,0.0,53.06666666666666,22.74285714285714,31.8,94.05666666666666,45.66686826510985,140.48180562850044,35.724835075907144,78.43628399190665,0.0,1.0
2023-07-07,240.5,638.0,216.0,7,7,1,0,0.0,0.0,0.0,120.5,39.0,40.0,300.0,475.0,433.0,0,0,0,0,1,0,0,38.0,0.0,0.0,78.0,511.0,0.0,12.666666666666666,22.74285714285714,30.657142857142855,94.05666666666666,45.66686826510985,140.48180562850044,26.793626306930356,73.37587857307396,0.0,1.0
2023-07-08,117.0,258.5,48.0,7,8,1,0,240.5,0.0,0.0,216.0,181.5,78.0,638.0,402.0,205.0,0,0,0,0,0,1,0,0.0,38.0,0.0,0.0,180.0,0.0,92.83333333333333,57.1,42.26428571428572,102.07333333333332,92.33166665162446,141.78541078913506,80.22021973019777,84.15807995545629,0.0,0.0
2023-07-09,78.0,174.5,280.0,7,9,0,0,117.0,0.0,0.0,48.0,125.0,142.0,258.5,472.0,684.0,0,0,0,0,0,0,1,240.5,0.0,0.0,0.0,197.0,96.0,119.16666666666667,73.81428571428572,50.621428571428574,105.97333333333333,90.85047107879038,140.4840791895908,89.41516479764833,86.27691350671718,0.0,0.0
2023-07-10,98.2,1569.0,382.0,7,10,0,0,78.0,121.2,0.0,280.0,176.0,118.0,174.5,556.0,326.0,1,0,0,0,0,0,0,117.0,240.5,121.2,32.0,128.0,0.0,145.16666666666666,84.95714285714287,56.19285714285714,108.57333333333332,84.87508187807275,139.1708053345649,86.56137359823624,85.74291908692898,0.0,0.0
2023-07-11,93.0,102.5,235.0,7,11,0,0,98.2,0.0,96.0,382.0,360.0,40.0,1569.0,584.5,91.75,0,1,0,0,0,0,0,78.0,117.0,0.0,160.0,233.0,0.0,97.73333333333333,81.67142857142858,60.92142857142857,111.84666666666666,83.67490094179423,137.67589059299672,89.47103019867718,86.54660172648195,0.0,0.0
2023-07-12,0.0,334.0,417.0,7,12,0,0,93.0,38.0,0.0,235.0,67.5,305.0,102.5,286.0,556.0,0,0,1,0,0,0,0,98.2,78.0,38.0,0.0,223.5,407.0,89.73333333333333,94.95714285714287,56.135714285714286,111.74666666666667,75.53308010717038,137.6888865205339,90.35327264900789,86.9629500021928,0.0,0.0
2023-07-13,0.0,839.0,693.0,7,13,0,0,0.0,0.0,0.0,417.0,120.5,381.0,334.0,300.0,245.0,0,0,0,1,0,0,0,93.0,98.2,0.0,0.0,16.0,401.0,63.73333333333333,89.52857142857144,56.135714285714286,111.74666666666667,81.4431645236055,137.6888865205339,67.76495448675593,81.35243709882553,0.0,0.0
2023-07-14,60.5,1207.0,60.0,7,14,1,0,0.0,240.5,407.0,693.0,216.0,130.0,839.0,638.0,298.75,0,0,0,0,1,0,0,0.0,93.0,240.5,0.0,78.0,511.0,31.0,89.52857142857144,56.135714285714286,111.74666666666667,81.4431645236055,137.6888865205339,50.823715865066944,76.10389276986905,0.0,0.0
2023-07-15,90.0,40.0,492.0,7,15,1,0,60.5,117.0,401.0,60.0,48.0,412.5,1207.0,258.5,120.0,0,0,0,0,0,1,0,0.0,0.0,117.0,0.0,0.0,180.0,20.166666666666668,63.81428571428571,60.457142857142856,100.19666666666667,46.93905369630704,126.1141067428237,53.242786898800205,75.09719001052267,0.0,0.0
2023-07-16,48.0,605.0,10.0,7,16,0,0,90.0,78.0,511.0,492.0,280.0,284.0,40.0,174.5,23.0,0,0,0,0,0,0,1,60.5,0.0,78.0,0.0,0.0,197.0,50.166666666666664,59.957142857142856,66.88571428571429,89.83,42.7638420920785,112.59257692810145,62.43209017410015,76.05866162274702,0.0,0.0
2023-07-17,0.0,512.5,458.0,7,17,0,0,48.0,98.2,180.0,10.0,382.0,416.0,605.0,1569.0,1225.0,1,0,0,0,0,0,0,90.0,60.5,98.2,121.2,32.0,128.0,66.16666666666667,55.67142857142857,70.31428571428572,74.39666666666668,42.15316177487856,79.83938827133092,58.824067630575115,74.2484253890214,0.0,0.0
2023-07-18,0.0,1106.0,767.0,7,18,0,0,0.0,93.0,197.0,458.0,235.0,427.0,512.5,102.5,1575.0,0,1,0,0,0,0,0,48.0,90.0,93.0,0.0,160.0,233.0,46.0,41.642857142857146,61.65714285714285,68.39666666666668,41.980862987114676,78.37978048263372,44.118050722931336,69.45820439618132,0.0,0.0
2023-07-19,30.0,162.5,45.0,7,19,0,0,0.0,0.0,128.0,767.0,417.0,80.0,1106.0,334.0,1421.5,0,0,1,0,0,0,0,0.0,48.0,0.0,38.0,0.0,223.5,16.0,28.357142857142858,61.65714285714285,61.830000000000005,37.495237792857075,75.43070878353399,33.0885380421985,64.97702991900833,0.0,0.0
2023-07-20,91.0,753.0,59.0,7,20,0,0,30.0,0.0,233.0,45.0,693.0,65.0,162.5,839.0,360.0,0,0,0,1,0,0,0,0.0,0.0,0.0,0.0,0.0,16.0,10.0,32.642857142857146,61.08571428571428,58.56333333333334,35.36796371213498,74.58355871024902,32.316403531648874,62.72044734358845,0.0,0.0
2023-07-21,0.0,241.0,82.0,7,21,1,0,91.0,60.5,223.5,59.0,60.0,0.0,753.0,1207.0,314.5,0,0,0,0,1,0,0,30.0,0.0,60.5,240.5,0.0,78.0,40.333333333333336,45.642857142857146,67.58571428571427,53.830000000000005,37.996397072304475,67.27974614532532,46.98730264873666,64.54493461174404,0.0,0.0
2023-07-22,50.0,0.0,370.0,7,22,1,0,0.0,90.0,16.0,82.0,492.0,330.0,241.0,40.0,842.75,0,0,0,0,0,1,0,91.0,30.0,90.0,117.0,0.0,0.0,40.333333333333336,37.0,50.40714285714286,46.38,40.82891132518768,59.80285081429939,35.240476986552494,60.380745281954106,0.0,0.0
2023-07-23,148.0,434.5,241.0,7,23,0,0,50.0,48.0,78.0,370.0,10.0,70.0,0.0,605.0,943.0,0,0,0,0,0,0,1,0.0,91.0,48.0,78.0,0.0,0.0,47.0,31.285714285714285,45.621428571428574,47.513333333333335,34.48049828388218,59.52880342138348,38.93035773991437,59.71101977989255,0.0,0.0
2023-07-24,0.0,1376.5,157.5,7,24,0,0,148.0,0.0,0.0,241.0,458.0,258.0,434.5,512.5,478.0,1,0,0,0,0,0,0,50.0,0.0,0.0,98.2,121.2,32.0,66.0,45.57142857142857,50.621428571428574,49.84666666666667,56.343757840767815,62.082113217973685,66.19776830493578,65.40708301989949,0.0,0.0
2023-07-25,0.0,749.0,57.0,7,25,0,0,0.0,0.0,0.0,157.5,767.0,237.0,1376.5,1106.0,112.0,0,1,0,0,0,0,0,148.0,50.0,0.0,93.0,0.0,160.0,66.0,45.57142857142857,43.607142857142854,49.84666666666667,56.343757840767815,62.082113217973685,49.64832622870183,61.18727121216404,0.0,0.0
2023-07-26,0.0,416.0,30.0,7,26,0,0,0.0,30.0,32.0,57.0,45.0,301.0,749.0,162.5,657.0,0,0,1,0,0,0,0,0.0,148.0,30.0,0.0,38.0,0.0,49.333333333333336,45.57142857142857,36.964285714285715,49.84666666666667,56.343757840767815,62.082113217973685,37.23624467152638,57.239705327508304,0.0,0.0
2023-07-27,0.0,149.0,199.0,7,27,0,0,0.0,91.0,160.0,30.0,59.0,454.0,416.0,753.0,902.0,0,0,0,1,0,0,0,0.0,0.0,91.0,0.0,0.0,0.0,0.0,41.285714285714285,36.964285714285715,48.78,58.81245413944907,62.67142779663691,27.927183503644784,53.54682111283035,0.0,0.0
2023-07-28,0.0,270.0,210.0,7,28,1,0,0.0,0.0,0.0,199.0,82.0,303.0,149.0,241.0,439.0,0,0,0,0,1,0,0,0.0,0.0,0.0,60.5,240.5,0.0,0.0,28.285714285714285,36.964285714285715,43.44666666666667,55.98128939123145,59.61363957173404,20.945387627733588,50.09218749264775,0.0,0.0
2023-07-29,0.0,493.5,0.0,7,29,1,0,0.0,50.0,0.0,210.0,370.0,124.0,270.0,0.0,339.0,0,0,0,0,0,1,0,0.0,0.0,50.0,90.0,117.0,0.0,0.0,28.285714285714285,32.642857142857146,43.44666666666667,55.98128939123145,59.61363957173404,15.709040720800191,46.86043346086403,0.0,0.0
2023-07-30,0.0,343.0,0.0,7,30,0,0,0.0,148.0,0.0,0.0,241.0,39.0,493.5,434.5,475.0,0,0,0,0,0,0,1,0.0,0.0,148.0,48.0,78.0,0.0,0.0,21.142857142857142,26.214285714285715,43.44666666666667,55.938742005366,59.61363957173404,11.781780540600144,43.83717968919539,0.0,0.0
2023-07-31,118.0,755.0,0.0,7,31,0,0,0.0,0.0,0.0,0.0,157.5,181.5,343.0,1376.5,402.0,1,0,0,0,0,0,0,0.0,0.0,0.0,0.0,98.2,121.2,0.0,0.0,22.785714285714285,43.44666666666667,0.0,59.61363957173404,8.836335405450107,41.00897454795698,0.0,0.0
2023-08-01,0.0,236.0,60.0,8,1,0,0,118.0,0.0,0.0,0.0,57.0,125.0,755.0,749.0,472.0,0,1,0,0,0,0,0,0.0,0.0,0.0,0.0,93.0,0.0,39.333333333333336,16.857142857142858,31.214285714285715,47.38,44.5998078150893,60.53390272657508,36.12725155408758,45.97613748034685,0.0,0.0
2023-08-02,0.0,147.0,799.0,8,2,0,0,0.0,0.0,121.2,60.0,30.0,176.0,236.0,416.0,556.0,0,0,1,0,0,0,0,118.0,0.0,0.0,30.0,0.0,38.0,39.333333333333336,16.857142857142858,31.214285714285715,47.38,44.5998078150893,60.53390272657508,27.095438665565684,43.009935062259956,0.0,0.0
2023-08-03,0.0,848.0,160.0,8,3,0,0,0.0,0.0,0.0,799.0,199.0,360.0,147.0,149.0,584.5,0,0,0,1,0,0,0,0.0,118.0,0.0,91.0,0.0,0.0,39.333333333333336,16.857142857142858,29.071428571428573,43.339999999999996,44.5998078150893,59.47241377311089,20.321578999174264,40.235100542114154,0.0,0.0
2023-08-04,0.0,245.0,143.5,8,4,1,0,0.0,0.0,38.0,160.0,210.0,67.5,848.0,270.0,286.0,0,0,0,0,1,0,0,0.0,0.0,0.0,0.0,60.5,240.5,0.0,16.857142857142858,22.571428571428573,43.339999999999996,44.5998078150893,59.47241377311089,15.241184249380698,37.639287603913246,0.0,0.0
2023-08-05,39.0,0.0,124.0,8,5,1,0,0.0,0.0,0.0,143.5,0.0,120.5,245.0,493.5,300.0,0,0,0,0,0,1,0,0.0,0.0,0.0,50.0,90.0,117.0,0.0,16.857142857142858,22.571428571428573,42.07333333333333,44.5998078150893,59.99246466092274,11.430888187035524,35.21094646817691,0.0,0.0
2023-08-06,0.0,52.5,307.5,8,6,0,0,39.0,0.0,240.5,124.0,0.0,216.0,0.0,343.0,638.0,0,0,0,0,0,0,1,0.0,0.0,0.0,148.0,48.0,78.0,13.0,22.428571428571427,21.785714285714285,43.37333333333333,44.578982876303456,59.46959775777346,18.323166140276644,35.45540153474614,0.0,0.0
2023-08-07,49.0,40.0,101.0,8,7,0,0,0.0,118.0,117.0,307.5,0.0,48.0,52.5,755.0,258.5,1,0,0,0,0,0,0,39.0,0.0,118.0,0.0,0.0,98.2,13.0,22.428571428571427,11.214285714285714,35.35666666666666,44.578982876303456,46.851443015597596,13.742374605207484,33.16795627443994,0.0,0.0
2023-08-08,166.0,318.5,29.0,8,8,0,0,49.0,0.0,78.0,101.0,60.0,280.0,40.0,236.0,174.5,0,1,0,0,0,0,0,0.0,39.0,0.0,0.0,0.0,93.0,29.333333333333332,12.571428571428571,14.714285714285714,33.089999999999996,21.6630033533155,44.343116326182496,22.556780953905612,34.189378450282526,0.0,0.0
2023-08-09,158.0,170.0,18.0,8,9,0,0,166.0,0.0,98.2,29.0,799.0,382.0,318.5,147.0,1569.0,0,0,1,0,0,0,0,49.0,0.0,0.0,0.0,30.0,0.0,71.66666666666667,36.285714285714285,26.571428571428573,36.02333333333333,60.911723791386294,49.97001641214455,58.41758571542921,42.69328951800623,0.0,0.0
2023-08-10,30.0,146.0,350.5,8,10,0,0,158.0,0.0,93.0,18.0,160.0,235.0,170.0,848.0,102.5,0,0,0,1,0,0,0,166.0,49.0,0.0,0.0,91.0,0.0,124.33333333333333,58.857142857142854,37.857142857142854,38.016666666666666,73.24941085412378,53.596912438951335,83.31318928657191,50.13243212974777,0.0,0.0
2023-08-11,0.0,605.0,0.0,8,11,1,0,30.0,0.0,0.0,350.5,143.5,417.0,146.0,245.0,334.0,0,0,0,0,1,0,0,158.0,166.0,0.0,0.0,0.0,60.5,118.0,63.142857142857146,40.0,35.916666666666664,70.03910472354873,52.593116655512446,69.98489196492893,48.83356554073179,0.0,0.0
2023-08-12,19.0,657.0,455.5,8,12,1,0,0.0,39.0,0.0,0.0,124.0,693.0,605.0,0.0,839.0,0,0,0,0,0,1,0,30.0,158.0,39.0,0.0,50.0,90.0,62.666666666666664,63.142857142857146,40.0,35.916666666666664,70.03910472354873,52.593116655512446,52.488668973696704,45.68301292520071,0.0,0.0
2023-08-13,0.0,441.0,467.0,8,13,0,0,19.0,0.0,60.5,455.5,307.5,60.0,657.0,52.5,1207.0,0,0,0,0,0,0,1,0.0,30.0,0.0,0.0,148.0,48.0,16.333333333333332,60.285714285714285,41.357142857142854,36.55,71.5791270453298,52.2590282581189,44.11650173027253,43.96152822034905,0.0,0.0
2023-08-14,91.0,220.0,394.0,8,14,0,0,0.0,49.0,90.0,467.0,101.0,492.0,441.0,40.0,40.0,1,0,0,0,0,0,0,19.0,0.0,49.0,118.0,0.0,0.0,6.333333333333333,60.285714285714285,41.357142857142854,34.53333333333333,71.5791270453298,52.46984903229068,33.087376297704395,41.12530059322976,0.0,0.0
2023-08-15,0.0,328.0,144.0,8,15,0,0,91.0,166.0,48.0,394.0,29.0,10.0,220.0,318.5,605.0,0,1,0,0,0,0,0,0.0,19.0,166.0,0.0,0.0,0.0,36.666666666666664,66.28571428571429,39.42857142857143,34.56666666666667,72.2327586941788,52.50660604305929,47.565532223278296,44.34302313560204,0.0,0.0
2023-08-16,0.0,432.0,460.0,8,16,0,0,0.0,158.0,0.0,144.0,18.0,458.0,328.0,170.0,512.5,0,0,1,0,0,0,0,91.0,0.0,158.0,0.0,0.0,30.0,30.333333333333332,42.57142857142857,39.42857142857143,32.96666666666667,60.3043866366211,52.81358454643833,35.67414916745872,41.48218293330513,0.0,0.0
2023-08-17,0.0,246.0,91.0,8,17,0,0,0.0,30.0,0.0,460.0,350.5,767.0,432.0,146.0,1106.0,0,0,0,1,0,0,0,0.0,91.0,30.0,0.0,0.0,91.0,30.333333333333332,20.0,39.42857142857143,32.96666666666667,33.52113760997244,52.81358454643833,26.75561187559404,38.80591306664029,0.0,0.0
2023-08-18,125.0,341.0,130.0,8,18,1,0,0.0,0.0,30.0,91.0,0.0,45.0,246.0,605.0,162.5,0,0,0,0,1,0,0,0.0,0.0,0.0,0.0,0.0,0.0,0.0,15.714285714285714,39.42857142857143,32.96666666666667,33.944632789855575,52.81358454643833,20.06670890669553,36.302305772018336,0.0,0.0
2023-08-19,121.0,1195.0,163.0,8,19,1,0,125.0,19.0,91.0,130.0,455.5,59.0,341.0,657.0,753.0,0,0,0,0,0,1,0,0.0,0.0,19.0,39.0,0.0,50.0,41.666666666666664,33.57142857142857,48.357142857142854,36.13333333333333,52.24575626420855,55.41363789147872,46.30003168002165,42.02473765769457,0.0,0.0
2023-08-20,78.0,1054.5,426.0,8,20,0,0,121.0,0.0,0.0,163.0,467.0,82.0,1195.0,441.0,241.0,0,0,0,0,0,0,1,125.0,0.0,0.0,0.0,0.0,148.0,82.0,48.142857142857146,54.214285714285715,37.13333333333333,60.99570632820172,56.693813646175165,64.97502376001623,47.11991587332718,0.0,0.0
2023-08-21,68.0,855.0,607.0,8,21,0,0,78.0,91.0,50.0,426.0,394.0,370.0,1054.5,220.0,0.0,1,0,0,0,0,0,0,121.0,125.0,91.0,49.0,118.0,0.0,108.0,59.285714285714285,59.785714285714285,39.733333333333334,57.77460308738431,56.7206909479187,68.23126782001216,49.11217936537059,0.0,0.0
2023-08-22,0.0,744.0,352.0,8,22,0,0,68.0,0.0,148.0,607.0,144.0,241.0,855.0,328.0,434.5,0,1,0,0,0,0,0,78.0,121.0,0.0,166.0,0.0,0.0,89.0,56.0,61.142857142857146,40.333333333333336,56.30571315002918,56.92786320595138,68.17345086500913,50.330748438572485,0.0,0.0
2023-08-23,55.0,637.0,571.0,8,23,0,0,0.0,0.0,0.0,352.0,460.0,157.5,744.0,432.0,1376.5,0,0,1,0,0,0,0,68.0,78.0,0.0,158.0,0.0,0.0,48.666666666666664,56.0,49.285714285714285,35.4,56.30571315002918,53.59078665025561,51.13008814875685,47.083603378019426,0.0,0.0
2023-08-24,0.0,49.0,311.0,8,24,0,0,55.0,0.0,0.0,571.0,91.0,57.0,637.0,246.0,749.0,0,0,0,1,0,0,0,0.0,68.0,0.0,30.0,0.0,0.0,41.0,63.857142857142854,41.92857142857143,37.233333333333334,50.75243367376147,53.2778554847845,52.09756611156764,47.594338643953655,0.0,0.0
2023-08-25,145.0,322.0,155.0,8,25,1,0,0.0,125.0,0.0,311.0,130.0,30.0,49.0,341.0,416.0,0,0,0,0,1,0,0,55.0,0.0,125.0,0.0,0.0,0.0,18.333333333333332,63.857142857142854,39.785714285714285,37.233333333333334,50.75243367376147,53.2778554847845,39.07317458367573,44.52373615079536,0.0,0.0
2023-08-26,98.0,646.25,701.0,8,26,1,0,145.0,121.0,0.0,155.0,163.0,199.0,322.0,1195.0,149.0,0,0,0,0,0,1,0,0.0,55.0,121.0,19.0,39.0,0.0,66.66666666666667,66.71428571428571,50.142857142857146,42.06666666666667,55.14137673808536,56.27637057466998,65.55488093775679,51.00607575396985,0.0,0.0
2023-08-27,202.0,586.0,220.0,8,27,0,0,98.0,78.0,0.0,701.0,426.0,210.0,646.25,1054.5,270.0,0,0,0,0,0,0,1,145.0,0.0,78.0,0.0,0.0,0.0,81.0,63.42857142857143,55.785714285714285,45.333333333333336,51.96106601054692,56.59373264516799,73.66616070331759,54.0379418343589,0.0,0.0
2023-08-28,0.0,429.0,351.0,8,28,0,0,202.0,68.0,0.0,220.0,607.0,0.0,586.0,855.0,493.5,1,0,0,0,0,0,0,98.0,145.0,68.0,91.0,49.0,118.0,148.33333333333334,81.14285714285714,70.21428571428571,52.06666666666667,74.1539582477534,62.70122549170014,105.74962052748819,63.583881070851874,0.0,0.0
2023-08-29,144.0,881.0,6.0,8,29,0,0,0.0,0.0,0.0,351.0,352.0,0.0,429.0,744.0,343.0,0,1,0,0,0,0,0,202.0,98.0,0.0,0.0,166.0,0.0,100.0,71.42857142857143,63.714285714285715,52.06666666666667,80.35723809518186,62.70122549170014,79.31221539561614,59.481695195313044,0.0,0.0
2023-08-30,86.0,1237.0,154.0,8,30,0,0,144.0,55.0,118.0,6.0,571.0,0.0,881.0,637.0,755.0,0,0,1,0,0,0,0,0.0,202.0,55.0,0.0,158.0,0.0,115.33333333333333,92.0,74.0,56.86666666666667,77.40155037206961,64.07470496297319,95.4841615467121,64.93448905367995,0.0,0.0
2023-08-31,124.0,85.0,239.0,8,31,0,0,86.0,0.0,0.0,154.0,311.0,60.0,1237.0,49.0,236.0,0,0,0,1,0,0,0,144.0,0.0,0.0,0.0,30.0,0.0,76.66666666666667,96.42857142857143,80.14285714285714,55.8,75.80206053236553,63.28338017913281,93.11312116003407,66.29355427602319,0.0,0.0
2023-09-01,88.5,40.0,219.0,9,1,1,0,124.0,145.0,0.0,239.0,155.0,799.0,85.0,322.0,147.0,0,0,0,0,1,0,0,86.0,144.0,145.0,125.0,0.0,0.0,118.0,114.14285714285714,89.0,59.93333333333333,62.90317578476899,63.56204318092238,100.83484087002554,70.01655077434427,0.0,0.0
2023-09-02,112.5,773.0,245.0,9,2,1,0,88.5,98.0,0.0,219.0,701.0,160.0,40.0,646.25,848.0,0,0,0,0,0,1,0,124.0,86.0,98.0,121.0,19.0,39.0,99.5,106.07142857142857,86.39285714285714,62.88333333333333,61.90074620674945,62.7328329771057,97.75113065251915,71.20903136954786,0.0,0.0
2023-09-03,121.5,281.0,112.0,9,3,0,0,112.5,202.0,0.0,245.0,220.0,143.5,773.0,586.0,245.0,0,0,0,0,0,0,1,88.5,124.0,202.0,78.0,0.0,0.0,108.33333333333333,108.14285714285714,85.78571428571429,66.63333333333334,61.82819899104466,62.20446448848312,101.43834798938937,73.87296482957703,0.0,0.0
2023-09-04,507.0,314.0,297.6,9,4,0,0,121.5,0.0,39.0,112.0,351.0,124.0,281.0,429.0,0.0,1,0,0,0,0,0,0,112.5,88.5,0.0,68.0,91.0,49.0,107.5,96.64285714285714,88.89285714285714,70.68333333333334,47.22262371444664,61.66951453504894,106.45376099204202,76.94567677605593,0.0,0.0
2023-09-05,532.0,175.5,0.0,9,5,0,0,507.0,144.0,0.0,297.6,6.0,307.5,314.0,881.0,52.5,0,1,0,0,0,0,0,121.5,112.5,144.0,0.0,0.0,166.0,247.0,169.07142857142858,120.25,86.28333333333333,150.39487706574002,100.4057873154575,206.59032074403152,104.69111698405234,0.0,0.0
2023-09-06,225.0,189.0,803.1,9,6,0,0,532.0,86.0,49.0,0.0,154.0,101.0,175.5,1237.0,40.0,0,0,1,0,0,0,0,507.0,121.5,86.0,55.0,0.0,158.0,386.8333333333333,224.5,158.25,104.01666666666667,202.19380142163936,127.86613982068819,287.9427405580236,132.2594320173393,0.0,0.0
2023-09-07,121.0,352.5,0.0,9,7,0,0,225.0,124.0,166.0,803.1,239.0,29.0,189.0,85.0,318.5,0,0,0,1,0,0,0,532.0,507.0,124.0,0.0,0.0,30.0,421.3333333333333,244.35714285714286,170.39285714285714,109.88333333333334,192.9386159476882,129.28454872965287,272.2070554185177,138.24269446783353,0.0,0.0
2023-09-08,105.5,315.0,275.0,9,8,1,0,121.0,88.5,158.0,0.0,219.0,18.0,352.5,40.0,170.0,0,0,0,0,1,0,0,225.0,532.0,88.5,145.0,125.0,0.0,292.6666666666667,243.92857142857142,179.03571428571428,108.38333333333334,193.25359603627658,128.87140632357588,234.40529156388828,137.130262566683,0.0,0.0
2023-09-09,475.0,1614.0,544.0,9,9,1,0,105.5,112.5,30.0,275.0,245.0,350.5,315.0,773.0,146.0,0,0,0,0,0,1,0,121.0,225.0,112.5,98.0,121.0,19.0,150.5,246.35714285714286,176.21428571428572,106.63333333333334,191.06929682833973,128.53041591814778,202.1789686729162,135.08960046560668,0.0,0.0
2023-09-10,79.0,432.5,371.0,9,10,0,0,475.0,121.5,0.0,544.0,112.0,0.0,1614.0,281.0,605.0,0,0,0,0,0,0,1,105.5,121.0,121.5,202.0,78.0,0.0,233.83333333333334,298.14285714285717,203.14285714285714,121.46666666666667,197.750835288104,144.1147132485533,270.38422650468715,157.019303661374,0.0,0.0
2023-09-11,19.0,293.0,164.0,9,11,0,0,79.0,507.0,19.0,371.0,297.6,455.5,432.5,314.0,657.0,1,0,0,0,0,0,0,475.0,105.5,507.0,0.0,68.0,91.0,219.83333333333334,292.07142857142856,194.35714285714286,124.1,204.6115076128883,142.53175084871475,222.53816987851536,151.98580019934988,0.0,0.0
2023-09-12,239.0,900.5,310.0,9,12,0,0,19.0,532.0,0.0,164.0,0.0,467.0,293.0,175.5,441.0,0,1,0,0,0,0,0,79.0,475.0,532.0,144.0,0.0,0.0,191.0,222.35714285714286,195.71428571428572,124.1,202.29860649662467,142.53175084871475,171.6536274088865,143.40607115423055,0.0,0.0
2023-09-13,0.0,681.0,126.0,9,13,0,0,239.0,225.0,91.0,310.0,803.1,394.0,900.5,189.0,220.0,0,0,1,0,0,0,0,19.0,79.0,225.0,86.0,55.0,0.0,112.33333333333333,180.5,202.5,132.06666666666666,151.48294733511543,142.03458377629673,188.4902205566649,149.5734214023447,0.0,0.0
2023-09-14,0.0,0.0,169.6,9,14,0,0,0.0,121.0,0.0,126.0,0.0,144.0,681.0,352.5,328.0,0,0,0,1,0,0,0,239.0,19.0,121.0,124.0,0.0,0.0,86.0,148.35714285714286,196.35714285714286,129.03333333333333,163.83444750868549,143.90130318197734,141.36766541749867,139.92352324735472,0.0,0.0
2023-09-15,0.0,566.0,319.0,9,15,1,0,0.0,105.5,0.0,169.6,275.0,460.0,0.0,315.0,432.0,0,0,0,0,1,0,0,0.0,239.0,105.5,88.5,145.0,125.0,79.66666666666667,131.07142857142858,187.5,129.03333333333333,173.3109990189671,143.90130318197734,106.02574906312401,130.89619916688022,0.0,0.0
2023-09-16,322.0,860.0,0.0,9,16,1,0,0.0,475.0,0.0,319.0,544.0,91.0,566.0,1614.0,246.0,0,0,0,0,0,1,0,0.0,0.0,475.0,112.5,98.0,121.0,0.0,116.0,181.17857142857142,129.03333333333333,180.34966038226975,143.90130318197734,79.51931179734301,122.45128309159763,0.0,0.0
2023-09-17,30.0,487.0,0.0,9,17,0,0,322.0,79.0,125.0,0.0,371.0,130.0,860.0,432.5,341.0,0,0,0,0,0,0,1,0.0,0.0,79.0,121.5,202.0,78.0,107.33333333333333,94.14285714285714,196.14285714285714,139.76666666666668,132.5184623256054,145.93933159277944,140.13948384800727,135.32539385988167,0.0,0.0
2023-09-18,30.0,582.5,0.0,9,18,0,0,30.0,19.0,121.0,0.0,164.0,163.0,487.0,293.0,1195.0,1,0,0,0,0,0,0,322.0,0.0,19.0,507.0,0.0,68.0,117.33333333333333,87.14285714285714,189.60714285714286,136.6,134.7274143983927,147.2951763144922,112.60461288600546,128.53020715924416,0.0,0.0
2023-09-19,0.0,386.0,75.0,9,19,0,0,30.0,239.0,78.0,0.0,310.0,426.0,582.5,900.5,1054.5,0,1,0,0,0,0,0,30.0,322.0,239.0,532.0,144.0,0.0,127.33333333333333,88.71428571428571,155.53571428571428,133.56666666666666,133.86151337074,148.55909849997926,91.9534596645041,122.17341960058326,0.0,0.0
2023-09-20,0.0,112.0,1010.0,9,20,0,0,0.0,0.0,68.0,75.0,126.0,607.0,386.0,681.0,855.0,0,0,1,0,0,0,0,30.0,30.0,0.0,225.0,86.0,55.0,20.0,54.57142857142857,117.53571428571429,130.96666666666667,118.76988555305493,150.23819784580127,68.96509474837808,114.29126349731983,0.0,0.0
2023-09-21,0.0,209.0,79.5,9,21,0,0,0.0,0.0,0.0,1010.0,169.6,352.0,112.0,0.0,744.0,0,0,0,1,0,0,0,0.0,30.0,0.0,121.0,124.0,0.0,10.0,54.57142857142857,101.46428571428571,128.7,118.76988555305493,151.72653485567528,51.72382106128356,106.91763359426695,0.0,0.0
2023-09-22,62.0,278.0,166.0,9,22,1,0,0.0,0.0,55.0,79.5,319.0,571.0,209.0,566.0,637.0,0,0,0,0,1,0,0,0.0,0.0,0.0,105.5,88.5,145.0,0.0,54.57142857142857,92.82142857142857,128.7,118.76988555305493,151.72653485567528,38.79286579596267,100.01972174947554,0.0,0.0
2023-09-23,225.0,651.5,117.0,9,23,1,0,62.0,322.0,0.0,166.0,0.0,311.0,278.0,860.0,49.0,0,0,0,0,0,1,0,0.0,0.0,322.0,475.0,112.5,98.0,20.666666666666668,63.42857142857143,89.71428571428571,128.93333333333334,116.30829311626535,151.61462792982394,44.594649346972005,97.56683647531582,0.0,0.0
2023-09-24,0.0,635.0,1044.0,9,24,0,0,225.0,30.0,145.0,117.0,0.0,155.0,651.5,487.0,322.0,0,0,0,0,0,0,1,62.0,0.0,30.0,79.0,121.5,202.0,95.66666666666667,49.57142857142857,71.85714285714286,136.43333333333334,80.69253815741433,150.57823795996066,89.695987010229,105.78833089626319,0.0,0.0
2023-09-25,49.0,96.0,210.0,9,25,0,0,0.0,30.0,98.0,1044.0,0.0,701.0,635.0,582.5,646.25,1,0,0,0,0,0,0,225.0,62.0,30.0,19.0,507.0,0.0,95.66666666666667,45.285714285714285,66.21428571428571,131.6,82.67751464921696,152.60724889006158,67.27199025767175,98.96327729005267,0.0,0.0
2023-09-26,39.0,95.0,0.0,9,26,0,0,49.0,0.0,202.0,210.0,75.0,220.0,96.0,386.0,586.0,0,1,0,0,0,0,0,0.0,225.0,0.0,239.0,532.0,144.0,91.33333333333333,48.0,68.35714285714286,129.96666666666667,82.40347889096302,153.24017284874336,62.70399269325381,95.73984004553314,0.0,0.0
2023-09-27,0.0,408.0,221.0,9,27,0,0,39.0,0.0,0.0,0.0,1010.0,351.0,95.0,112.0,429.0,0,0,1,0,0,0,0,49.0,0.0,0.0,0.0,225.0,86.0,29.333333333333332,53.57142857142857,54.07142857142857,124.53333333333333,79.89755345202443,153.4875561244545,56.77799451994036,92.07920520388585,0.0,0.0
2023-09-28,0.0,965.0,43.0,9,28,0,0,0.0,0.0,144.0,221.0,79.5,6.0,408.0,209.0,881.0,0,0,0,1,0,0,0,39.0,49.0,0.0,0.0,121.0,124.0,29.333333333333332,53.57142857142857,54.07142857142857,124.53333333333333,79.89755345202444,153.4875561244545,42.583495889955266,86.13861131976418,0.0,0.0
2023-09-29,0.0,569.0,90.0,9,29,1,0,0.0,62.0,86.0,43.0,166.0,154.0,965.0,278.0,1237.0,0,0,0,0,1,0,0,0.0,39.0,62.0,0.0,105.5,88.5,13.0,53.57142857142857,54.07142857142857,119.73333333333333,79.89755345202444,155.10095340495664,31.93762191746645,80.58128155719875,0.0,0.0
2023-09-30,453.0,654.5,55.0,9,30,1,0,0.0,225.0,124.0,90.0,117.0,239.0,569.0,651.5,85.0,0,0,0,0,0,1,0,0.0,0.0,225.0,322.0,475.0,112.5,0.0,44.714285714285715,54.07142857142857,116.86666666666666,82.21053112936009,156.53406224741713,23.953216438099837,75.3824891986698,0.0,0.0
2023-10-01,0.0,297.0,180.0,10,1,0,0,453.0,0.0,88.5,55.0,1044.0,219.0,654.5,635.0,40.0,0,0,0,0,0,0,1,0.0,0.0,0.0,30.0,79.0,121.5,151.0,77.28571428571429,63.42857142857143,127.83333333333333,166.99272866975818,168.1451719514266,131.21491232857488,99.74490925036852,0.0,0.0
2023-10-02,0.0,369.0,257.0,10,2,0,0,0.0,49.0,112.5,180.0,210.0,245.0,297.0,96.0,773.0,1,0,0,0,0,0,0,453.0,0.0,49.0,30.0,19.0,507.0,151.0,77.28571428571429,61.285714285714285,124.88333333333334,166.99272866975818,169.62883839752027,98.41118424643116,93.30975381486088,0.0,0.0
2023-10-03,0.0,304.0,0.0,10,3,0,0,0.0,39.0,121.5,257.0,0.0,112.0,369.0,95.0,281.0,0,1,0,0,0,0,0,0.0,453.0,39.0,0.0,239.0,532.0,151.0,70.28571428571429,59.142857142857146,121.13333333333334,169.385865492288,171.1487522662638,73.80838818482337,87.2897696977731,0.0,0.0
2023-10-04,0.0,483.0,168.0,10,4,0,0,0.0,0.0,507.0,0.0,221.0,297.6,304.0,408.0,314.0,0,0,1,0,0,0,0,0.0,0.0,0.0,0.0,0.0,225.0,0.0,64.71428571428571,59.142857142857146,117.08333333333333,171.21790627318006,172.5714286563852,55.35629113861753,81.65817165275548,0.0,0.0
2023-10-05,0.0,372.0,165.0,10,5,0,0,0.0,0.0,532.0,168.0,43.0,0.0,483.0,965.0,175.5,0,0,0,1,0,0,0,0.0,0.0,0.0,0.0,0.0,121.0,0.0,64.71428571428571,59.142857142857146,100.18333333333334,171.21790627318006,157.2118317986002,41.517218353963145,76.38990251386804,0.0,0.0
2023-10-06,0.0,59.0,239.0,10,6,1,0,0.0,0.0,225.0,165.0,90.0,803.1,372.0,569.0,189.0,0,0,0,0,1,0,0,0.0,0.0,0.0,62.0,0.0,105.5,0.0,64.71428571428571,59.142857142857146,82.45,171.21790627318006,135.3014737284984,31.13791376547236,71.46152170652172,0.0,0.0
2023-10-07,0.0,296.0,184.0,10,7,1,0,0.0,453.0,121.0,239.0,55.0,0.0,59.0,654.5,352.5,0,0,0,0,0,1,0,0.0,0.0,453.0,225.0,322.0,475.0,0.0,64.71428571428571,54.714285714285715,74.95,171.21790627318006,133.34918835329617,23.353435324104268,66.85110095126225,0.0,0.0
2023-10-08,155.0,340.0,145.0,10,8,0,0,0.0,0.0,105.5,184.0,180.0,275.0,296.0,297.0,315.0,0,0,0,0,0,0,1,0.0,0.0,0.0,0.0,30.0,79.0,0.0,0.0,38.642857142857146,70.91666666666667,0.0,133.73765385063163,17.5150764930782,62.53812669634211,0.0,0.0
2023-10-09,60.0,40.0,386.0,10,9,0,0,155.0,0.0,475.0,145.0,257.0,544.0,340.0,369.0,1614.0,1,0,0,0,0,0,0,0.0,0.0,0.0,49.0,30.0,19.0,51.666666666666664,22.142857142857142,49.714285714285715,72.56666666666666,58.584493316430695,134.48232375408654,51.88630736980865,68.50340884496521,0.0,0.0
2023-10-10,0.0,181.0,140.0,10,10,0,0,60.0,0.0,79.0,386.0,0.0,371.0,40.0,304.0,432.5,0,1,0,0,0,0,0,155.0,0.0,0.0,39.0,0.0,239.0,71.66666666666667,30.714285714285715,50.5,58.733333333333334,59.19097421542816,110.94327016724537,53.91473052735648,67.9548018227094,0.0,0.0
2023-10-11,368.0,351.0,0.0,10,11,0,0,0.0,0.0,19.0,140.0,168.0,164.0,181.0,483.0,293.0,0,0,1,0,0,0,0,60.0,155.0,0.0,0.0,0.0,0.0,71.66666666666667,30.714285714285715,47.714285714285715,56.1,59.19097421542816,111.38233314997102,40.43604789551736,63.57062105995396,0.0,0.0
2023-10-12,0.0,43.0,95.0,10,12,0,0,368.0,0.0,239.0,0.0,165.0,310.0,351.0,372.0,900.5,0,0,0,1,0,0,0,0.0,60.0,0.0,0.0,0.0,0.0,142.66666666666666,83.28571428571429,74.0,67.73333333333333,138.13847434816316,124.79222271670142,122.32703592163801,83.21122615286015,0.0,0.0
2023-10-13,49.0,320.7,380.0,10,13,1,0,0.0,0.0,0.0,95.0,239.0,126.0,43.0,59.0,681.0,0,0,0,0,1,0,0,368.0,0.0,0.0,0.0,62.0,0.0,122.66666666666667,83.28571428571429,74.0,59.766666666666666,138.13847434816316,121.05447144765598,91.74527694122851,77.84275994944983,0.0,0.0
2023-10-14,123.0,239.0,572.25,10,14,1,0,49.0,0.0,0.0,380.0,184.0,169.6,320.7,296.0,0.0,0,0,0,0,0,1,0,0.0,368.0,0.0,453.0,225.0,322.0,139.0,90.28571428571429,77.5,61.4,134.40574675922454,120.54977509668844,81.05895770592139,75.98193672690468,0.0,0.0
2023-10-15,70.0,50.0,40.0,10,15,0,0,123.0,155.0,0.0,572.25,145.0,319.0,239.0,340.0,566.0,0,0,0,0,0,0,1,49.0,0.0,155.0,0.0,0.0,30.0,57.333333333333336,107.85714285714286,53.92857142857143,65.5,128.5475639227606,120.48114747358534,91.54421827944104,79.01536016387857,0.0,0.0
2023-10-16,72.0,201.0,0.0,10,16,0,0,70.0,60.0,322.0,40.0,386.0,0.0,50.0,40.0,860.0,1,0,0,0,0,0,0,123.0,49.0,60.0,0.0,49.0,30.0,80.66666666666667,95.71428571428571,58.92857142857143,67.83333333333333,127.36131579841971,119.84503883487805,86.15816370958078,78.4337240242735,0.0,0.0
2023-10-17,0.0,86.0,100.0,10,17,0,0,72.0,0.0,30.0,0.0,140.0,0.0,201.0,181.0,487.0,0,1,0,0,0,0,0,70.0,123.0,0.0,0.0,39.0,0.0,88.33333333333333,97.42857142857143,64.07142857142857,59.5,126.88033357309192,109.83616325519017,82.61862278218558,78.01864505496553,0.0,0.0
2023-10-18,0.0,922.0,0.0,10,18,0,0,0.0,368.0,30.0,100.0,0.0,0.0,86.0,351.0,582.5,0,0,1,0,0,0,0,72.0,70.0,368.0,0.0,0.0,0.0,47.333333333333336,97.42857142857143,64.07142857142857,58.5,126.88033357309192,110.24979474529377,61.96396708663919,72.98518408367744,0.0,0.0
2023-10-19,0.0,1000.0,70.0,10,19,0,0,0.0,0.0,0.0,0.0,95.0,75.0,922.0,43.0,386.0,0,0,0,1,0,0,0,0.0,72.0,0.0,0.0,0.0,0.0,24.0,44.857142857142854,64.07142857142857,57.5,47.48483467181463,110.65253164126335,46.472975314979394,68.2764625298918,0.0,0.0
2023-10-20,52.0,172.0,852.0,10,20,1,0,0.0,49.0,0.0,70.0,380.0,1010.0,1000.0,320.7,112.0,0,0,0,0,1,0,0,0.0,0.0,49.0,0.0,0.0,62.0,0.0,44.857142857142854,64.07142857142857,57.5,47.48483467181463,110.65253164126335,34.85473148623454,63.871529463447175,0.0,0.0
2023-10-21,0.0,197.0,476.0,10,21,1,0,52.0,123.0,0.0,852.0,572.25,79.5,172.0,239.0,209.0,0,0,0,0,0,1,0,0.0,0.0,123.0,0.0,453.0,225.0,17.333333333333332,45.285714285714285,67.78571428571429,59.233333333333334,47.541961415555214,110.12678691127964,39.14104861467591,63.10562433677316,0.0,0.0
2023-10-22,0.0,98.0,120.0,10,22,0,0,0.0,70.0,62.0,476.0,40.0,166.0,197.0,50.0,278.0,0,0,0,0,0,0,1,52.0,0.0,70.0,155.0,0.0,0.0,17.333333333333332,27.714285714285715,67.78571428571429,59.233333333333334,35.14595418022032,110.12678691127964,29.355786461006932,59.034293734400705,0.0,0.0
2023-10-23,0.0,698.0,26.0,10,23,0,0,0.0,72.0,225.0,120.0,0.0,117.0,98.0,201.0,651.5,1,0,0,0,0,0,0,0.0,52.0,72.0,60.0,0.0,49.0,17.333333333333332,17.714285714285715,56.714285714285715,57.166666666666664,30.798886807342285,110.65357040637349,22.0168398457552,55.22562962250389,0.0,0.0
2023-10-24,210.0,0.0,256.0,10,24,0,0,0.0,0.0,0.0,26.0,100.0,1044.0,698.0,86.0,635.0,0,1,0,0,0,0,0,0.0,0.0,0.0,0.0,0.0,39.0,0.0,7.428571428571429,52.42857142857143,49.666666666666664,19.654152596481275,106.43026965506886,16.5126298843164,51.662685775890736,0.0,0.0
2023-10-25,0.0,936.0,295.0,10,25,0,0,210.0,0.0,49.0,256.0,0.0,210.0,0.0,922.0,96.0,0,0,1,0,0,0,0,0.0,0.0,0.0,368.0,0.0,0.0,70.0,37.42857142857143,67.42857142857143,56.666666666666664,78.52570097927023,109.90037285661539,64.8844724132373,61.87799637099456,0.0,0.0
2023-10-27,185.0,591.0,663.0,10,27,1,0,0.0,0.0,39.0,295.0,70.0,0.0,936.0,1000.0,95.0,0,0,0,0,1,0,0,210.0,0.0,0.0,0.0,0.0,0.0,70.0,37.42857142857143,41.142857142857146,55.03333333333333,78.52570097927023,110.38130880422386,48.66335430992798,57.885867572865884,0.0,0.0
2023-10-28,0.0,723.0,150.0,10,28,1,0,185.0,52.0,0.0,663.0,852.0,221.0,591.0,172.0,408.0,0,0,0,0,0,1,0,0.0,210.0,52.0,49.0,0.0,0.0,131.66666666666666,63.857142857142854,54.357142857142854,59.9,93.5279433670827,112.84116086874944,82.74751573244599,66.08677934235841,0.0,0.0
2023-10-29,406.0,880.0,418.0,10,29,0,0,0.0,0.0,0.0,150.0,476.0,43.0,723.0,197.0,965.0,0,0,0,0,0,0,1,185.0,0.0,0.0,123.0,0.0,453.0,61.666666666666664,56.42857142857143,50.857142857142854,59.9,96.63997989593001,112.84116086874944,62.06063679933449,61.823116158980454,0.0,0.0
2023-10-30,241.0,855.0,576.0,10,30,0,0,406.0,0.0,0.0,418.0,120.0,90.0,880.0,98.0,569.0,1,0,0,0,0,0,0,0.0,185.0,0.0,70.0,155.0,0.0,197.0,114.42857142857143,71.07142857142857,73.43333333333334,158.9044336940259,128.6485947048794,148.04547759950088,84.02807640678817,0.0,0.0
2023-10-31,0.0,600.0,96.0,10,31,0,0,241.0,0.0,453.0,576.0,26.0,55.0,855.0,698.0,654.5,0,1,0,0,0,0,0,406.0,0.0,0.0,72.0,60.0,0.0,215.66666666666666,148.85714285714286,83.28571428571429,81.46666666666667,156.06241120294214,131.40008222674555,171.28410819962568,94.15529728376958,0.0,0.0
2023-11-01,1483.0,204.0,258.0,11,1,0,0,0.0,210.0,0.0,96.0,256.0,180.0,600.0,0.0,297.0,0,0,1,0,0,0,0,241.0,406.0,210.0,0.0,0.0,0.0,215.66666666666666,148.85714285714286,78.14285714285714,66.36666666666666,156.06241120294214,111.7992299440924,128.46308114971924,88.0807619751393,0.0,0.0
2023-11-02,0.0,952.0,570.0,11,2,0,0,1483.0,0.0,0.0,258.0,295.0,257.0,204.0,936.0,369.0,0,0,0,1,0,0,0,0.0,241.0,0.0,0.0,368.0,0.0,574.6666666666666,330.7142857142857,184.07142857142858,115.8,530.8526833581718,281.1067290255578,467.0973108622894,178.07555152513032,0.0,0.0
2023-11-03,98.0,727.0,241.0,11,3,1,0,0.0,185.0,0.0,570.0,663.0,0.0,952.0,591.0,304.0,0,0,0,0,1,0,0,1483.0,0.0,185.0,0.0,0.0,0.0,494.3333333333333,330.7142857142857,184.07142857142858,115.8,530.8526833581718,281.1067290255578,350.3229831467171,166.5868062654445,0.0,0.0
2023-11-04,127.0,149.0,67.2,11,4,1,0,98.0,0.0,0.0,241.0,150.0,168.0,727.0,723.0,483.0,0,0,0,0,0,1,0,0.0,1483.0,0.0,52.0,49.0,0.0,527.0,318.2857142857143,191.07142857142858,119.06666666666666,535.8279308029504,280.2828538475368,287.24223736003785,162.1618510225126,0.0,0.0
2023-11-05,96.0,418.0,331.0,11,5,0,0,127.0,406.0,0.0,67.2,418.0,165.0,149.0,880.0,372.0,0,0,0,0,0,0,1,98.0,0.0,406.0,0.0,123.0,0.0,75.0,336.42857142857144,196.42857142857142,123.3,525.301455402152,279.380120488445,247.1816780200284,159.89334450493115,0.0,0.0
2023-11-06,27.0,669.0,311.0,11,6,0,0,96.0,241.0,0.0,331.0,576.0,239.0,418.0,855.0,59.0,1,0,0,0,0,0,0,127.0,98.0,241.0,0.0,70.0,155.0,107.0,292.14285714285717,203.28571428571428,126.5,531.48955103289,278.4674499643635,209.3862585150213,155.7711932465485,0.0,0.0
2023-11-07,0.0,758.0,208.0,11,7,0,0,27.0,0.0,0.0,311.0,96.0,184.0,669.0,600.0,296.0,0,1,0,0,0,0,0,96.0,127.0,0.0,0.0,72.0,60.0,83.33333333333333,261.57142857142856,205.21428571428572,127.4,540.9913299190839,278.08787993279634,163.78969388626598,147.46337432741637,0.0,0.0
2023-11-08,0.0,516.0,48.0,11,8,0,0,0.0,1483.0,155.0,208.0,258.0,145.0,758.0,204.0,340.0,0,0,1,0,0,0,0,27.0,96.0,1483.0,210.0,0.0,0.0,41.0,261.57142857142856,205.21428571428572,127.4,540.9913299190839,278.08787993279634,122.84227041469948,137.94960824177662,0.0,0.0
2023-11-09,0.0,320.0,300.0,11,9,0,0,0.0,0.0,60.0,48.0,570.0,386.0,516.0,952.0,40.0,0,0,0,1,0,0,0,0.0,27.0,0.0,0.0,0.0,368.0,9.0,49.714285714285715,190.21428571428572,122.23333333333333,55.34351598791823,278.99582042764024,92.13170281102461,129.0496335165007,0.0,0.0
2023-11-10,225.0,1034.0,180.0,11,10,1,0,0.0,98.0,0.0,300.0,241.0,140.0,320.0,727.0,181.0,0,0,0,0,1,0,0,0.0,0.0,98.0,185.0,0.0,0.0,0.0,49.714285714285715,190.21428571428572,120.23333333333333,55.34351598791823,279.6715664086562,69.09877710826845,120.72385070898454,0.0,0.0
2023-11-11,455.0,513.0,381.0,11,11,1,0,225.0,127.0,368.0,180.0,67.2,0.0,1034.0,149.0,351.0,0,0,0,0,0,1,0,0.0,0.0,127.0,0.0,52.0,49.0,75.0,67.85714285714286,193.07142857142858,127.73333333333333,86.08799484912542,279.3528152754129,108.07408283120134,127.45134421163071,0.0,0.0
2023-11-12,67.0,1106.0,281.0,11,12,0,0,455.0,96.0,0.0,381.0,331.0,95.0,513.0,418.0,43.0,0,0,0,0,0,0,1,225.0,0.0,96.0,406.0,0.0,123.0,226.66666666666666,114.71428571428571,225.57142857142858,130.63333333333333,171.01628995090374,282.36836827502293,194.805562123401,148.58351555281584,0.0,0.0
2023-11-13,1005.0,633.5,586.0,11,13,0,0,67.0,27.0,49.0,281.0,311.0,380.0,1106.0,669.0,320.7,1,0,0,0,0,0,0,455.0,225.0,27.0,241.0,0.0,70.0,249.0,110.57142857142857,201.35714285714286,132.86666666666667,171.89420888331057,281.56333682437827,162.85417159255076,143.32006293650514,0.0,0.0
2023-11-14,96.0,262.0,454.0,11,14,0,0,1005.0,0.0,123.0,586.0,208.0,572.25,633.5,758.0,239.0,0,1,0,0,0,0,0,67.0,455.0,0.0,0.0,0.0,72.0,509.0,250.28571428571428,255.92857142857142,164.73333333333332,372.75180048110406,322.82042978265423,373.39062869441307,198.91231694060158,0.0,0.0
2023-11-15,385.0,750.0,901.0,11,15,0,0,96.0,0.0,70.0,454.0,48.0,40.0,262.0,516.0,50.0,0,0,1,0,0,0,0,1005.0,67.0,0.0,1483.0,210.0,0.0,389.3333333333333,264.0,262.7857142857143,163.83333333333334,363.66376411918384,322.9783897258223,304.04297152080983,192.2728126218531,0.0,0.0
2023-11-16,96.0,252.0,231.0,11,16,0,0,385.0,0.0,72.0,901.0,300.0,0.0,750.0,320.0,201.0,0,0,0,1,0,0,0,96.0,1005.0,0.0,0.0,0.0,0.0,495.3333333333333,319.0,184.35714285714286,174.33333333333334,345.75473002308064,324.9370584498221,324.2822286406074,204.7068247107658,0.0,0.0
2023-11-17,60.0,10200.0,822.0,11,17,1,0,96.0,225.0,0.0,231.0,180.0,100.0,252.0,1034.0,86.0,0,0,0,0,1,0,0,385.0,96.0,225.0,98.0,185.0,0.0,192.33333333333334,332.7142857142857,191.21428571428572,175.13333333333333,332.6483199445096,324.7058863705404,267.21167148045555,197.69348118103898,0.0,0.0
2023-11-18,0.0,291.0,2462.0,11,18,1,0,60.0,455.0,0.0,822.0,381.0,0.0,10200.0,513.0,922.0,0,0,0,0,0,1,0,96.0,385.0,455.0,127.0,0.0,52.0,180.33333333333334,309.14285714285717,188.5,177.13333333333333,347.0856899822813,323.77341303526737,215.40875361034165,188.8100307822623,0.0,0.0
2023-11-19,49.0,237.0,120.0,11,19,0,0,0.0,67.0,0.0,2462.0,281.0,70.0,291.0,1106.0,1000.0,0,0,0,0,0,0,1,60.0,96.0,67.0,96.0,406.0,0.0,52.0,244.14285714285714,179.42857142857142,177.13333333333333,357.6615851944539,323.77341303526737,161.55656520775625,176.62873847372924,0.0,0.0
2023-11-20,354.0,1681.0,374.0,11,20,0,0,49.0,1005.0,52.0,120.0,586.0,852.0,237.0,633.5,172.0,1,0,0,0,0,0,0,0.0,60.0,1005.0,27.0,241.0,0.0,36.333333333333336,241.57142857142858,176.07142857142858,178.76666666666668,359.20878661434836,322.9716207596142,133.4174239058172,168.3946263141338,0.0,0.0
2023-11-21,25.0,475.0,40.0,11,21,0,0,354.0,96.0,0.0,374.0,454.0,476.0,1681.0,262.0,197.0,0,1,0,0,0,0,0,49.0,0.0,96.0,0.0,0.0,0.0,134.33333333333334,148.57142857142858,199.42857142857142,188.83333333333334,154.6284332875183,323.5901071900445,188.5630679293629,180.36916655193164,0.0,0.0
2023-11-22,54.0,30.0,1443.0,11,22,0,0,25.0,385.0,0.0,40.0,901.0,120.0,475.0,750.0,98.0,0,0,1,0,0,0,0,354.0,49.0,385.0,0.0,1483.0,210.0,142.66666666666666,138.42857142857142,201.21428571428572,189.66666666666666,160.85485915658825,323.1188884790769,147.67230094702217,170.34534935503285,0.0,0.0
2023-11-23,0.0,1033.5,477.0,11,23,0,0,54.0,96.0,0.0,1443.0,231.0,26.0,30.0,252.0,698.0,0,0,0,1,0,0,0,25.0,354.0,96.0,0.0,0.0,0.0,144.33333333333334,91.14285714285714,205.07142857142858,191.46666666666667,119.66958478999446,322.17490787516016,124.25422571026662,162.83919778374042,0.0,0.0
2023-11-24,30.0,663.0,2040.0,11,24,1,0,0.0,60.0,210.0,477.0,822.0,256.0,1033.5,10200.0,0.0,0,0,0,0,1,0,0,54.0,25.0,60.0,225.0,98.0,185.0,26.333333333333332,77.42857142857143,205.07142857142858,191.46666666666667,124.42649388676247,322.17490787516016,93.19066928269997,152.33344308801523,0.0,0.0
2023-11-25,216.5,252.5,1369.0,11,25,1,0,30.0,0.0,0.0,2040.0,2462.0,295.0,663.0,291.0,936.0,0,0,0,0,0,1,0,0.0,54.0,0.0,455.0,127.0,0.0,28.0,73.14285714285714,191.14285714285714,185.46666666666667,125.6376118995012,323.49127082326453,77.39300196202498,144.44096288878845,0.0,0.0
2023-11-26,0.0,989.5,753.0,11,26,0,0,216.5,49.0,185.0,1369.0,120.0,663.0,252.5,237.0,591.0,0,0,0,0,0,0,1,30.0,0.0,49.0,67.0,96.0,406.0,82.16666666666667,104.07142857142857,174.10714285714286,192.68333333333334,131.1578020844326,321.6205861520399,112.16975147151874,149.08993302499564,0.0,0.0
2023-11-27,0.0,964.0,166.0,11,27,0,0,0.0,354.0,0.0,753.0,374.0,150.0,989.5,1681.0,723.0,1,0,0,0,0,0,0,216.5,30.0,354.0,1005.0,27.0,241.0,82.16666666666667,97.07142857142857,169.32142857142858,186.51666666666668,135.81188846201644,323.54082200820847,84.12731360363905,139.47122766854432,0.0,0.0
2023-11-28,0.0,49.0,1366.0,11,28,0,0,0.0,25.0,406.0,166.0,40.0,418.0,964.0,475.0,880.0,0,1,0,0,0,0,0,0.0,216.5,25.0,96.0,0.0,0.0,72.16666666666667,46.5,97.53571428571429,186.51666666666668,77.65039171397339,323.54082200820847,63.09548520272929,130.47308394799308,0.0,0.0
2023-11-29,64.5,98.0,255.75,11,29,0,0,0.0,54.0,241.0,1366.0,1443.0,576.0,49.0,30.0,855.0,0,0,1,0,0,0,0,0.0,0.0,54.0,385.0,0.0,1483.0,0.0,42.92857142857143,90.67857142857143,172.98333333333332,79.3601645303605,322.5331975250722,47.32161390204697,122.05546562876772,0.0,0.0
2023-11-30,848.0,1741.5,1026.0,11,30,0,0,64.5,0.0,0.0,255.75,477.0,96.0,98.0,1033.5,600.0,0,0,0,1,0,0,0,0.0,0.0,0.0,96.0,0.0,0.0,21.5,44.42857142857143,67.78571428571429,167.1,79.70279615098762,322.85932668514675,51.616210426535226,118.34220978175046,0.0,0.0
2023-12-01,0.0,553.0,957.75,12,1,1,0,848.0,30.0,1483.0,1026.0,2040.0,258.0,1741.5,663.0,204.0,0,0,0,0,1,0,0,64.5,0.0,30.0,60.0,225.0,98.0,304.1666666666667,165.57142857142858,121.5,195.36666666666667,310.68183464913506,344.14504092809824,250.71215781990142,165.41690592486333,0.0,0.0
2023-12-02,0.0,794.5,273.0,12,2,1,0,0.0,216.5,0.0,957.75,1369.0,570.0,553.0,252.5,952.0,0,0,0,0,0,1,0,848.0,64.5,216.5,0.0,455.0,127.0,304.1666666666667,161.28571428571428,117.21428571428571,145.93333333333334,313.0614765429279,245.05434771359077,188.03411836492606,154.74484747809797,0.0,0.0
2023-12-03,0.0,1804.5,316.0,12,3,0,0,0.0,0.0,98.0,273.0,753.0,241.0,794.5,989.5,727.0,0,0,0,0,0,0,1,0.0,848.0,0.0,49.0,67.0,96.0,282.6666666666667,130.35714285714286,117.21428571428571,145.93333333333334,317.36239987929093,245.05434771359077,141.02558877369455,144.76130893112392,0.0,0.0
2023-12-04,0.0,1407.0,391.0,12,4,0,0,0.0,0.0,127.0,316.0,166.0,67.2,1804.5,964.0,149.0,1,0,0,0,0,0,0,0.0,0.0,0.0,354.0,1005.0,27.0,0.0,130.35714285714286,113.71428571428571,142.66666666666666,317.36239987929093,246.36503381173554,105.76919158027091,135.42186964524495,0.0,0.0
2023-12-05,0.0,1201.0,593.0,12,5,0,0,0.0,0.0,96.0,391.0,1366.0,331.0,1407.0,49.0,418.0,0,1,0,0,0,0,0,0.0,0.0,0.0,25.0,96.0,0.0,0.0,130.35714285714286,88.42857142857143,138.43333333333334,317.36239987929093,247.73086527357773,79.32689368520319,126.6849748294227,0.0,0.0
2023-12-06,245.0,77.0,275.0,12,6,0,0,0.0,64.5,27.0,593.0,255.75,311.0,1201.0,98.0,669.0,0,0,1,0,0,0,0,0.0,0.0,64.5,54.0,385.0,0.0,0.0,130.35714285714286,86.64285714285714,135.23333333333332,317.36239987929093,248.9150849993427,59.495170263902395,118.5117506468793,0.0,0.0
2023-12-07,0.0,587.0,422.0,12,7,0,0,245.0,848.0,0.0,275.0,1026.0,208.0,77.0,1741.5,758.0,0,0,0,1,0,0,0,0.0,0.0,848.0,0.0,96.0,0.0,81.66666666666667,156.14285714285714,100.28571428571429,142.5,318.45063906955755,248.8284965385904,105.87137769792679,126.67228286320969,0.0,0.0
2023-12-08,0.0,1036.0,160.0,12,8,1,0,0.0,0.0,0.0,422.0,957.75,48.0,587.0,553.0,516.0,0,0,0,0,1,0,0,245.0,0.0,0.0,30.0,60.0,225.0,81.66666666666667,35.0,100.28571428571429,142.5,92.60129588726157,248.8284965385904,79.40353327344509,118.49987751719617,0.0,0.0
2023-12-09,502.0,313.5,533.0,12,9,1,0,0.0,0.0,0.0,160.0,273.0,300.0,1036.0,794.5,320.0,0,0,0,0,0,1,0,0.0,245.0,0.0,216.5,0.0,455.0,81.66666666666667,35.0,98.14285714285714,142.5,92.60129588726157,248.8284965385904,59.55264995508382,110.85472412898997,0.0,0.0
2023-12-10,145.0,165.0,512.0,12,10,0,0,502.0,0.0,225.0,533.0,316.0,180.0,313.5,1804.5,1034.0,0,0,0,0,0,0,1,0.0,0.0,0.0,0.0,49.0,67.0,167.33333333333334,106.71428571428571,118.53571428571429,159.23333333333332,196.77119901526467,255.6996397086366,170.16448746631286,136.08990321744224,0.0,0.0
2023-12-11,164.0,450.0,380.0,12,11,0,0,145.0,0.0,455.0,512.0,391.0,381.0,165.0,1407.0,513.0,1,0,0,0,0,0,0,502.0,0.0,0.0,0.0,354.0,1005.0,215.66666666666666,127.42857142857143,128.89285714285714,156.56666666666666,191.2187727385028,255.4071034755049,163.87336559973465,136.66474817115565,0.0,0.0
2023-12-12,145.0,21203.0,1990.0,12,12,0,0,164.0,0.0,67.0,380.0,593.0,281.0,450.0,1201.0,1106.0,0,1,0,0,0,0,0,145.0,502.0,0.0,0.0,25.0,96.0,270.3333333333333,150.85714285714286,140.60714285714286,146.86666666666667,182.8682846307955,249.1309700336054,163.905024199801,138.42831280527466,0.0,0.0
2023-12-13,290.0,808.0,39.0,12,13,0,0,145.0,245.0,1005.0,1990.0,275.0,586.0,21203.0,77.0,633.5,0,0,1,0,0,0,0,164.0,145.0,245.0,64.5,54.0,385.0,151.33333333333334,171.57142857142858,150.96428571428572,149.46666666666667,170.7423567277683,248.6753157104225,159.17876814985075,138.8522926242892,0.0,0.0
2023-12-14,30.0,629.5,485.0,12,14,0,0,290.0,0.0,96.0,39.0,422.0,454.0,808.0,587.0,262.0,0,0,0,1,0,0,0,145.0,164.0,0.0,848.0,0.0,96.0,199.66666666666666,178.0,167.07142857142858,125.63333333333334,174.76746455409477,191.55574201482636,191.88407611238807,148.60375761627054,0.0,0.0
2023-12-15,388.0,181.4,650.6,12,15,1,0,30.0,0.0,385.0,485.0,160.0,901.0,629.5,1036.0,750.0,0,0,0,0,1,0,0,290.0,145.0,0.0,0.0,30.0,60.0,155.0,182.28571428571428,108.64285714285714,123.43333333333334,169.97716933529102,192.28542601422345,151.41305708429104,140.95190228618858,0.0,0.0
2023-12-16,1426.0,266.0,86.0,12,16,1,0,388.0,502.0,96.0,650.6,533.0,231.0,181.4,313.5,252.0,0,0,0,0,0,1,0,30.0,290.0,502.0,0.0,216.5,0.0,236.0,237.71428571428572,136.35714285714286,123.53333333333333,163.7769970475245,192.4268751989979,210.55979281321828,156.89048923546676,0.0,0.0
2023-12-17,437.0,193.0,676.0,12,17,0,0,1426.0,145.0,60.0,86.0,512.0,822.0,266.0,165.0,10200.0,0,0,0,0,0,0,1,388.0,30.0,145.0,0.0,0.0,49.0,614.6666666666666,369.7142857142857,238.21428571428572,167.86666666666667,479.78214302108495,305.72203775295003,514.4198446099138,238.7685221880173,0.0,0.0
2023-12-18,291.0,865.4,661.6,12,18,0,0,437.0,164.0,0.0,676.0,380.0,2462.0,193.0,450.0,291.0,1,0,0,0,0,0,0,1426.0,388.0,164.0,0.0,0.0,354.0,750.3333333333334,411.42857142857144,269.42857142857144,180.43333333333334,469.5735147070006,308.8673896153756,495.0648834574353,251.5576497887904,0.0,0.0
2023-12-19,226.0,291.0,208.0,12,19,0,0,291.0,145.0,49.0,661.6,1990.0,120.0,865.4,21203.0,237.0,0,1,0,0,0,0,0,437.0,1426.0,145.0,0.0,0.0,25.0,718.0,429.57142857142856,290.2142857142857,190.13333333333333,460.7916583239679,307.57219318883267,444.0486625930765,254.10231754435233,0.0,0.0
2023-12-20,505.5,486.0,268.0,12,20,0,0,226.0,290.0,354.0,208.0,39.0,374.0,291.0,808.0,1681.0,0,0,1,0,0,0,0,291.0,437.0,290.0,245.0,64.5,54.0,318.0,441.14285714285717,306.35714285714283,196.03333333333333,453.41240556893626,306.46721524983485,389.53649694480737,252.28926479955544,0.0,0.0
2023-12-21,0.0,515.5,90.0,12,21,0,0,505.5,30.0,25.0,268.0,485.0,40.0,486.0,629.5,475.0,0,0,0,1,0,0,0,226.0,291.0,30.0,0.0,848.0,0.0,340.8333333333333,471.92857142857144,324.9642857142857,201.08333333333334,448.7315853762533,310.3831637401318,418.5273727086055,268.6254412641003,0.0,0.0
2023-12-22,0.0,0.0,335.0,12,22,1,0,0.0,388.0,54.0,90.0,650.6,1443.0,515.5,181.4,30.0,0,0,0,0,1,0,0,505.5,226.0,388.0,0.0,0.0,30.0,243.83333333333334,467.64285714285717,324.9642857142857,200.25,453.77074923042676,310.90534511437687,313.89552953145414,251.29476763415835,0.0,0.0
2023-12-23,514.0,1077.0,143.0,12,23,1,0,0.0,1426.0,0.0,335.0,86.0,477.0,0.0,266.0,1033.5,0,0,0,0,0,1,0,0.0,505.5,1426.0,502.0,0.0,216.5,168.5,412.2142857142857,324.9642857142857,198.45,487.5598986400592,311.93587288592437,235.4216471485906,235.0822019803417,0.0,0.0
2023-12-24,1335.0,262.5,309.0,12,24,0,0,514.0,437.0,30.0,143.0,676.0,2040.0,1077.0,193.0,663.0,0,0,0,0,0,0,1,0.0,0.0,437.0,145.0,0.0,0.0,171.33333333333334,281.92857142857144,325.82142857142856,215.58333333333334,219.873529665622,314.7631042253989,305.066235361443,253.07689862677128,0.0,0.0
2023-12-25,220.0,55.0,286.0,12,25,0,0,1335.0,291.0,216.5,309.0,661.6,1369.0,262.5,865.4,252.5,1,0,0,0,0,0,0,514.0,0.0,291.0,164.0,0.0,0.0,616.3333333333334,410.2142857142857,410.82142857142856,259.0833333333333,458.21718441721293,373.01583315136816,562.5496765210822,322.87838903794733,0.0,0.0
2023-12-26,26.0,1319.0,205.0,12,26,0,0,220.0,226.0,0.0,286.0,208.0,753.0,55.0,291.0,989.5,0,1,0,0,0,0,0,1335.0,514.0,226.0,145.0,0.0,0.0,689.6666666666666,400.07142857142856,414.82142857142856,259.2,462.065510197727,373.0026023760565,476.91225739081165,316.24107361614426,0.0,0.0
2023-12-27,351.0,717.0,932.0,12,27,0,0,26.0,505.5,0.0,205.0,268.0,166.0,1319.0,486.0,964.0,0,0,1,0,0,0,0,220.0,1335.0,505.5,290.0,245.0,64.5,527.0,371.5,406.32142857142856,260.06666666666666,480.4410300269258,372.40932090758776,364.18419304310873,297.515843060264,0.0,0.0
2023-12-28,208.0,340.0,924.0,12,28,0,0,351.0,0.0,0.0,932.0,90.0,1366.0,717.0,515.5,49.0,0,0,0,1,0,0,0,26.0,220.0,0.0,30.0,0.0,848.0,199.0,349.42857142857144,410.67857142857144,271.76666666666665,476.79410550846694,369.4590578160169,360.88814478233155,300.96643383056954,0.0,0.0
2023-12-29,85.0,502.0,147.0,12,29,1,0,208.0,0.0,64.5,924.0,335.0,255.75,340.0,0.0,98.0,0,0,0,0,1,0,0,351.0,26.0,0.0,388.0,0.0,0.0,195.0,379.14285714285717,423.39285714285717,278.7,457.47802445269747,366.1197655940209,322.6661085867487,294.9685993898877,0.0,0.0
2023-12-30,257.0,817.5,749.0,12,30,1,0,85.0,514.0,848.0,147.0,143.0,1026.0,502.0,1077.0,1741.5,0,0,0,0,0,1,0,208.0,351.0,514.0,1426.0,502.0,0.0,214.66666666666666,391.2857142857143,401.75,279.3833333333333,446.7391909849692,365.7251107173194,263.24958144006155,281.42223813892724,0.0,0.0
2023-12-31,0.0,593.0,263.0,12,31,0,0,257.0,1335.0,0.0,749.0,309.0,957.75,817.5,262.5,553.0,0,0,0,0,0,0,1,85.0,208.0,1335.0,437.0,145.0,0.0,183.33333333333334,354.57142857142856,318.25,259.68333333333334,445.5322125065172,349.6019530476235,261.68718608004616,279.84660987189966,0.0,0.0
2024-01-01,292.0,678.0,1790.0,1,1,0,0,0.0,220.0,0.0,263.0,286.0,273.0,593.0,55.0,794.5,1,0,0,0,0,0,0,257.0,85.0,220.0,291.0,164.0,0.0,114.0,163.85714285714286,287.0357142857143,259.68333333333334,129.66036219218884,349.6019530476235,196.26538956003463,261.79198988016424,0.0,0.0
2024-01-02,0.0,1386.0,374.0,1,2,0,0,292.0,26.0,0.0,1790.0,205.0,316.0,678.0,1319.0,1804.5,0,1,0,0,0,0,0,0.0,257.0,26.0,226.0,145.0,0.0,183.0,174.14285714285714,287.10714285714283,269.4166666666667,137.47657809172293,346.1707293382484,220.19904217002596,263.7408937588633,0.0,0.0
2024-01-03,150.0,590.0,410.0,1,3,0,0,0.0,351.0,0.0,374.0,932.0,391.0,1386.0,717.0,1407.0,0,0,1,0,0,0,0,292.0,0.0,351.0,505.5,290.0,245.0,97.33333333333333,170.42857142857142,270.9642857142857,269.4166666666667,142.40886810267745,346.1707293382484,165.14928162751949,246.72535222603344,0.0,0.0
2024-01-04,0.0,1340.0,1010.0,1,4,0,0,150.0,208.0,0.0,410.0,924.0,593.0,590.0,340.0,1201.0,0,0,0,1,0,0,0,0.0,292.0,208.0,0.0,30.0,0.0,147.33333333333334,141.71428571428572,245.57142857142858,274.4166666666667,118.12523620535752,343.2158284302424,161.3619612206396,240.48500692112808,0.0,0.0
2024-01-05,180.0,1180.0,1414.0,1,5,1,0,0.0,85.0,245.0,1010.0,147.0,275.0,1340.0,502.0,77.0,0,0,0,0,1,0,0,150.0,0.0,85.0,0.0,388.0,0.0,50.0,112.0,245.57142857142858,274.4166666666667,124.65285128441074,343.2158284302424,121.02147091547971,224.96984518428113,0.0,0.0
2024-01-06,96.0,544.0,120.0,1,6,1,0,180.0,257.0,0.0,1414.0,749.0,422.0,1180.0,817.5,587.0,0,0,0,0,0,1,0,0.0,150.0,257.0,514.0,1426.0,502.0,110.0,125.57142857142857,258.42857142857144,272.25,126.38282734461646,343.61287233525303,135.76610318660977,222.0685648498114,0.0,0.0
2024-01-07,631.0,510.0,1212.0,1,7,0,0,96.0,0.0,0.0,120.0,263.0,160.0,544.0,593.0,1036.0,0,0,0,0,0,0,1,180.0,0.0,0.0,1335.0,437.0,145.0,92.0,102.57142857142857,228.57142857142858,275.45,112.34894620905798,341.43011477586776,125.82457738995733,213.9351090530494,0.0,0.0
2024-01-08,0.0,286.0,894.0,1,8,0,0,631.0,292.0,502.0,1212.0,1790.0,533.0,510.0,678.0,313.5,1,0,0,0,0,0,0,96.0,180.0,292.0,220.0,291.0,164.0,302.3333333333333,192.71428571428572,178.28571428571428,296.48333333333335,218.92518835263832,343.30705275491283,252.11843304246798,240.8425213722075,0.0,0.0
2024-01-09,584.0,762.0,578.0,1,9,0,0,0.0,0.0,145.0,894.0,374.0,512.0,286.0,1386.0,165.0,0,1,0,0,0,0,0,631.0,96.0,0.0,26.0,226.0,145.0,242.33333333333334,151.0,162.57142857142858,279.75,224.5996438109377,345.1734883634108,189.08882478185097,225.3042941869038,0.0,0.0
2024-01-10,912.0,294.0,98.0,1,10,0,0,584.0,150.0,164.0,578.0,410.0,380.0,762.0,590.0,450.0,0,0,1,0,0,0,0,0.0,631.0,150.0,351.0,505.5,290.0,405.0,234.42857142857142,202.42857142857142,294.3833333333333,264.14507197299577,348.55286254527573,287.81661858638824,248.44595262645842,0.0,0.0
2024-01-11,0.0,344.0,458.0,1,11,0,0,912.0,0.0,145.0,98.0,1010.0,1990.0,294.0,1340.0,21203.0,0,0,0,1,0,0,0,584.0,0.0,0.0,208.0,0.0,30.0,498.6666666666667,343.2857142857143,242.5,319.31666666666666,362.32154885116177,365.2577852868352,443.86246393979116,291.2558911666869,0.0,0.0
2024-01-12,0.0,450.0,1835.0,1,12,1,0,0.0,180.0,290.0,458.0,1414.0,39.0,344.0,1180.0,808.0,0,0,0,0,1,0,0,912.0,584.0,180.0,85.0,0.0,388.0,498.6666666666667,343.2857142857143,227.64285714285714,314.48333333333335,362.32154885116177,368.5881844452475,332.89684795484334,272.46518851077167,0.0,0.0
2024-01-13,0.0,1806.0,572.0,1,13,1,0,0.0,96.0,30.0,1835.0,120.0,485.0,450.0,544.0,629.5,0,0,0,0,0,1,0,0.0,912.0,96.0,257.0,514.0,1426.0,304.0,317.57142857142856,221.57142857142858,304.81666666666666,381.71012437138614,373.0284837819276,249.6726359661325,254.88678925201222,0.0,0.0
2024-01-14,0.0,2282.0,1084.6,1,14,0,0,0.0,631.0,388.0,572.0,1212.0,650.6,1806.0,510.0,181.4,0,0,0,0,0,0,1,0.0,0.0,631.0,0.0,1335.0,437.0,0.0,303.85714285714283,203.21428571428572,303.81666666666666,392.5677982087632,373.8299558884231,187.25447697459938,238.44248026801145,0.0,0.0
2024-01-15,1090.0,686.0,3766.0,1,15,0,0,0.0,0.0,1426.0,1084.6,894.0,86.0,2282.0,286.0,266.0,1,0,0,0,0,0,0,0.0,0.0,0.0,292.0,220.0,291.0,0.0,213.71428571428572,203.21428571428572,290.8833333333333,377.06839091678245,377.51071424241223,140.44085773094955,223.0590944442688,0.0,0.0
2024-01-16,0.0,484.0,1728.0,1,16,0,0,1090.0,584.0,437.0,3766.0,578.0,676.0,686.0,762.0,193.0,0,1,0,0,0,0,0,0.0,0.0,584.0,0.0,26.0,226.0,363.3333333333333,369.42857142857144,260.2142857142857,279.68333333333334,484.00373867111716,346.37284285054443,377.8306432982122,278.990765770445,0.0,0.0
2024-01-17,118.0,840.0,644.6,1,17,0,0,0.0,912.0,291.0,1728.0,98.0,661.6,484.0,294.0,865.4,0,0,1,0,0,0,0,1090.0,0.0,912.0,150.0,351.0,505.5,363.3333333333333,286.0,260.2142857142857,265.1166666666667,491.13338310483437,348.7098804839441,283.37298247365914,260.9913615271905,0.0,0.0
2024-01-18,558.0,2375.0,620.0,1,18,0,0,118.0,0.0,226.0,644.6,458.0,208.0,840.0,344.0,291.0,0,0,0,1,0,0,0,0.0,1090.0,0.0,0.0,208.0,0.0,402.6666666666667,172.57142857142858,257.92857142857144,259.35,406.931139605895,349.6961525924058,242.02973685524435,251.76611239640405,0.0,0.0
2024-01-19,414.0,1801.0,559.6,1,19,1,0,558.0,0.0,505.5,620.0,1835.0,268.0,2375.0,450.0,486.0,0,0,0,0,1,0,0,118.0,0.0,0.0,180.0,85.0,0.0,225.33333333333334,252.28571428571428,297.7857142857143,270.4166666666667,421.8711155023986,353.8331986561811,321.02230264143327,271.5231374030877,0.0,0.0
2024-01-20,200.0,1272.0,1096.0,1,20,1,0,414.0,0.0,0.0,559.6,572.0,90.0,1801.0,1806.0,515.5,0,0,0,0,0,1,0,558.0,118.0,0.0,96.0,257.0,514.0,363.3333333333333,311.42857142857144,314.5,267.3666666666667,409.44468781625733,352.12717954556246,344.26672698107495,280.71519305450136,0.0,0.0
2024-01-21,340.0,959.0,582.0,1,21,0,0,200.0,0.0,0.0,1096.0,1084.6,335.0,1272.0,2282.0,0.0,0,0,0,0,0,0,1,414.0,558.0,0.0,631.0,0.0,1335.0,390.6666666666667,340.0,321.92857142857144,274.03333333333336,390.6370864796805,348.76792830776753,308.2000452358062,275.5077612445335,0.0,0.0
2024-01-22,200.0,1484.0,356.0,1,22,0,0,340.0,1090.0,514.0,582.0,3766.0,143.0,959.0,686.0,1077.0,1,0,0,0,0,0,0,200.0,414.0,1090.0,0.0,292.0,220.0,318.0,388.57142857142856,301.14285714285717,285.3666666666667,361.35617569689566,345.0605627335919,316.1500339268547,279.6685508416604,0.0,0.0
2024-01-23,194.0,120.0,900.0,1,23,0,0,200.0,0.0,1335.0,356.0,1728.0,309.0,1484.0,484.0,262.5,0,1,0,0,0,0,0,340.0,200.0,0.0,584.0,0.0,26.0,246.66666666666666,261.42857142857144,315.42857142857144,274.9,188.7987086315805,342.64008964872,287.11252544514105,274.52864433574683,0.0,0.0
2024-01-24,728.0,300.0,410.0,1,24,0,0,194.0,118.0,220.0,900.0,644.6,286.0,120.0,840.0,55.0,0,0,1,0,0,0,0,200.0,340.0,118.0,912.0,150.0,351.0,244.66666666666666,289.14285714285717,287.57142857142856,236.86666666666667,155.29265766226544,278.17145957042453,263.8343940838558,269.333247926989,0.0,0.0
2024-01-25,200.0,235.0,1824.0,1,25,0,0,728.0,558.0,26.0,410.0,620.0,205.0,300.0,2375.0,1319.0,0,0,0,1,0,0,0,194.0,200.0,558.0,0.0,0.0,208.0,374.0,376.2857142857143,274.42857142857144,253.8,206.09198131393853,292.2166650113319,379.8757955628918,298.92465128653805,0.0,0.0
2024-01-26,220.0,326.0,922.0,1,26,1,0,200.0,414.0,351.0,1824.0,559.6,932.0,235.0,1801.0,717.0,0,0,0,0,1,0,0,728.0,194.0,414.0,0.0,180.0,85.0,374.0,325.14285714285717,288.7142857142857,259.6,197.73334617731078,289.2510662216216,334.90684667216885,292.54241571966463,0.0,0.0
2024-01-27,1222.0,200.0,510.0,1,27,1,0,220.0,200.0,208.0,922.0,1096.0,924.0,326.0,1272.0,340.0,0,0,0,0,0,1,0,200.0,728.0,200.0,0.0,96.0,257.0,382.6666666666667,297.42857142857144,304.42857142857144,255.23333333333332,196.79672858295285,288.81215507582147,306.18013500412667,287.86225986678306,0.0,0.0
2024-01-28,0.0,40.0,1896.0,1,28,0,0,1222.0,340.0,85.0,510.0,582.0,147.0,200.0,959.0,502.0,0,0,0,0,0,0,1,220.0,200.0,340.0,0.0,631.0,0.0,547.3333333333334,443.42857142857144,391.7142857142857,289.03333333333336,393.38312840573843,338.20494534744967,535.135101253095,348.1292108431196,0.0,0.0
2024-01-29,76.0,972.0,1744.0,1,29,0,0,0.0,200.0,257.0,1896.0,356.0,749.0,40.0,1484.0,817.5,1,0,0,0,0,0,0,1222.0,220.0,200.0,1090.0,0.0,292.0,480.6666666666667,394.85714285714283,391.7142857142857,286.2,427.7691856486115,340.3226055701694,401.3513259398212,325.66926175646677,0.0,0.0
2024-01-30,0.0,330.0,806.0,1,30,0,0,76.0,194.0,0.0,1744.0,900.0,263.0,972.0,120.0,593.0,0,1,0,0,0,0,0,0.0,1222.0,194.0,0.0,584.0,0.0,432.6666666666667,377.14285714285717,319.2857142857143,280.1666666666667,439.5874689491761,342.45584495979415,320.0134944548659,309.56156744959793,0.0,0.0
2024-01-31,280.0,790.0,568.0,1,31,0,0,0.0,728.0,292.0,806.0,410.0,1790.0,330.0,300.0,678.0,0,0,1,0,0,0,0,76.0,0.0,728.0,118.0,912.0,150.0,25.333333333333332,349.42857142857144,319.2857142857143,280.1666666666667,458.75587449203573,342.45584495979415,240.01012084114944,289.5898534205916,0.0,0.0
2024-02-01,0.0,302.0,410.0,2,1,0,0,280.0,200.0,0.0,568.0,1824.0,374.0,790.0,235.0,1386.0,0,0,0,1,0,0,0,0.0,76.0,200.0,558.0,0.0,0.0,118.66666666666667,285.42857142857144,330.85714285714283,279.76666666666665,427.3120862409805,342.4485547402387,250.00759063086207,288.9711531999083,0.0,0.0
2024-02-02,280.0,280.0,80.0,2,2,1,0,0.0,220.0,150.0,410.0,922.0,410.0,302.0,326.0,590.0,0,0,0,0,1,0,0,280.0,0.0,220.0,414.0,0.0,180.0,93.33333333333333,256.85714285714283,291.0,279.76666666666665,440.4601490000462,342.4485547402387,187.50569297314655,270.3278529934626,0.0,0.0
2024-02-03,0.0,305.2,1276.8,2,3,1,0,280.0,1222.0,0.0,80.0,510.0,1010.0,280.0,200.0,1340.0,0,0,0,0,0,1,0,0.0,280.0,1222.0,200.0,0.0,96.0,186.66666666666666,265.42857142857144,281.42857142857144,284.1,440.2070941208079,341.57125272723886,210.6292697298599,270.95186247775536,0.0,0.0
2024-02-04,0.0,1044.0,742.0,2,4,0,0,0.0,0.0,180.0,1276.8,1896.0,1414.0,305.2,40.0,1180.0,0,0,0,0,0,0,1,280.0,0.0,0.0,340.0,0.0,631.0,93.33333333333333,90.85714285714286,267.14285714285717,284.1,132.15575226656983,341.57125272723886,157.97195229739492,253.47109715660986,0.0,0.0
2024-02-05,0.0,610.0,1002.0,2,5,0,0,0.0,76.0,96.0,742.0,1744.0,120.0,1044.0,972.0,544.0,1,0,0,0,0,0,0,0.0,280.0,76.0,200.0,1090.0,0.0,93.33333333333333,90.85714285714286,242.85714285714286,278.1,132.15575226656983,345.0263708062389,118.47896422304619,237.118123146506,0.0,0.0
2024-02-06,0.0,0.0,304.0,2,6,0,0,0.0,0.0,631.0,1002.0,806.0,1212.0,610.0,330.0,510.0,0,1,0,0,0,0,0,0.0,0.0,0.0,194.0,0.0,584.0,0.0,80.0,228.57142857142858,274.9,136.62601021279508,347.2117857128861,88.85922316728464,221.82017971769918,0.0,0.0
2024-02-07,64.0,1333.0,500.0,2,7,0,0,0.0,280.0,0.0,304.0,568.0,894.0,0.0,790.0,286.0,0,0,1,0,0,0,0,0.0,0.0,280.0,728.0,118.0,912.0,0.0,80.0,214.71428571428572,253.86666666666667,136.62601021279508,343.99355781190445,66.64441737546348,207.50920038107344,0.0,0.0
2024-02-08,0.0,140.0,0.0,2,8,0,0,64.0,0.0,584.0,500.0,410.0,578.0,1333.0,302.0,762.0,0,0,0,1,0,0,0,0.0,0.0,0.0,200.0,558.0,0.0,21.333333333333332,49.142857142857146,167.28571428571428,256.0,104.55529409747577,342.560339512467,65.9833130315976,198.25054229197193,0.0,0.0
2024-02-09,0.0,1160.0,794.0,2,9,1,0,0.0,280.0,912.0,0.0,80.0,98.0,140.0,280.0,294.0,0,0,0,0,1,0,0,64.0,0.0,280.0,220.0,414.0,0.0,21.333333333333332,49.142857142857146,153.0,236.53333333333333,104.55529409747577,339.86120223057134,49.4874847736982,185.46018472474793,0.0,0.0
2024-02-10,282.0,202.0,628.0,2,10,1,0,0.0,0.0,0.0,794.0,1276.8,458.0,1160.0,305.2,344.0,0,0,0,0,0,1,0,0.0,64.0,0.0,1222.0,200.0,0.0,21.333333333333332,9.142857142857142,137.28571428571428,206.13333333333333,24.18972627259329,317.4049663185475,37.115613580273646,173.4950115166997,0.0,0.0
2024-02-12,0.0,0.0,204.0,2,12,0,0,282.0,0.0,0.0,628.0,742.0,1835.0,202.0,1044.0,450.0,1,0,0,0,0,0,0,0.0,0.0,0.0,0.0,340.0,0.0,94.0,49.42857142857143,70.14285714285714,215.53333333333333,105.29143229287861,315.2582666840693,98.33671018520523,180.49533335433196,0.0,0.0
2024-02-13,254.0,230.0,558.0,2,13,0,0,0.0,0.0,0.0,204.0,1002.0,572.0,0.0,610.0,1806.0,0,1,0,0,0,0,0,282.0,0.0,0.0,76.0,200.0,1090.0,94.0,49.42857142857143,70.14285714285714,215.53333333333333,105.29143229287861,315.2582666840693,73.75253263890393,168.85047313792344,0.0,0.0
2024-02-14,0.0,734.0,586.0,2,14,0,0,254.0,0.0,0.0,558.0,304.0,1084.6,230.0,0.0,2282.0,0,0,1,0,0,0,0,0.0,282.0,0.0,0.0,194.0,0.0,178.66666666666666,85.71428571428571,82.85714285714286,224.0,126.95631044538463,312.67036735304765,118.81439947917795,174.3439909999929,0.0,0.0
2024-02-15,626.0,730.0,1610.0,2,15,0,0,0.0,64.0,1090.0,586.0,500.0,3766.0,734.0,1333.0,686.0,0,0,0,1,0,0,0,254.0,0.0,64.0,280.0,728.0,118.0,84.66666666666667,85.71428571428571,82.85714285714286,224.0,126.95631044538463,312.67036735304765,89.11079960938346,163.09599158063855,0.0,0.0
2024-02-16,428.0,306.0,798.0,2,16,1,0,626.0,0.0,0.0,1610.0,0.0,1728.0,730.0,140.0,484.0,0,0,0,0,1,0,0,0.0,254.0,0.0,0.0,200.0,558.0,293.3333333333333,166.0,107.57142857142857,208.53333333333333,239.10388258384003,277.897988395064,223.3330997070376,192.96076631737154,0.0,0.0
2024-02-17,960.0,360.0,1242.0,2,17,1,0,428.0,0.0,118.0,798.0,794.0,644.6,306.0,1160.0,840.0,0,0,0,0,0,1,0,626.0,0.0,0.0,280.0,220.0,414.0,351.3333333333333,227.14285714285714,138.14285714285714,222.8,244.24811740757175,277.809460875119,274.49982478027823,208.12458784528306,0.0,0.0
2024-02-18,0.0,412.0,150.0,2,18,0,0,960.0,282.0,558.0,1242.0,628.0,620.0,360.0,202.0,2375.0,0,0,0,0,0,0,1,428.0,626.0,282.0,0.0,1222.0,200.0,671.3333333333334,364.2857142857143,186.71428571428572,250.86666666666667,344.4249866495918,307.7736218373022,445.8748685852087,256.632678952039,0.0,0.0
2024-02-19,0.0,1154.0,890.0,2,19,0,0,0.0,0.0,414.0,150.0,204.0,559.6,412.0,0.0,1801.0,1,0,0,0,0,0,0,960.0,428.0,0.0,0.0,0.0,340.0,462.6666666666667,324.0,186.71428571428572,232.26666666666668,371.1118429799837,305.4244004132876,334.4061514389065,240.0757319228752,0.0,0.0
2024-02-20,0.0,2358.0,154.0,2,20,0,0,0.0,254.0,200.0,890.0,558.0,1096.0,1154.0,230.0,1272.0,0,1,0,0,0,0,0,0.0,960.0,254.0,0.0,76.0,200.0,320.0,324.0,186.71428571428572,218.46666666666667,371.1118429799837,306.28167488084597,250.80461357917986,224.58697502462522,0.0,0.0
2024-02-21,0.0,488.0,1170.0,2,21,0,0,0.0,0.0,340.0,154.0,586.0,582.0,2358.0,734.0,959.0,0,0,1,0,0,0,0,0.0,0.0,0.0,0.0,0.0,194.0,0.0,287.7142857142857,186.71428571428572,211.8,390.982401260259,308.8632550900604,188.1034601843849,210.097492764972,0.0,0.0
2024-02-22,0.0,1762.0,80.0,2,22,0,0,0.0,626.0,200.0,1170.0,1610.0,356.0,488.0,730.0,1484.0,0,0,0,1,0,0,0,0.0,0.0,626.0,64.0,280.0,728.0,0.0,287.7142857142857,186.71428571428572,200.46666666666667,390.982401260259,310.23180802851897,141.07759513828867,196.54281581239317,0.0,0.0
2024-02-23,474.0,1456.0,660.0,2,23,1,0,0.0,428.0,194.0,80.0,798.0,900.0,1762.0,306.0,120.0,0,0,0,0,1,0,0,0.0,0.0,428.0,0.0,0.0,200.0,0.0,198.28571428571428,182.14285714285714,193.8,371.8340643735745,312.38365006444616,105.80819635371651,183.8626341470775,0.0,0.0
2024-02-24,1210.0,642.0,1278.0,2,24,1,0,474.0,960.0,728.0,660.0,1242.0,410.0,1456.0,360.0,300.0,0,0,0,0,0,1,0,0.0,0.0,960.0,0.0,280.0,220.0,158.0,204.85714285714286,216.0,203.13333333333333,376.9418295402395,316.54500506229,197.85614726528738,202.5811738795241,0.0,0.0
2024-02-25,0.0,80.0,1182.0,2,25,0,0,1210.0,0.0,200.0,1278.0,150.0,1824.0,642.0,412.0,235.0,0,0,0,0,0,0,1,474.0,0.0,0.0,282.0,0.0,1222.0,561.3333333333334,240.57142857142858,302.42857142857144,219.2,462.53895588835087,354.10756207294065,450.8921104489655,267.57593685503866,0.0,0.0
2024-02-26,0.0,37870.0,1078.0,2,26,0,0,0.0,0.0,220.0,1182.0,890.0,922.0,80.0,1154.0,326.0,1,0,0,0,0,0,0,1210.0,474.0,0.0,0.0,0.0,0.0,561.3333333333334,240.57142857142858,282.2857142857143,212.53333333333333,462.53895588835087,356.35702102916645,338.16908283672416,250.31297318697167,0.0,0.0
2024-02-27,0.0,0.0,250.0,2,27,0,0,0.0,0.0,1222.0,1078.0,154.0,510.0,37870.0,2358.0,200.0,0,1,0,0,0,0,0,0.0,1210.0,0.0,254.0,0.0,76.0,403.3333333333333,240.57142857142858,282.2857142857143,205.2,462.53895588835087,358.45553756887796,253.62681212754313,234.16374911039287,0.0,0.0
2024-02-28,70.0,484.0,234.0,2,28,0,0,0.0,0.0,0.0,250.0,1170.0,1896.0,0.0,488.0,40.0,0,0,1,0,0,0,0,0.0,0.0,0.0,0.0,0.0,0.0,0.0,240.57142857142858,264.14285714285717,164.46666666666667,462.53895588835087,304.26108721853086,190.22010909565734,219.05641045810947,0.0,0.0
2024-02-29,172.0,280.0,348.6,2,29,0,0,70.0,0.0,76.0,234.0,80.0,1744.0,484.0,1762.0,972.0,0,0,0,1,0,0,0,0.0,0.0,0.0,626.0,64.0,280.0,23.333333333333332,250.57142857142858,269.14285714285717,166.8,457.1968420505029,303.2229633738869,160.165081821743,209.43986784790889,0.0,0.0
2024-03-01,1316.0,55200.0,128.0,3,1,1,0,172.0,474.0,0.0,348.6,660.0,806.0,280.0,1456.0,330.0,0,0,0,0,1,0,0,70.0,0.0,474.0,428.0,0.0,0.0,80.66666666666667,275.14285714285717,236.71428571428572,170.0,445.96989007907575,302.7378517736953,163.12381136630725,207.0243925028825,0.0,0.0
2024-03-02,0.0,454.0,982.0,3,2,1,0,1316.0,1210.0,280.0,128.0,1278.0,568.0,55200.0,642.0,790.0,0,0,0,0,0,1,0,172.0,70.0,1210.0,960.0,0.0,280.0,519.3333333333334,395.42857142857144,300.14285714285717,213.86666666666667,596.6425108172277,365.99149541026753,451.34285852473045,278.5712058897933,0.0,0.0
2024-03-03,758.0,0.0,578.0,3,3,0,0,0.0,0.0,0.0,982.0,1182.0,410.0,454.0,80.0,302.0,0,0,0,0,0,0,1,1316.0,172.0,0.0,0.0,282.0,0.0,496.0,222.57142857142858,231.57142857142858,204.53333333333333,486.41095695678894,367.812520959677,338.50714389354783,260.5988700259357,0.0,0.0
2024-03-04,0.0,308.0,692.0,3,4,0,0,758.0,0.0,280.0,578.0,1078.0,80.0,0.0,37870.0,280.0,1,0,0,0,0,0,0,0.0,1316.0,0.0,0.0,0.0,0.0,691.3333333333334,330.85714285714283,285.7142857142857,229.8,512.2887950402679,379.13853350221086,443.38035792016086,292.6892655081334,0.0,0.0
2024-03-05,1066.0,1800.0,688.0,3,5,0,0,0.0,0.0,0.0,692.0,250.0,1276.8,308.0,0.0,305.2,0,1,0,0,0,0,0,758.0,0.0,0.0,0.0,254.0,0.0,252.66666666666666,330.85714285714283,285.7142857142857,220.46666666666667,512.2887950402679,381.3003823879483,332.53526844012066,273.80608708825383,0.0,0.0
2024-03-06,38.0,288.0,2134.0,3,6,0,0,1066.0,70.0,0.0,688.0,234.0,742.0,1800.0,484.0,1044.0,0,0,1,0,0,0,0,0.0,758.0,70.0,0.0,0.0,0.0,608.0,483.14285714285717,361.85714285714283,256.0,554.2669118067662,408.7302457527503,515.9014513300905,324.91537179223747,0.0,0.0
2024-03-07,500.0,816.0,3666.0,3,7,0,0,38.0,172.0,0.0,2134.0,348.6,1002.0,288.0,280.0,610.0,0,0,0,1,0,0,0,1066.0,0.0,172.0,0.0,626.0,64.0,368.0,478.57142857142856,364.57142857142856,257.26666666666665,558.3591607388137,407.96770775971083,396.4260884975679,306.4047026443512,0.0,0.0
2024-03-08,948.0,568.0,3842.0,3,8,1,0,500.0,1316.0,0.0,3666.0,128.0,304.0,816.0,55200.0,0.0,0,0,0,0,1,0,0,38.0,1066.0,1316.0,474.0,428.0,0.0,534.6666666666666,525.4285714285714,400.2857142857143,273.93333333333334,541.8630999132705,407.30789280374876,422.3195663731759,318.89472182858657,0.0,0.0
2024-03-10,0.0,108.0,1683.0,3,10,0,0,948.0,0.0,64.0,3842.0,982.0,500.0,568.0,454.0,1333.0,0,0,0,0,0,0,1,500.0,38.0,0.0,1210.0,960.0,0.0,495.3333333333333,472.85714285714283,434.14285714285717,305.53333333333336,464.742017529234,421.83758382396064,553.739674779882,359.48215912996807,0.0,0.0
2024-03-11,0.0,1088.0,0.0,3,11,0,0,0.0,758.0,0.0,1683.0,578.0,0.0,108.0,0.0,140.0,1,0,0,0,0,0,0,948.0,500.0,758.0,0.0,0.0,282.0,482.6666666666667,472.85714285714283,347.7142857142857,303.4,464.742017529234,423.26062729799224,415.30475608491145,336.28976176674433,0.0,0.0
2024-03-13,0.0,320.0,0.0,3,13,0,0,0.0,0.0,0.0,0.0,692.0,794.0,1088.0,308.0,1160.0,0,0,1,0,0,0,0,0.0,948.0,0.0,0.0,0.0,0.0,316.0,364.57142857142856,347.7142857142857,303.4,475.4152070008058,423.26062729799224,311.4785670636836,314.59364810437376,0.0,0.0
2024-03-14,0.0,598.0,0.0,3,14,0,0,0.0,1066.0,282.0,0.0,688.0,628.0,320.0,1800.0,202.0,0,0,0,1,0,0,0,0.0,0.0,1066.0,0.0,0.0,254.0,0.0,364.57142857142856,347.7142857142857,303.4,475.4152070008058,423.26062729799224,233.6089252977627,294.2972837105432,0.0,0.0
2024-03-15,0.0,950.0,0.0,3,15,1,0,0.0,38.0,0.0,0.0,2134.0,204.0,598.0,288.0,0.0,0,0,0,0,1,0,0,0.0,0.0,38.0,70.0,0.0,0.0,0.0,212.28571428571428,347.7142857142857,294.0,372.9815519502783,426.8683072378859,175.20669397332205,275.31036218083074,0.0,0.0
2024-03-16,0.0,400.0,0.0,3,16,1,0,0.0,500.0,254.0,0.0,3666.0,558.0,950.0,816.0,230.0,0,0,0,0,0,1,0,0.0,0.0,500.0,172.0,0.0,626.0,0.0,206.85714285714286,342.7142857142857,294.0,376.20359229696743,426.8683072378859,131.40502047999155,257.54840333045456,0.0,0.0
2024-03-17,0.0,567.0,0.0,3,17,0,0,0.0,948.0,0.0,0.0,3842.0,586.0,400.0,568.0,734.0,0,0,0,0,0,0,1,0.0,0.0,948.0,1316.0,474.0,428.0,0.0,135.42857142857142,330.42857142857144,285.53333333333336,358.31032041274744,430.19504264071185,98.55376535999366,240.93237730913492,0.0,0.0
2024-03-18,0.0,240.0,0.0,3,18,0,0,0.0,0.0,626.0,0.0,1683.0,1610.0,567.0,108.0,730.0,1,0,0,0,0,0,0,0.0,0.0,0.0,0.0,1210.0,960.0,0.0,0.0,236.42857142857142,285.53333333333336,0.0,430.19504264071185,73.91532401999524,225.3883529666101,0.0,0.0
2024-03-19,0.0,220.0,0.0,3,19,0,0,0.0,0.0,428.0,0.0,0.0,798.0,240.0,1088.0,306.0,0,1,0,0,0,0,0,0.0,0.0,0.0,758.0,0.0,0.0,0.0,0.0,236.42857142857142,264.6666666666667,0.0,428.2890848829623,55.43649301499643,210.84716890424818,0.0,0.0
2024-03-21,0.0,950.0,0.0,3,21,0,0,0.0,0.0,960.0,0.0,0.0,1242.0,220.0,320.0,360.0,0,0,0,1,0,0,0,0.0,0.0,0.0,0.0,0.0,0.0,0.0,0.0,182.28571428571428,250.4,0.0,429.7866030228621,41.577369761247326,197.2441257491354,0.0,0.0
2024-03-22,0.0,435.0,0.0,3,22,1,0,0.0,0.0,0.0,0.0,0.0,150.0,950.0,598.0,412.0,0,0,0,0,1,0,0,0.0,0.0,0.0,1066.0,0.0,0.0,0.0,0.0,182.28571428571428,218.4,0.0,410.4340511517384,31.183027320935494,184.51869828144928,0.0,0.0
2024-03-23,0.0,220.0,0.0,3,23,1,0,0.0,0.0,0.0,0.0,0.0,890.0,435.0,950.0,1154.0,0,0,0,0,0,1,0,0.0,0.0,0.0,38.0,70.0,0.0,0.0,0.0,106.14285714285714,218.4,0.0,410.4340511517384,23.38727049070162,172.614266134259,0.0,0.0
2024-03-24,0.0,70.0,0.0,3,24,0,0,0.0,0.0,0.0,0.0,0.0,154.0,220.0,400.0,2358.0,0,0,0,0,0,0,1,0.0,0.0,0.0,500.0,172.0,0.0,0.0,0.0,103.42857142857143,218.4,0.0,410.4340511517384,17.540452868026215,161.47786186753262,0.0,0.0
2024-03-25,0.0,290.0,0.0,3,25,0,0,0.0,0.0,0.0,0.0,0.0,1170.0,70.0,567.0,488.0,1,0,0,0,0,0,0,0.0,0.0,0.0,948.0,1316.0,474.0,0.0,0.0,67.71428571428571,218.4,0.0,410.4340511517384,13.155339651019661,151.05993529543375,0.0,0.0
2024-03-26,0.0,20.0,0.0,3,26,0,0,0.0,0.0,0.0,0.0,0.0,80.0,290.0,240.0,1762.0,0,1,0,0,0,0,0,0.0,0.0,0.0,0.0,0.0,1210.0,0.0,0.0,0.0,218.4,0.0,410.4340511517384,9.866504738264746,141.314133018309,0.0,0.0
2024-03-27,0.0,70.0,0.0,3,27,0,0,0.0,0.0,474.0,0.0,0.0,660.0,20.0,220.0,1456.0,0,0,1,0,0,0,0,0.0,0.0,0.0,0.0,758.0,0.0,0.0,0.0,0.0,218.4,0.0,410.4340511517384,7.39987855369856,132.1970921784181,0.0,0.0
2024-03-28,0.0,410.0,0.0,3,28,0,0,0.0,0.0,1210.0,0.0,0.0,1278.0,70.0,950.0,642.0,0,0,0,1,0,0,0,0.0,0.0,0.0,0.0,0.0,0.0,0.0,0.0,0.0,202.6,0.0,409.3773741705309,5.54990891527392,123.66824752174597,0.0,0.0
2024-03-29,0.0,220.0,47.0,3,29,1,0,0.0,0.0,0.0,0.0,0.0,1182.0,410.0,435.0,80.0,0,0,0,0,1,0,0,0.0,0.0,0.0,0.0,1066.0,0.0,0.0,0.0,0.0,162.26666666666668,0.0,363.76829811384596,4.16243168645544,115.68965090743978,0.0,0.0
2024-03-30,0.0,335.0,0.0,3,30,1,0,0.0,0.0,0.0,47.0,0.0,1078.0,220.0,220.0,37870.0,0,0,0,0,0,1,0,0.0,0.0,0.0,0.0,38.0,70.0,0.0,0.0,0.0,162.26666666666668,0.0,363.76829811384596,3.12182376484158,108.22580246179851,0.0,0.0
2024-03-31,0.0,100.0,0.0,3,31,0,0,0.0,0.0,0.0,0.0,0.0,250.0,335.0,70.0,0.0,0,0,0,0,0,0,1,0.0,0.0,0.0,0.0,500.0,172.0,0.0,0.0,0.0,162.26666666666668,0.0,363.76829811384596,2.341367823631185,101.24349262555344,0.0,0.0
2024-04-01,0.0,190.0,0.0,4,1,0,0,0.0,0.0,70.0,0.0,0.0,234.0,100.0,290.0,484.0,1,0,0,0,0,0,0,0.0,0.0,0.0,0.0,948.0,1316.0,0.0,0.0,0.0,162.26666666666668,0.0,363.76829811384596,1.7560258677233889,94.71165439164677,0.0,0.0
2024-04-02,0.0,520.0,0.0,4,2,0,0,0.0,0.0,172.0,0.0,0.0,348.6,190.0,20.0,280.0,0,1,0,0,0,0,0,0.0,0.0,0.0,0.0,0.0,0.0,0.0,0.0,0.0,159.93333333333334,0.0,364.6040775050844,1.3170194007925415,88.60122507605666,0.0,0.0
2024-04-03,0.0,115.0,0.0,4,3,0,0,0.0,0.0,1316.0,0.0,0.0,128.0,520.0,70.0,55200.0,0,0,1,0,0,0,0,0.0,0.0,0.0,0.0,0.0,758.0,0.0,0.0,0.0,154.2,0.0,365.758295920247,0.9877645505944062,82.88501700663366,0.0,0.0
2024-04-04,0.0,617.5,0.0,4,4,0,0,0.0,0.0,0.0,0.0,0.0,982.0,115.0,410.0,454.0,0,0,0,1,0,0,0,0.0,0.0,0.0,0.0,0.0,0.0,0.0,0.0,0.0,110.33333333333333,0.0,293.3671741190124,0.7408234129458047,77.53759655459278,0.0,0.0
2024-04-05,0.0,100.0,0.0,4,5,1,0,0.0,0.0,758.0,0.0,47.0,578.0,617.5,220.0,0.0,0,0,0,0,1,0,0,0.0,0.0,0.0,0.0,0.0,1066.0,0.0,0.0,0.0,110.33333333333333,0.0,293.3671741190124,0.5556175597093536,72.53517097042551,0.0,0.0
2024-04-06,0.0,332.0,0.0,4,6,1,0,0.0,0.0,0.0,0.0,0.0,692.0,100.0,335.0,308.0,0,0,0,0,0,1,0,0.0,0.0,0.0,0.0,0.0,38.0,0.0,0.0,0.0,85.06666666666666,0.0,267.1312390016842,0.41671316978201517,67.85548252072064,0.0,0.0
2024-04-07,0.0,807.5,0.0,4,7,0,0,0.0,0.0,1066.0,0.0,0.0,688.0,332.0,100.0,1800.0,0,0,0,0,0,0,1,0.0,0.0,0.0,0.0,0.0,500.0,0.0,0.0,0.0,85.06666666666666,0.0,267.1312390016842,0.31253487733651136,63.4777094548677,0.0,0.0
2024-04-08,0.0,450.0,0.0,4,8,0,1,0.0,0.0,38.0,0.0,0.0,2134.0,807.5,190.0,288.0,1,0,0,0,0,0,0,0.0,0.0,0.0,0.0,0.0,948.0,0.0,0.0,0.0,49.53333333333333,0.0,192.6710137520175,0.23440115800238354,59.38237336100527,0.0,0.0
2024-04-09,0.0,456.0,0.0,4,9,0,1,0.0,0.0,500.0,0.0,0.0,3666.0,450.0,520.0,816.0,0,1,0,0,0,0,0,0.0,0.0,0.0,0.0,0.0,0.0,0.0,0.0,0.0,48.266666666666666,0.0,192.8742547903161,0.17580086850178767,55.55125249900493,1.0,0.0
2024-04-10,758.0,548.5,602.0,4,10,0,1,0.0,0.0,948.0,0.0,0.0,3842.0,456.0,115.0,568.0,0,0,1,0,0,0,0,0.0,0.0,0.0,0.0,0.0,0.0,0.0,0.0,0.0,31.6,0.0,173.08032817163314,0.13185065137634075,51.967300724875585,1.0,0.0
2024-04-11,64.0,382.0,175.0,4,11,0,1,758.0,0.0,0.0,602.0,0.0,1683.0,548.5,617.5,108.0,0,0,0,1,0,0,0,0.0,0.0,0.0,0.0,0.0,0.0,252.66666666666666,108.28571428571429,54.142857142857146,25.266666666666666,286.49707054099423,138.3912328629728,189.59888798853225,97.51779745230297,1.0,0.0
2024-04-12,0.0,158.0,575.0,4,12,1,1,64.0,0.0,0.0,175.0,0.0,0.0,382.0,100.0,1088.0,0,0,0,0,1,0,0,758.0,0.0,0.0,0.0,0.0,0.0,274.0,117.42857142857143,58.714285714285715,27.4,283.47066699681477,138.48156854826001,158.19916599139918,95.3553589069931,1.0,0.0
2024-04-13,164.0,0.0,125.0,4,13,1,0,0.0,0.0,0.0,575.0,0.0,0.0,158.0,332.0,320.0,0,0,0,0,0,1,0,64.0,758.0,0.0,0.0,0.0,0.0,274.0,117.42857142857143,58.714285714285715,27.4,283.47066699681477,138.48156854826001,118.64937449354939,89.20340026783227,1.0,0.0
2024-04-14,122.0,214.0,335.0,4,14,0,0,164.0,0.0,0.0,125.0,0.0,0.0,0.0,807.5,598.0,0,0,0,0,0,0,1,0.0,64.0,0.0,0.0,0.0,0.0,76.0,140.85714285714286,70.42857142857143,32.86666666666667,278.887927652805,140.5836929115319,129.98703087016204,94.02898734732696,0.0,0.0
2024-04-15,125.0,220.0,875.0,4,15,0,0,122.0,0.0,0.0,335.0,0.0,0.0,214.0,450.0,950.0,1,0,0,0,0,0,0,164.0,0.0,0.0,0.0,0.0,0.0,95.33333333333333,158.28571428571428,79.14285714285714,36.93333333333333,272.35376154658013,141.36256474980885,127.99027315262154,95.83356880878975,0.0,1.0
2024-04-18,481.0,2174.0,1018.0,4,18,0,0,125.0,0.0,0.0,875.0,0.0,0.0,220.0,456.0,400.0,0,0,0,1,0,0,0,122.0,164.0,0.0,0.0,0.0,0.0,137.0,176.14285714285714,88.07142857142857,41.1,264.2223991081683,142.07680050374,127.24270486446616,97.71527404693235,0.0,1.0
2024-04-19,2835.0,527.0,1096.0,4,19,1,0,481.0,758.0,0.0,1018.0,602.0,0.0,2174.0,548.5,567.0,0,0,0,0,1,0,0,125.0,122.0,758.0,0.0,0.0,0.0,242.66666666666666,244.85714285714286,122.42857142857143,57.13333333333333,273.1729785144866,162.89402802993214,215.68202864834961,122.44332088261415,0.0,1.0
2024-04-20,602.0,835.0,498.0,4,20,1,0,2835.0,64.0,0.0,1096.0,175.0,0.0,527.0,382.0,240.0,0,0,0,0,0,1,0,481.0,125.0,64.0,0.0,0.0,0.0,1147.0,541.5714285714286,324.92857142857144,151.63333333333333,1022.8220531358093,532.2324798841935,870.5115214862622,297.44697759986485,0.0,1.0
2024-04-21,50.0,60.0,720.5,4,21,0,0,602.0,0.0,0.0,498.0,575.0,0.0,835.0,158.0,220.0,0,0,0,0,0,0,1,2835.0,481.0,0.0,0.0,0.0,0.0,1306.0,618.4285714285714,367.92857142857144,171.7,1000.9343729973604,537.6394221742509,803.3836411146966,317.0955596901961,0.0,1.0
2024-04-22,108.0,270.0,1203.5,4,22,0,0,50.0,164.0,0.0,720.5,125.0,0.0,60.0,0.0,950.0,1,0,0,0,0,0,0,602.0,2835.0,164.0,0.0,0.0,0.0,1162.3333333333333,625.5714285714286,371.5,173.36666666666667,995.9516148124962,537.1660940935108,615.0377308360224,299.8635880972803,0.0,0.0
2024-04-23,235.0,307.0,439.0,4,23,0,0,108.0,122.0,0.0,1203.5,335.0,0.0,270.0,214.0,435.0,0,1,0,0,0,0,0,50.0,602.0,122.0,0.0,0.0,0.0,253.33333333333334,617.5714285714286,379.2142857142857,176.96666666666667,1000.4916886449477,536.3253955250094,488.2782981270168,287.4852920910041,0.0,0.0
2024-04-24,197.0,696.5,114.0,4,24,0,0,235.0,125.0,0.0,439.0,875.0,0.0,307.0,220.0,220.0,0,0,1,0,0,0,0,108.0,50.0,125.0,0.0,0.0,0.0,131.0,633.7142857142857,396.0,184.8,992.0389297276785,535.3668674456993,424.9587235952626,284.09914421416516,0.0,0.0
2024-04-25,158.0,757.25,567.0,4,25,0,0,197.0,481.0,0.0,114.0,1018.0,0.0,696.5,2174.0,70.0,0,0,0,1,0,0,0,235.0,108.0,481.0,0.0,0.0,0.0,180.0,644.0,410.07142857142856,191.36666666666667,986.2416877554236,534.2289631398428,367.96904269644693,278.4798445874448,0.0,0.0
2024-04-26,0.0,310.0,307.0,4,26,1,0,158.0,2835.0,0.0,567.0,1096.0,0.0,757.25,527.0,290.0,0,0,0,0,1,0,0,197.0,235.0,2835.0,758.0,0.0,0.0,196.66666666666666,597.8571428571429,421.35714285714283,196.63333333333333,1002.5599613940684,533.0548579735445,315.4767820223352,270.7069513882548,0.0,0.0
2024-04-27,110.0,772.0,248.0,4,27,1,0,0.0,602.0,0.0,307.0,498.0,0.0,310.0,835.0,20.0,0,0,0,0,0,1,0,158.0,197.0,602.0,64.0,0.0,0.0,118.33333333333333,192.85714285714286,367.2142857142857,196.63333333333333,197.99362664105092,533.0548579735445,236.6075865167514,253.24198678256099,0.0,0.0
2024-04-28,32.0,338.0,302.0,4,28,0,0,110.0,50.0,0.0,248.0,720.5,0.0,772.0,60.0,70.0,0,0,0,0,0,0,1,0.0,158.0,50.0,0.0,0.0,0.0,89.33333333333333,122.57142857142857,370.5,200.3,81.74728770802564,532.0330006617106,204.95568988756355,244.0005682804603,0.0,0.0
2024-04-29,119.0,25.0,146.0,4,29,0,0,32.0,108.0,0.0,302.0,1203.5,0.0,338.0,270.0,410.0,1,0,0,0,0,0,0,110.0,0.0,108.0,164.0,0.0,0.0,47.333333333333336,120.0,372.7857142857143,201.36666666666667,84.64238496954705,531.6495140100541,161.71676741567268,230.3231122623661,0.0,0.0
2024-04-30,147.0,292.0,35.0,4,30,0,0,119.0,235.0,0.0,146.0,439.0,47.0,25.0,307.0,220.0,0,1,0,0,0,0,0,32.0,110.0,235.0,122.0,0.0,0.0,87.0,121.57142857142857,369.57142857142856,205.33333333333334,84.48443080011084,530.5380699612057,151.03757556175452,223.14097598737476,0.0,0.0
