Date,BreakFast,Dinner,Lunch,Month,Day,IsWeekend,IsHoliday,BreakFast_lag_1d,BreakFast_lag_1w,BreakFast_lag_1m,Lunch_lag_1d,Lunch_lag_1w,Lunch_lag_1m,Dinner_lag_1d,Dinner_lag_1w,Dinner_lag_1m,DayOfWeek_0,DayOfWeek_1,DayOfWeek_2,DayOfWeek_3,DayOfWeek_4,DayOfWeek_5,DayOfWeek_6,BreakFast_lag_2d,BreakFast_lag_3d,BreakFast_lag_7d,BreakFast_lag_14d,BreakFast_lag_21d,BreakFast_lag_28d,BreakFast_roll_mean_3,BreakFast_roll_mean_7,BreakFast_roll_mean_14,BreakFast_roll_mean_30,BreakFast_roll_std_7,BreakFast_roll_std_30,BreakFast_ema_7,BreakFast_ema_30,Holiday_Yesterday,Holiday_LastWeek
2023-03-02,209.0,12284.6,1678.0,3,2,0,0,245.0,120.0,472.0,2601.5,1881.0,1326.0,11212.3,15985.4,16218.25,0,0,0,1,0,0,0,102.5,80.0,120.0,35.0,0.0,200.0,142.5,246.64285714285714,290.4642857142857,208.05833333333334,250.84635308718927,287.7472676053898,232.23815422046482,262.5233453765454,0.0,0.0
2023-03-03,1206.0,11900.9,1911.25,3,3,1,0,209.0,35.0,216.0,1678.0,1353.0,2467.5,12284.6,16917.25,9263.0,0,0,0,0,1,0,0,245.0,102.5,35.0,1425.0,0.0,153.0,185.5,259.35714285714283,302.89285714285717,199.29166666666666,245.55731073853786,283.4021305505213,226.42861566534862,259.0702263199941,0.0,0.0
2023-03-04,348.0,8172.2,1701.75,3,4,1,0,1206.0,740.0,200.0,1911.25,1023.0,1961.25,11900.9,13359.4,11777.75,0,0,0,0,0,1,0,209.0,245.0,740.0,200.0,66.0,0.0,553.3333333333334,426.64285714285717,287.25,232.29166666666666,410.628655669746,337.8276830910156,471.32146174901146,320.1624697832203,0.0,0.0
2023-03-05,0.0,11364.6,740.0,3,5,0,0,348.0,404.0,153.0,1701.75,624.5,1316.0,8172.2,8232.0,18950.2,0,0,0,0,0,0,1,1206.0,209.0,404.0,70.0,220.0,100.0,587.6666666666666,370.64285714285717,297.82142857142856,237.225,386.8107541470499,338.41997443240194,440.4910963117586,321.95843947462544,0.0,0.0
2023-03-06,0.0,10306.15,1022.0,3,6,0,0,0.0,80.0,0.0,740.0,720.0,1237.0,11364.6,9634.5,7786.75,1,0,0,0,0,0,0,348.0,1206.0,80.0,152.5,435.0,105.0,518.0,312.92857142857144,292.82142857142856,232.125,410.4229960836572,340.8769544283462,330.36832223381896,301.18692725045605,0.0,0.0
2023-03-07,0.0,12351.4,856.0,3,7,0,0,0.0,102.5,100.0,1022.0,972.75,829.0,10306.15,7039.2,15599.5,0,1,0,0,0,0,0,0.0,348.0,102.5,414.5,53.0,0.0,116.0,301.5,281.92857142857144,232.125,419.014021245113,340.8769544283462,247.77624167536422,281.75551258913634,0.0,0.0
2023-03-08,20.0,7161.8,1987.0,3,8,0,0,0.0,245.0,105.0,856.0,2601.5,1413.0,12351.4,11212.3,14742.5,0,0,1,0,0,0,0,0.0,0.0,245.0,43.0,155.25,0.0,0.0,286.85714285714283,252.32142857142858,228.79166666666666,428.80392899763586,342.6975901435986,185.83218125652317,263.5777375833856,0.0,0.0
2023-03-09,0.0,8217.9,4404.5,3,9,0,0,20.0,209.0,0.0,1987.0,1678.0,773.5,7161.8,12284.6,14344.0,0,0,0,1,0,0,0,0.0,0.0,209.0,120.0,35.0,0.0,6.666666666666667,254.71428571428572,250.67857142857142,225.95833333333334,440.73148071727087,344.1048487175377,144.37413594239237,247.86304483607043,0.0,0.0
2023-03-10,754.0,6507.8,2050.0,3,10,1,0,0.0,1206.0,0.0,4404.5,1911.25,389.0,8217.9,11900.9,10748.0,0,0,0,0,1,0,0,20.0,0.0,1206.0,35.0,1425.0,0.0,6.666666666666667,224.85714285714286,242.10714285714286,225.95833333333334,451.29717798490924,344.1048487175377,108.28060195679427,231.87188065309815,0.0,0.0
2023-03-11,266.0,6813.6,848.0,3,11,1,0,754.0,348.0,0.0,2050.0,1701.75,1473.0,6507.8,8172.2,11124.85,0,0,0,0,0,1,0,0.0,20.0,348.0,740.0,200.0,66.0,258.0,160.28571428571428,293.4642857142857,251.09166666666667,291.59887647572447,354.4133842152685,269.7104514675957,265.5575657722531,0.0,0.0
2023-03-12,245.0,13621.0,308.0,3,12,0,0,266.0,0.0,0.0,848.0,740.0,625.0,6813.6,11364.6,9120.35,0,0,0,0,0,0,1,754.0,0.0,0.0,404.0,70.0,220.0,340.0,148.57142857142858,259.60714285714283,259.9583333333333,284.35825827223493,351.2280554154516,268.7828386006968,265.58610991597874,0.0,0.0
2023-03-13,192.75,10447.95,1639.0,3,13,0,0,245.0,0.0,66.0,308.0,1022.0,302.0,13621.0,10306.15,8513.45,1,0,0,0,0,0,0,266.0,754.0,0.0,80.0,152.5,435.0,421.6666666666667,183.57142857142858,248.25,268.125,278.03108767597513,347.8068153716449,262.8371289505226,264.25797379236724,0.0,0.0
2023-03-14,695.0,13476.15,854.5,3,14,0,0,192.75,0.0,220.0,1639.0,856.0,194.0,10447.95,12351.4,7517.85,0,1,0,0,0,0,0,245.0,266.0,0.0,102.5,414.5,53.0,234.58333333333334,211.10714285714286,256.30357142857144,272.35,266.109620940587,346.0321491940627,245.31534671289194,259.64455612834354,0.0,0.0
2023-03-15,405.0,14442.9,792.0,3,15,0,0,695.0,20.0,435.0,854.5,1987.0,685.0,13476.15,7161.8,7458.25,0,0,1,0,0,0,0,192.75,245.0,20.0,245.0,43.0,155.25,377.5833333333333,310.39285714285717,298.625,288.18333333333334,301.5151964503219,354.322124367209,357.736510034669,287.7320041200633,0.0,0.0
2023-03-16,548.0,13983.1,798.0,3,16,0,0,405.0,0.0,53.0,792.0,4404.5,1150.0,14442.9,8217.9,9437.5,0,0,0,1,0,0,0,695.0,192.75,0.0,209.0,120.0,35.0,430.9166666666667,365.39285714285717,310.05357142857144,287.18333333333334,273.53122373349424,353.93560035040593,369.55238252600174,295.2976812736076,0.0,0.0
2023-03-17,608.0,12903.1,2569.0,3,17,1,0,548.0,754.0,155.25,798.0,2050.0,1065.0,13983.1,6507.8,10877.45,0,0,0,0,1,0,0,405.0,695.0,754.0,1206.0,35.0,1425.0,549.3333333333334,443.67857142857144,334.26785714285717,303.68333333333334,225.77600968131907,354.179862093603,414.1642868945013,311.6010566753104,0.0,0.0
2023-03-18,742.0,11557.5,736.0,3,18,1,0,608.0,266.0,35.0,2569.0,848.0,1046.0,12903.1,6813.6,11871.0,0,0,0,0,0,1,0,548.0,405.0,266.0,348.0,740.0,200.0,520.3333333333334,422.82142857142856,291.55357142857144,318.775,197.27554303803703,357.26939964460115,462.62321517087594,330.7235691478711,0.0,0.0
2023-03-19,5.0,9148.6,1721.5,3,19,0,0,742.0,245.0,1425.0,736.0,308.0,1507.0,11557.5,13621.0,17790.45,0,0,0,0,0,0,1,608.0,548.0,245.0,0.0,404.0,70.0,632.6666666666666,490.82142857142856,319.69642857142856,342.34166666666664,215.41426727962812,361.20157761219724,532.467411378157,357.25753242865363,0.0,0.0
2023-03-20,0.0,8455.95,1262.0,3,20,0,0,5.0,192.75,200.0,1721.5,1639.0,2039.0,9148.6,10447.95,9475.45,1,0,0,0,0,0,0,742.0,608.0,192.75,0.0,80.0,152.5,451.6666666666667,456.5357142857143,320.05357142857144,295.0083333333333,272.57584680581067,302.74421947935,400.6005585336177,334.5312400139018,0.0,0.0
2023-03-21,172.0,8020.55,1957.5,3,21,0,0,0.0,695.0,70.0,1262.0,854.5,2627.0,8455.95,13476.15,11197.5,0,1,0,0,0,0,0,5.0,742.0,695.0,0.0,102.5,414.5,249.0,429.0,320.05357142857144,288.34166666666664,310.7303225199198,307.0795589608809,300.45041890021326,312.94857936784365,0.0,0.0
2023-03-22,215.0,5713.65,779.5,3,22,0,0,172.0,405.0,152.5,1957.5,792.0,1691.75,8020.55,14442.9,12545.2,0,0,1,0,0,0,0,0.0,5.0,405.0,20.0,245.0,43.0,59.0,354.2857142857143,332.3392857142857,291.7416666666667,298.75782516151463,305.1372393562509,268.33781417515996,303.85512263443445,0.0,0.0
2023-03-23,0.0,9503.0,1192.0,3,23,0,0,215.0,548.0,414.5,779.5,798.0,2569.5,5713.65,13983.1,17937.3,0,0,0,1,0,0,0,172.0,0.0,548.0,0.0,209.0,120.0,129.0,327.14285714285717,346.26785714285717,293.825,301.9958214785036,304.36616693973417,255.00336063136996,298.1225340773742,0.0,0.0
2023-03-24,398.0,7320.0,460.0,3,24,1,0,0.0,608.0,43.0,1192.0,2569.0,2447.25,9503.0,12903.1,15100.7,0,0,0,0,1,0,0,215.0,172.0,608.0,754.0,1206.0,35.0,129.0,248.85714285714286,346.26785714285717,280.0083333333333,306.2006034020991,308.0846172623328,191.25252047352745,278.8888222014146,0.0,0.0
2023-03-25,0.0,5839.0,412.0,3,25,1,0,398.0,742.0,120.0,460.0,736.0,1881.0,7320.0,11557.5,15985.4,0,0,0,0,0,1,0,0.0,215.0,742.0,266.0,348.0,740.0,204.33333333333334,218.85714285714286,320.8392857142857,291.84166666666664,273.71300576298813,305.4739709221057,242.93939035514558,286.5734143174524,0.0,0.0
2023-03-26,82.0,3396.0,1401.0,3,26,0,0,0.0,5.0,35.0,412.0,1721.5,1353.0,5839.0,9148.6,16917.25,0,0,0,0,0,0,1,398.0,0.0,5.0,245.0,0.0,404.0,132.66666666666666,112.85714285714286,301.8392857142857,287.84166666666664,155.49965548882386,308.5716850943294,182.20454276635917,268.0848069421329,0.0,0.0
2023-03-27,121.0,4194.0,661.5,3,27,0,0,82.0,0.0,740.0,1401.0,1262.0,1023.0,3396.0,8455.95,13359.4,1,0,0,0,0,0,0,0.0,398.0,0.0,192.75,0.0,80.0,160.0,123.85714285714286,290.19642857142856,289.40833333333336,149.1938655703028,307.3606390352559,157.15340707476938,256.07933552651144,0.0,0.0
2023-03-28,469.5,4052.0,600.0,3,28,0,0,121.0,172.0,404.0,661.5,1957.5,624.5,4194.0,8020.55,8232.0,0,1,0,0,0,0,0,82.0,0.0,172.0,695.0,0.0,102.5,67.66666666666667,141.14285714285714,285.07142857142856,268.775,139.12156383468948,296.6597257598863,148.11505530607704,247.36453968609138,0.0,0.0
2023-03-29,0.0,4488.8,1588.0,3,29,0,0,469.5,215.0,80.0,600.0,779.5,720.0,4052.0,5713.65,9634.5,0,0,1,0,0,0,0,121.0,82.0,215.0,405.0,20.0,245.0,224.16666666666666,183.64285714285714,268.9642857142857,270.9583333333333,187.23931083992375,297.9275837964346,228.4612914795578,261.6958597063436,0.0,0.0
2023-03-30,30.0,3904.7,451.0,3,30,0,0,0.0,0.0,102.5,1588.0,1192.0,972.75,4488.8,9503.0,7039.2,0,0,0,1,0,0,0,469.5,121.0,0.0,548.0,0.0,209.0,196.83333333333334,152.92857142857142,240.03571428571428,268.2916666666667,198.5317834695974,300.0462326684101,171.34596860966835,244.81225585432142,0.0,0.0
2023-03-31,368.0,4203.6,962.5,3,31,1,0,30.0,398.0,245.0,451.0,460.0,2601.5,3904.7,7320.0,11212.3,0,0,0,0,1,0,0,0.0,469.5,398.0,608.0,754.0,1206.0,166.5,157.21428571428572,203.03571428571428,265.875,194.97218971408415,301.71494561120494,136.00947645725125,230.9534006379136,0.0,0.0
2023-04-01,688.0,6594.6,720.0,4,1,1,0,368.0,0.0,209.0,962.5,412.0,1678.0,4203.6,5839.0,12284.6,0,0,0,0,0,1,0,30.0,0.0,0.0,742.0,266.0,348.0,132.66666666666666,152.92857142857142,185.89285714285714,269.975,189.0366870414817,302.2567299812619,194.00710734293844,239.79511672579017,0.0,0.0
2023-04-02,96.0,3661.6,1703.0,4,2,0,0,688.0,82.0,1206.0,720.0,1401.0,1911.25,6594.6,3396.0,11900.9,0,0,0,0,0,0,1,368.0,30.0,82.0,5.0,245.0,0.0,362.0,251.21428571428572,182.03571428571428,285.94166666666666,261.31173228267323,311.43680990867455,317.50533050720384,268.7115608079973,0.0,0.0
2023-04-03,0.0,7091.2,2638.0,4,3,0,0,96.0,121.0,348.0,1703.0,661.5,1701.75,3661.6,4194.0,8172.2,1,0,0,0,0,0,0,688.0,368.0,121.0,0.0,192.75,0.0,384.0,253.21428571428572,188.53571428571428,248.94166666666666,259.8502544965173,260.05929101255725,262.1289978804029,257.5688794655459,0.0,0.0
2023-04-04,0.0,3268.5,1967.0,4,4,0,0,0.0,469.5,0.0,2638.0,600.0,740.0,7091.2,4052.0,11364.6,0,1,0,0,0,0,0,96.0,688.0,469.5,172.0,695.0,0.0,261.3333333333333,235.92857142857142,188.53571428571428,237.34166666666667,273.7633449671798,263.23038358433087,196.59674841030215,240.9515324032526,0.0,0.0
2023-04-05,531.0,3796.0,1336.5,4,5,0,0,0.0,0.0,0.0,1967.0,1588.0,1022.0,3268.5,4488.8,10306.15,0,0,1,0,0,0,0,0.0,96.0,0.0,215.0,405.0,20.0,32.0,168.85714285714286,176.25,237.34166666666667,264.3529386832615,263.23038358433087,147.44756130772663,225.40627224820406,0.0,0.0
2023-04-06,94.0,6357.25,265.0,4,6,0,0,531.0,30.0,0.0,1336.5,451.0,856.0,3796.0,3904.7,12351.4,0,0,0,1,0,0,0,0.0,0.0,30.0,0.0,548.0,0.0,177.0,244.71428571428572,198.82142857142858,255.04166666666666,283.32826325995933,264.57006505784545,243.335670980795,245.12199661928767,0.0,0.0
2023-04-07,586.0,5830.0,1002.0,4,7,1,0,94.0,368.0,20.0,265.0,962.5,1987.0,6357.25,4203.6,7161.8,0,0,0,0,1,0,0,531.0,0.0,368.0,398.0,608.0,754.0,208.33333333333334,253.85714285714286,205.53571428571428,258.175,276.1873932504455,261.9894637095689,206.00175323559625,235.37219038578525,0.0,0.0
2023-04-08,660.0,5603.25,1303.0,4,8,1,0,586.0,688.0,0.0,1002.0,720.0,4404.5,5830.0,6594.6,8217.9,0,0,0,0,0,1,0,94.0,531.0,688.0,0.0,742.0,266.0,403.6666666666667,285.0,218.96428571428572,277.0416666666667,302.2631304013112,264.61287666537766,301.0013149266972,257.9933393931539,0.0,0.0
2023-04-09,0.0,7051.0,440.0,4,9,0,0,660.0,96.0,754.0,1303.0,1703.0,2050.0,5603.25,3661.6,6507.8,0,0,0,0,0,0,1,586.0,94.0,96.0,82.0,5.0,245.0,446.6666666666667,281.0,266.10714285714283,299.0416666666667,296.1649315274628,268.19731930676204,390.7509861950229,283.9292529806924,0.0,0.0
2023-04-10,115.0,3938.0,868.0,4,10,0,0,0.0,0.0,266.0,440.0,2638.0,848.0,7051.0,7091.2,6813.6,1,0,0,0,0,0,0,660.0,586.0,0.0,121.0,0.0,192.75,415.3333333333333,267.2857142857143,260.25,273.90833333333336,308.1399651055315,259.2730261391132,293.06323964626716,265.6112366593574,0.0,0.0
2023-04-11,7.5,2882.5,1408.5,4,11,0,0,115.0,0.0,245.0,868.0,1967.0,308.0,3938.0,3268.5,13621.0,0,1,0,0,0,0,0,0.0,660.0,0.0,469.5,172.0,695.0,258.3333333333333,283.7142857142857,259.82142857142856,268.875,294.2678566010421,260.8924896653659,248.54742973470036,255.89438268133435,0.0,0.0
2023-04-12,0.0,6040.0,1083.0,4,12,0,0,7.5,531.0,192.75,1408.5,1336.5,1639.0,2882.5,3796.0,10447.95,0,0,1,0,0,0,0,115.0,0.0,531.0,0.0,215.0,405.0,40.833333333333336,284.7857142857143,226.82142857142858,260.9583333333333,293.0739180284924,265.2096444920681,188.28557230102527,239.86893863737728,0.0,0.0
2023-04-13,210.0,3937.5,744.0,4,13,0,0,0.0,94.0,695.0,1083.0,265.0,854.5,6040.0,6357.25,13476.15,0,0,0,1,0,0,0,7.5,115.0,94.0,30.0,0.0,548.0,40.833333333333336,208.92857142857142,226.82142857142858,254.53333333333333,287.38917118479907,269.22346612552855,141.21417922576896,224.39352324141748,0.0,0.0
2023-04-14,564.0,5588.0,1042.0,4,14,1,0,210.0,586.0,405.0,744.0,1002.0,792.0,3937.5,5830.0,14442.9,0,0,0,0,1,0,0,0.0,7.5,586.0,368.0,398.0,608.0,72.5,225.5,239.67857142857142,238.36666666666667,282.9680488441526,256.10399737462967,158.41063441932673,223.4649088387454,0.0,0.0
2023-04-15,0.0,3390.0,797.0,4,15,1,0,564.0,660.0,548.0,1042.0,1303.0,798.0,5588.0,5603.25,13983.1,0,0,0,0,0,1,0,210.0,0.0,660.0,688.0,0.0,742.0,258.0,222.35714285714286,253.67857142857142,243.66666666666666,278.3817394462914,261.26457502103017,259.8079758144951,245.43491472011667,0.0,0.0
2023-04-16,203.0,3232.0,1869.75,4,16,0,0,0.0,0.0,608.0,797.0,440.0,2569.0,3390.0,7051.0,12903.1,0,0,0,0,0,0,1,564.0,210.0,0.0,96.0,82.0,5.0,258.0,128.07142857142858,204.53571428571428,225.4,208.43112942717016,258.3942923998662,194.8559818608713,229.60040409301237,0.0,0.0
2023-04-17,208.5,5307.3,729.0,4,17,0,0,203.0,115.0,742.0,1869.75,868.0,736.0,3232.0,3938.0,11557.5,1,0,0,0,0,0,0,0.0,564.0,115.0,0.0,121.0,0.0,255.66666666666666,157.07142857142858,212.17857142857142,211.9,201.65408264555194,248.09009764947106,196.89198639565348,227.88424899023738,0.0,0.0
2023-04-18,0.0,5515.25,860.5,4,18,0,0,208.5,7.5,5.0,729.0,1408.5,1721.5,5307.3,2882.5,9148.6,0,1,0,0,0,0,0,203.0,0.0,7.5,0.0,469.5,172.0,137.16666666666666,170.42857142857142,227.07142857142858,194.11666666666667,201.49946827296037,227.00678568520013,199.7939897967401,226.6336522811898,0.0,0.0
2023-04-19,105.0,6572.0,936.0,4,19,0,0,0.0,0.0,0.0,860.5,1083.0,1262.0,5515.25,6040.0,8455.95,0,0,1,0,0,0,0,208.5,203.0,0.0,531.0,0.0,215.0,137.16666666666666,169.35714285714286,227.07142857142858,193.95,202.52751135868655,227.15221047601074,149.84549234755508,212.01212632756466,0.0,0.0
2023-04-20,0.0,7882.5,827.0,4,20,0,1,105.0,210.0,172.0,936.0,744.0,1957.5,6572.0,3937.5,8020.55,0,0,0,1,0,0,0,0.0,208.5,210.0,94.0,30.0,0.0,104.5,184.35714285714286,196.64285714285714,197.45,191.48078978618955,224.8580912640159,138.6341192606663,205.1081181773992,0.0,0.0
2023-04-21,204.0,5000.4,662.0,4,21,1,1,0.0,564.0,215.0,827.0,1042.0,779.5,7882.5,5588.0,5713.65,0,0,0,0,1,0,0,105.0,0.0,564.0,586.0,368.0,398.0,35.0,154.35714285714286,189.92857142857142,191.71666666666667,202.903654124668,227.70415937220437,103.97558944549972,191.87533635950248,1.0,0.0
2023-04-22,0.0,11460.2,560.0,4,22,1,1,204.0,0.0,0.0,662.0,797.0,1192.0,5000.4,3390.0,9503.0,0,0,0,0,0,1,0,0.0,105.0,0.0,660.0,688.0,0.0,103.0,102.92857142857143,162.64285714285714,191.35,102.60134362807226,227.67422847205341,128.9816920841248,192.65757272340556,1.0,0.0
2023-04-23,423.0,4864.25,1315.0,4,23,0,1,0.0,203.0,398.0,560.0,1869.75,460.0,11460.2,3232.0,7320.0,0,0,0,0,0,0,1,204.0,0.0,203.0,0.0,96.0,82.0,68.0,102.92857142857143,115.5,191.35,102.60134362807226,227.67422847205341,96.7362690630936,180.2280519025407,1.0,0.0
2023-04-24,133.5,8882.4,2245.5,4,24,0,0,423.0,208.5,0.0,1315.0,729.0,412.0,4864.25,5307.3,5839.0,1,0,0,0,0,0,0,0.0,204.0,208.5,115.0,0.0,121.0,209.0,134.35714285714286,145.71428571428572,192.18333333333334,157.41630429260783,228.50094255194307,178.3022017973202,195.89075823140905,1.0,0.0
2023-04-25,0.0,5917.8,1013.5,4,25,0,0,133.5,0.0,82.0,2245.5,860.5,1401.0,8882.4,5515.25,3396.0,0,1,0,0,0,0,0,423.0,0.0,0.0,7.5,0.0,469.5,185.5,123.64285714285714,147.03571428571428,196.63333333333333,154.04510007508483,225.91446097618643,167.10165134799016,191.86554802293108,0.0,0.0
2023-04-26,0.0,12199.9,1357.0,4,26,0,0,0.0,105.0,121.0,1013.5,936.0,661.5,5917.8,6572.0,4194.0,0,0,1,0,0,0,0,133.5,423.0,105.0,0.0,531.0,0.0,185.5,123.64285714285714,146.5,193.9,154.04510007508483,227.83710908423592,125.32623851099262,179.48712556983875,0.0,0.0
2023-04-27,0.0,12051.95,4138.0,4,27,0,0,0.0,0.0,469.5,1357.0,827.0,600.0,12199.9,7882.5,4052.0,0,0,0,1,0,0,0,0.0,133.5,0.0,210.0,94.0,30.0,44.5,108.64285714285714,146.5,189.86666666666667,161.11298165307133,230.2305790728717,93.99467888324446,167.90731101694595,0.0,1.0
2023-04-28,214.0,6785.65,1406.25,4,28,1,0,0.0,204.0,0.0,4138.0,662.0,1588.0,12051.95,5000.4,4488.8,0,0,0,0,1,0,0,0.0,0.0,204.0,564.0,586.0,368.0,0.0,108.64285714285714,131.5,174.21666666666667,161.11298165307133,226.49384110273553,70.49600916243335,157.0745812739172,0.0,1.0
2023-04-29,126.0,7226.15,1489.5,4,29,1,0,214.0,0.0,30.0,1406.25,560.0,451.0,6785.65,11460.2,3904.7,0,0,0,0,0,1,0,0.0,0.0,0.0,0.0,660.0,688.0,71.33333333333333,110.07142857142857,106.5,181.35,162.14048141746022,224.17581423885832,106.37200687182502,160.7471889336645,0.0,1.0
2023-04-30,588.0,8114.8,1605.0,4,30,0,0,126.0,423.0,368.0,1489.5,1315.0,962.5,7226.15,4864.25,4203.6,0,0,0,0,0,0,1,214.0,0.0,423.0,203.0,0.0,96.0,113.33333333333333,128.07142857142858,115.5,184.55,154.70790449839907,222.62065113179588,111.27900515386877,158.50543480891196,0.0,1.0
2023-05-01,425.0,9728.9,460.0,5,1,0,0,588.0,133.5,688.0,1605.0,2245.5,720.0,8114.8,8882.4,6594.6,1,0,0,0,0,0,0,126.0,214.0,133.5,208.5,115.0,0.0,309.3333333333333,151.64285714285714,143.0,191.88333333333333,209.86875150232086,232.28574419026006,230.4592538654016,186.21476159543377,0.0,0.0
2023-05-02,0.0,11612.25,1886.5,5,2,0,0,425.0,0.0,96.0,460.0,1013.5,1703.0,9728.9,5917.8,3661.6,0,1,0,0,0,0,0,588.0,126.0,0.0,0.0,7.5,0.0,379.6666666666667,193.28571428571428,158.46428571428572,183.11666666666667,233.28288570296968,217.4023238199141,279.0944403990512,201.62026084734126,0.0,0.0
2023-05-03,30.0,8939.0,1089.0,5,3,0,0,0.0,0.0,0.0,1886.5,1357.0,2638.0,11612.25,12199.9,7091.2,0,0,1,0,0,0,0,425.0,588.0,0.0,105.0,0.0,531.0,337.6666666666667,193.28571428571428,158.46428571428572,179.91666666666666,233.28288570296968,219.42593925079117,209.32083029928842,188.61250208299668,0.0,0.0
2023-05-04,564.5,15721.7,1766.5,5,4,0,0,30.0,0.0,0.0,1089.0,4138.0,1967.0,8939.0,12051.95,3268.5,0,0,0,1,0,0,0,0.0,425.0,0.0,0.0,210.0,94.0,151.66666666666666,197.57142857142858,153.10714285714286,180.91666666666666,229.3831272077768,218.64469222183638,164.4906227244663,178.37943743248078,0.0,0.0
2023-05-05,192.0,11740.09,3643.71,5,5,1,0,564.5,214.0,531.0,1766.5,1406.25,1336.5,15721.7,6785.65,3796.0,0,0,0,0,1,0,0,30.0,0.0,214.0,204.0,564.0,586.0,198.16666666666666,278.2142857142857,193.42857142857142,199.73333333333332,246.90717843332303,226.68091402147016,264.4929670433497,203.29044146909496,0.0,0.0
2023-05-06,108.0,5682.7,1801.0,5,6,1,0,192.0,126.0,94.0,3643.71,1489.5,265.0,11740.09,7226.15,6357.25,0,0,0,0,0,1,0,564.5,30.0,126.0,0.0,0.0,660.0,262.1666666666667,275.07142857142856,192.57142857142858,188.43333333333334,247.99839189186778,217.87645713732496,246.3697252825123,202.56202589044366,0.0,0.0
2023-05-07,242.0,11943.3,312.0,5,7,0,0,108.0,588.0,586.0,1801.0,1605.0,1002.0,5682.7,8114.8,5830.0,0,0,0,0,0,0,1,192.0,564.5,588.0,423.0,203.0,0.0,288.1666666666667,272.5,200.28571428571428,188.9,249.8878081593152,217.68212351167395,211.77729396188423,196.4612500265441,0.0,0.0
2023-05-08,174.25,5575.3,952.5,5,8,0,0,242.0,425.0,660.0,312.0,460.0,1303.0,11943.3,9728.9,5603.25,1,0,0,0,0,0,0,108.0,192.0,425.0,133.5,208.5,115.0,180.66666666666666,223.07142857142858,187.35714285714286,177.43333333333334,207.74632539297963,204.71732964620074,219.33297047141318,199.39923389579934,0.0,0.0
2023-05-09,0.0,13656.5,682.25,5,9,0,0,174.25,0.0,0.0,952.5,1886.5,440.0,5575.3,11612.25,7051.0,0,1,0,0,0,0,0,242.0,108.0,0.0,0.0,0.0,7.5,174.75,187.25,190.26785714285714,161.24166666666667,187.78417354328187,183.32567689080332,208.06222785355988,197.77670267671553,0.0,0.0
2023-05-10,652.0,13639.15,2875.5,5,10,0,0,0.0,30.0,115.0,682.25,1089.0,868.0,13656.5,8939.0,3938.0,0,0,1,0,0,0,0,174.25,242.0,30.0,0.0,105.0,0.0,138.75,187.25,190.26785714285714,161.24166666666667,187.78417354328187,183.32567689080332,156.0466708901699,185.01691540725002,0.0,0.0
2023-05-11,385.0,11604.5,3276.5,5,11,0,0,652.0,564.5,7.5,2875.5,1766.5,1408.5,13639.15,15721.7,2882.5,0,0,0,1,0,0,0,0.0,174.25,564.5,0.0,0.0,210.0,275.4166666666667,276.10714285714283,236.83928571428572,179.14166666666668,240.68417485121364,203.73528805922322,280.03500316762745,215.14485634871778,0.0,0.0
2023-05-12,1337.0,9345.9,2462.0,5,12,1,0,385.0,192.0,0.0,3276.5,3643.71,1083.0,11604.5,11740.09,6040.0,0,0,0,0,1,0,0,652.0,0.0,192.0,214.0,204.0,564.0,345.6666666666667,250.46428571428572,264.3392857142857,191.725,212.78218658659256,204.42522819459867,306.27625237572056,226.10325271331666,0.0,0.0
2023-05-13,75.0,8155.6,1542.45,5,13,1,0,1337.0,108.0,210.0,2462.0,1801.0,744.0,9345.9,5682.7,3937.5,0,0,0,0,0,1,0,385.0,652.0,108.0,126.0,0.0,0.0,791.3333333333334,414.0357142857143,344.55357142857144,236.29166666666666,458.5320878578053,289.3042343526409,563.9571892817904,297.7740106027801,0.0,0.0
2023-05-14,895.2,7485.55,839.0,5,14,0,0,75.0,242.0,564.0,1542.45,312.0,1042.0,8155.6,11943.3,5588.0,0,0,0,0,0,0,1,1337.0,385.0,242.0,588.0,423.0,203.0,599.0,409.32142857142856,340.9107142857143,231.79166666666666,462.3566154830624,290.773493456894,441.71789196134284,283.4014937896975,0.0,0.0
2023-05-15,639.8,8010.45,1680.0,5,15,0,0,895.2,174.25,0.0,839.0,952.5,797.0,7485.55,5575.3,3390.0,1,0,0,0,0,0,0,75.0,1337.0,174.25,425.0,133.5,208.5,769.0666666666666,502.63571428571424,362.8535714285714,242.83166666666665,488.1547694415895,309.5056850024738,555.0884189710071,322.8723651581041,0.0,0.0
2023-05-16,701.0,10605.9,1929.25,5,16,0,0,639.8,0.0,203.0,1680.0,682.25,1869.75,8010.45,13656.5,3232.0,0,1,0,0,0,0,0,895.2,75.0,0.0,0.0,0.0,0.0,536.6666666666666,569.1428571428571,378.19642857142856,264.15833333333336,467.22316886452614,314.20348888604155,576.2663142282553,343.31930934145225,0.0,0.0
2023-05-17,265.0,12520.7,687.75,5,17,0,0,701.0,652.0,208.5,1929.25,2875.5,729.0,10605.9,13639.15,5307.3,0,0,1,0,0,0,0,639.8,895.2,652.0,30.0,0.0,105.0,745.3333333333334,669.2857142857143,428.26785714285717,280.7583333333333,394.34492274560614,323.8675037949435,607.4497356711914,366.39548293232633,0.0,0.0
2023-05-18,0.0,14779.3,1174.5,5,18,0,0,265.0,385.0,0.0,687.75,3276.5,860.5,12520.7,11604.5,5515.25,0,0,0,1,0,0,0,701.0,639.8,385.0,564.5,0.0,0.0,535.2666666666667,614.0,445.05357142857144,282.64166666666665,423.24147559834756,323.5969870291869,521.8373017533936,359.8538388721763,0.0,0.0
2023-05-19,787.0,7897.15,3121.25,5,19,1,0,0.0,1337.0,105.0,1174.5,2462.0,936.0,14779.3,9345.9,6572.0,0,0,0,0,1,0,0,265.0,701.0,1337.0,192.0,214.0,204.0,322.0,559.0,404.73214285714283,282.64166666666665,479.2668150414756,323.5969870291869,391.3779763150452,336.6374621707456,0.0,0.0
2023-05-20,60.0,9793.35,1025.0,5,20,1,0,787.0,75.0,0.0,3121.25,1542.45,827.0,7897.15,8155.6,7882.5,0,0,0,0,0,1,0,0.0,265.0,75.0,108.0,126.0,0.0,350.6666666666667,480.42857142857144,447.23214285714283,305.375,360.93992904769124,334.46054990036583,490.28348223628393,365.69310977263297,0.0,0.0
2023-05-21,107.5,9067.4,1338.0,5,21,0,0,60.0,895.2,204.0,1025.0,839.0,662.0,9793.35,7485.55,5000.4,0,0,0,0,0,0,1,787.0,0.0,895.2,242.0,588.0,423.0,282.3333333333333,478.2857142857143,443.80357142857144,307.375,363.7814152691669,332.7465082461421,382.712611677213,345.9709736582696,0.0,0.0
2023-05-22,347.0,6965.2,1326.75,5,22,0,0,107.5,639.8,0.0,1338.0,1680.0,560.0,9067.4,8010.45,11460.2,1,0,0,0,0,0,0,60.0,787.0,639.8,174.25,425.0,133.5,318.1666666666667,365.75714285714287,434.19642857142856,304.15833333333336,333.9279555889407,334.24336273381573,313.90945875790976,330.5857495512845,0.0,0.0
2023-05-23,449.0,10548.85,864.0,5,23,0,0,347.0,701.0,423.0,1326.75,1929.25,1315.0,6965.2,10605.9,4864.25,0,1,0,0,0,0,0,107.5,60.0,701.0,0.0,0.0,0.0,171.5,323.92857142857144,446.5357142857143,315.725,311.462200565257,329.32269175039255,322.1820940684323,331.6447334512016,0.0,0.0
2023-05-24,355.0,11244.1,3313.0,5,24,0,0,449.0,265.0,133.5,864.0,687.75,2245.5,10548.85,12520.7,8882.4,0,0,1,0,0,0,0,347.0,107.5,265.0,652.0,30.0,0.0,301.1666666666667,287.92857142857144,478.60714285714283,316.59166666666664,272.7759197234103,329.64878857273413,353.8865705513242,339.21604097047896,0.0,0.0
2023-05-25,206.5,9815.25,2187.5,5,25,0,0,355.0,0.0,0.0,3313.0,1174.5,1013.5,11244.1,14779.3,5917.8,0,0,0,1,0,0,0,449.0,347.0,0.0,385.0,564.5,0.0,383.6666666666667,300.7857142857143,457.39285714285717,323.975,273.634771356343,327.88237082043236,354.16492791349316,340.2343609078674,0.0,0.0
2023-05-26,1231.0,11196.65,1989.0,5,26,1,0,206.5,787.0,0.0,2187.5,3121.25,1357.0,9815.25,7897.15,12199.9,0,0,0,0,1,0,0,355.0,449.0,787.0,1337.0,192.0,214.0,336.8333333333333,330.2857142857143,444.64285714285717,330.85833333333335,245.48656737570136,322.97740875499613,317.2486959351199,331.6063376234889,0.0,0.0
2023-05-27,319.0,7775.95,3410.5,5,27,1,0,1231.0,60.0,0.0,1989.0,1025.0,4138.0,11196.65,9793.35,12051.95,0,0,0,0,0,1,0,206.5,355.0,60.0,75.0,108.0,126.0,597.5,393.7142857142857,437.07142857142856,371.89166666666665,394.99323381787787,356.0023992759456,545.68652195134,389.6317351961671,0.0,0.0
2023-05-28,0.0,5709.25,1498.0,5,28,0,0,319.0,107.5,214.0,3410.5,1338.0,1406.25,7775.95,9067.4,6785.65,0,0,0,0,0,0,1,1231.0,206.5,107.5,895.2,242.0,588.0,585.5,430.7142857142857,454.5,382.525,369.85400916474873,349.2107171277773,489.01489146350497,385.0748490544789,0.0,0.0
2023-05-29,545.0,5109.25,1228.5,5,29,0,0,0.0,347.0,126.0,1498.0,1326.75,1489.5,5709.25,6965.2,7226.15,1,0,0,0,0,0,0,319.0,1231.0,347.0,639.8,174.25,425.0,516.6666666666666,415.35714285714283,390.5571428571429,375.39166666666665,387.3302546800032,354.91105201438,366.76116859762874,360.23131040580284,0.0,0.0
2023-05-30,100.0,7851.4,1618.75,5,30,0,0,545.0,449.0,588.0,1228.5,864.0,1605.0,5109.25,10548.85,8114.8,0,1,0,0,0,0,0,0.0,319.0,449.0,701.0,0.0,0.0,288.0,443.64285714285717,383.7857142857143,389.35833333333335,388.7334899265513,352.9976331080493,411.32087644822155,372.15187102478336,0.0,0.0
2023-05-31,409.5,11576.6,2911.75,5,31,0,0,100.0,355.0,425.0,1618.75,3313.0,460.0,7851.4,11244.1,9728.9,0,0,1,0,0,0,0,545.0,0.0,355.0,265.0,652.0,30.0,215.0,393.7857142857143,340.85714285714283,373.09166666666664,409.74462139472274,354.7677307379977,333.4906573361662,354.593685797378,0.0,0.0
2023-06-01,42.5,11265.4,2888.25,6,1,0,0,409.5,206.5,0.0,2911.75,2187.5,1886.5,11576.6,9815.25,11612.25,0,0,0,1,0,0,0,100.0,545.0,206.5,0.0,385.0,564.5,351.5,401.57142857142856,351.17857142857144,372.575,409.4024536414248,354.7008075659414,352.49299300212465,358.1360286491601,0.0,0.0
2023-06-02,869.0,15405.15,1520.0,6,2,1,0,42.5,1231.0,30.0,2888.25,1989.0,1089.0,11265.4,11196.65,8939.0,0,0,0,0,1,0,0,409.5,100.0,1231.0,787.0,1337.0,192.0,184.0,378.14285714285717,354.2142857142857,373.9916666666667,426.7511681575218,353.2433170618384,274.9947447515935,337.7724138976014,0.0,0.0
2023-06-03,0.0,10215.7,357.0,6,3,1,0,869.0,319.0,564.5,1520.0,3410.5,1766.5,15405.15,7775.95,15721.7,0,0,0,0,0,1,0,42.5,409.5,319.0,60.0,75.0,108.0,440.3333333333333,326.42857142857144,360.07142857142856,401.9583333333333,312.9308268307109,358.2468490328337,423.4960585636951,372.0451613880787,0.0,0.0
2023-06-04,0.0,5232.5,406.0,6,4,0,0,0.0,0.0,192.0,357.0,1498.0,3643.71,10215.7,5709.25,11740.09,0,0,0,0,0,0,1,869.0,42.5,0.0,107.5,895.2,242.0,303.8333333333333,280.85714285714283,355.7857142857143,383.14166666666665,336.53067149539703,364.1907439040732,317.62204392277135,348.0422477501382,0.0,0.0
2023-06-05,205.0,11805.4,2988.25,6,5,0,0,0.0,545.0,108.0,406.0,1228.5,1801.0,5232.5,5109.25,5682.7,1,0,0,0,0,0,0,0.0,869.0,545.0,347.0,639.8,174.25,289.6666666666667,280.85714285714283,348.10714285714283,376.7416666666667,336.53067149539703,369.3165001130427,238.21653294207852,325.58790918561317,0.0,0.0
2023-06-06,0.0,10927.4,1799.5,6,6,0,0,205.0,100.0,242.0,2988.25,1618.75,312.0,11805.4,7851.4,11943.3,0,1,0,0,0,0,0,0.0,0.0,100.0,449.0,701.0,0.0,68.33333333333333,232.28571428571428,337.9642857142857,379.975,315.96042172278175,367.30167643045223,229.9123997065589,317.80804407686395,0.0,0.0
2023-06-07,587.0,9163.4,2528.75,6,7,0,0,0.0,409.5,174.25,1799.5,2911.75,952.5,10927.4,11576.6,5575.3,0,0,1,0,0,0,0,205.0,0.0,409.5,355.0,265.0,652.0,68.33333333333333,218.0,305.89285714285717,371.90833333333336,325.06781343795535,373.0488037969935,172.43429977991917,297.30429929771145,0.0,0.0
2023-06-08,1059.0,13039.75,1872.5,6,8,0,0,587.0,42.5,0.0,2528.75,2888.25,682.25,9163.4,11265.4,13656.5,0,0,0,1,0,0,0,0.0,205.0,42.5,206.5,0.0,385.0,264.0,243.35714285714286,322.4642857142857,385.6666666666667,348.5690646875348,373.11890249932236,276.07572483493936,315.99434450431073,0.0,0.0
2023-06-09,692.0,10851.7,2217.5,6,9,1,0,1059.0,869.0,652.0,1872.5,1520.0,2875.5,13039.75,15405.15,13639.15,0,0,0,0,1,0,0,587.0,0.0,869.0,1231.0,787.0,1337.0,548.6666666666666,388.57142857142856,383.35714285714283,420.96666666666664,448.39003004930765,385.27061902649336,471.8067936262045,363.9301932459681,0.0,0.0
2023-06-10,105.0,17438.55,1024.0,6,10,1,0,692.0,0.0,385.0,2217.5,357.0,3276.5,10851.7,10215.7,11604.5,0,0,0,0,0,1,0,1059.0,587.0,0.0,319.0,60.0,75.0,779.3333333333334,363.2857142857143,344.85714285714283,422.3,420.9321854668573,386.1659184233172,526.8550952196533,385.0959872300992,0.0,0.0
2023-06-11,0.0,7061.6,1392.0,6,11,0,0,105.0,0.0,1337.0,1024.0,406.0,2462.0,17438.55,5232.5,9345.9,0,0,0,0,0,0,1,692.0,1059.0,0.0,0.0,107.5,895.2,618.6666666666666,378.2857142857143,329.57142857142856,412.96666666666664,407.4848521870533,390.45835340933144,421.39132141474,367.0252783765444,0.0,0.0
2023-06-12,215.0,9076.25,1695.75,6,12,0,0,0.0,205.0,75.0,1392.0,2988.25,1542.45,7061.6,11805.4,8155.6,1,0,0,0,0,0,0,105.0,692.0,205.0,545.0,347.0,639.8,265.6666666666667,378.2857142857143,329.57142857142856,368.4,407.4848521870533,356.14760016522393,316.04349106105497,343.34622815870284,0.0,0.0
2023-06-13,248.0,8673.7,979.0,6,13,0,0,215.0,0.0,895.2,1695.75,1799.5,839.0,9076.25,10927.4,7485.55,0,1,0,0,0,0,0,0.0,105.0,0.0,100.0,449.0,701.0,106.66666666666667,379.7142857142857,306.0,373.06666666666666,406.7930326696506,353.07452308340606,290.7826182957912,335.0658263420124,0.0,0.0
2023-06-14,0.0,11450.9,1729.0,6,14,0,0,248.0,587.0,639.8,979.0,2528.75,1680.0,8673.7,9163.4,8010.45,0,0,1,0,0,0,0,215.0,0.0,587.0,409.5,355.0,265.0,154.33333333333334,415.14285714285717,316.57142857142856,351.4933333333333,377.99092959638966,339.5861141441743,280.0869637218434,329.44867625543094,0.0,0.0
2023-06-15,370.0,11975.4,3845.75,6,15,0,0,0.0,1059.0,701.0,1729.0,1872.5,1929.25,11450.9,13039.75,10605.9,0,0,0,1,0,0,0,248.0,215.0,1059.0,42.5,206.5,0.0,154.33333333333334,331.2857142857143,287.32142857142856,330.1666666666667,398.0886477012016,340.9431728696686,210.06522279138255,308.19392294862894,0.0,0.0
2023-06-16,410.0,7791.2,2207.0,6,16,1,0,370.0,692.0,265.0,3845.75,2217.5,687.75,11975.4,10851.7,12520.7,0,0,0,0,1,0,0,0.0,248.0,692.0,869.0,1231.0,787.0,206.0,232.85714285714286,310.7142857142857,319.1333333333333,243.2285814972057,333.8099018524055,250.04891709353691,312.1814117906529,0.0,0.0
2023-06-17,0.0,10303.65,2819.5,6,17,1,0,410.0,105.0,0.0,2207.0,1024.0,1174.5,7791.2,17438.55,14779.3,0,0,0,0,0,1,0,370.0,0.0,105.0,0.0,319.0,60.0,260.0,192.57142857142858,277.92857142857144,323.96666666666664,165.41247145933616,334.0487248511998,290.0366878201527,318.4922884493204,0.0,0.0
2023-06-18,0.0,11674.15,846.0,6,18,0,0,0.0,0.0,787.0,2819.5,1392.0,3121.25,10303.65,7061.6,7897.15,0,0,0,0,0,0,1,410.0,370.0,0.0,0.0,0.0,107.5,260.0,177.57142857142858,277.92857142857144,323.96666666666664,178.88903184456476,334.0487248511998,217.5275158651145,297.94439887194494,0.0,0.0
2023-06-19,535.0,8558.45,1462.5,6,19,0,0,0.0,215.0,60.0,846.0,1695.75,1025.0,11674.15,9076.25,9793.35,1,0,0,0,0,0,0,0.0,410.0,215.0,205.0,545.0,347.0,136.66666666666666,177.57142857142858,277.92857142857144,297.73333333333335,178.88903184456476,327.26541304377486,163.14563689883587,278.722179589884,0.0,0.0
2023-06-20,0.0,13094.35,2287.5,6,20,0,0,535.0,248.0,107.5,1462.5,979.0,1338.0,8558.45,8673.7,9067.4,0,1,0,0,0,0,0,0.0,0.0,248.0,0.0,100.0,449.0,178.33333333333334,223.28571428571428,301.5,313.56666666666666,224.9938623501496,326.8572590842858,256.10922767412694,295.25623251956887,0.0,0.0
2023-06-21,755.0,13466.9,1500.5,6,21,0,0,0.0,0.0,347.0,2287.5,1729.0,1326.75,13094.35,11450.9,6965.2,0,0,1,0,0,0,0,535.0,0.0,0.0,587.0,409.5,355.0,178.33333333333334,187.85714285714286,301.5,309.98333333333335,239.51091037878874,329.7705441388135,192.0819207555952,276.207443324758,0.0,0.0
2023-06-22,0.0,11874.2,3500.0,6,22,0,0,755.0,370.0,449.0,1500.5,3845.75,864.0,13466.9,11975.4,10548.85,0,0,0,1,0,0,0,0.0,535.0,370.0,1059.0,42.5,206.5,430.0,295.7142857142857,313.5,323.5833333333333,302.52311993505236,339.61593630953513,332.81144056669643,307.09728569090265,0.0,0.0
2023-06-23,950.0,10466.4,1325.0,6,23,1,0,0.0,410.0,355.0,3500.0,2207.0,3313.0,11874.2,7791.2,11244.1,0,0,0,0,1,0,0,755.0,0.0,410.0,692.0,869.0,1231.0,251.66666666666666,242.85714285714286,237.85714285714286,308.6166666666667,319.2420338716006,343.7665277113416,249.60858042502232,287.2845575818122,0.0,0.0
2023-06-24,80.0,9948.25,1301.75,6,24,1,0,950.0,0.0,206.5,1325.0,2819.5,2187.5,10466.4,10303.65,9815.25,0,0,0,0,0,1,0,0.0,755.0,0.0,105.0,0.0,319.0,568.3333333333334,320.0,256.2857142857143,328.45,416.7233294805239,363.15227522349346,424.70643531876675,330.04039257653403,0.0,0.0
2023-06-25,132.75,6145.75,595.5,6,25,0,0,80.0,0.0,1231.0,1301.75,846.0,1989.0,9948.25,11674.15,11196.65,0,0,0,0,0,0,1,950.0,0.0,0.0,0.0,0.0,0.0,343.3333333333333,331.42857142857144,254.5,324.23333333333335,407.4791843938604,365.3448945230013,338.52982648907505,313.90875434578993,0.0,0.0
2023-06-26,845.0,6024.05,1511.5,6,26,0,0,132.75,535.0,319.0,595.5,1462.5,3410.5,6145.75,8558.45,7775.95,1,0,0,0,0,0,0,80.0,950.0,535.0,215.0,205.0,545.0,387.5833333333333,350.39285714285717,263.98214285714283,287.625,392.28953638498035,324.0404851116281,287.0848698668063,302.22109277509384,0.0,0.0
2023-06-27,229.0,5940.55,4513.75,6,27,0,0,845.0,0.0,0.0,1511.5,2287.5,1498.0,6024.05,13094.35,5709.25,0,1,0,0,0,0,0,132.75,80.0,0.0,248.0,0.0,100.0,352.5833333333333,394.67857142857144,308.98214285714283,305.15833333333336,432.083005005156,339.65118062083394,426.56365240010473,337.2390867896039,0.0,0.0
2023-06-28,75.0,6967.75,2683.5,6,28,0,1,229.0,755.0,545.0,4513.75,1500.5,1228.5,5940.55,13466.9,5109.25,0,0,1,0,0,0,0,845.0,132.75,755.0,0.0,587.0,409.5,402.25,427.39285714285717,307.625,312.7916666666667,405.04340963713526,335.09932960843554,377.17273930007855,330.25591989995206,0.0,0.0
2023-06-29,0.0,7331.65,479.0,6,29,0,1,75.0,0.0,100.0,2683.5,3500.0,1618.75,6967.75,11874.2,7851.4,0,0,0,1,0,0,0,229.0,845.0,0.0,370.0,1059.0,42.5,383.0,330.25,312.98214285714283,297.125,394.79068821338734,334.85540336657704,301.6295544750589,313.78779603543904,1.0,0.0
2023-06-30,0.0,8772.15,1115.0,6,30,1,1,0.0,950.0,409.5,479.0,1325.0,2911.75,7331.65,10466.4,11576.6,0,0,0,0,1,0,0,75.0,229.0,950.0,410.0,692.0,869.0,101.33333333333333,330.25,286.55357142857144,293.7916666666667,394.79068821338734,337.37361671557403,226.22216585629417,293.5434220976688,1.0,0.0
2023-07-01,0.0,11297.1,1208.0,7,1,1,0,0.0,80.0,42.5,1115.0,1301.75,2888.25,8772.15,9948.25,11265.4,0,0,0,0,0,1,0,0.0,75.0,80.0,0.0,105.0,0.0,25.0,194.53571428571428,257.26785714285717,280.14166666666665,297.5467900379784,340.79740216837416,169.66662439222063,274.605136801045,1.0,0.0
2023-07-02,432.0,10906.55,1491.05,7,2,0,0,0.0,132.75,869.0,1208.0,595.5,1520.0,11297.1,6145.75,15405.15,0,0,0,0,0,0,1,0.0,0.0,132.75,0.0,0.0,0.0,0.0,183.10714285714286,257.26785714285717,278.725,304.14250556355364,341.9058548454327,127.24996829416547,256.8886763622679,0.0,0.0
2023-07-03,150.0,7230.3,1354.5,7,3,0,0,432.0,845.0,0.0,1491.05,1511.5,357.0,10906.55,6024.05,10215.7,1,0,0,0,0,0,0,0.0,0.0,845.0,535.0,215.0,205.0,144.0,225.85714285714286,288.125,264.15833333333336,316.6582956287048,324.77004121307147,203.4374762206241,268.18618111308933,0.0,0.0
2023-07-04,402.0,12339.5,2591.5,7,4,0,0,150.0,229.0,0.0,1354.5,4513.75,406.0,7230.3,5940.55,5232.5,0,1,0,0,0,0,0,432.0,0.0,229.0,0.0,248.0,0.0,194.0,126.57142857142857,260.625,269.15833333333336,160.75224948437202,321.7031352905144,190.07810716546805,260.5612662025674,0.0,0.0
2023-07-05,188.0,11234.2,1499.0,7,5,0,0,402.0,75.0,205.0,2591.5,2683.5,2988.25,12339.5,6967.75,11805.4,0,0,1,0,0,0,0,150.0,432.0,75.0,755.0,0.0,587.0,328.0,151.28571428571428,289.3392857142857,282.55833333333334,189.79876561392987,318.4611820883769,243.05858037410104,269.6863458024018,0.0,1.0
2023-07-06,501.0,10760.0,2042.5,7,6,0,0,188.0,0.0,0.0,1499.0,479.0,1799.5,11234.2,7331.65,10927.4,0,0,0,1,0,0,0,402.0,150.0,0.0,0.0,370.0,1059.0,246.66666666666666,167.42857142857142,248.83928571428572,281.9916666666667,187.01413239187508,318.6190331575152,229.2939352805758,264.4162589764404,0.0,1.0
2023-07-07,170.0,8907.95,2396.0,7,7,1,0,501.0,0.0,587.0,2042.5,1115.0,2528.75,10760.0,8772.15,9163.4,0,0,0,0,1,0,0,188.0,402.0,0.0,950.0,410.0,692.0,363.6666666666667,239.0,284.625,298.69166666666666,207.0531332774272,316.45140229483536,297.22045146043183,279.67972613925076,0.0,1.0
2023-07-08,10.0,7955.1,515.0,7,8,1,0,170.0,0.0,1059.0,2396.0,1208.0,1872.5,8907.95,11297.1,13039.75,0,0,0,0,0,1,0,501.0,188.0,0.0,80.0,0.0,105.0,286.3333333333333,263.2857142857143,228.91071428571428,284.7916666666667,182.9104646958126,312.4843036287866,265.4153385953239,272.6036147754281,0.0,0.0
2023-07-09,0.0,6213.95,463.0,7,9,0,0,10.0,432.0,692.0,515.0,1491.05,2217.5,7955.1,10906.55,10851.7,0,0,0,0,0,0,1,170.0,501.0,432.0,132.75,0.0,0.0,227.0,264.7142857142857,223.91071428571428,249.825,180.53505133880452,279.8508619906261,201.5615039464929,255.66144608023924,0.0,0.0
2023-07-10,523.0,6449.35,915.0,7,10,0,0,0.0,150.0,105.0,463.0,1354.5,1024.0,6213.95,7230.3,17438.55,1,0,0,0,0,0,0,10.0,170.0,150.0,845.0,535.0,215.0,60.0,203.0,214.42857142857142,226.75833333333333,187.52155431665284,270.5110304600805,151.1711279598697,239.16715923635286,0.0,0.0
2023-07-11,334.5,7883.3,1249.0,7,11,0,0,523.0,402.0,0.0,915.0,2591.5,1392.0,6449.35,12339.5,7061.6,0,1,0,0,0,0,0,0.0,10.0,402.0,229.0,0.0,248.0,177.66666666666666,256.2857142857143,191.42857142857142,240.69166666666666,220.11414787613748,274.75507653787446,244.12834596990228,257.47895541465266,0.0,0.0
2023-07-12,30.0,9690.8,1254.75,7,12,0,0,334.5,188.0,215.0,1249.0,1499.0,1695.75,7883.3,11234.2,9076.25,0,0,1,0,0,0,0,523.0,0.0,188.0,75.0,755.0,0.0,285.8333333333333,246.64285714285714,198.96428571428572,251.84166666666667,214.0620459675408,271.4176105648131,266.7212594774267,262.44805506532026,0.0,0.0
2023-07-13,0.0,5898.3,1002.0,7,13,0,0,30.0,501.0,248.0,1254.75,2042.5,979.0,9690.8,10760.0,8673.7,0,0,0,1,0,0,0,334.5,523.0,501.0,0.0,0.0,370.0,295.8333333333333,224.07142857142858,195.75,245.675,229.07939463779599,274.3690972187294,207.54094460807005,247.45140635142866,0.0,0.0
2023-07-14,1077.5,11657.45,1344.5,7,14,1,0,0.0,170.0,0.0,1002.0,2396.0,1729.0,5898.3,8907.95,11450.9,0,0,0,0,1,0,0,30.0,334.5,170.0,0.0,950.0,410.0,121.5,152.5,195.75,237.40833333333333,205.1525854902477,278.00857778980946,155.65570845605254,231.48679949004617,0.0,0.0
2023-07-15,108.0,8461.5,1100.0,7,15,1,0,1077.5,10.0,370.0,1344.5,515.0,3845.75,11657.45,7955.1,11975.4,0,0,0,0,0,1,0,0.0,30.0,10.0,0.0,80.0,0.0,369.1666666666667,282.14285714285717,272.7142857142857,273.325,406.24158599345316,313.6033841384741,386.1167813420394,286.06829629713997,0.0,0.0
2023-07-16,0.0,4369.8,1670.0,7,16,0,0,108.0,0.0,410.0,1100.0,463.0,2207.0,8461.5,6213.95,7791.2,0,0,0,0,0,0,1,1077.5,0.0,0.0,432.0,132.75,0.0,395.1666666666667,296.14285714285717,280.42857142857144,264.59166666666664,396.8806195702635,314.4652582322209,316.5875860065296,274.5800191166793,0.0,0.0
2023-07-17,125.0,6705.35,1441.0,7,17,0,0,0.0,523.0,0.0,1670.0,915.0,2819.5,4369.8,6449.35,10303.65,1,0,0,0,0,0,0,108.0,1077.5,523.0,150.0,845.0,535.0,395.1666666666667,296.14285714285717,249.57142857142858,250.925,396.8806195702635,316.8283225839811,237.4406895048972,256.86517917366774,0.0,0.0
2023-07-18,265.0,6621.1,1614.5,7,18,0,0,125.0,334.5,0.0,1441.0,1249.0,846.0,6705.35,7883.3,11674.15,0,1,0,0,0,0,0,0.0,108.0,334.5,402.0,229.0,0.0,77.66666666666667,239.28571428571428,247.78571428571428,255.09166666666667,387.358991240991,314.22583084938833,209.3305171286729,248.35774825923758,0.0,0.0
2023-07-19,21.5,8094.9,693.0,7,19,0,0,265.0,30.0,535.0,1614.5,1254.75,1462.5,6621.1,9690.8,8558.45,0,0,1,0,0,0,0,125.0,0.0,30.0,188.0,75.0,755.0,130.0,229.35714285714286,238.0,263.925,385.3974911574753,310.510363742306,223.24788784650468,249.43144191993196,0.0,0.0
2023-07-20,175.0,10422.2,2181.5,7,20,0,0,21.5,0.0,0.0,693.0,1002.0,2287.5,8094.9,5898.3,13094.35,0,0,0,1,0,0,0,265.0,125.0,0.0,501.0,0.0,0.0,137.16666666666666,228.14285714285714,226.10714285714286,246.80833333333334,386.14296945191546,309.20268491589025,172.8109158848785,234.726187602517,0.0,0.0
2023-07-21,0.0,13108.35,941.25,7,21,1,0,175.0,1077.5,755.0,2181.5,1344.5,1500.5,10422.2,11657.45,13466.9,0,0,0,0,1,0,0,21.5,265.0,1077.5,170.0,0.0,950.0,153.83333333333334,253.14285714285714,202.82142857142858,252.64166666666668,374.3969277702604,306.0202810732662,173.35818691365887,230.87288517654818,0.0,0.0
2023-07-22,397.0,10632.2,869.0,7,22,1,0,0.0,108.0,0.0,941.25,1100.0,3500.0,13108.35,8461.5,11874.2,0,0,0,0,0,1,0,175.0,21.5,108.0,10.0,0.0,80.0,65.5,99.21428571428571,190.67857142857142,227.475,99.74712073658176,294.09516661424743,130.01864018524415,215.9778603264483,0.0,0.0
2023-07-23,196.5,5825.8,1056.0,7,23,0,0,397.0,0.0,950.0,869.0,1670.0,1325.0,10632.2,4369.8,10466.4,0,0,0,0,0,0,1,0.0,175.0,0.0,0.0,432.0,132.75,190.66666666666666,140.5,218.32142857142858,240.70833333333334,150.75614968108854,292.4337390563983,196.7639801389331,227.65670804732264,0.0,0.0
2023-07-24,316.5,5528.9,840.5,7,24,0,0,196.5,125.0,80.0,1056.0,1441.0,1301.75,5825.8,6705.35,9948.25,1,0,0,0,0,0,0,397.0,0.0,125.0,523.0,150.0,845.0,197.83333333333334,168.57142857142858,232.35714285714286,215.59166666666667,137.98805158763736,259.96959771962884,196.69798510419983,225.6465978507212,0.0,0.0
2023-07-25,309.5,7320.55,1093.0,7,25,0,0,316.5,265.0,132.75,840.5,1614.5,595.5,5528.9,6621.1,6145.75,0,1,0,0,0,0,0,196.5,397.0,265.0,334.5,402.0,229.0,303.3333333333333,195.92857142857142,217.60714285714286,223.475,146.62293720385563,259.3010860616641,226.64848882814988,231.5081076668037,0.0,0.0
2023-07-26,64.5,8170.55,1278.0,7,26,0,0,309.5,21.5,845.0,1093.0,693.0,1511.5,7320.55,8094.9,6024.05,0,0,1,0,0,0,0,316.5,196.5,21.5,30.0,188.0,75.0,274.1666666666667,202.28571428571428,215.82142857142858,229.36666666666667,151.01568824211003,259.17657851467715,247.3613666211124,236.5398426560422,0.0,0.0
2023-07-27,409.0,9426.4,1580.0,7,27,0,0,64.5,175.0,229.0,1278.0,2181.5,4513.75,8170.55,10422.2,5940.55,0,0,0,1,0,0,0,309.5,316.5,175.0,0.0,501.0,0.0,230.16666666666666,208.42857142857142,218.28571428571428,203.35,143.1035256295914,233.1103834282567,201.6460249658343,225.4404979685556,0.0,0.0
2023-07-28,1020.5,7091.55,2704.25,7,28,1,0,409.0,0.0,75.0,1580.0,941.25,2683.5,9426.4,13108.35,6967.75,0,0,0,0,1,0,0,64.5,309.5,0.0,1077.5,170.0,0.0,261.0,241.85714285714286,247.5,209.35,160.29184692452776,236.0907974809105,253.48451872437573,237.28304648671332,0.0,0.0
2023-07-29,83.0,7366.45,1524.0,7,29,1,0,1020.5,397.0,0.0,2704.25,869.0,479.0,7091.55,10632.2,7331.65,0,0,0,0,0,1,0,409.0,64.5,397.0,108.0,10.0,0.0,498.0,387.64285714285717,243.42857142857142,240.86666666666667,303.6380403108436,277.08721810430285,445.2383890432818,287.81317251982864,0.0,0.0
2023-07-30,140.0,3521.9,493.0,7,30,0,0,83.0,196.5,0.0,1524.0,1056.0,1115.0,7366.45,5825.8,8772.15,0,0,0,0,0,0,1,1020.5,409.0,196.5,0.0,0.0,432.0,504.1666666666667,342.7857142857143,241.64285714285714,243.63333333333333,324.50242129847265,275.0058285693711,354.67879178246136,274.5994194540333,0.0,0.0
2023-07-31,260.0,5428.3,1517.0,7,31,0,0,140.0,316.5,0.0,493.0,840.5,1208.0,3521.9,5528.9,11297.1,1,0,0,0,0,0,0,83.0,1020.5,316.5,125.0,523.0,150.0,414.5,334.7142857142857,251.64285714285714,248.3,329.41296993577043,271.8992777507495,301.00909383684603,265.91558594086985,0.0,0.0
2023-08-01,886.5,6013.45,729.0,8,1,0,0,260.0,309.5,432.0,1517.0,1093.0,1491.05,5428.3,7320.55,10906.55,0,1,0,0,0,0,0,140.0,83.0,309.5,265.0,334.5,402.0,161.0,326.64285714285717,261.2857142857143,256.96666666666664,330.62361710935926,267.82508230679883,290.75682037763454,265.5339352350073,0.0,0.0
2023-08-02,519.0,5926.0,1782.5,8,2,0,0,886.5,64.5,150.0,729.0,1278.0,1354.5,6013.45,8170.55,7230.3,0,0,1,0,0,0,0,260.0,140.0,64.5,21.5,30.0,188.0,428.8333333333333,409.07142857142856,305.67857142857144,272.1166666666667,391.887890917312,290.00403336473784,439.6926152832259,305.5962619940391,0.0,0.0
2023-08-03,86.25,6528.6,877.0,8,3,0,0,519.0,409.0,402.0,1782.5,1580.0,2591.5,5926.0,9426.4,12339.5,0,0,0,1,0,0,0,886.5,260.0,409.0,175.0,0.0,501.0,555.1666666666666,474.0,341.2142857142857,284.4166666666667,361.7783621685151,292.4609046473157,459.51946146241943,319.36424509119786,0.0,0.0
2023-08-04,259.5,9559.5,1101.5,8,4,1,0,86.25,1020.5,188.0,877.0,2704.25,1499.0,6528.6,7091.55,11234.2,0,0,0,0,1,0,0,519.0,886.5,1020.5,0.0,1077.5,170.0,497.25,427.89285714285717,334.875,273.89166666666665,390.842142504033,293.76209940843364,366.20209609681456,304.3246163756367,0.0,0.0
2023-08-05,0.0,10053.1,2113.5,8,5,1,0,259.5,83.0,501.0,1101.5,1524.0,2042.5,9559.5,7366.45,10760.0,0,0,0,0,0,1,0,86.25,519.0,83.0,397.0,108.0,10.0,288.25,319.17857142857144,353.4107142857143,276.275,291.8295276600463,293.33094724571566,339.5265720726109,301.4327056417247,0.0,0.0
2023-08-06,176.0,10512.95,776.0,8,6,0,0,0.0,140.0,170.0,2113.5,493.0,2396.0,10053.1,3521.9,8907.95,0,0,0,0,0,0,1,259.5,86.25,140.0,196.5,0.0,0.0,115.25,307.32142857142856,325.05357142857144,259.575,304.4386471539913,294.3554117137517,254.6449290544582,281.9854343100005,0.0,0.0
2023-08-07,829.5,7225.5,678.0,8,7,0,0,176.0,260.0,10.0,776.0,1517.0,515.0,10512.95,5428.3,7955.1,1,0,0,0,0,0,0,0.0,259.5,260.0,316.5,125.0,523.0,145.16666666666666,312.4642857142857,323.5892857142857,259.775,301.4302167919437,294.29448327811195,234.98369679084365,275.1476643545167,0.0,0.0
2023-08-08,716.0,6894.9,754.0,8,8,0,0,829.5,886.5,0.0,678.0,729.0,463.0,7225.5,6013.45,6213.95,0,1,0,0,0,0,0,176.0,0.0,886.5,309.5,265.0,334.5,335.1666666666667,393.82142857142856,360.23214285714283,287.09166666666664,356.6981892500798,308.0237933273126,383.6127725931327,310.9123311703543,0.0,0.0
2023-08-09,674.0,7627.0,1951.0,8,9,0,0,716.0,519.0,523.0,754.0,1782.5,915.0,6894.9,5926.0,6449.35,0,0,1,0,0,0,0,829.5,176.0,519.0,64.5,21.5,30.0,573.8333333333334,369.4642857142857,389.26785714285717,310.9583333333333,321.53681841313,312.7152092293133,466.7095794448495,337.0470194819444,0.0,0.0
2023-08-10,290.0,10023.2,1657.5,8,10,0,0,674.0,86.25,334.5,1951.0,877.0,1249.0,7627.0,6528.6,7883.3,0,0,0,1,0,0,0,716.0,829.5,86.25,409.0,175.0,0.0,739.8333333333334,391.60714285714283,432.80357142857144,315.9916666666667,338.44361473832373,317.4255715323571,518.5321845836371,358.7859214508513,0.0,0.0
2023-08-11,496.0,11686.6,5802.5,8,11,1,0,290.0,259.5,30.0,1657.5,1101.5,1254.75,10023.2,9559.5,9690.8,0,0,0,0,1,0,0,674.0,716.0,259.5,1020.5,0.0,1077.5,560.0,420.7142857142857,424.30357142857144,314.5083333333333,315.8097867840252,317.4400736504376,461.39913843772786,354.3481200669254,0.0,0.0
2023-08-12,255.5,8172.1,2091.5,8,12,1,0,496.0,0.0,0.0,5802.5,2113.5,1002.0,11686.6,10053.1,5898.3,0,0,0,0,0,1,0,290.0,674.0,0.0,83.0,397.0,108.0,486.6666666666667,454.5,386.8392857142857,330.0416666666667,308.248411728809,314.4252287859966,470.0493538282959,363.4869510303496,0.0,0.0
2023-08-13,0.0,6664.85,2829.5,8,13,0,0,255.5,176.0,1077.5,2091.5,776.0,1344.5,8172.1,10512.95,11657.45,0,0,0,0,0,0,1,496.0,290.0,176.0,140.0,196.5,0.0,347.1666666666667,491.0,399.1607142857143,338.55833333333334,256.19247321756615,308.5833291816822,416.41201537122197,356.52005096387546,0.0,0.0
2023-08-14,673.5,7321.7,1463.75,8,14,0,0,0.0,829.5,108.0,2829.5,678.0,1100.0,6664.85,7225.5,8461.5,1,0,0,0,0,0,0,255.5,496.0,829.5,260.0,316.5,125.0,250.5,465.85714285714283,389.1607142857143,302.64166666666665,297.5562571858912,281.0922790200978,312.3090115284165,333.5187573533029,0.0,0.0
2023-08-15,100.0,7433.3,2017.0,8,15,0,0,673.5,716.0,0.0,1463.75,754.0,1670.0,7321.7,6894.9,4369.8,0,1,0,0,0,0,0,0.0,255.5,716.0,886.5,309.5,265.0,309.6666666666667,443.57142857142856,418.69642857142856,321.4916666666667,270.3828194386971,286.49872482214033,402.60675864631236,355.4530310724446,0.0,0.0
2023-08-16,340.0,7344.5,2944.5,8,16,0,0,100.0,674.0,125.0,2017.0,1951.0,1441.0,7433.3,7627.0,6705.35,0,0,1,0,0,0,0,673.5,0.0,674.0,519.0,64.5,21.5,257.8333333333333,355.57142857142856,362.51785714285717,324.825,267.1632504311782,283.1919291752501,326.9550689847343,338.97219035809337,0.0,0.0
2023-08-17,318.0,7344.5,908.0,8,17,0,0,340.0,290.0,265.0,2944.5,1657.5,1614.5,7344.5,10023.2,6621.1,0,0,0,1,0,0,0,100.0,673.5,290.0,86.25,409.0,175.0,371.1666666666667,307.85714285714283,349.73214285714283,331.9916666666667,227.7302341012488,280.6698766692644,330.2163017385507,339.03850065757126,0.0,0.0
2023-08-18,1072.0,8825.4,903.0,8,18,1,0,318.0,496.0,21.5,908.0,5802.5,693.0,7344.5,11686.6,8094.9,0,0,0,0,1,0,0,340.0,100.0,496.0,259.5,1020.5,0.0,252.66666666666666,311.85714285714283,366.2857142857143,333.7583333333333,227.61017740238006,280.4003332931674,327.16222630391303,337.6811780345022,0.0,0.0
2023-08-19,879.0,11369.65,827.0,8,19,1,0,1072.0,255.5,175.0,903.0,2091.5,2181.5,8825.4,8172.1,10422.2,0,0,0,0,0,1,0,318.0,340.0,255.5,0.0,83.0,397.0,576.6666666666666,394.14285714285717,424.32142857142856,368.775,366.8220179557695,304.6092207578252,513.3716697279348,385.056585903244,0.0,0.0
2023-08-20,567.0,8134.5,1105.0,8,20,0,0,879.0,0.0,0.0,827.0,2829.5,941.25,11369.65,6664.85,13108.35,0,0,0,0,0,0,1,1072.0,318.0,0.0,176.0,140.0,196.5,756.3333333333334,483.2142857142857,487.10714285714283,392.2416666666667,401.5965904095445,316.06834760727816,604.7787522959511,416.9239029417444,0.0,0.0
2023-08-21,1048.5,6195.1,756.0,8,21,0,0,567.0,673.5,397.0,1105.0,1463.75,869.0,8134.5,7321.7,10632.2,1,0,0,0,0,0,0,879.0,1072.0,673.5,829.5,260.0,316.5,839.3333333333334,564.2142857142857,515.0357142857143,411.14166666666665,340.41051897462194,308.67053412183236,595.3340642219633,426.6062317842125,0.0,0.0
2023-08-22,287.5,7798.4,505.5,8,22,0,0,1048.5,100.0,196.5,756.0,2017.0,1056.0,6195.1,7433.3,5825.8,0,1,0,0,0,0,0,567.0,879.0,100.0,716.0,886.5,309.5,831.5,617.7857142857143,530.6785714285714,432.85833333333335,386.81949463357125,329.8340601813993,708.6255481664725,466.7284103787795,0.0,0.0
2023-08-23,43.0,6668.1,845.0,8,23,0,0,287.5,340.0,316.5,505.5,2944.5,840.5,7798.4,7344.5,5528.9,0,0,1,0,0,0,0,1048.5,567.0,340.0,674.0,519.0,64.5,634.3333333333334,644.5714285714286,500.07142857142856,435.89166666666665,349.6999223824417,327.9987626352113,603.3441611248544,455.1652871285357,0.0,0.0
2023-08-24,300.0,8746.3,1570.5,8,24,0,0,43.0,318.0,309.5,845.0,908.0,1093.0,6668.1,7344.5,7320.55,0,0,0,1,0,0,0,287.5,1048.5,318.0,290.0,86.25,409.0,459.6666666666667,602.1428571428571,455.0,426.775,406.25594501144576,335.15454714823386,463.25812084364077,428.57397828153336,0.0,0.0
2023-08-25,345.0,13143.55,2358.0,8,25,1,0,300.0,1072.0,64.5,1570.5,903.0,1278.0,8746.3,8825.4,8170.55,0,0,0,0,1,0,0,43.0,287.5,1072.0,496.0,259.5,1020.5,210.16666666666666,599.5714285714286,455.7142857142857,426.4583333333333,408.40547953508866,335.2736407060636,422.44359063273055,420.2788829085313,0.0,0.0
2023-08-26,330.0,12203.4,3332.0,8,26,1,0,345.0,879.0,409.0,2358.0,827.0,1580.0,13143.55,11369.65,9426.4,0,0,0,0,0,1,0,300.0,43.0,879.0,255.5,0.0,83.0,229.33333333333334,495.7142857142857,444.92857142857144,435.80833333333334,357.51082234701386,328.67775647368427,403.0826929745479,415.42218078540026,0.0,0.0
2023-08-27,0.0,9569.35,2462.75,8,27,0,0,330.0,567.0,1020.5,3332.0,1105.0,2704.25,12203.4,8134.5,7091.55,0,0,0,0,0,0,1,345.0,300.0,567.0,0.0,176.0,140.0,325.0,417.2857142857143,450.25,433.175,317.379879789564,329.2159779374478,384.81201973091095,409.91107234763257,0.0,0.0
2023-08-28,188.0,7359.1,1673.0,8,28,0,0,0.0,1048.5,83.0,2462.75,756.0,1524.0,9569.35,6195.1,7366.45,1,0,0,0,0,0,0,330.0,345.0,1048.5,673.5,829.5,260.0,225.0,336.2857142857143,450.25,399.15833333333336,344.0363179887235,319.00100315573866,288.60901479818324,383.46519671230146,0.0,0.0
2023-08-29,932.0,7940.6,1596.0,8,29,0,0,188.0,287.5,140.0,1673.0,505.5,493.0,7359.1,7798.4,3521.9,0,1,0,0,0,0,0,0.0,330.0,287.5,100.0,716.0,886.5,172.66666666666666,213.35714285714286,415.57142857142856,402.65833333333336,140.90502542661895,315.9742356594514,263.45676109863746,370.85453885989494,0.0,0.0
2023-08-30,524.5,8172.9,869.0,8,30,0,0,932.0,43.0,260.0,1596.0,845.0,1517.0,7940.6,6668.1,5428.3,0,0,1,0,0,0,0,188.0,0.0,43.0,340.0,674.0,519.0,373.3333333333333,305.42857142857144,475.0,429.05833333333334,308.4195503654381,326.19309969744864,430.5925708239781,407.0574718366759,0.0,0.0
2023-08-31,398.5,9512.8,6373.75,8,31,0,0,524.5,300.0,886.5,869.0,1570.5,729.0,8172.9,8746.3,6013.45,0,0,0,1,0,0,0,932.0,188.0,300.0,318.0,290.0,86.25,548.1666666666666,374.2142857142857,488.17857142857144,437.875,293.4674679788285,325.0385968460591,454.0694281179836,414.63440913753556,0.0,0.0
2023-09-01,466.0,13055.0,2571.75,9,1,1,0,398.5,345.0,519.0,6373.75,2358.0,1782.5,9512.8,13143.55,5926.0,0,0,0,0,1,0,0,524.5,932.0,345.0,1072.0,496.0,259.5,618.3333333333334,388.2857142857143,493.92857142857144,421.60833333333335,291.67188430707216,313.83064071063933,440.1770710884877,413.5934795157591,0.0,0.0
2023-09-02,694.75,13590.3,1731.0,9,2,1,0,466.0,330.0,86.25,2571.75,3332.0,877.0,13055.0,12203.4,6528.6,0,0,0,0,0,1,0,398.5,524.5,330.0,879.0,255.5,0.0,463.0,405.57142857142856,450.64285714285717,419.84166666666664,292.2639258973854,313.41238177336004,446.63280331636577,416.9745453534521,0.0,0.0
2023-09-03,0.0,13028.75,1685.5,9,3,0,0,694.75,0.0,259.5,1731.0,2462.75,1101.5,13590.3,9569.35,9559.5,0,0,0,0,0,0,1,466.0,398.5,0.0,567.0,0.0,176.0,519.75,457.67857142857144,437.48214285714283,440.125,308.60339685042203,310.7577554029879,508.6621024872743,434.8955424274229,0.0,0.0
2023-09-04,245.0,9298.65,1150.4,9,4,0,0,0.0,188.0,0.0,1685.5,1673.0,2113.5,13028.75,7359.1,10053.1,1,0,0,0,0,0,0,694.75,466.0,188.0,1048.5,673.5,829.5,386.9166666666667,457.67857142857144,396.98214285714283,431.475,308.60339685042203,319.4489351966534,381.4965768654557,406.83776549662144,0.0,0.0
2023-09-05,40.0,12137.55,2512.0,9,5,0,0,245.0,932.0,176.0,1150.4,1596.0,776.0,9298.65,7940.6,10512.95,0,1,0,0,0,0,0,0.0,694.75,932.0,287.5,100.0,716.0,313.25,465.82142857142856,339.5892857142857,439.64166666666665,300.95897818077975,311.05950536261804,347.3724326490918,396.39661933554913,0.0,0.0
2023-09-06,272.5,10581.25,2478.0,9,6,0,0,40.0,524.5,829.5,2512.0,869.0,678.0,12137.55,8172.9,7225.5,0,0,1,0,0,0,0,245.0,0.0,524.5,43.0,340.0,674.0,95.0,338.39285714285717,321.9107142857143,435.10833333333335,256.1877508595526,315.9862753685105,270.52932448681884,373.4032890558363,0.0,0.0
2023-09-07,475.5,11700.35,1587.5,9,7,0,0,272.5,398.5,716.0,2478.0,6373.75,754.0,10581.25,9512.8,6894.9,0,0,0,1,0,0,0,40.0,245.0,398.5,300.0,318.0,290.0,185.83333333333334,302.39285714285717,338.30357142857144,416.5416666666667,243.0456000228685,308.2837648491079,271.0219933651141,366.8933994393307,0.0,0.0
2023-09-08,573.0,12837.7,1938.5,9,8,1,0,475.5,466.0,674.0,1587.5,2571.75,1951.0,11700.35,13055.0,7627.0,0,0,0,0,1,0,0,272.5,40.0,466.0,345.0,1072.0,496.0,262.6666666666667,313.39285714285717,350.8392857142857,408.525,249.76972132441549,303.3150344597349,322.14149502383555,373.9002768948578,0.0,0.0
2023-09-09,0.0,11560.6,3551.0,9,9,1,0,573.0,694.75,290.0,1938.5,1731.0,1657.5,12837.7,13590.3,10023.2,0,0,0,0,0,1,0,475.5,272.5,694.75,330.0,879.0,255.5,440.3333333333333,328.67857142857144,367.125,405.15833333333336,263.55924042667465,300.81700878272875,384.8561212678767,386.745420320996,0.0,0.0
2023-09-10,289.0,5870.45,1963.5,9,10,0,0,0.0,0.0,496.0,3551.0,1685.5,5802.5,11560.6,13028.75,11686.6,0,0,0,0,0,0,1,573.0,475.5,0.0,0.0,567.0,0.0,349.5,229.42857142857142,343.55357142857144,395.4916666666667,231.60606435846844,309.1882481159145,288.6420909509075,361.79410288093175,0.0,0.0
2023-09-11,100.0,10434.4,1577.0,9,11,0,0,289.0,245.0,255.5,1963.5,1150.4,2091.5,5870.45,9298.65,8172.1,1,0,0,0,0,0,0,0.0,573.0,245.0,188.0,1048.5,673.5,287.3333333333333,270.7142857142857,364.19642857142856,388.59166666666664,208.49777319811213,309.17766683500935,288.73156821318065,357.0977091466781,0.0,0.0
2023-09-12,391.5,13717.4,1304.0,9,12,0,0,100.0,40.0,0.0,1577.0,2512.0,2829.5,10434.4,12137.55,6664.85,0,1,0,0,0,0,0,289.0,0.0,40.0,932.0,287.5,100.0,129.66666666666666,250.0,357.9107142857143,383.40833333333336,218.44392873229498,312.76849488667807,241.54867615988547,340.51076016947303,0.0,0.0
2023-09-13,614.0,12509.2,2701.5,9,13,0,0,391.5,272.5,673.5,1304.0,2478.0,1463.75,13717.4,10581.25,7321.7,0,0,1,0,0,0,0,100.0,289.0,272.5,524.5,43.0,340.0,260.1666666666667,300.2142857142857,319.30357142857144,396.4583333333333,201.89866623772284,304.2715586341878,279.0365071199141,343.80038854563605,0.0,0.0
2023-09-14,718.5,11021.9,2360.0,9,14,0,0,614.0,475.5,100.0,2701.5,1587.5,2017.0,12509.2,11700.35,7433.3,0,0,0,1,0,0,0,391.5,100.0,475.5,398.5,300.0,318.0,368.5,349.0,325.69642857142856,394.475,232.9561832906208,302.59273550035203,362.7773803399356,361.23262154269185,0.0,0.0
2023-09-15,251.0,11164.65,2989.5,9,15,1,0,718.5,573.0,340.0,2360.0,1938.5,2944.5,11021.9,12837.7,7344.5,0,0,0,0,1,0,0,614.0,391.5,573.0,466.0,345.0,1072.0,574.6666666666666,383.7142857142857,348.55357142857144,415.09166666666664,270.09378882511305,302.9073951133706,451.7080352549517,384.28212983026015,0.0,0.0
2023-09-16,192.0,11898.8,2087.5,9,16,1,0,251.0,0.0,318.0,2989.5,3551.0,908.0,11164.65,11560.6,7344.5,0,0,0,0,0,1,0,718.5,614.0,0.0,694.75,330.0,879.0,527.8333333333334,337.7142857142857,333.19642857142856,412.125,259.70365437405394,304.10167842181556,401.5310264412138,375.68328274443695,0.0,0.0
2023-09-17,0.0,10818.7,1171.0,9,17,0,0,192.0,289.0,1072.0,2087.5,1963.5,903.0,11898.8,5870.45,8825.4,0,0,0,0,0,0,1,251.0,718.5,289.0,0.0,0.0,567.0,387.1666666666667,365.14285714285717,297.2857142857143,407.925,226.0499049409433,306.3085774379633,349.14826983091035,363.8327483738281,0.0,0.0
2023-09-18,98.0,6783.0,1414.5,9,18,0,0,0.0,100.0,879.0,1171.0,1577.0,827.0,10818.7,10434.4,11369.65,1,0,0,0,0,0,0,192.0,251.0,100.0,245.0,188.0,1048.5,147.66666666666666,323.85714285714283,297.2857142857143,372.19166666666666,265.2644457715285,288.1585088475858,261.8612023731828,340.35966783358117,0.0,0.0
2023-09-19,375.5,14386.35,1644.5,9,19,0,0,98.0,391.5,567.0,1414.5,1304.0,1105.0,6783.0,13717.4,8134.5,0,1,0,0,0,0,0,0.0,192.0,391.5,40.0,932.0,287.5,96.66666666666667,323.57142857142856,286.7857142857143,346.15833333333336,265.54667332558637,275.8072046780118,220.89590177988708,324.72356023141464,0.0,0.0
2023-09-20,685.5,16388.1,2007.5,9,20,0,0,375.5,614.0,1048.5,1644.5,2701.5,756.0,14386.35,12509.2,6195.1,0,0,1,0,0,0,0,98.0,0.0,614.0,272.5,524.5,43.0,157.83333333333334,321.2857142857143,310.75,339.775,264.9326733881108,272.71851686245105,259.5469263349153,327.9994595713234,0.0,0.0
2023-09-21,470.0,14299.0,1200.0,9,21,0,0,685.5,718.5,287.5,2007.5,2360.0,505.5,16388.1,11021.9,7798.4,0,0,0,1,0,0,0,375.5,98.0,718.5,475.5,398.5,300.0,386.3333333333333,331.5,340.25,327.675,279.09854890342945,247.0326408524824,366.0351947511865,351.06401056672195,0.0,0.0
2023-09-22,645.0,16751.3,1640.0,9,22,1,0,470.0,251.0,43.0,1200.0,2989.5,845.0,14299.0,11164.65,6668.1,0,0,0,0,1,0,0,685.5,375.5,251.0,573.0,466.0,345.0,510.3333333333333,296.0,339.85714285714283,333.7583333333333,233.7974550759695,248.25326406276298,392.0263960633899,358.7373002075786,0.0,0.0
2023-09-23,452.0,12341.95,366.0,9,23,1,0,645.0,192.0,300.0,1640.0,2087.5,1570.5,16751.3,11898.8,8746.3,0,0,0,0,0,1,0,470.0,685.5,192.0,0.0,694.75,330.0,600.1666666666666,352.2857142857143,345.0,353.825,266.32277677392034,248.27068401868004,455.2697970475424,377.20586148450906,0.0,0.0
2023-09-24,229.5,11059.05,1488.0,9,24,0,0,452.0,0.0,345.0,366.0,1171.0,2358.0,12341.95,10818.7,13143.55,0,0,0,0,0,0,1,645.0,470.0,0.0,289.0,0.0,0.0,522.3333333333334,389.42857142857144,377.2857142857143,358.89166666666665,258.2509161925388,248.68500436029106,454.4523477856568,382.0312897758311,0.0,0.0
2023-09-25,0.0,9235.8,1631.0,9,25,0,0,229.5,98.0,330.0,1488.0,1414.5,3332.0,11059.05,6783.0,12203.4,1,0,0,0,0,0,0,452.0,645.0,98.0,100.0,245.0,188.0,442.1666666666667,422.2142857142857,373.0357142857143,355.0416666666667,210.77611683625685,249.79904063871584,398.21426083924257,372.19056140319685,0.0,0.0
2023-09-26,36.0,10106.5,1183.5,9,26,0,0,0.0,375.5,0.0,1631.0,1644.5,2462.75,9235.8,14386.35,9569.35,0,1,0,0,0,0,0,229.5,452.0,375.5,391.5,40.0,932.0,227.16666666666666,408.2142857142857,365.89285714285717,344.0416666666667,237.4648846220666,258.0687398681333,298.6606956294319,348.17826711911965,0.0,0.0
2023-09-27,238.0,10004.7,1305.0,9,27,0,0,36.0,685.5,188.0,1183.5,2007.5,1673.0,10106.5,16388.1,7359.1,0,0,1,0,0,0,0,0.0,229.5,685.5,614.0,272.5,524.5,88.5,359.7142857142857,340.5,345.2416666666667,276.6902385253915,256.4926940155083,232.99552172207393,328.0377337565958,0.0,0.0
2023-09-28,541.5,13191.1,3034.75,9,28,0,0,238.0,470.0,932.0,1305.0,1200.0,1596.0,10004.7,14299.0,7940.6,0,0,0,1,0,0,0,36.0,0.0,470.0,718.5,475.5,398.5,91.33333333333333,295.7857142857143,313.64285714285717,346.90833333333336,237.84271012983504,255.59660164600845,234.24664129155545,322.2288477077832,0.0,0.0
2023-09-29,653.0,9453.8,707.0,9,29,1,0,541.5,645.0,524.5,3034.75,1640.0,869.0,13191.1,16751.3,8172.9,0,0,0,0,1,0,0,238.0,36.0,645.0,251.0,573.0,466.0,271.8333333333333,306.0,301.0,333.89166666666665,247.8942987108282,233.78517330178778,311.0599809686666,336.3753736621198,0.0,0.0
2023-09-30,310.5,12714.85,2613.5,9,30,1,0,653.0,452.0,398.5,707.0,366.0,6373.75,9453.8,12341.95,9512.8,0,0,0,0,0,1,0,541.5,238.0,452.0,192.0,0.0,694.75,477.5,307.14285714285717,329.7142857142857,338.175,249.7293058302853,238.52693723033164,396.54498572649993,356.802768909725,0.0,0.0
2023-10-01,49.0,7142.0,1845.0,10,1,0,0,310.5,229.5,466.0,2613.5,1488.0,2571.75,12714.85,11059.05,13055.0,0,0,0,0,0,0,1,653.0,541.5,229.5,0.0,289.0,0.0,501.6666666666667,286.92857142857144,338.17857142857144,335.2416666666667,241.64564769020572,238.3004884027482,375.033739294875,353.81549349619434,0.0,0.0
2023-10-02,96.0,9967.0,1405.0,10,2,0,0,49.0,0.0,694.75,1845.0,1631.0,1731.0,7142.0,9235.8,13590.3,1,0,0,0,0,0,0,310.5,653.0,0.0,98.0,100.0,245.0,337.5,261.14285714285717,341.67857142857144,321.34166666666664,257.8802555266226,242.5345201463979,293.52530447115623,334.14997778676246,0.0,0.0
2023-10-03,411.0,11804.55,1558.5,10,3,0,0,96.0,36.0,0.0,1405.0,1183.5,1685.5,9967.0,10106.5,13028.75,0,1,0,0,0,0,0,49.0,310.5,36.0,375.5,391.5,40.0,151.83333333333334,274.85714285714283,341.5357142857143,301.3833333333333,243.8487772995308,235.2740032583184,244.14397835336717,318.7854630908423,0.0,0.0
2023-10-04,276.5,14468.75,1700.0,10,4,0,0,411.0,238.0,245.0,1558.5,1305.0,1150.4,11804.55,10004.7,9298.65,0,0,1,0,0,0,0,96.0,49.0,238.0,685.5,614.0,272.5,185.33333333333334,328.42857142857144,344.07142857142856,315.0833333333333,222.92233860162833,229.00196066519945,285.8579837650254,324.73478805272345,0.0,0.0
2023-10-05,50.0,11976.0,1757.0,10,5,0,0,276.5,541.5,40.0,1700.0,3034.75,2512.0,14468.75,13191.1,12137.55,0,0,0,1,0,0,0,411.0,96.0,541.5,470.0,718.5,475.5,261.1666666666667,333.92857142857144,314.85714285714283,316.1333333333333,220.78410053176165,228.74160747119348,283.518487823769,321.6228662428703,0.0,0.0
2023-10-06,123.5,13049.9,3845.5,10,6,1,0,50.0,653.0,272.5,1757.0,707.0,2478.0,11976.0,9453.8,10581.25,0,0,0,0,1,0,0,276.5,411.0,653.0,645.0,251.0,573.0,245.83333333333334,263.7142857142857,284.85714285714283,316.46666666666664,221.92075483958553,228.33225689820895,225.13886586782678,304.09881035623357,0.0,0.0
2023-10-07,461.0,9974.65,893.0,10,7,1,0,123.5,310.5,475.5,3845.5,2613.5,1587.5,13049.9,12714.85,11700.35,0,0,0,0,0,1,0,50.0,276.5,310.5,452.0,192.0,0.0,150.0,188.07142857142858,247.60714285714286,311.5,143.50186658815875,230.92736580115806,199.72914940087009,292.4472742042185,0.0,0.0
2023-10-08,0.0,14257.15,708.0,10,8,0,0,461.0,49.0,573.0,893.0,1845.0,1938.5,9974.65,7142.0,12837.7,0,0,0,0,0,0,1,123.5,50.0,49.0,229.5,0.0,289.0,211.5,209.57142857142858,248.25,311.01666666666665,173.11952243354602,230.58719957793667,265.0468620506526,303.321643610398,0.0,0.0
2023-10-09,202.0,13736.6,1627.0,10,9,0,0,0.0,96.0,0.0,708.0,1405.0,3551.0,14257.15,9967.0,11560.6,1,0,0,0,0,0,0,461.0,123.5,96.0,0.0,98.0,100.0,194.83333333333334,202.57142857142858,231.85714285714286,291.9166666666667,181.48287994818054,231.8661208294682,198.78514653798942,283.75250531295296,0.0,0.0
2023-10-10,467.5,13446.5,1190.5,10,10,0,0,202.0,411.0,289.0,1627.0,1558.5,1963.5,13736.6,11804.55,5870.45,0,1,0,0,0,0,0,0.0,461.0,411.0,36.0,375.5,391.5,221.0,217.71428571428572,246.28571428571428,298.65,175.42991410219855,225.95426566545183,199.58885990349205,278.47815013147215,0.0,0.0
2023-10-11,969.5,11785.1,2784.0,10,11,0,0,467.5,276.5,100.0,1190.5,1700.0,1577.0,13446.5,14468.75,10434.4,0,0,1,0,0,0,0,202.0,0.0,276.5,238.0,685.5,614.0,223.16666666666666,225.78571428571428,277.10714285714283,304.6,186.7402066023939,228.03203797893704,266.56664492761905,290.6731081875062,0.0,0.0
2023-10-12,0.0,8934.25,1696.0,10,12,0,0,969.5,50.0,391.5,2784.0,1757.0,1304.0,11785.1,11976.0,13717.4,0,0,0,1,0,0,0,467.5,202.0,50.0,541.5,470.0,718.5,546.3333333333334,324.7857142857143,329.35714285714283,333.5833333333333,339.4022757170387,254.8149796432198,442.2999836957143,334.4683915302478,0.0,0.0
2023-10-13,476.0,11077.8,552.0,10,13,1,0,0.0,123.5,614.0,1696.0,3845.5,2701.5,8934.25,13049.9,12509.2,0,0,0,0,1,0,0,969.5,467.5,123.5,653.0,645.0,251.0,479.0,317.64285714285717,290.67857142857144,320.53333333333336,346.5989173725295,261.6791907098738,331.7249877717857,312.88978562507054,0.0,0.0
2023-10-14,108.0,9891.4,921.0,10,14,1,0,476.0,461.0,718.5,552.0,893.0,2360.0,11077.8,9974.65,11021.9,0,0,0,0,0,1,0,0.0,969.5,461.0,310.5,452.0,192.0,481.8333333333333,368.0,278.0357142857143,315.93333333333334,339.21956999363505,257.52243736638997,367.7937408288393,323.41302526216276,0.0,0.0
2023-10-15,0.0,8355.9,1249.5,10,15,0,0,108.0,0.0,251.0,921.0,708.0,2989.5,9891.4,14257.15,11164.65,0,0,0,0,0,0,1,476.0,0.0,0.0,49.0,229.5,0.0,194.66666666666666,317.57142857142856,263.57142857142856,295.5833333333333,349.18219081297997,248.58003926208562,302.84530562162945,309.51541072912,0.0,0.0
2023-10-16,385.5,10505.25,1451.0,10,16,0,0,0.0,202.0,192.0,1249.5,1627.0,2087.5,8355.9,13736.6,11898.8,1,0,0,0,0,0,0,108.0,476.0,202.0,96.0,0.0,98.0,194.66666666666666,317.57142857142856,260.07142857142856,287.21666666666664,349.18219081297997,254.29082194691296,227.1339792162221,289.54667455304775,0.0,0.0
2023-10-17,835.0,12375.4,1133.5,10,17,0,0,385.5,467.5,0.0,1451.0,1190.5,1171.0,10505.25,13446.5,10818.7,0,1,0,0,0,0,0,0.0,108.0,467.5,411.0,36.0,375.5,164.5,343.7857142857143,280.75,293.6666666666667,345.93265928776475,254.24642991876325,266.72548441216657,295.7372116786576,0.0,0.0
2023-10-18,334.0,9668.79,2288.5,10,18,0,0,835.0,969.5,98.0,1133.5,2784.0,1414.5,12375.4,11785.1,6783.0,0,0,1,0,0,0,0,385.5,0.0,969.5,276.5,238.0,685.5,406.8333333333333,396.2857142857143,311.0357142857143,321.5,392.57885164881816,266.40369936335827,408.7941133091249,330.52835931229265,0.0,0.0
2023-10-19,96.0,7131.5,1954.0,10,19,0,0,334.0,0.0,375.5,2288.5,1696.0,1644.5,9668.79,8934.25,14386.35,0,0,0,1,0,0,0,835.0,385.5,0.0,50.0,541.5,470.0,518.1666666666666,305.5,315.14285714285717,329.3666666666667,300.64361515477646,263.03955823298156,390.0955849818437,330.7523361308545,0.0,0.0
2023-10-20,835.0,10896.5,1287.5,10,20,1,0,96.0,476.0,685.5,1954.0,552.0,2007.5,7131.5,11077.8,16388.1,0,0,0,0,1,0,0,334.0,835.0,476.0,123.5,653.0,645.0,421.6666666666667,319.2142857142857,318.42857142857144,320.05,286.2291997017508,266.27909748724267,316.5716887363827,315.60702412241227,0.0,0.0
2023-10-21,0.0,14267.45,894.5,10,21,1,0,835.0,108.0,470.0,1287.5,921.0,1200.0,10896.5,9891.4,14299.0,0,0,0,0,0,1,0,96.0,334.0,108.0,461.0,310.5,452.0,421.6666666666667,370.5,369.25,325.03333333333336,345.1097651472644,274.62243464290236,446.178766552287,349.11624837257926,0.0,0.0
2023-10-22,40.0,7776.05,1017.0,10,22,0,0,0.0,0.0,645.0,894.5,1249.5,1640.0,14267.45,8355.9,16751.3,0,0,0,0,0,0,1,835.0,96.0,0.0,0.0,49.0,229.5,310.3333333333333,355.07142857142856,336.32142857142856,309.3666666666667,360.8559764148097,279.43137870020723,334.63407491421526,326.59261944531613,0.0,0.0
2023-10-23,155.0,9002.9,1108.0,10,23,0,0,40.0,385.5,452.0,1017.0,1451.0,366.0,7776.05,10505.25,12341.95,1,0,0,0,0,0,0,0.0,835.0,385.5,202.0,96.0,0.0,291.6666666666667,360.7857142857143,339.17857142857144,289.2,354.5579239398993,276.18601927211864,260.97555618566145,308.1027730294893,0.0,0.0
2023-10-24,551.0,12357.65,1350.0,10,24,0,0,155.0,835.0,229.5,1108.0,1133.5,1488.0,9002.9,12375.4,11059.05,0,1,0,0,0,0,0,40.0,0.0,835.0,467.5,411.0,36.0,65.0,327.85714285714283,335.82142857142856,279.3,362.4947947081119,275.47127642992257,234.4816671392461,298.22517476952225,0.0,0.0
2023-10-25,487.0,10301.25,376.0,10,25,0,0,551.0,334.0,0.0,1350.0,2288.5,1631.0,12357.65,9668.79,9235.8,0,0,1,0,0,0,0,155.0,40.0,334.0,969.5,276.5,238.0,248.66666666666666,287.2857142857143,341.7857142857143,290.01666666666665,308.0831674974114,279.68848075022254,313.61125035443456,314.5332280101983,0.0,0.0
2023-10-26,200.5,9717.5,1432.0,10,26,0,0,487.0,96.0,36.0,376.0,1954.0,1183.5,10301.25,7131.5,10106.5,0,0,0,1,0,0,0,551.0,155.0,96.0,0.0,50.0,541.5,397.6666666666667,309.14285714285717,307.32142857142856,306.25,317.24093292607984,276.3887114691662,356.9584377658259,325.6601165256694,0.0,0.0
2023-10-27,1561.0,11905.6,2430.5,10,27,1,0,200.5,835.0,238.0,1432.0,1287.5,1305.0,9717.5,10896.5,10004.7,0,0,0,0,1,0,0,487.0,551.0,835.0,476.0,123.5,653.0,412.8333333333333,324.07142857142856,321.64285714285717,311.73333333333335,307.8593332150562,272.4459368493994,317.84382832436944,317.5852702982069,0.0,0.0
2023-10-28,129.0,14154.5,3532.4,10,28,1,0,1561.0,0.0,541.5,2430.5,894.5,3034.75,11905.6,14267.45,13191.1,0,0,0,0,0,1,0,200.5,487.0,0.0,108.0,461.0,310.5,749.5,427.7857142857143,399.14285714285717,355.8333333333333,541.9581669851509,354.7443550942906,628.6328712432771,397.8055754402581,0.0,0.0
2023-10-29,129.5,10880.9,1522.0,10,29,0,0,129.0,40.0,653.0,3532.4,1017.0,707.0,14154.5,7776.05,9453.8,0,0,0,0,0,0,1,1561.0,200.5,40.0,0.0,0.0,49.0,630.1666666666666,446.2142857142857,400.64285714285717,342.0833333333333,526.9735807058117,355.29359116024034,503.72465343245784,380.463280250564,0.0,0.0
2023-10-30,141.0,5885.75,2025.0,10,30,0,0,129.5,155.0,310.5,1522.0,1108.0,2613.5,10880.9,9002.9,12714.85,1,0,0,0,0,0,0,129.0,1561.0,155.0,385.5,202.0,96.0,606.5,459.0,409.89285714285717,324.6333333333333,516.4559516551242,352.339959593624,410.16849007434337,364.27210087955996,0.0,0.0
2023-10-31,676.0,7592.25,2194.0,10,31,0,0,141.0,551.0,49.0,2025.0,1350.0,1845.0,5885.75,12357.65,7142.0,0,1,0,0,0,0,0,129.5,129.0,551.0,835.0,467.5,411.0,133.16666666666666,457.0,392.42857142857144,318.98333333333335,517.8546288937338,353.9298460423195,342.8763675557575,349.867449209911,0.0,0.0
2023-11-01,586.5,9840.0,1659.25,11,1,0,0,676.0,487.0,96.0,2194.0,376.0,1405.0,7592.25,10301.25,9967.0,0,0,1,0,0,0,0,141.0,129.5,487.0,334.0,969.5,276.5,315.5,474.85714285714283,381.07142857142856,339.8833333333333,523.7577934412777,355.94407453334867,426.1572756668181,370.90825893830385,0.0,0.0
2023-11-02,710.0,7069.35,2796.0,11,2,0,0,586.5,200.5,411.0,1659.25,1432.0,1558.5,9840.0,9717.5,11804.55,0,0,0,1,0,0,0,676.0,141.0,200.5,96.0,0.0,50.0,467.8333333333333,489.07142857142856,399.10714285714283,356.23333333333335,525.4895676550447,355.6204081779383,466.2429567501136,384.8174035229294,0.0,0.0
2023-11-03,432.0,14738.95,1940.0,11,3,1,0,710.0,1561.0,276.5,2796.0,2430.5,1700.0,7069.35,11905.6,14468.75,0,0,0,0,1,0,0,586.5,676.0,1561.0,835.0,476.0,123.5,657.5,561.8571428571429,442.9642857142857,366.2,514.0180536944296,361.35195375528053,527.1822175625853,405.7969258762888,0.0,0.0
2023-11-04,183.5,11991.8,1860.0,11,4,1,0,432.0,129.0,50.0,1940.0,3532.4,1757.0,14738.95,14154.5,11976.0,0,0,0,0,0,1,0,710.0,586.5,129.0,0.0,108.0,461.0,576.1666666666666,400.57142857142856,414.17857142857144,371.3833333333333,265.1327385435813,361.1361068124841,503.38666317193895,407.487446787496,0.0,0.0
2023-11-05,45.0,10234.5,456.0,11,5,0,0,183.5,129.5,123.5,1860.0,1522.0,3845.5,11991.8,10880.9,13049.9,0,0,0,0,0,0,1,432.0,710.0,129.5,40.0,0.0,0.0,441.8333333333333,408.35714285714283,427.2857142857143,375.8333333333333,256.48809496181855,357.8469219376208,423.41499737895424,393.0366437689479,0.0,0.0
2023-11-06,199.0,8424.05,855.0,11,6,0,0,45.0,141.0,461.0,456.0,2025.0,893.0,10234.5,5885.75,9974.65,1,0,0,0,0,0,0,183.5,432.0,141.0,155.0,385.5,202.0,220.16666666666666,396.2857142857143,427.64285714285717,373.21666666666664,273.24101954484206,360.03598199809574,328.8112480342157,370.58266675159643,0.0,0.0
2023-11-07,727.0,11745.5,1632.5,11,7,0,0,199.0,676.0,0.0,855.0,2194.0,708.0,8424.05,7592.25,14257.15,0,1,0,0,0,0,0,45.0,183.5,676.0,551.0,835.0,467.5,142.5,404.57142857142856,430.7857142857143,364.48333333333335,264.9635868962986,361.00953954664124,296.3584360256618,359.5128172837515,0.0,0.0
2023-11-08,226.0,13929.3,789.5,11,8,0,0,727.0,586.5,202.0,1632.5,1659.25,1627.0,11745.5,9840.0,13736.6,0,0,1,0,0,0,0,199.0,45.0,586.5,487.0,334.0,969.5,323.6666666666667,411.85714285714283,443.35714285714283,388.71666666666664,274.2107939593362,360.09870972710553,404.0188270192463,383.22166778157396,0.0,0.0
2023-11-09,513.5,12144.1,2322.0,11,9,0,0,226.0,710.0,467.5,789.5,2796.0,1190.5,13929.3,7069.35,13446.5,0,0,0,1,0,0,0,727.0,199.0,710.0,200.5,96.0,0.0,384.0,360.35714285714283,424.7142857142857,389.51666666666665,269.7611156631168,359.69602787807395,359.5141202644347,373.07833437631115,0.0,0.0
2023-11-10,514.0,9664.3,2038.5,11,10,1,0,513.5,432.0,969.5,2322.0,1940.0,2784.0,12144.1,14738.95,11785.1,0,0,0,0,1,0,0,226.0,727.0,432.0,1561.0,835.0,476.0,488.8333333333333,332.2857142857143,447.07142857142856,391.05,235.3412163120563,360.13769756427376,398.01059019832604,382.1377966746137,0.0,0.0
2023-11-11,583.0,12778.2,1292.0,11,11,1,0,514.0,183.5,0.0,2038.5,1860.0,1696.0,9664.3,11991.8,8934.25,0,0,0,0,0,1,0,513.5,226.0,183.5,129.0,0.0,108.0,417.8333333333333,344.0,372.2857142857143,375.8666666666667,243.0464633220021,344.1567388843926,427.0079426487445,390.64503559883224,0.0,0.0
2023-11-12,615.0,14581.3,979.0,11,12,0,0,583.0,45.0,476.0,1292.0,456.0,552.0,12778.2,10234.5,11077.8,0,0,0,0,0,0,1,514.0,513.5,45.0,129.5,40.0,0.0,536.8333333333334,401.07142857142856,404.7142857142857,395.3,245.96416212045816,338.6163936801721,466.0059569865584,403.05503330213344,0.0,0.0
2023-11-13,52.0,11542.85,1882.75,11,13,0,0,615.0,199.0,108.0,979.0,855.0,921.0,14581.3,8424.05,9891.4,1,0,0,0,0,0,0,583.0,514.0,199.0,141.0,155.0,385.5,570.6666666666666,482.5,439.39285714285717,399.93333333333334,198.1390505007363,340.70324668081804,503.25446773991877,416.72890212135064,0.0,0.0
2023-11-14,75.0,13881.0,986.0,11,14,0,0,52.0,727.0,0.0,1882.75,1632.5,1249.5,11542.85,11745.5,8355.9,0,1,0,0,0,0,0,615.0,583.0,727.0,676.0,551.0,835.0,416.6666666666667,461.5,433.0357142857143,398.06666666666666,237.14464643616418,342.5064996446788,390.4408508049391,393.19800521029583,0.0,0.0
2023-11-15,677.5,11572.4,2337.5,11,15,0,0,75.0,226.0,385.5,986.0,789.5,1451.0,13881.0,13929.3,10505.25,0,0,1,0,0,0,0,52.0,615.0,226.0,586.5,487.0,334.0,247.33333333333334,368.35714285714283,390.10714285714283,400.56666666666666,243.4434763769121,339.7635012499267,311.5806381037043,372.66910164834127,0.0,0.0
2023-11-16,1759.0,9661.0,1921.5,11,16,0,0,677.5,513.5,835.0,2337.5,2322.0,1133.5,11572.4,12144.1,12375.4,0,0,0,1,0,0,0,75.0,52.0,513.5,710.0,200.5,96.0,268.1666666666667,432.85714285714283,396.60714285714283,410.3,258.76963923628324,343.47919678008077,403.0604785777782,392.335611219416,0.0,0.0
2023-11-17,505.0,10257.2,3116.0,11,17,1,0,1759.0,514.0,334.0,1921.5,2038.5,2288.5,9661.0,9664.3,9668.79,0,0,0,0,1,0,0,677.5,75.0,514.0,432.0,1561.0,835.0,837.1666666666666,610.7857142857143,471.5357142857143,441.1,567.496245005408,416.5342722994109,742.0453589333337,480.50750726977634,0.0,0.0
2023-11-18,80.0,9934.2,1467.0,11,18,1,0,505.0,583.0,96.0,3116.0,1292.0,1954.0,10257.2,12778.2,7131.5,0,0,0,0,0,1,0,1759.0,677.5,583.0,183.5,129.0,0.0,980.5,609.5,476.75,446.8,567.7622008082844,416.1880087420701,682.7840192000002,482.0876680910811,0.0,0.0
2023-11-19,0.0,6152.0,1983.0,11,19,0,0,80.0,615.0,835.0,1467.0,979.0,1287.5,9934.2,14581.3,10896.5,0,0,0,0,0,0,1,505.0,1759.0,615.0,45.0,129.5,40.0,781.3333333333334,537.6428571428571,469.35714285714283,446.26666666666665,602.4460359156463,416.66303124850805,532.0880144000001,456.1465282142372,0.0,0.0
2023-11-20,27.5,7511.8,843.5,11,20,0,0,0.0,52.0,0.0,1983.0,1882.75,894.5,6152.0,11542.85,14267.45,1,0,0,0,0,0,0,80.0,505.0,52.0,199.0,141.0,155.0,195.0,449.7857142857143,466.14285714285717,418.43333333333334,633.3365256811775,417.6879658089385,399.0660108000001,426.717719942351,0.0,0.0
2023-11-21,27.5,8612.6,1224.0,11,21,0,0,27.5,75.0,40.0,843.5,986.0,1017.0,7511.8,13881.0,7776.05,0,1,0,0,0,0,0,0.0,80.0,75.0,727.0,676.0,551.0,35.833333333333336,446.2857142857143,453.89285714285717,419.35,635.963432985921,416.76715880113704,306.1745081,400.96173801058643,0.0,0.0
2023-11-22,195.0,7982.0,2068.5,11,22,0,0,27.5,677.5,155.0,1224.0,2337.5,1108.0,8612.6,11572.4,9002.9,0,0,1,0,0,0,0,27.5,0.0,677.5,226.0,586.5,487.0,18.333333333333332,439.5,403.92857142857144,418.93333333333334,640.8201775849446,417.1655532885889,236.50588107500002,376.8674323324841,0.0,0.0
2023-11-23,0.0,8499.25,1317.0,11,23,0,0,195.0,1759.0,551.0,2068.5,1921.5,1350.0,7982.0,9661.0,12357.65,0,0,0,1,0,0,0,27.5,27.5,1759.0,513.5,710.0,200.5,83.33333333333333,370.57142857142856,401.7142857142857,420.26666666666665,636.8910443560598,416.35602581190636,226.12941080625,365.1340496013561,0.0,0.0
2023-11-24,889.0,14420.6,1782.0,11,24,1,0,0.0,505.0,487.0,1317.0,3116.0,376.0,8499.25,10257.2,10301.25,0,0,0,0,1,0,0,195.0,27.5,505.0,514.0,432.0,1561.0,74.16666666666667,119.28571428571429,365.0357142857143,401.9,183.19339897652299,422.49793715064635,169.5970581046875,341.5770141432041,0.0,0.0
2023-11-25,0.0,12852.6,3042.25,11,25,1,0,889.0,80.0,200.5,1782.0,1467.0,1432.0,14420.6,9934.2,9717.5,0,0,0,0,0,1,0,0.0,195.0,80.0,583.0,183.5,129.0,361.3333333333333,174.14285714285714,391.82142857142856,415.3,322.4847172458611,431.5676436371042,349.44779357851564,376.8946261339652,0.0,0.0
2023-11-26,0.0,10755.0,846.0,11,26,0,0,0.0,0.0,1561.0,3042.25,1983.0,2430.5,12852.6,6152.0,11905.6,0,0,0,0,0,0,1,889.0,0.0,0.0,615.0,45.0,129.5,296.3333333333333,162.71428571428572,350.17857142857144,408.6166666666667,327.75166629920415,436.5327076921697,262.0858451838867,352.57884380274163,0.0,0.0
2023-11-27,721.5,11510.15,1304.0,11,27,0,0,0.0,27.5,129.0,846.0,843.5,3532.4,10755.0,7511.8,14154.5,1,0,0,0,0,0,0,0.0,889.0,27.5,52.0,199.0,141.0,296.3333333333333,162.71428571428572,306.25,356.5833333333333,327.75166629920415,384.3498559666818,196.56438388791503,329.83182162191963,0.0,0.0
2023-11-28,227.5,12994.4,872.0,11,28,0,0,721.5,27.5,129.5,1304.0,1224.0,1522.0,11510.15,8612.6,10880.9,0,1,0,0,0,0,0,0.0,0.0,27.5,75.0,727.0,676.0,240.5,261.85714285714283,354.07142857142856,376.3333333333333,380.7186969278975,387.46246388461947,327.79828791593627,355.10073635598934,0.0,0.0
2023-11-29,238.0,19752.95,1763.5,11,29,0,0,227.5,195.0,141.0,872.0,2068.5,2025.0,12994.4,7982.0,5885.75,0,0,1,0,0,0,0,721.5,0.0,195.0,677.5,226.0,586.5,316.3333333333333,290.42857142857144,364.9642857142857,379.6,367.4740839582466,385.71886313649503,302.7237159369522,346.8684307846352,0.0,0.0
2023-11-30,415.0,11788.0,3059.5,11,30,0,0,238.0,0.0,676.0,1763.5,1317.0,2194.0,19752.95,8499.25,7592.25,0,0,0,1,0,0,0,227.5,721.5,0.0,1759.0,513.5,710.0,395.6666666666667,296.57142857142856,333.57142857142856,382.8333333333333,365.96930979835696,384.05276068335405,286.54278695271415,339.8446610565943,0.0,0.0
2023-12-01,499.0,16555.4,1899.0,12,1,1,0,415.0,889.0,586.5,3059.5,1782.0,1659.25,11788.0,14420.6,9840.0,0,0,0,0,1,0,0,238.0,227.5,889.0,505.0,514.0,432.0,293.5,355.85714285714283,237.57142857142858,374.1333333333333,342.79934780734766,380.1186959207684,318.65709021453563,344.6933926013302,0.0,0.0
2023-12-02,342.0,16863.0,1568.0,12,2,1,0,499.0,0.0,710.0,1899.0,3042.25,2796.0,16555.4,12852.6,7069.35,0,0,0,0,0,1,0,415.0,238.0,0.0,80.0,583.0,183.5,384.0,300.14285714285717,237.14285714285714,371.21666666666664,264.44544400904874,378.76629777916247,363.7428176609017,354.6486575947928,0.0,0.0
2023-12-03,172.0,11219.75,956.0,12,3,0,0,342.0,0.0,432.0,1568.0,846.0,1940.0,16863.0,10755.0,14738.95,0,0,0,0,0,0,1,499.0,415.0,0.0,0.0,615.0,45.0,418.6666666666667,349.0,255.85714285714286,358.95,228.96342502679346,373.33624832092676,358.3071132456763,353.8326151693223,0.0,0.0
2023-12-04,1030.0,12426.0,1818.0,12,4,0,0,172.0,721.5,183.5,956.0,1304.0,1860.0,11219.75,11510.15,11991.8,1,0,0,0,0,0,0,342.0,499.0,721.5,27.5,52.0,199.0,337.6666666666667,373.57142857142856,268.14285714285717,350.28333333333336,191.41891855548775,374.5976849564243,311.73033493425726,342.10147870678543,0.0,0.0
2023-12-05,497.0,11744.5,1535.0,12,5,0,0,1030.0,227.5,45.0,1818.0,872.0,456.0,12426.0,12994.4,10234.5,0,1,0,0,0,0,0,172.0,342.0,227.5,27.5,75.0,727.0,514.6666666666666,417.64285714285717,339.75,378.5,293.2846618170526,393.029436468866,491.2977512006929,386.482028467638,0.0,0.0
2023-12-06,366.0,12644.05,1117.25,12,6,0,0,497.0,238.0,199.0,1535.0,1763.5,855.0,11744.5,19752.95,8424.05,0,0,1,0,0,0,0,1030.0,172.0,238.0,195.0,677.5,226.0,566.3333333333334,456.14285714285717,373.2857142857143,393.56666666666666,281.6211572138646,388.4408208007594,492.7233134005197,393.61222017940327,0.0,0.0
2023-12-07,224.0,12655.25,943.5,12,7,0,0,366.0,415.0,727.0,1117.25,3059.5,1632.5,12644.05,11788.0,11745.5,0,0,0,1,0,0,0,497.0,1030.0,415.0,0.0,1759.0,513.5,631.0,474.42857142857144,385.5,399.1333333333333,268.9676914568348,386.749315879593,461.0424850503898,391.8307866194418,0.0,0.0
2023-12-08,741.5,13054.65,3505.75,12,8,1,0,224.0,499.0,226.0,943.5,1899.0,789.5,12655.25,16555.4,13929.3,0,0,0,0,1,0,0,366.0,497.0,499.0,889.0,505.0,514.0,362.3333333333333,447.14285714285717,401.5,382.3666666666667,285.19959593907134,382.92960848891164,401.78186378779236,381.0029939343166,0.0,0.0
2023-12-09,357.0,17958.9,837.0,12,9,1,0,741.5,342.0,513.5,3505.75,1568.0,2322.0,13054.65,16863.0,12144.1,0,0,0,0,0,1,0,224.0,366.0,342.0,0.0,80.0,583.0,443.8333333333333,481.7857142857143,390.9642857142857,399.55,306.4824433719461,387.21310514121717,486.71139784084426,404.26086529339295,0.0,0.0
2023-12-10,86.0,9379.55,3131.0,12,10,0,0,357.0,172.0,514.0,837.0,956.0,2038.5,17958.9,11219.75,9664.3,0,0,0,0,0,0,1,741.5,224.0,172.0,0.0,0.0,615.0,440.8333333333333,483.92857142857144,416.4642857142857,394.3333333333333,305.39270191173927,386.6788370062494,454.2835483806332,401.2117772099483,0.0,0.0
2023-12-11,0.0,7005.75,893.0,12,11,0,0,86.0,1030.0,583.0,3131.0,1818.0,1292.0,9379.55,12426.0,12778.2,1,0,0,0,0,0,0,357.0,741.5,1030.0,721.5,27.5,52.0,394.8333333333333,471.64285714285717,422.60714285714283,380.06666666666666,321.34596028342446,389.992854340668,362.2126612854749,380.87553351898396,0.0,0.0
2023-12-12,165.5,9604.6,2267.4,12,12,0,0,0.0,497.0,615.0,893.0,1535.0,979.0,7005.75,11744.5,14581.3,0,1,0,0,0,0,0,86.0,357.0,497.0,227.5,27.5,75.0,147.66666666666666,324.5,371.07142857142856,360.6333333333333,251.23246207447005,394.03647068499237,271.65949596410616,356.3029184532431,0.0,0.0
2023-12-13,130.0,9484.45,1215.5,12,13,0,0,165.5,366.0,52.0,2267.4,1117.25,1882.75,9604.6,12644.05,11542.85,0,0,1,0,0,0,0,0.0,86.0,366.0,238.0,195.0,677.5,83.83333333333333,277.14285714285717,366.64285714285717,345.65,244.44916211176283,392.57404638685875,245.11962197307963,343.9930527465823,0.0,0.0
2023-12-14,495.0,6936.05,1511.0,12,14,0,0,130.0,224.0,75.0,1215.5,943.5,986.0,9484.45,12655.25,13881.0,0,0,0,1,0,0,0,165.5,0.0,224.0,415.0,0.0,1759.0,98.5,243.42857142857142,358.92857142857144,348.25,246.4180777613913,390.81651374243756,216.33971647980974,330.187049343577,0.0,0.0
2023-12-15,201.0,6326.0,1735.0,12,15,1,0,495.0,741.5,677.5,1511.0,3505.75,2337.5,6936.05,13054.65,11572.4,0,0,0,0,1,0,0,130.0,165.5,741.5,499.0,889.0,505.0,263.5,282.14285714285717,364.64285714285717,362.25,263.5496022708873,388.204481977715,286.0047873598573,340.82014293431394,0.0,0.0
2023-12-16,0.0,9630.1,1519.5,12,16,1,0,201.0,357.0,1759.0,1735.0,837.0,1921.5,6326.0,17958.9,9661.0,0,0,0,0,0,1,0,495.0,130.0,357.0,342.0,0.0,80.0,275.3333333333333,204.92857142857142,343.35714285714283,346.3666666666667,168.6175229554126,384.5924608199439,264.75359051989295,331.79948855145494,0.0,0.0
2023-12-17,0.0,9107.0,793.0,12,17,0,0,0.0,86.0,505.0,1519.5,3131.0,3116.0,9630.1,9379.55,10257.2,0,0,0,0,0,0,1,201.0,495.0,86.0,172.0,0.0,0.0,232.0,153.92857142857142,318.92857142857144,287.73333333333335,168.94486984699802,282.27709342287096,198.56519288991973,310.39306993523206,0.0,0.0
2023-12-18,473.5,6673.15,2050.5,12,18,0,0,0.0,0.0,80.0,793.0,893.0,1467.0,9107.0,7005.75,9934.2,1,0,0,0,0,0,0,0.0,201.0,0.0,1030.0,721.5,27.5,67.0,141.64285714285714,306.64285714285717,270.9,177.61257328938242,283.92660537783206,148.9238946674398,290.36771058457197,0.0,0.0
2023-12-19,0.0,7734.7,692.0,12,19,0,0,473.5,165.5,0.0,2050.5,2267.4,1983.0,6673.15,9604.6,6152.0,0,1,0,0,0,0,0,0.0,0.0,165.5,497.0,227.5,27.5,157.83333333333334,209.28571428571428,266.89285714285717,284.01666666666665,203.02501018816574,283.89275182756904,230.06792100057987,302.1826969984706,0.0,0.0
2023-12-20,247.5,8401.0,257.0,12,20,0,0,0.0,130.0,27.5,692.0,1215.5,843.5,7734.7,9484.45,7511.8,0,0,1,0,0,0,0,473.5,0.0,130.0,366.0,238.0,195.0,157.83333333333334,185.64285714285714,231.39285714285714,284.01666666666665,218.05402890983135,283.89275182756904,172.5509407504349,282.6870391276015,0.0,0.0
2023-12-21,531.5,11511.5,1489.25,12,21,0,0,247.5,495.0,27.5,257.0,1511.0,1224.0,8401.0,6936.05,8612.6,0,0,0,1,0,0,0,0.0,473.5,495.0,224.0,415.0,0.0,240.33333333333334,202.42857142857142,222.92857142857142,291.35,217.57880345816258,279.85076534122396,191.2882055628262,280.41690757098206,0.0,0.0
2023-12-22,335.0,8626.25,1106.0,12,22,1,0,531.5,201.0,195.0,1489.25,1735.0,2068.5,11511.5,6326.0,7982.0,0,0,0,0,1,0,0,247.5,0.0,201.0,741.5,499.0,889.0,259.6666666666667,207.64285714285714,244.89285714285714,308.15,226.0320247010946,278.5903601941447,276.3411541721197,296.615816759951,0.0,0.0
2023-12-23,0.0,11164.1,1241.0,12,23,1,0,335.0,0.0,0.0,1106.0,1519.5,1317.0,8626.25,9630.1,8499.25,0,0,0,0,0,1,0,531.5,247.5,0.0,357.0,342.0,0.0,371.3333333333333,226.78571428571428,215.85714285714286,312.81666666666666,230.99546480808837,277.8010787736721,291.0058656290897,299.0922156786638,0.0,0.0
2023-12-24,280.0,8520.5,1513.0,12,24,0,0,0.0,0.0,889.0,1241.0,793.0,1782.0,11164.1,9107.0,14420.6,0,0,0,0,0,0,1,335.0,531.5,0.0,86.0,172.0,0.0,288.8333333333333,226.78571428571428,190.35714285714286,312.81666666666666,230.99546480808837,277.8010787736721,218.2543992218173,279.7959436993952,0.0,0.0
2023-12-25,1215.0,7951.0,1084.5,12,25,0,0,280.0,473.5,0.0,1513.0,2050.5,3042.25,8520.5,6673.15,12852.6,1,0,0,0,0,0,0,0.0,335.0,473.5,0.0,1030.0,721.5,205.0,266.7857142857143,204.21428571428572,292.51666666666665,208.30803655941392,255.60993597240298,233.69079941636298,279.8091086220149,0.0,0.0
2023-12-26,165.0,9507.4,1690.0,12,26,0,0,1215.0,0.0,0.0,1084.5,692.0,846.0,7951.0,7734.7,10755.0,0,1,0,0,0,0,0,280.0,0.0,0.0,165.5,497.0,227.5,498.3333333333333,372.7142857142857,291.0,333.01666666666665,415.97013686309833,300.0550950366801,479.01809956227225,340.14400483994945,0.0,0.0
2023-12-27,501.0,8487.35,2175.0,12,27,0,0,165.0,247.5,721.5,1690.0,257.0,1304.0,9507.4,8401.0,11510.15,0,0,1,0,0,0,0,1215.0,280.0,247.5,130.0,366.0,238.0,553.3333333333334,396.2857142857143,290.9642857142857,338.51666666666665,395.501143818706,295.21358379564975,400.5135746717042,328.8443916244688,0.0,0.0
2023-12-28,233.0,9656.4,1014.5,12,28,0,0,501.0,531.5,227.5,2175.0,1489.25,872.0,8487.35,11511.5,12994.4,0,0,0,1,0,0,0,165.0,1215.0,531.5,495.0,224.0,415.0,627.0,432.5,317.4642857142857,331.1666666666667,391.18931904300933,288.00650535436984,425.63518100377814,339.9512050680515,0.0,0.0
2023-12-29,0.0,10189.25,455.0,12,29,1,0,233.0,335.0,238.0,1014.5,1106.0,1763.5,9656.4,8626.25,19752.95,0,0,0,0,1,0,0,501.0,165.0,335.0,201.0,741.5,499.0,299.6666666666667,389.85714285714283,298.75,331.35,394.8512076598933,287.9399826711975,377.4763857528336,333.05112732172563,0.0,0.0
2023-12-30,317.0,9305.75,542.25,12,30,1,0,0.0,0.0,415.0,455.0,1241.0,3059.5,10189.25,11164.1,11788.0,0,0,0,0,0,1,0,233.0,501.0,0.0,0.0,357.0,342.0,244.66666666666666,342.0,284.39285714285717,323.4166666666667,421.97788251676576,293.81932295243917,283.1072893146252,311.5639578170982,0.0,0.0
2023-12-31,0.0,8663.25,940.5,12,31,0,0,317.0,280.0,499.0,542.25,1513.0,1899.0,9305.75,8520.5,16555.4,0,0,0,0,0,0,1,0.0,233.0,280.0,0.0,86.0,172.0,183.33333333333334,387.2857142857143,307.0357142857143,320.15,395.32632692739395,293.31033200702086,291.5804669859689,311.9146702159951,0.0,0.0
2024-01-01,448.0,17560.8,1224.0,1,1,0,0,0.0,1215.0,342.0,940.5,1084.5,1568.0,8663.25,7951.0,16863.0,1,0,0,0,0,0,0,317.0,0.0,1215.0,473.5,0.0,1030.0,105.66666666666667,347.2857142857143,307.0357142857143,303.51666666666665,421.3030240755911,296.9445694045446,218.68535023947666,291.79114310528576,0.0,0.0
2024-01-02,1000.0,17805.8,1604.0,1,2,0,0,448.0,165.0,172.0,1224.0,1690.0,956.0,17560.8,9507.4,11219.75,0,1,0,0,0,0,0,0.0,317.0,165.0,0.0,165.5,497.0,255.0,237.71428571428572,305.2142857142857,307.05,199.2282729983493,298.0468705907938,276.0140126796075,301.8691338726867,0.0,0.0
2024-01-03,0.0,11529.2,1333.0,1,3,0,0,1000.0,501.0,1030.0,1604.0,2175.0,1818.0,17805.8,8487.35,12426.0,0,0,1,0,0,0,0,448.0,0.0,501.0,247.5,130.0,366.0,482.6666666666667,357.0,376.64285714285717,334.65,345.0458906677004,322.44831582644406,457.0105095097056,346.90983491315853,0.0,0.0
2024-01-04,96.0,11114.3,1597.0,1,4,0,0,0.0,233.0,497.0,1333.0,1014.5,1535.0,11529.2,9656.4,11744.5,0,0,0,1,0,0,0,1000.0,448.0,233.0,531.5,495.0,224.0,482.6666666666667,285.42857142857144,358.9642857142857,300.31666666666666,361.75399428472434,299.9040215242814,342.75788213227924,324.52855524134185,0.0,0.0
2024-01-05,994.0,10353.6,2042.0,1,5,1,0,96.0,0.0,366.0,1597.0,455.0,1117.25,11114.3,10189.25,12644.05,0,0,0,0,1,0,0,0.0,1000.0,0.0,335.0,201.0,741.5,365.3333333333333,265.85714285714283,327.85714285714283,286.95,368.7024222736761,299.77181983221357,281.0684115992094,309.7847774838359,0.0,0.0
2024-01-06,276.0,19631.8,2096.0,1,6,1,0,994.0,317.0,224.0,2042.0,542.25,943.5,10353.6,9305.75,12655.25,0,0,0,0,0,1,0,96.0,0.0,317.0,0.0,0.0,357.0,363.3333333333333,407.85714285714283,374.92857142857144,307.8833333333333,434.7437668985524,326.24064746360335,459.30130869940706,353.92769506552395,0.0,0.0
2024-01-07,1852.0,17426.6,1458.0,1,7,0,0,276.0,0.0,741.5,2096.0,940.5,3505.75,19631.8,8663.25,13054.65,0,0,0,0,0,0,1,994.0,96.0,0.0,280.0,0.0,86.0,455.3333333333333,402.0,394.64285714285717,309.6166666666667,436.4447273137803,325.9175822233264,413.4759815245553,348.90010183549015,0.0,0.0
2024-01-08,591.0,14684.6,2386.0,1,8,0,0,1852.0,448.0,357.0,1458.0,1224.0,837.0,17426.6,17560.8,17958.9,1,0,0,0,0,0,0,276.0,994.0,448.0,1215.0,473.5,0.0,1040.6666666666667,666.5714285714286,506.92857142857144,346.6333333333333,657.4969853271464,424.74178633314517,773.1069861434165,445.8742888138457,0.0,0.0
2024-01-09,160.0,18836.7,1490.0,1,9,0,0,591.0,1000.0,86.0,2386.0,1604.0,3131.0,14684.6,17805.8,9379.55,0,1,0,0,0,0,0,1852.0,276.0,1000.0,165.0,0.0,165.5,906.3333333333334,687.0,462.35714285714283,354.43333333333334,651.7706651883007,427.08088415333606,727.5802396075624,455.23723792262984,0.0,0.0
2024-01-10,1078.0,13922.4,3498.0,1,10,0,0,160.0,0.0,0.0,1490.0,1333.0,893.0,18836.7,11529.2,7005.75,0,0,1,0,0,0,0,591.0,1852.0,0.0,501.0,247.5,130.0,867.6666666666666,567.0,462.0,356.9,661.7892413752281,425.68847683528463,585.6851797056718,436.189674185686,0.0,0.0
2024-01-11,400.0,21281.3,1770.0,1,11,0,0,1078.0,96.0,165.5,3498.0,1597.0,2267.4,13922.4,11114.3,9604.6,0,0,0,1,0,0,0,160.0,591.0,96.0,233.0,531.5,495.0,609.6666666666666,721.0,503.2142857142857,392.8333333333333,632.641288567226,439.7876120107986,708.7638847792539,477.5967919801579,0.0,0.0
2024-01-12,96.0,18754.8,3900.0,1,12,1,0,400.0,994.0,130.0,1770.0,2042.0,1215.5,21281.3,10353.6,9484.45,0,0,0,0,1,0,0,1078.0,160.0,994.0,0.0,335.0,201.0,546.0,764.4285714285714,515.1428571428571,400.65,591.6958275845388,437.68667249056364,631.5729135844404,472.59054733627676,0.0,0.0
2024-01-13,628.0,15129.0,2132.0,1,13,1,0,96.0,276.0,495.0,3900.0,2096.0,1511.0,18754.8,19631.8,6936.05,0,0,0,0,0,1,0,400.0,1078.0,276.0,317.0,0.0,0.0,524.6666666666666,636.1428571428571,522.0,399.51666666666665,629.7508577661033,438.45499677321743,497.67968518833027,448.29438299200086,0.0,0.0
2024-01-14,0.0,14212.2,3823.0,1,14,0,0,628.0,1852.0,201.0,2132.0,1458.0,1735.0,15129.0,17426.6,6326.0,0,0,0,0,0,0,1,96.0,400.0,1852.0,0.0,280.0,0.0,374.6666666666667,686.4285714285714,544.2142857142857,403.95,609.9425812164227,440.1229716481675,530.2597638912478,459.8882937667105,0.0,0.0
2024-01-15,445.0,15736.8,3217.5,1,15,0,0,0.0,591.0,0.0,3823.0,2386.0,1519.5,14212.2,14684.6,9630.1,1,0,0,0,0,0,0,628.0,96.0,591.0,448.0,1215.0,473.5,241.33333333333334,421.85714285714283,544.2142857142857,397.25,377.45217294002026,444.82382700229243,397.6948229184358,430.2180812656324,0.0,0.0
2024-01-16,890.0,16723.18,2452.02,1,16,0,0,445.0,160.0,0.0,3217.5,1490.0,793.0,15736.8,18836.7,9107.0,0,1,0,0,0,0,0,0.0,628.0,160.0,1000.0,165.0,0.0,357.6666666666667,401.0,544.0,412.0833333333333,370.5181057204449,438.4947033717252,409.52111718882685,431.1717534420432,0.0,0.0
2024-01-17,651.0,20957.6,1795.0,1,17,0,0,890.0,1078.0,473.5,2452.02,3498.0,2050.5,16723.18,13922.4,6673.15,0,0,1,0,0,0,0,445.0,0.0,1078.0,0.0,501.0,247.5,445.0,505.2857142857143,536.1428571428571,441.75,393.4067929788514,439.7585103369723,529.6408378916201,460.77357580062113,0.0,0.0
2024-01-18,657.0,29862.2,2806.5,1,18,0,0,651.0,400.0,0.0,1795.0,1770.0,692.0,20957.6,21281.3,7734.7,0,0,0,1,0,0,0,890.0,445.0,400.0,96.0,233.0,531.5,662.0,444.2857142857143,582.6428571428571,447.6666666666667,315.1183451158811,441.3914583906555,559.980628418715,473.0462483296133,0.0,0.0
2024-01-19,1360.0,22082.5,2897.0,1,19,1,0,657.0,96.0,247.5,2806.5,3900.0,257.0,29862.2,18754.8,8401.0,0,0,0,0,1,0,0,651.0,890.0,96.0,994.0,0.0,335.0,732.6666666666666,481.0,622.7142857142857,469.56666666666666,323.9464976401712,434.66169431610484,584.2354713140362,484.91423230834795,0.0,0.0
2024-01-20,0.0,13747.3,2239.0,1,20,1,0,1360.0,628.0,531.5,2897.0,2132.0,1489.25,22082.5,15129.0,11511.5,0,0,0,0,0,1,0,657.0,651.0,628.0,276.0,317.0,0.0,889.3333333333334,661.5714285714286,648.8571428571429,506.65,413.48553265414955,461.679676048082,778.1766034855272,541.3713786110352,0.0,0.0
2024-01-21,240.0,15241.7,488.0,1,21,0,0,0.0,0.0,335.0,2239.0,3823.0,1106.0,13747.3,14212.2,8626.25,0,0,0,0,0,0,1,1360.0,657.0,0.0,1852.0,0.0,280.0,672.3333333333334,571.8571428571429,629.1428571428571,488.93333333333334,484.08519517795236,470.801073251445,583.6324526141453,506.44419289419426,0.0,0.0
2024-01-22,40.0,12641.7,1814.0,1,22,0,0,240.0,445.0,0.0,488.0,3217.5,1241.0,15241.7,15736.8,11164.1,1,0,0,0,0,0,0,0.0,1360.0,445.0,591.0,448.0,1215.0,533.3333333333334,606.1428571428571,514.0,485.76666666666665,443.6422840425338,472.18959395954295,497.72433946060903,489.2542449655366,0.0,0.0
2024-01-23,1238.0,23757.6,1780.0,1,23,0,0,40.0,890.0,280.0,1814.0,2452.02,1513.0,12641.7,16723.18,8520.5,0,1,0,0,0,0,0,240.0,0.0,890.0,160.0,1000.0,165.0,93.33333333333333,548.2857142857143,474.64285714285717,487.1,491.93994019789125,470.82512677213805,383.2932545954568,460.2701001290504,0.0,0.0
2024-01-24,374.0,15834.5,2054.0,1,24,0,0,1238.0,651.0,1215.0,1780.0,1795.0,1084.5,23757.6,20957.6,7951.0,0,0,1,0,0,0,0,40.0,240.0,651.0,1078.0,0.0,501.0,506.0,598.0,551.6428571428571,519.0333333333333,546.7580208221307,488.45219886362736,596.9699409465926,510.4462227013697,0.0,0.0
2024-01-25,0.0,21622.0,1736.0,1,25,0,0,374.0,657.0,165.0,2054.0,2806.5,1690.0,15834.5,29862.2,9507.4,0,0,0,1,0,0,0,1238.0,40.0,657.0,400.0,96.0,233.0,550.6666666666666,558.4285714285714,501.35714285714283,491.0,552.2788719306149,470.9517143416926,541.2274557099445,501.64324059160396,0.0,0.0
2024-01-26,1000.0,21317.2,3475.0,1,26,1,0,0.0,1360.0,501.0,1736.0,2897.0,2175.0,21622.0,22082.5,8487.35,0,0,0,0,1,0,0,374.0,1238.0,1360.0,96.0,994.0,0.0,537.3333333333334,464.57142857142856,472.7857142857143,485.5,587.442722638516,475.8284064805222,405.92059178245836,469.279160553436,0.0,0.0
2024-01-27,194.0,22843.6,1844.0,1,27,1,0,1000.0,0.0,233.0,3475.0,2239.0,1014.5,21317.2,13747.3,9656.4,0,0,0,0,0,1,0,0.0,374.0,0.0,628.0,276.0,317.0,458.0,413.14285714285717,537.3571428571429,502.1333333333333,506.1144233508956,485.0217722331955,554.4404438368438,503.51921471127883,0.0,0.0
2024-01-28,0.0,28219.1,4578.0,1,28,0,0,194.0,240.0,0.0,1844.0,488.0,455.0,22843.6,15241.7,10189.25,0,0,0,0,0,0,1,1000.0,0.0,240.0,0.0,1852.0,0.0,398.0,440.85714285714283,506.35714285714283,500.8333333333333,484.5738432105158,485.81961199842345,464.3303328776328,483.5502331170028,0.0,0.0
2024-01-29,40.0,23877.5,5712.0,1,29,0,0,0.0,40.0,317.0,4578.0,1814.0,542.25,28219.1,12641.7,9305.75,1,0,0,0,0,0,0,194.0,1000.0,40.0,445.0,591.0,448.0,398.0,406.57142857142856,506.35714285714283,500.8333333333333,509.0274573939528,485.81961199842345,348.2477496582246,452.3534438836478,0.0,0.0
2024-01-30,282.0,18295.7,4116.0,1,30,0,0,40.0,1238.0,0.0,5712.0,1780.0,940.5,23877.5,23757.6,8663.25,0,1,0,0,0,0,0,0.0,194.0,1238.0,890.0,160.0,1000.0,78.0,406.57142857142856,477.42857142857144,491.6,509.0274573939528,492.02660427089177,271.18581224366847,425.7499958911544,0.0,0.0
2024-01-31,688.0,25490.4,2575.0,1,31,0,0,282.0,374.0,448.0,4116.0,2054.0,1224.0,18295.7,15834.5,17560.8,0,0,1,0,0,0,0,40.0,0.0,374.0,651.0,1078.0,0.0,107.33333333333333,270.0,434.0,501.0,353.16096424529525,484.9538193442254,273.8893591827514,416.4758026078541,0.0,0.0
2024-02-01,448.0,26214.7,5635.0,2,1,0,0,688.0,0.0,1000.0,2575.0,1736.0,1604.0,25490.4,21622.0,17805.8,0,0,0,1,0,0,0,282.0,40.0,0.0,657.0,400.0,96.0,336.6666666666667,314.85714285714283,436.64285714285717,509.0,386.9019809423867,486.02774150992786,377.41701938706353,433.9934927621861,0.0,0.0
2024-02-02,100.0,24375.5,3883.0,2,2,1,0,448.0,1000.0,0.0,5635.0,3475.0,1333.0,26214.7,21317.2,11529.2,0,0,0,0,1,0,0,688.0,282.0,1000.0,1360.0,96.0,994.0,472.6666666666667,378.85714285714283,421.7142857142857,490.6,362.41754398825157,477.16653638774346,395.0627645402976,434.8971383904322,0.0,0.0
2024-02-03,602.0,22338.0,1480.0,2,3,1,0,100.0,194.0,96.0,3883.0,1844.0,1597.0,24375.5,22843.6,11114.3,0,0,0,0,0,1,0,448.0,688.0,194.0,0.0,628.0,276.0,412.0,250.28571428571428,331.7142857142857,493.93333333333334,246.41003380930903,473.9596908026536,321.2970734052232,413.2908713975011,0.0,0.0
2024-02-04,282.0,33101.3,634.0,2,4,0,0,602.0,0.0,994.0,1480.0,4578.0,2042.0,22338.0,28219.1,10353.6,0,0,0,0,0,0,1,100.0,448.0,0.0,240.0,0.0,1852.0,383.3333333333333,308.57142857142856,374.7142857142857,510.8,277.2068163801516,468.27963941394574,391.4728050539174,425.4656538879849,0.0,0.0
2024-02-05,480.0,19595.0,2306.0,2,5,0,0,282.0,40.0,276.0,634.0,5712.0,2096.0,33101.3,23877.5,19631.8,1,0,0,0,0,0,0,602.0,100.0,40.0,40.0,445.0,591.0,328.0,348.85714285714283,377.7142857142857,487.06666666666666,243.30736978249604,460.9307624970282,364.10460379043803,416.2098052500504,0.0,0.0
2024-02-06,0.0,21824.8,1846.0,2,6,0,0,480.0,282.0,1852.0,2306.0,4116.0,1458.0,19595.0,18295.7,17426.6,0,1,0,0,0,0,0,282.0,602.0,282.0,1238.0,890.0,160.0,454.6666666666667,411.7142857142857,409.14285714285717,493.8666666666667,203.85428969872453,459.21114768798833,393.07845284282854,420.32530168553103,0.0,0.0
2024-02-07,604.0,27815.8,1978.0,2,7,0,0,0.0,688.0,591.0,1846.0,2575.0,2386.0,21824.8,25490.4,14684.6,0,0,1,0,0,0,0,480.0,282.0,688.0,374.0,651.0,1078.0,254.0,371.42857142857144,320.7142857142857,432.1333333333333,255.1671720936802,389.53639406203166,294.8088396321214,393.20754028646456,0.0,0.0
2024-02-08,164.0,19486.2,6057.0,2,8,0,0,604.0,448.0,160.0,1978.0,5635.0,1490.0,27815.8,26214.7,18836.7,0,0,0,1,0,0,0,0.0,480.0,448.0,0.0,657.0,400.0,361.3333333333333,359.42857142857144,337.14285714285717,432.56666666666666,239.2786779349255,389.72640123051934,372.1066297240911,406.80705381637006,0.0,0.0
2024-02-09,518.0,20313.7,5735.0,2,9,1,0,164.0,100.0,1078.0,6057.0,3883.0,3498.0,19486.2,24375.5,13922.4,0,0,0,0,1,0,0,604.0,0.0,100.0,1000.0,1360.0,96.0,256.0,318.85714285714283,348.85714285714283,432.7,245.74745069646116,389.6306075564745,320.0799722930683,391.1420826024107,0.0,0.0
2024-02-10,300.0,16334.6,3298.0,2,10,1,0,518.0,602.0,400.0,5735.0,1480.0,1770.0,20313.7,22338.0,21281.3,0,0,0,0,0,1,0,164.0,604.0,602.0,194.0,0.0,628.0,428.6666666666667,378.57142857142856,314.42857142857144,414.03333333333336,234.2184572451236,370.5987218592071,369.5599792198012,399.32646436999715,0.0,0.0
2024-02-11,200.0,16197.8,1190.0,2,11,0,0,300.0,282.0,96.0,3298.0,634.0,3900.0,16334.6,33101.3,18754.8,0,0,0,0,0,0,1,518.0,164.0,282.0,0.0,240.0,0.0,327.3333333333333,335.42857142857144,322.0,410.7,213.06247686446136,371.17856563412533,352.1699844148509,392.9183053783845,0.0,0.0
2024-02-12,1007.0,21203.5,1816.0,2,12,0,0,200.0,480.0,628.0,1190.0,2306.0,2132.0,16197.8,19595.0,15129.0,1,0,0,0,0,0,0,300.0,518.0,480.0,40.0,40.0,445.0,339.3333333333333,323.7142857142857,336.2857142857143,414.1666666666667,218.6700057817064,368.6148427543991,314.12748831113817,380.47196309590805,0.0,0.0
2024-02-13,300.0,22996.7,2816.0,2,13,0,0,1007.0,0.0,0.0,1816.0,1846.0,3823.0,21203.5,21824.8,14212.2,0,1,0,0,0,0,0,200.0,300.0,0.0,282.0,1238.0,890.0,502.3333333333333,399.0,405.35714285714283,426.8,339.0373627394677,382.4318194812298,487.3456162333536,420.89312676713985,0.0,0.0
2024-02-14,580.0,21423.6,680.0,2,14,0,0,300.0,604.0,445.0,2816.0,1978.0,3217.5,22996.7,27815.8,15736.8,0,0,1,0,0,0,0,1007.0,200.0,604.0,688.0,374.0,651.0,502.3333333333333,441.85714285714283,406.64285714285717,436.8,296.48520399924894,374.7315728947025,440.5092121750152,413.093570201518,0.0,0.0
2024-02-15,450.0,31303.2,3932.0,2,15,0,0,580.0,164.0,890.0,680.0,6057.0,2452.02,21423.6,19486.2,16723.18,0,0,0,1,0,0,0,300.0,1007.0,164.0,448.0,0.0,657.0,629.0,438.42857142857144,398.92857142857144,441.3,294.4293107820944,375.64291095630165,475.3819091312614,423.8617269627104,0.0,0.0
2024-02-16,982.0,18158.2,2060.0,2,16,1,0,450.0,518.0,651.0,3932.0,5735.0,1795.0,31303.2,20313.7,20957.6,0,0,0,0,1,0,0,580.0,300.0,518.0,100.0,1000.0,1360.0,443.3333333333333,479.2857142857143,399.07142857142856,426.6333333333333,268.72210818719685,365.98525345582743,469.03643184844606,425.5480671586646,0.0,0.0
2024-02-17,513.0,15382.5,4004.0,2,17,1,0,982.0,300.0,657.0,2060.0,3298.0,2806.5,18158.2,16334.6,29862.2,0,0,0,0,0,1,0,450.0,580.0,300.0,602.0,194.0,0.0,670.6666666666666,545.5714285714286,462.07142857142856,437.6666666666667,330.0847654481383,377.78166777352624,597.2773238863346,461.44819185810564,0.0,0.0
2024-02-18,0.0,19185.0,3346.5,2,18,0,0,513.0,200.0,1360.0,4004.0,1190.0,2897.0,15382.5,16197.8,22082.5,0,0,0,0,0,0,1,982.0,450.0,200.0,282.0,0.0,240.0,648.3333333333334,576.0,455.7142857142857,432.8666666666667,313.05217882434033,375.8084373842546,576.2079929147509,464.7741149640343,0.0,0.0
2024-02-19,2180.0,31216.7,1426.0,2,19,0,0,0.0,1007.0,0.0,3346.5,1816.0,2239.0,19185.0,21203.5,13747.3,1,0,0,0,0,0,0,513.0,982.0,1007.0,480.0,40.0,40.0,498.3333333333333,547.4285714285714,435.57142857142856,387.53333333333336,358.86295301635573,340.47995873303665,432.1559946860632,434.78868819216115,0.0,0.0
2024-02-20,100.0,25142.8,2746.0,2,20,0,0,2180.0,300.0,240.0,1426.0,2816.0,488.0,31216.7,22996.7,15241.7,0,1,0,0,0,0,0,0.0,513.0,300.0,0.0,282.0,1238.0,897.6666666666666,715.0,557.0,460.2,710.6590837619212,464.8400837366284,869.1169960145473,547.3829663733121,0.0,0.0
2024-02-21,908.0,27613.8,1877.0,2,21,0,0,100.0,580.0,40.0,2746.0,680.0,1814.0,25142.8,21423.6,12641.7,0,0,1,0,0,0,0,2180.0,0.0,580.0,604.0,688.0,374.0,760.0,686.4285714285714,564.1428571428571,455.53333333333336,733.7692319212396,467.82016389540786,676.8377470109106,518.5195491879372,0.0,0.0
2024-02-22,690.0,32251.7,2198.0,2,22,0,0,908.0,450.0,1238.0,1877.0,3932.0,1780.0,27613.8,31303.2,23757.6,0,0,0,1,0,0,0,100.0,2180.0,450.0,164.0,448.0,0.0,1062.6666666666667,733.2857142857143,585.8571428571429,484.46666666666664,736.3085209986627,468.0760130822646,734.6283102581829,543.6473202080703,0.0,0.0
2024-02-23,600.0,21702.8,6234.0,2,23,1,0,690.0,982.0,374.0,2198.0,2060.0,2054.0,32251.7,18158.2,15834.5,0,0,0,0,1,0,0,908.0,100.0,982.0,518.0,100.0,1000.0,566.0,767.5714285714286,623.4285714285714,466.2,726.4406048542113,447.91396957220576,723.4712326936371,553.0894285817432,0.0,0.0
2024-02-24,400.0,26279.6,2574.0,2,24,1,0,600.0,513.0,0.0,6234.0,4004.0,1736.0,21702.8,15382.5,21622.0,0,0,0,0,0,1,0,690.0,908.0,513.0,300.0,602.0,194.0,732.6666666666666,713.0,629.2857142857143,473.73333333333335,721.982225081292,448.2102287938129,692.6034245202279,556.1159170603404,0.0,0.0
2024-02-25,540.0,26530.6,3956.0,2,25,0,0,400.0,0.0,1000.0,2574.0,3346.5,3475.0,26279.6,19185.0,21317.2,0,0,0,0,0,0,1,600.0,690.0,0.0,200.0,282.0,0.0,563.3333333333334,696.8571428571429,636.4285714285714,487.06666666666666,728.4338058628317,439.4965719793603,619.4525683901709,546.0439224112862,0.0,0.0
2024-02-26,542.0,22042.2,3304.0,2,26,0,0,540.0,2180.0,194.0,3956.0,1426.0,1844.0,26530.6,31216.7,22843.6,1,0,0,0,0,0,0,400.0,600.0,2180.0,1007.0,480.0,40.0,513.3333333333334,774.0,660.7142857142857,471.73333333333335,668.4599215111305,428.8801724244785,599.5894262926281,545.6539919331387,0.0,0.0
2024-02-27,315.0,23828.2,9043.5,2,27,0,0,542.0,100.0,0.0,3304.0,2746.0,4578.0,22042.2,25142.8,28219.1,0,1,0,0,0,0,0,540.0,400.0,100.0,300.0,0.0,282.0,494.0,540.0,627.5,483.3333333333333,249.90931688647908,425.804417894942,585.1920697194711,545.4182505180976,0.0,0.0
2024-02-28,560.0,29599.4,2282.0,2,28,0,0,315.0,908.0,40.0,9043.5,1877.0,5712.0,23828.2,27613.8,23877.5,0,0,1,0,0,0,0,542.0,540.0,908.0,580.0,604.0,688.0,465.6666666666667,570.7142857142857,628.5714285714286,493.8333333333333,193.71346045617153,417.27317466960466,517.6440522896033,530.5525569362849,0.0,0.0
2024-02-29,624.0,28852.4,5162.0,2,29,0,0,560.0,690.0,282.0,2282.0,2198.0,4116.0,29599.4,32251.7,18295.7,0,0,0,1,0,0,0,315.0,542.0,690.0,450.0,164.0,448.0,472.3333333333333,521.0,627.1428571428571,511.1666666666667,125.30097099916382,408.4786816142713,528.2330392172025,532.4523919726537,0.0,0.0
2024-03-01,154.0,29172.2,3426.0,3,1,1,0,624.0,600.0,688.0,5162.0,6234.0,2575.0,28852.4,21702.8,25490.4,0,0,0,0,1,0,0,560.0,315.0,600.0,982.0,518.0,100.0,499.6666666666667,511.57142857142856,639.5714285714286,522.5666666666667,112.27029459130767,406.63061975156285,552.1747794129019,538.3586892647406,0.0,0.0
2024-03-02,324.0,23477.9,2176.0,3,2,1,0,154.0,400.0,448.0,3426.0,2574.0,5635.0,29172.2,26279.6,26214.7,0,0,0,0,0,1,0,624.0,560.0,400.0,513.0,300.0,602.0,446.0,447.85714285714283,580.4285714285714,504.76666666666665,166.9575081384766,410.80548995201184,452.6310845596764,513.5613544734671,0.0,0.0
2024-03-03,0.0,23091.4,3688.0,3,3,0,0,324.0,540.0,100.0,2176.0,3956.0,3883.0,23477.9,26530.6,24375.5,0,0,0,0,0,0,1,154.0,624.0,540.0,0.0,200.0,282.0,367.3333333333333,437.0,566.9285714285714,500.6333333333333,172.9518237352046,412.01836947108205,420.47331341975735,501.33158966872725,0.0,0.0
2024-03-04,0.0,31297.0,2028.0,3,4,0,0,0.0,542.0,602.0,3688.0,3304.0,1480.0,23091.4,22042.2,22338.0,1,0,0,0,0,0,0,324.0,154.0,542.0,2180.0,1007.0,480.0,159.33333333333334,359.85714285714283,566.9285714285714,497.3,230.28129796072486,415.75889481848674,315.35498506481804,468.98761614171264,0.0,0.0
2024-03-05,596.0,81993.0,5502.0,3,5,0,0,0.0,315.0,282.0,2028.0,9043.5,634.0,31297.0,23828.2,33101.3,0,1,0,0,0,0,0,0.0,324.0,315.0,100.0,300.0,0.0,108.0,282.42857142857144,411.2142857142857,477.23333333333335,249.1758797468547,424.95733524862123,236.51623879861353,438.7303505841828,0.0,0.0
2024-03-06,330.0,26090.0,4366.0,3,6,0,0,596.0,560.0,480.0,5502.0,2282.0,2306.0,81993.0,29599.4,19595.0,0,0,1,0,0,0,0,0.0,0.0,560.0,908.0,580.0,604.0,198.66666666666666,322.57142857142856,446.64285714285717,487.7,276.4409865552122,423.8483910795103,326.38717909896013,448.87677957875167,0.0,0.0
2024-03-07,590.0,19989.8,4364.0,3,7,0,0,330.0,624.0,0.0,4366.0,5162.0,1846.0,26090.0,28852.4,21824.8,0,0,0,1,0,0,0,596.0,0.0,624.0,690.0,450.0,164.0,308.6666666666667,289.7142857142857,405.35714285714283,482.7,256.4642368087697,424.82598060041397,327.2903843242201,441.2073099285097,0.0,0.0
2024-03-08,1643.0,21477.8,3703.0,3,8,1,0,590.0,154.0,604.0,4364.0,3426.0,1978.0,19989.8,29172.2,27815.8,0,0,0,0,1,0,0,330.0,596.0,154.0,600.0,982.0,518.0,505.3333333333333,284.85714285714283,398.2142857142857,502.3666666666667,249.29997230340024,415.2584142130205,392.96778824316505,450.8068383202188,0.0,0.0
2024-03-09,0.0,16555.0,2502.0,3,9,1,0,1643.0,324.0,164.0,3703.0,2176.0,6057.0,21477.8,23477.9,19486.2,0,0,0,0,0,1,0,590.0,330.0,324.0,400.0,513.0,300.0,854.3333333333334,497.57142857142856,472.7142857142857,537.0,560.2974975084984,464.44174869517747,705.4758411823738,527.7225261705273,0.0,0.0
2024-03-10,244.0,17994.4,1856.5,3,10,0,0,0.0,0.0,518.0,2502.0,3688.0,5735.0,16555.0,23091.4,20313.7,0,0,0,0,0,0,1,1643.0,590.0,0.0,540.0,0.0,200.0,744.3333333333334,451.2857142857143,444.14285714285717,531.5333333333333,589.6402050645559,469.9164073375789,529.1068808867803,493.6759115788804,0.0,0.0
2024-03-11,248.0,8912.5,5658.0,3,11,0,0,244.0,0.0,300.0,1856.5,2028.0,3298.0,17994.4,31297.0,16334.6,1,0,0,0,0,0,0,0.0,1643.0,0.0,542.0,2180.0,1007.0,629.0,486.14285714285717,423.0,522.4,565.2222066206731,472.8421476050163,457.83016066508526,477.56778825121074,0.0,0.0
2024-03-12,734.0,7427.5,2772.0,3,12,0,0,248.0,596.0,200.0,5658.0,5502.0,1190.0,8912.5,81993.0,16197.8,0,1,0,0,0,0,0,244.0,0.0,596.0,315.0,100.0,300.0,164.0,521.5714285714286,402.0,520.6666666666666,536.7258322902104,473.7799091338197,405.37262049881394,462.75696320274557,0.0,0.0
2024-03-13,280.0,7590.0,2564.0,3,13,0,0,734.0,330.0,1007.0,2772.0,4366.0,1816.0,7427.5,26090.0,21203.5,0,0,1,0,0,0,0,248.0,244.0,330.0,560.0,908.0,580.0,408.6666666666667,541.2857142857143,431.92857142857144,538.4666666666667,542.4194915025683,471.3419384995416,487.5294653741105,480.2565139638588,0.0,0.0
2024-03-14,0.0,13421.0,1456.0,3,14,0,0,280.0,590.0,300.0,2564.0,4364.0,2816.0,7590.0,19989.8,22996.7,0,0,0,1,0,0,0,734.0,248.0,590.0,624.0,690.0,450.0,420.6666666666667,534.1428571428571,411.92857142857144,514.2333333333333,545.9830365409499,465.0694188697167,435.64709903058286,467.33673886941637,0.0,0.0
2024-03-15,440.0,10808.8,1894.0,3,15,1,0,0.0,1643.0,580.0,1456.0,3703.0,680.0,13421.0,21477.8,21423.6,0,0,0,0,1,0,0,280.0,734.0,1643.0,154.0,600.0,982.0,338.0,449.85714285714283,367.35714285714283,504.23333333333335,580.3798838035391,472.99257727888227,326.73532427293713,437.18598152300245,0.0,0.0
2024-03-16,328.0,6197.0,1868.0,3,16,1,0,440.0,0.0,450.0,1894.0,2502.0,3932.0,10808.8,16555.0,31303.2,0,0,0,0,0,1,0,0.0,280.0,0.0,324.0,400.0,513.0,240.0,278.0,387.7857142857143,499.56666666666666,255.21494209130233,472.9098976172604,355.05149320470287,437.3675311021636,0.0,0.0
2024-03-17,0.0,11544.0,3630.0,3,17,0,0,328.0,244.0,982.0,1868.0,1856.5,2060.0,6197.0,17994.4,18158.2,0,0,0,0,0,0,1,440.0,0.0,244.0,0.0,540.0,0.0,256.0,324.85714285714283,388.07142857142856,495.5,223.85071556093573,473.87440137220113,348.28861990352715,430.31156135363693,0.0,0.0
2024-03-18,580.0,11285.2,1986.0,3,18,0,0,0.0,248.0,513.0,3630.0,5658.0,4004.0,11544.0,8912.5,15382.5,1,0,0,0,0,0,0,328.0,440.0,248.0,0.0,542.0,2180.0,256.0,290.0,388.07142857142856,462.76666666666665,255.3246299648093,473.0256742564266,261.21646492764535,402.5495251372733,0.0,0.0
2024-03-19,0.0,13550.0,1622.0,3,19,0,0,580.0,734.0,0.0,1986.0,2772.0,3346.5,11285.2,7427.5,19185.0,0,1,0,0,0,0,0,0.0,328.0,734.0,596.0,315.0,100.0,302.6666666666667,337.42857142857144,429.5,465.0,276.2045480815848,473.42901736454485,340.912348695734,413.99794287035246,0.0,0.0
2024-03-20,0.0,12485.5,1136.0,3,20,0,0,0.0,280.0,2180.0,1622.0,2564.0,1426.0,13550.0,7590.0,31216.7,0,0,1,0,0,0,0,580.0,0.0,280.0,330.0,560.0,908.0,193.33333333333334,232.57142857142858,386.92857142857144,465.0,237.1208251383372,473.42901736454485,255.68426152180052,387.2883981690394,0.0,0.0
2024-03-21,0.0,9544.0,5053.0,3,21,0,0,0.0,0.0,100.0,1136.0,1456.0,2746.0,12485.5,13421.0,25142.8,0,0,0,1,0,0,0,0.0,580.0,0.0,590.0,624.0,690.0,193.33333333333334,192.57142857142858,363.35714285714283,392.3333333333333,250.99724908376837,353.1387666424446,191.7631961413504,362.3020499000691,0.0,0.0
2024-03-22,521.0,7165.5,2203.5,3,22,1,0,0.0,440.0,908.0,5053.0,1894.0,1877.0,9544.0,10808.8,27613.8,0,0,0,0,1,0,0,0.0,0.0,440.0,1643.0,154.0,600.0,0.0,192.57142857142858,321.2142857142857,389.0,250.99724908376837,356.4497352967221,143.8223971060128,338.92772410006467,0.0,0.0
2024-03-23,64.0,10519.25,1211.0,3,23,1,0,521.0,328.0,690.0,2203.5,1868.0,2198.0,7165.5,6197.0,32251.7,0,0,0,0,0,1,0,0.0,0.0,328.0,0.0,324.0,400.0,173.66666666666666,204.14285714285714,241.07142857142858,376.1,265.7394893320833,343.79758980920803,238.1167978295096,350.6743225452218,0.0,0.0
2024-03-24,0.0,3936.0,560.0,3,24,0,0,64.0,0.0,600.0,1211.0,3630.0,6234.0,10519.25,11544.0,21702.8,0,0,0,0,0,0,1,521.0,0.0,0.0,244.0,0.0,540.0,195.0,166.42857142857142,245.64285714285714,355.23333333333335,263.9595026658811,343.0852596692236,194.58759837213222,332.17920496165914,0.0,0.0
2024-03-25,190.0,4618.5,962.5,3,25,0,0,0.0,580.0,400.0,560.0,1986.0,2574.0,3936.0,11285.2,26279.6,1,0,0,0,0,0,0,64.0,521.0,580.0,248.0,0.0,542.0,195.0,166.42857142857142,228.21428571428572,335.23333333333335,263.9595026658811,345.8022838852133,145.94069877909916,310.7482885125199,0.0,0.0
2024-03-26,680.0,6047.0,1195.0,3,26,0,0,190.0,0.0,540.0,962.5,1622.0,3956.0,4618.5,13550.0,26530.6,0,1,0,0,0,0,0,0.0,64.0,0.0,734.0,596.0,315.0,84.66666666666667,110.71428571428571,224.07142857142858,328.23333333333335,194.00748635530806,346.57065591337886,156.95552408432437,302.95807635042183,0.0,0.0
2024-03-27,80.0,7240.6,1148.0,3,27,0,0,680.0,0.0,542.0,1195.0,1136.0,3304.0,6047.0,12485.5,22042.2,0,0,1,0,0,0,0,190.0,0.0,0.0,280.0,330.0,560.0,290.0,207.85714285714286,220.21428571428572,332.9,280.3583591117086,350.44143098629746,287.7166430632433,327.28336174716884,0.0,0.0
2024-03-28,794.0,5441.05,760.0,3,28,0,0,80.0,0.0,315.0,1148.0,5053.0,9043.5,7240.6,9544.0,23828.2,0,0,0,1,0,0,0,680.0,190.0,0.0,0.0,590.0,624.0,316.6666666666667,219.28571428571428,205.92857142857142,317.5,271.9783779921454,351.08636819311886,235.78748229743246,311.329596473158,0.0,0.0
2024-03-29,679.4,7565.9,2340.5,3,29,1,0,794.0,521.0,560.0,760.0,2203.5,2282.0,5441.05,7165.5,29599.4,0,0,0,0,1,0,0,80.0,680.0,521.0,440.0,1643.0,154.0,518.0,332.7142857142857,262.64285714285717,333.46666666666664,325.5716584131747,361.70026963975437,375.34061172307435,342.46962250714785,0.0,0.0
2024-03-30,432.0,6530.05,908.0,3,30,1,0,679.4,64.0,624.0,2340.5,1211.0,5162.0,7565.9,10519.25,28852.4,0,0,0,0,0,1,0,794.0,80.0,64.0,328.0,0.0,324.0,517.8000000000001,355.34285714285716,279.74285714285713,337.44666666666666,345.72063315699904,364.92147358720507,451.35545879230574,364.2070662163641,0.0,0.0
2024-03-31,1085.75,8936.75,749.0,3,31,0,0,432.0,0.0,154.0,908.0,560.0,3426.0,6530.05,3936.0,29172.2,0,0,0,0,0,0,1,679.4,794.0,0.0,0.0,244.0,0.0,635.1333333333333,407.9142857142857,287.1714285714286,331.0466666666667,321.1401325930859,361.38915382970043,446.5165940942293,368.58080387982454,0.0,0.0
2024-04-01,0.0,7216.55,738.0,4,1,0,0,1085.75,190.0,324.0,749.0,962.5,2176.0,8936.75,4618.5,23477.9,1,0,0,0,0,0,0,432.0,679.4,190.0,580.0,248.0,0.0,732.3833333333333,563.0214285714286,364.72499999999997,362.10499999999996,352.00509449100167,384.92070351096874,606.324945570672,414.8497842746746,0.0,0.0
2024-04-02,345.5,7638.05,1047.0,4,2,0,0,0.0,680.0,0.0,738.0,1195.0,3688.0,7216.55,6047.0,23091.4,0,1,0,0,0,0,0,1085.75,432.0,680.0,0.0,734.0,596.0,505.9166666666667,535.8785714285715,323.2964285714285,351.305,390.7549358369672,390.53117371927107,454.743709178004,388.0852820634053,0.0,0.0
2024-04-03,196.0,4937.7,1262.5,4,3,0,0,345.5,80.0,0.0,1047.0,1148.0,2028.0,7638.05,7240.6,31297.0,0,0,1,0,0,0,0,0.0,1085.75,80.0,0.0,280.0,330.0,477.0833333333333,488.09285714285716,347.97499999999997,362.82166666666666,390.6458780325341,384.86732234300047,427.432781883503,385.3378445109276,0.0,0.0
2024-04-04,180.0,5038.4,840.5,4,4,0,0,196.0,794.0,596.0,1262.5,760.0,5502.0,4937.7,5441.05,81993.0,0,0,0,1,0,0,0,345.5,0.0,794.0,0.0,0.0,590.0,180.5,504.6642857142857,361.97499999999997,369.35499999999996,372.48744577757884,380.1302948921953,369.57458641262724,373.122499703771,0.0,0.0
2024-04-05,188.0,3384.7,925.0,4,5,1,0,180.0,679.4,330.0,840.5,2340.5,4366.0,5038.4,7565.9,26090.0,0,0,0,0,1,0,0,196.0,345.5,679.4,521.0,440.0,1643.0,240.5,416.95,374.83214285714286,355.48833333333334,365.22060798919875,379.1638267709737,322.18093980947043,360.6629835938503,0.0,0.0
2024-04-06,100.0,9163.1,1378.25,4,6,1,0,188.0,432.0,590.0,925.0,908.0,4364.0,3384.7,6530.05,19989.8,0,0,0,0,0,1,0,180.0,196.0,432.0,64.0,328.0,0.0,188.0,346.75,351.0464285714285,350.755,353.4021257717617,380.37737938789127,288.63570485710284,349.5234362652148,0.0,0.0
2024-04-07,110.0,7770.9,666.0,4,7,0,0,100.0,1085.75,1643.0,1378.25,749.0,3703.0,9163.1,8936.75,21477.8,0,0,0,0,0,0,1,188.0,180.0,1085.75,0.0,0.0,244.0,156.0,299.32142857142856,353.61785714285713,334.4216666666667,362.22232797130613,380.27023686958506,241.47677864282713,333.4251500545558,0.0,0.0
2024-04-08,650.0,3225.4,878.0,4,8,0,1,110.0,0.0,0.0,666.0,738.0,2502.0,7770.9,7216.55,16555.0,1,0,0,0,0,0,0,100.0,188.0,0.0,190.0,580.0,248.0,132.66666666666666,159.92857142857142,361.47499999999997,283.32166666666666,106.9191394510476,290.84950892506885,208.60758398212033,319.0106242445845,0.0,0.0
2024-04-09,80.0,6793.8,698.0,4,9,0,1,650.0,345.5,244.0,878.0,1047.0,1856.5,3225.4,7638.05,17994.4,0,1,0,0,0,0,0,110.0,100.0,345.5,680.0,0.0,734.0,286.6666666666667,252.78571428571428,394.33214285714286,304.98833333333334,192.71132494460434,293.21688856289546,318.95568798659025,340.3647775191275,1.0,0.0
2024-04-10,32.0,4407.6,367.0,4,10,0,1,80.0,196.0,248.0,698.0,1262.5,5658.0,6793.8,4937.7,8912.5,0,0,1,0,0,0,0,650.0,110.0,196.0,80.0,0.0,280.0,280.0,214.85714285714286,351.47499999999997,299.52166666666665,197.4904458207443,295.9095742829193,259.2167659899427,323.5670499372483,1.0,0.0
2024-04-11,486.0,7377.45,1027.0,4,11,0,1,32.0,180.0,734.0,367.0,840.5,2772.0,4407.6,5038.4,7427.5,0,0,0,1,0,0,0,80.0,650.0,180.0,794.0,0.0,0.0,254.0,191.42857142857142,348.0464285714285,292.32166666666666,209.46507834868132,299.80855779098823,202.41257449245703,304.756272521942,1.0,0.0
2024-04-12,150.0,5459.0,1464.0,4,12,1,1,486.0,188.0,280.0,1027.0,925.0,2564.0,7377.45,3384.7,7590.0,0,0,0,0,1,0,0,32.0,80.0,188.0,679.4,521.0,440.0,199.33333333333334,235.14285714285714,326.0464285714285,284.055,236.8258351415156,290.484220103795,273.3094308693428,316.44941623020384,1.0,0.0
2024-04-13,0.0,5872.8,1415.0,4,13,1,0,150.0,100.0,0.0,1464.0,1378.25,1456.0,5459.0,9163.1,13421.0,0,0,0,0,0,1,0,486.0,32.0,100.0,432.0,64.0,328.0,222.66666666666666,229.71428571428572,288.23214285714283,279.72166666666664,238.51604717902086,291.51461478810484,242.4820731520071,305.710744215352,1.0,0.0
2024-04-14,690.0,8675.5,584.0,4,14,0,0,0.0,110.0,440.0,1415.0,666.0,1894.0,5872.8,7770.9,10808.8,0,0,0,0,0,0,1,150.0,486.0,110.0,1085.75,0.0,0.0,212.0,215.42857142857142,257.375,279.72166666666664,250.2844096508727,291.51461478810484,181.8615548640053,285.9874703950067,0.0,0.0
2024-04-15,0.0,8049.5,3118.25,4,15,0,0,690.0,650.0,328.0,584.0,878.0,1868.0,8675.5,3225.4,6197.0,1,0,0,0,0,0,0,0.0,150.0,650.0,0.0,190.0,580.0,280.0,298.2857142857143,229.10714285714286,288.055,300.52715589206167,299.7124013260385,308.896166148004,312.05279488565145,0.0,1.0
2024-04-16,50.0,16875.75,1781.5,4,16,0,0,0.0,80.0,0.0,3118.25,698.0,3630.0,8049.5,6793.8,11544.0,0,1,0,0,0,0,0,690.0,0.0,80.0,345.5,680.0,0.0,230.0,205.42857142857142,229.10714285714286,277.12166666666667,272.89000051477257,304.1546866212616,231.672124611003,291.92035650593203,0.0,1.0
2024-04-17,0.0,13089.5,4545.0,4,17,0,0,50.0,32.0,580.0,1781.5,367.0,1986.0,16875.75,4407.6,11285.2,0,0,1,0,0,0,0,0.0,690.0,32.0,196.0,80.0,0.0,246.66666666666666,201.14285714285714,208.0,278.7883333333333,275.4120722187204,302.7173843256911,186.25409345825224,276.3125915700655,0.0,1.0
2024-04-18,200.0,9790.3,677.5,4,18,0,0,0.0,486.0,0.0,4545.0,1027.0,1622.0,13089.5,7377.45,13550.0,0,0,0,1,0,0,0,50.0,0.0,486.0,180.0,794.0,0.0,16.666666666666668,196.57142857142858,194.0,259.455,278.93061093090137,301.334832768558,139.6905700936892,258.48597275909356,0.0,1.0
2024-04-19,85.0,9885.5,998.5,4,19,1,0,200.0,150.0,0.0,677.5,1464.0,1136.0,9790.3,5459.0,12485.5,0,0,0,0,1,0,0,0.0,50.0,150.0,188.0,679.4,521.0,83.33333333333333,155.71428571428572,195.42857142857142,266.12166666666667,248.78753605283023,297.585828153519,154.7679275702669,254.71268419399075,0.0,1.0
2024-04-20,280.0,11882.25,1710.0,4,20,1,0,85.0,0.0,0.0,998.5,1415.0,5053.0,9885.5,5872.8,9544.0,0,0,0,0,0,1,0,200.0,0.0,0.0,100.0,432.0,64.0,95.0,146.42857142857142,188.07142857142858,268.955,250.24511792963966,295.3610246595354,137.32594567770016,243.76347876212037,0.0,0.0
2024-04-21,0.0,7078.5,1927.0,4,21,0,0,280.0,690.0,521.0,1710.0,584.0,2203.5,11882.25,8675.5,7165.5,0,0,0,0,0,0,1,85.0,200.0,690.0,110.0,1085.75,0.0,188.33333333333334,186.42857142857142,200.92857142857142,278.2883333333333,245.26710415576028,290.96022825836627,172.99445925827513,246.10131884198358,0.0,0.0
2024-04-22,523.5,6842.8,952.5,4,22,0,0,0.0,0.0,64.0,1927.0,3118.25,1211.0,7078.5,8049.5,10519.25,1,0,0,0,0,0,0,280.0,85.0,0.0,650.0,0.0,190.0,121.66666666666667,87.85714285714286,193.07142857142858,260.9216666666667,111.12519751977845,291.5218799629388,129.74584444370635,230.2238144005653,0.0,0.0
2024-04-23,564.0,8698.7,1621.0,4,23,0,0,523.5,50.0,0.0,952.5,1781.5,560.0,6842.8,16875.75,3936.0,0,1,0,0,0,0,0,0.0,280.0,50.0,80.0,345.5,680.0,267.8333333333333,162.64285714285714,184.03571428571428,276.23833333333334,190.1790196730694,292.8867274524671,228.18438333277976,249.1448586327869,0.0,0.0
2024-04-24,245.0,6305.4,2640.75,4,24,0,0,564.0,0.0,190.0,1621.0,4545.0,962.5,8698.7,13089.5,4618.5,0,0,1,0,0,0,0,523.5,0.0,0.0,32.0,196.0,80.0,362.5,236.07142857142858,218.60714285714286,295.0383333333333,233.68968536848004,292.64503497774587,312.1382874995848,269.4580935597039,0.0,0.0
2024-04-25,394.0,13528.5,1967.0,4,25,0,0,245.0,200.0,680.0,2640.75,677.5,1195.0,6305.4,9790.3,6047.0,0,0,0,1,0,0,0,564.0,523.5,200.0,486.0,180.0,794.0,444.1666666666667,271.07142857142856,233.82142857142858,296.87166666666667,209.5392621466261,292.1361473116458,295.3537156246886,267.88015203972304,0.0,0.0
2024-04-26,830.0,11858.45,1357.5,4,26,1,0,394.0,85.0,80.0,1967.0,998.5,1148.0,13528.5,9885.5,7240.6,0,0,0,0,1,0,0,245.0,564.0,85.0,150.0,188.0,679.4,401.0,298.7857142857143,227.25,287.3383333333333,211.39375919967816,283.7484551631443,320.01528671851645,276.01691642425703,0.0,0.0
2024-04-27,48.0,13293.5,1641.0,4,27,1,0,830.0,280.0,794.0,1357.5,1710.0,760.0,11858.45,11882.25,5441.05,0,0,0,0,0,1,0,394.0,245.0,280.0,0.0,100.0,432.0,489.6666666666667,405.2142857142857,275.82142857142856,312.3383333333333,266.24516539317307,297.554682799224,447.5114650388873,311.7577605259179,0.0,0.0
2024-04-28,711.0,8366.35,3164.0,4,28,0,0,48.0,0.0,679.4,1641.0,1927.0,2340.5,13293.5,7078.5,7565.9,0,0,0,0,0,0,1,830.0,394.0,0.0,690.0,110.0,1085.75,424.0,372.07142857142856,279.25,287.47166666666664,297.0839427630162,286.8948592955781,347.6335987791655,294.7411308145684,0.0,0.0
2024-04-29,0.0,10634.2,1790.5,4,29,0,0,711.0,523.5,432.0,3164.0,952.5,908.0,8366.35,6842.8,6530.05,1,0,0,0,0,0,0,48.0,830.0,523.5,0.0,650.0,0.0,529.6666666666666,473.64285714285717,280.75,288.525,268.87771605411285,288.4373053105774,438.47519908437414,321.5965417297576,0.0,0.0
2024-04-30,430.0,9306.5,1167.0,4,30,0,0,0.0,564.0,1085.75,1790.5,1621.0,749.0,10634.2,8698.7,8936.75,0,1,0,0,0,0,0,711.0,48.0,564.0,50.0,80.0,345.5,253.0,398.85714285714283,280.75,274.125,320.5393520154369,291.7915584412713,328.8563993132806,300.8483777471926,0.0,0.0
