Date,BreakFast,Dinner,Lunch,Month,Day,IsWeekend,IsHoliday,BreakFast_lag_1d,BreakFast_lag_1w,BreakFast_lag_1m,Lunch_lag_1d,Lunch_lag_1w,Lunch_lag_1m,Dinner_lag_1d,Dinner_lag_1w,Dinner_lag_1m,DayOfWeek_0,DayOfWeek_1,DayOfWeek_2,DayOfWeek_3,DayOfWeek_4,DayOfWeek_5,DayOfWeek_6,BreakFast_lag_2d,BreakFast_lag_3d,BreakFast_lag_7d,BreakFast_lag_14d,BreakFast_lag_21d,BreakFast_lag_28d,BreakFast_roll_mean_3,BreakFast_roll_mean_7,BreakFast_roll_mean_14,BreakFast_roll_mean_30,BreakFast_roll_std_7,BreakFast_roll_std_30,BreakFast_ema_7,BreakFast_ema_30,Holiday_Yesterday,Holiday_LastWeek
2023-03-14,54.0,6.0,0.0,3,14,0,0,0.0,12.0,0.0,0.0,0.0,18.0,86.0,84.0,32.0,0,1,0,0,0,0,0,0.0,9.0,12.0,32.0,120.0,54.0,3.0,40.285714285714285,47.0,51.7,79.30891981299935,63.07857716017161,27.160027788756864,41.81639228587227,0.0,0.0
2023-03-15,109.0,0.0,21.0,3,15,0,0,54.0,219.0,0.0,0.0,16.0,0.0,6.0,112.0,43.0,0,0,1,0,0,0,0,0.0,0.0,219.0,5.0,104.0,0.0,18.0,46.285714285714285,48.57142857142857,53.5,78.39582107424324,62.31828756887693,33.87002084156765,42.60243149323535,0.0,0.0
2023-03-16,0.0,140.0,50.0,3,16,0,0,109.0,25.0,54.0,21.0,84.0,74.0,0.0,0.0,22.0,0,0,0,1,0,0,0,54.0,0.0,25.0,61.0,84.0,71.0,54.333333333333336,30.571428571428573,56.0,57.13333333333333,39.26345689848318,62.26901223768907,52.65251563117574,46.88614559044598,0.0,0.0
2023-03-17,65.0,127.0,16.0,3,17,1,0,0.0,17.0,0.0,50.0,0.0,0.0,140.0,74.0,41.0,0,0,0,0,1,0,0,109.0,54.0,17.0,123.0,160.0,188.0,54.333333333333336,27.0,51.642857142857146,55.333333333333336,40.955260142420435,63.137143193010495,39.489386723381806,43.86123297170753,0.0,0.0
2023-03-18,0.0,42.0,0.0,3,18,1,0,65.0,9.0,71.0,16.0,35.0,0.0,127.0,196.0,0.0,0,0,0,0,0,1,0,0.0,109.0,9.0,9.0,46.0,0.0,58.0,33.857142857142854,47.5,57.5,42.970643356554355,62.2823105455839,45.86704004253635,45.22502439288769,0.0,0.0
2023-03-19,0.0,62.0,25.0,3,19,0,0,0.0,0.0,188.0,0.0,47.0,18.0,42.0,0.0,0.0,0,0,0,0,0,0,1,65.0,0.0,0.0,9.0,66.0,0.0,21.666666666666668,32.57142857142857,46.857142857142854,55.13333333333333,43.96156329817044,63.095293738550914,34.40028003190226,42.30728088366913,0.0,0.0
2023-03-20,0.0,84.0,22.0,3,20,0,0,0.0,0.0,0.0,25.0,0.0,12.0,62.0,86.0,79.0,1,0,0,0,0,0,0,0.0,65.0,0.0,137.0,0.0,0.0,21.666666666666668,32.57142857142857,46.214285714285715,48.86666666666667,43.96156329817044,58.62136443154569,25.800210023926695,39.57777889117435,0.0,0.0
2023-03-21,0.0,144.0,22.0,3,21,0,0,0.0,54.0,0.0,22.0,0.0,0.0,84.0,6.0,148.0,0,1,0,0,0,0,0,0.0,0.0,54.0,12.0,32.0,120.0,0.0,32.57142857142857,36.42857142857143,48.86666666666667,43.96156329817044,58.62136443154569,19.35015751794502,37.02437380142116,0.0,0.0
2023-03-22,16.0,197.0,0.0,3,22,0,0,0.0,109.0,0.0,22.0,21.0,0.0,144.0,0.0,57.0,0,0,1,0,0,0,0,0.0,0.0,109.0,219.0,5.0,104.0,0.0,24.857142857142858,35.57142857142857,48.86666666666667,44.31112942000225,58.62136443154569,14.512618138458766,34.63570452391012,0.0,0.0
2023-03-23,0.0,0.0,50.0,3,23,0,0,16.0,0.0,120.0,0.0,50.0,9.0,197.0,140.0,12.0,0,0,0,1,0,0,0,0.0,0.0,0.0,25.0,61.0,84.0,5.333333333333333,11.571428571428571,21.071428571428573,49.4,24.302655155744738,58.232944817078966,14.884463603844075,33.433401006238505,0.0,0.0
2023-03-24,5.0,0.0,0.0,3,24,1,0,0.0,65.0,104.0,50.0,16.0,0.0,0.0,127.0,88.0,0,0,0,0,1,0,0,16.0,0.0,65.0,17.0,123.0,160.0,5.333333333333333,11.571428571428571,19.285714285714285,45.4,24.302655155744738,57.33062009083801,11.163347702883057,31.276407392932796,0.0,0.0
2023-03-25,30.0,0.0,0.0,3,25,1,0,5.0,0.0,84.0,0.0,0.0,0.0,0.0,42.0,28.0,0,0,0,0,0,1,0,0.0,16.0,0.0,9.0,9.0,46.0,7.0,3.0,18.428571428571427,42.1,6.027713773341597,56.68688956254225,9.622510777162292,29.58115530306617,0.0,0.0
2023-03-26,9.0,138.0,0.0,3,26,0,0,30.0,0.0,160.0,0.0,25.0,75.0,0.0,62.0,12.0,0,0,0,0,0,0,1,5.0,0.0,0.0,0.0,9.0,66.0,11.666666666666666,7.285714285714286,19.928571428571427,40.3,11.614850920470763,56.16548823757803,14.71688308287172,29.60817754157803,0.0,0.0
2023-03-27,0.0,156.0,0.0,3,27,0,0,9.0,0.0,46.0,0.0,22.0,0.0,138.0,84.0,52.0,1,0,0,0,0,0,0,30.0,5.0,0.0,0.0,137.0,0.0,14.666666666666666,8.571428571428571,20.571428571428573,35.266666666666666,11.163290178932295,51.653309359769885,13.28766231215379,28.2786177001859,0.0,0.0
2023-03-28,125.0,56.0,6.0,3,28,0,0,0.0,0.0,66.0,0.0,22.0,41.0,156.0,144.0,197.0,0,1,0,0,0,0,0,9.0,30.0,0.0,54.0,12.0,32.0,13.0,8.571428571428571,20.571428571428573,33.733333333333334,11.163290178932295,52.005260565031115,9.965746734115342,26.45419075178681,0.0,0.0
2023-03-29,31.0,17.0,0.0,3,29,0,0,125.0,16.0,0.0,6.0,0.0,25.0,56.0,197.0,40.0,0,0,1,0,0,0,0,0.0,9.0,16.0,109.0,219.0,5.0,44.666666666666664,26.428571428571427,25.642857142857142,35.7,44.7171001700585,54.33113668784321,38.72431005058651,32.811984896832826,0.0,0.0
2023-03-30,21.0,0.0,0.0,3,30,0,0,31.0,0.0,32.0,0.0,50.0,70.0,17.0,0.0,100.0,0,0,0,1,0,0,0,125.0,0.0,0.0,0.0,25.0,61.0,52.0,28.571428571428573,20.071428571428573,36.733333333333334,44.49291008260806,53.92199559730149,36.793232537939886,32.69508264542426,0.0,0.0
2023-03-31,0.0,6.0,129.0,3,31,1,0,21.0,5.0,5.0,0.0,0.0,0.0,0.0,0.0,200.0,0,0,0,0,1,0,0,31.0,125.0,5.0,65.0,17.0,123.0,59.0,31.571428571428573,21.571428571428573,36.36666666666667,42.92573875449374,53.9926453058788,32.84492440345491,31.940561184429146,0.0,0.0
2023-04-01,0.0,0.0,0.0,4,1,1,0,0.0,30.0,61.0,129.0,0.0,102.0,6.0,0.0,87.0,0,0,0,0,0,1,0,21.0,31.0,30.0,0.0,9.0,9.0,17.333333333333332,30.857142857142858,16.928571428571427,36.2,43.479606604432256,54.100417488350246,24.633693302591183,29.879879817691783,0.0,0.0
2023-04-02,29.0,0.0,0.0,4,2,0,0,0.0,9.0,123.0,0.0,0.0,16.0,0.0,138.0,75.0,0,0,0,0,0,0,1,0.0,21.0,9.0,0.0,0.0,9.0,7.0,26.571428571428573,16.928571428571427,34.166666666666664,45.029091125838264,54.282202159311545,18.475269976943387,27.952145635905218,0.0,0.0
2023-04-03,5.0,18.0,0.0,4,3,0,0,29.0,0.0,9.0,0.0,0.0,0.0,0.0,156.0,0.0,1,0,0,0,0,0,0,0.0,0.0,0.0,0.0,0.0,137.0,9.666666666666666,29.428571428571427,19.0,31.033333333333335,44.35785215290576,51.62563071892135,21.10645248270754,28.019749143266175,0.0,0.0
2023-04-07,0.0,61.0,99.0,4,7,1,0,5.0,125.0,9.0,0.0,6.0,9.0,18.0,56.0,0.0,0,0,0,0,1,0,0,29.0,0.0,125.0,0.0,54.0,12.0,11.333333333333334,30.142857142857142,19.357142857142858,30.9,43.84224968158974,51.689624117218244,17.079839362030654,26.534604037249004,0.0,0.0
2023-04-08,83.0,0.0,49.0,4,8,1,0,0.0,31.0,137.0,99.0,0.0,50.0,61.0,17.0,16.0,0,0,0,0,0,1,0,5.0,29.0,31.0,16.0,109.0,219.0,11.333333333333334,12.285714285714286,19.357142857142858,30.6,14.20931954404433,51.84698973737613,12.80987952152299,24.82269409936197,0.0,0.0
2023-04-09,16.0,95.0,122.0,4,9,0,0,83.0,21.0,12.0,49.0,0.0,0.0,0.0,0.0,84.0,0,0,0,0,0,0,1,0.0,5.0,21.0,0.0,0.0,25.0,29.333333333333332,19.714285714285715,24.142857142857142,28.8,30.208797204977014,48.878032580756724,30.357409641142244,28.576068673596684,0.0,0.0
2023-04-10,66.0,124.0,0.0,4,10,0,0,16.0,0.0,219.0,122.0,129.0,16.0,95.0,6.0,112.0,1,0,0,0,0,0,0,83.0,0.0,0.0,5.0,65.0,17.0,33.0,19.0,25.285714285714285,28.933333333333334,30.232432915661924,48.83606167106669,26.768057230856684,27.764709404332383,0.0,0.0
2023-04-11,114.0,16.0,125.0,4,11,0,0,66.0,0.0,25.0,0.0,0.0,84.0,124.0,0.0,0.0,0,1,0,0,0,0,0,16.0,83.0,0.0,30.0,0.0,9.0,55.0,28.428571428571427,29.642857142857142,23.833333333333332,33.44077921170069,34.05480707708488,36.57604292314251,30.23150234598836,0.0,0.0
2023-04-12,0.0,6.0,0.0,4,12,0,0,114.0,29.0,17.0,125.0,0.0,0.0,16.0,0.0,74.0,0,0,1,0,0,0,0,66.0,16.0,29.0,9.0,0.0,0.0,65.33333333333333,44.714285714285715,35.642857142857146,26.8,43.52667490828386,37.827557916564395,55.932032192356886,35.63592154947298,0.0,0.0
2023-04-13,0.0,16.0,0.0,4,13,0,0,0.0,5.0,9.0,0.0,0.0,35.0,6.0,18.0,196.0,0,0,0,1,0,0,0,114.0,66.0,5.0,0.0,0.0,0.0,60.0,40.57142857142857,35.0,26.233333333333334,46.54695529912828,38.10573613561061,41.94902414426767,33.33682983660376,0.0,0.0
2023-04-14,59.0,0.0,0.0,4,14,1,0,0.0,0.0,0.0,0.0,99.0,47.0,16.0,61.0,0.0,0,0,0,0,1,0,0,0.0,114.0,0.0,125.0,0.0,54.0,38.0,39.857142857142854,35.0,25.933333333333334,47.217329345021085,38.28111385736991,31.46176810820075,31.186066621339005,0.0,0.0
2023-04-15,0.0,24.0,0.0,4,15,1,0,59.0,83.0,0.0,0.0,49.0,0.0,0.0,0.0,86.0,0,0,0,0,0,1,0,0.0,0.0,83.0,31.0,16.0,109.0,19.666666666666668,48.285714285714285,30.285714285714285,27.9,44.078393368006964,38.418162012436156,38.346326081150565,32.98051393609133,0.0,0.0
2023-04-16,0.0,32.0,36.0,4,16,0,0,0.0,16.0,54.0,0.0,122.0,0.0,24.0,95.0,6.0,0,0,0,0,0,0,1,59.0,0.0,16.0,21.0,0.0,0.0,19.666666666666668,36.42857142857143,28.071428571428573,27.9,44.34657875889691,38.418162012436156,28.759744560862924,30.852738843440275,0.0,0.0
2023-04-18,0.0,54.0,0.0,4,18,0,0,0.0,66.0,109.0,36.0,0.0,21.0,32.0,124.0,0.0,0,1,0,0,0,0,0,0.0,59.0,66.0,0.0,5.0,65.0,19.666666666666668,34.142857142857146,26.571428571428573,26.1,45.95805541080754,38.418162012436156,21.569808420647192,28.862239563218324,0.0,0.0
2023-04-19,0.0,51.0,0.0,4,19,0,0,0.0,114.0,0.0,0.0,125.0,50.0,54.0,16.0,140.0,0,0,1,0,0,0,0,0.0,0.0,114.0,0.0,30.0,0.0,0.0,24.714285714285715,26.571428571428573,22.466666666666665,45.09513752691556,35.33849452654,16.177356315485394,27.00015959139779,0.0,0.0
2023-04-20,0.0,0.0,82.0,4,20,0,1,0.0,0.0,65.0,0.0,0.0,16.0,51.0,6.0,127.0,0,0,0,1,0,0,0,0.0,0.0,0.0,29.0,9.0,0.0,0.0,8.428571428571429,26.571428571428573,22.466666666666665,22.299903907544387,35.33849452654,12.133017236614045,25.258213811307613,0.0,0.0
2023-04-21,0.0,27.0,9.0,4,21,1,1,0.0,0.0,0.0,82.0,0.0,0.0,0.0,16.0,42.0,0,0,0,0,1,0,0,0.0,0.0,0.0,5.0,0.0,0.0,0.0,8.428571428571429,24.5,20.3,22.299903907544387,34.626230838324936,9.099762927460533,23.62865162993293,1.0,0.0
2023-04-22,50.0,0.0,0.0,4,22,1,1,0.0,59.0,0.0,9.0,0.0,25.0,27.0,0.0,62.0,0,0,0,0,0,1,0,0.0,0.0,59.0,0.0,125.0,0.0,0.0,8.428571428571429,24.142857142857142,20.3,22.299903907544387,34.626230838324936,6.8248221955954005,22.104222492517902,1.0,0.0
2023-04-23,66.0,6.0,82.0,4,23,0,1,50.0,0.0,0.0,0.0,0.0,22.0,0.0,24.0,84.0,0,0,0,0,0,0,1,0.0,0.0,0.0,83.0,31.0,16.0,16.666666666666668,7.142857142857143,27.714285714285715,21.966666666666665,18.89822365046134,34.818230790812706,17.61861664669655,23.90395007364578,1.0,0.0
2023-04-24,0.0,0.0,116.0,4,24,0,0,66.0,0.0,0.0,82.0,36.0,22.0,6.0,32.0,144.0,1,0,0,0,0,0,0,50.0,0.0,0.0,16.0,21.0,0.0,38.666666666666664,16.571428571428573,26.5,24.166666666666668,28.675524655805575,35.46157058712637,29.713962485022414,26.61982426244283,1.0,0.0
2023-04-25,29.0,92.0,16.0,4,25,0,0,0.0,0.0,16.0,116.0,0.0,0.0,0.0,54.0,197.0,0,1,0,0,0,0,0,66.0,50.0,0.0,66.0,0.0,5.0,38.666666666666664,16.571428571428573,25.357142857142858,24.166666666666668,28.675524655805575,35.46157058712637,22.28547186376681,24.902416245511034,0.0,0.0
2023-04-26,0.0,63.0,31.0,4,26,0,0,29.0,0.0,0.0,16.0,0.0,50.0,92.0,51.0,0.0,0,0,1,0,0,0,0,0.0,66.0,0.0,114.0,0.0,30.0,31.666666666666668,20.714285714285715,22.714285714285715,24.6,27.96851971839222,35.437755046822865,23.964103897825105,25.16677648773613,0.0,0.0
2023-04-27,114.0,30.0,25.0,4,27,0,0,0.0,0.0,5.0,31.0,82.0,0.0,63.0,0.0,0.0,0,0,0,1,0,0,0,29.0,0.0,0.0,0.0,29.0,9.0,9.666666666666666,20.714285714285715,14.571428571428571,24.6,27.96851971839222,35.437755046822865,17.973077923368827,23.543113488527347,0.0,1.0
2023-04-28,5.0,100.0,30.0,4,28,1,0,114.0,0.0,30.0,25.0,9.0,0.0,30.0,27.0,0.0,0,0,0,0,1,0,0,0.0,29.0,0.0,0.0,5.0,0.0,47.666666666666664,37.0,22.714285714285715,28.233333333333334,43.03099657998482,38.788269941536065,41.97980844252662,29.37904165055784,0.0,1.0
2023-04-29,70.0,79.0,102.0,4,29,1,0,5.0,50.0,9.0,30.0,0.0,0.0,100.0,0.0,138.0,0,0,0,0,0,1,0,114.0,0.0,50.0,59.0,0.0,125.0,39.666666666666664,37.714285714285715,23.071428571428573,27.4,42.3505776651444,39.01688405523062,32.73485633189496,27.80620025374766,0.0,1.0
2023-04-30,0.0,72.0,50.0,4,30,0,0,70.0,66.0,0.0,102.0,82.0,0.0,79.0,6.0,156.0,0,0,0,0,0,0,1,5.0,114.0,66.0,0.0,83.0,31.0,63.0,40.57142857142857,23.857142857142858,29.433333333333334,43.96156329817045,39.609893690351136,42.051142248921224,30.528380882538137,0.0,1.0
2023-05-01,0.0,37.0,0.0,5,1,0,0,0.0,0.0,125.0,50.0,116.0,6.0,72.0,0.0,56.0,1,0,0,0,0,0,0,70.0,5.0,0.0,0.0,16.0,21.0,25.0,31.142857142857142,23.857142857142858,29.433333333333334,44.670753189040695,39.609893690351136,31.538356686690918,28.55880792237439,0.0,0.0
2023-05-02,128.0,130.0,50.0,5,2,0,0,0.0,29.0,31.0,0.0,16.0,0.0,37.0,92.0,17.0,0,1,0,0,0,0,0,0.0,70.0,29.0,0.0,66.0,0.0,23.333333333333332,31.142857142857142,23.857142857142858,25.266666666666666,44.670753189040695,35.579859988223795,23.65376751501819,26.71630418544701,0.0,0.0
2023-05-03,9.0,24.0,37.0,5,3,0,0,128.0,0.0,21.0,50.0,31.0,0.0,130.0,63.0,0.0,0,0,1,0,0,0,0,0.0,0.0,0.0,0.0,114.0,0.0,42.666666666666664,45.285714285714285,33.0,28.5,57.6619871484218,40.22329913251084,49.74032563626364,33.25073617348269,0.0,0.0
2023-05-04,72.0,12.0,6.0,5,4,0,0,9.0,114.0,0.0,37.0,25.0,129.0,24.0,30.0,6.0,0,0,0,1,0,0,0,128.0,0.0,114.0,0.0,0.0,29.0,45.666666666666664,46.57142857142857,33.642857142857146,28.1,56.574013889939316,40.35988961401123,39.55524422719773,31.686172549387038,0.0,0.0
2023-05-05,37.0,6.0,46.0,5,5,1,0,72.0,5.0,0.0,6.0,30.0,0.0,12.0,100.0,0.0,0,0,0,0,1,0,0,9.0,128.0,5.0,0.0,0.0,5.0,69.66666666666667,40.57142857142857,38.785714285714285,30.5,50.08611631599167,40.76996020567611,47.6664331703983,34.28706464297497,0.0,0.0
2023-05-06,0.0,91.0,84.0,5,6,1,0,37.0,70.0,29.0,46.0,102.0,0.0,6.0,79.0,0.0,0,0,0,0,0,1,0,72.0,9.0,70.0,50.0,59.0,0.0,39.333333333333336,45.142857142857146,41.42857142857143,31.733333333333334,47.701951642214695,40.37320153640097,44.99982487779872,34.46209273052497,0.0,0.0
2023-05-07,0.0,12.0,44.0,5,7,0,0,0.0,0.0,5.0,84.0,50.0,0.0,91.0,72.0,18.0,0,0,0,0,0,0,1,37.0,72.0,0.0,66.0,0.0,83.0,36.333333333333336,35.142857142857146,37.857142857142854,30.766666666666666,48.94360214038388,40.785970655347285,33.749868658349044,32.23873190920078,0.0,0.0
2023-05-08,0.0,78.0,15.0,5,8,0,0,0.0,0.0,0.0,44.0,0.0,99.0,12.0,37.0,61.0,1,0,0,0,0,0,0,0.0,37.0,0.0,0.0,0.0,16.0,12.333333333333334,35.142857142857146,33.142857142857146,30.6,48.94360214038388,40.90493604815252,25.312401493761783,30.15881372151041,0.0,0.0
2023-05-09,0.0,15.0,41.0,5,9,0,0,0.0,128.0,83.0,15.0,50.0,49.0,78.0,130.0,0.0,0,1,0,0,0,0,0,0.0,0.0,128.0,29.0,0.0,66.0,0.0,35.142857142857146,33.142857142857146,30.6,48.94360214038388,40.90493604815252,18.984301120321337,28.21308380399361,0.0,0.0
2023-05-10,53.0,74.0,0.0,5,10,0,0,0.0,9.0,16.0,41.0,37.0,122.0,15.0,24.0,95.0,0,0,1,0,0,0,0,0.0,0.0,9.0,0.0,0.0,114.0,0.0,16.857142857142858,31.071428571428573,27.833333333333332,27.823422815010673,40.036262298703335,14.238225840241004,26.39288484889725,0.0,0.0
2023-05-11,6.0,79.0,16.0,5,11,0,0,53.0,72.0,66.0,0.0,6.0,0.0,74.0,12.0,124.0,0,0,0,1,0,0,0,0.0,0.0,72.0,114.0,0.0,0.0,17.666666666666668,23.142857142857142,34.857142857142854,29.066666666666666,30.585555258588812,40.228599651057415,23.928669380180754,28.109472923161945,0.0,0.0
2023-05-12,0.0,52.0,16.0,5,12,1,0,6.0,37.0,114.0,16.0,46.0,125.0,79.0,6.0,16.0,0,0,0,0,1,0,0,53.0,0.0,37.0,5.0,0.0,0.0,19.666666666666668,13.714285714285714,27.142857142857142,27.066666666666666,21.97509412732426,39.81849625084001,19.446502035135566,26.683055315216016,0.0,0.0
2023-05-13,16.0,0.0,6.0,5,13,1,0,0.0,0.0,0.0,16.0,84.0,0.0,52.0,91.0,6.0,0,0,0,0,0,1,0,6.0,53.0,0.0,70.0,50.0,59.0,19.666666666666668,8.428571428571429,26.785714285714285,23.266666666666666,19.78094321021406,36.54089191042269,14.584876526351675,24.96156787552466,0.0,0.0
2023-05-14,0.0,21.0,0.0,5,14,0,0,16.0,0.0,0.0,6.0,44.0,0.0,0.0,12.0,16.0,0,0,0,0,0,0,1,0.0,6.0,0.0,0.0,66.0,0.0,7.333333333333333,10.714285714285714,22.928571428571427,23.8,19.567952419830778,36.30559945413568,14.938657394763755,24.383402206135973,0.0,0.0
2023-05-15,0.0,58.0,0.0,5,15,0,0,0.0,0.0,59.0,0.0,15.0,0.0,21.0,78.0,0.0,1,0,0,0,0,0,0,16.0,0.0,0.0,0.0,0.0,0.0,5.333333333333333,10.714285714285714,22.928571428571427,23.8,19.567952419830778,36.30559945413568,11.203993046072817,22.81027948315946,0.0,0.0
2023-05-16,69.0,118.0,16.0,5,16,0,0,0.0,0.0,0.0,0.0,41.0,0.0,58.0,15.0,24.0,0,1,0,0,0,0,0,0.0,16.0,0.0,128.0,29.0,0.0,5.333333333333333,10.714285714285714,22.928571428571427,21.833333333333332,19.567952419830778,35.929128835118924,8.402994784554613,21.338648548762077,0.0,0.0
2023-05-17,99.0,41.0,16.0,5,17,0,0,69.0,53.0,0.0,16.0,0.0,36.0,118.0,74.0,32.0,0,0,1,0,0,0,0,0.0,0.0,53.0,9.0,0.0,0.0,23.0,20.571428571428573,18.714285714285715,24.133333333333333,28.5765471605484,36.68386221659922,23.55224608841596,24.413574448841942,0.0,0.0
2023-05-18,100.0,114.0,0.0,5,18,0,0,99.0,6.0,0.0,16.0,16.0,0.0,41.0,79.0,54.0,0,0,0,1,0,0,0,69.0,0.0,6.0,72.0,114.0,0.0,56.0,27.142857142857142,25.142857142857142,27.433333333333334,40.20127929734147,38.82825431735674,42.414184566311974,29.225601903755365,0.0,0.0
2023-05-19,6.0,79.0,35.0,5,19,1,0,100.0,0.0,0.0,0.0,16.0,0.0,114.0,52.0,51.0,0,0,0,0,1,0,0,99.0,69.0,0.0,37.0,5.0,0.0,89.33333333333333,40.57142857142857,27.142857142857142,30.766666666666666,47.073903396174614,40.6419889322338,56.81063842473398,33.791692103513085,0.0,0.0
2023-05-20,16.0,41.0,6.0,5,20,1,0,6.0,16.0,0.0,35.0,6.0,82.0,79.0,0.0,0.0,0,0,0,0,0,1,0,100.0,99.0,16.0,0.0,70.0,50.0,68.33333333333333,41.42857142857143,24.928571428571427,30.966666666666665,46.25961933427879,40.499879381117374,44.107978818550485,31.99867970973805,0.0,0.0
2023-05-21,35.0,43.0,43.0,5,21,0,0,16.0,0.0,0.0,6.0,0.0,9.0,41.0,21.0,27.0,0,0,0,0,0,0,1,6.0,100.0,0.0,0.0,0.0,66.0,40.666666666666664,41.42857142857143,26.071428571428573,31.5,46.25961933427879,40.18212846870933,37.08098411391286,30.96650682523882,0.0,0.0
2023-05-22,0.0,243.0,64.0,5,22,0,0,35.0,0.0,50.0,43.0,0.0,0.0,43.0,58.0,0.0,1,0,0,0,0,0,0,16.0,6.0,0.0,0.0,0.0,0.0,19.0,46.42857142857143,28.571428571428573,32.666666666666664,42.79741870275643,39.74169471538139,36.56073808543465,31.226732191352447,0.0,0.0
2023-05-23,0.0,66.0,0.0,5,23,0,0,0.0,69.0,66.0,64.0,16.0,82.0,243.0,118.0,6.0,0,1,0,0,0,0,0,35.0,16.0,69.0,0.0,128.0,29.0,17.0,46.42857142857143,28.571428571428573,31.0,42.79741870275644,40.037051805063996,27.420553564075988,29.212104308039386,0.0,0.0
2023-05-24,41.0,0.0,45.0,5,24,0,0,0.0,99.0,0.0,0.0,16.0,116.0,66.0,41.0,0.0,0,0,1,0,0,0,0,0.0,35.0,99.0,53.0,9.0,0.0,11.666666666666666,36.57142857142857,28.571428571428573,28.8,44.63876171690974,39.86044621443408,20.56541517305699,27.32745241719814,0.0,0.0
2023-05-25,25.0,75.0,0.0,5,25,0,0,41.0,100.0,29.0,45.0,0.0,16.0,0.0,114.0,92.0,0,0,0,1,0,0,0,0.0,0.0,100.0,6.0,72.0,114.0,13.666666666666666,28.285714285714285,27.714285714285715,30.166666666666668,35.58423942194205,39.54053645296817,25.674061379792743,28.209552261249872,0.0,0.0
2023-05-26,0.0,43.0,6.0,5,26,1,0,25.0,6.0,0.0,0.0,35.0,31.0,75.0,79.0,63.0,0,0,0,0,1,0,0,41.0,0.0,6.0,0.0,37.0,5.0,22.0,17.571428571428573,29.071428571428573,30.033333333333335,16.64188633996701,39.55134884428467,25.505546034844556,28.0024843734273,0.0,0.0
2023-05-27,15.0,0.0,0.0,5,27,1,0,0.0,16.0,114.0,6.0,6.0,25.0,43.0,41.0,30.0,0,0,0,0,0,1,0,25.0,41.0,16.0,16.0,0.0,70.0,22.0,16.714285714285715,29.071428571428573,30.033333333333335,17.471064513592037,39.55134884428467,19.129159526133417,26.195872478367477,0.0,0.0
2023-05-28,0.0,75.0,158.0,5,28,0,0,15.0,35.0,5.0,0.0,43.0,30.0,0.0,43.0,100.0,0,0,0,0,0,0,1,0.0,25.0,35.0,0.0,0.0,0.0,13.333333333333334,16.571428571428573,29.0,26.733333333333334,17.481963494386072,36.30040688793838,18.096869644600062,25.473558124924416,0.0,0.0
2023-05-29,0.0,119.0,47.0,5,29,0,0,0.0,0.0,70.0,158.0,64.0,102.0,75.0,243.0,79.0,1,0,0,0,0,0,0,15.0,0.0,0.0,0.0,0.0,0.0,5.0,11.571428571428571,29.0,26.566666666666666,16.297823401271945,36.41492999357242,13.572652233450047,23.83010276202607,0.0,0.0
2023-05-31,45.0,15.0,0.0,5,31,0,0,0.0,0.0,0.0,47.0,0.0,50.0,119.0,66.0,72.0,0,0,1,0,0,0,0,0.0,15.0,0.0,69.0,0.0,128.0,5.0,11.571428571428571,29.0,24.233333333333334,16.297823401271945,35.772926898012884,10.179489175087536,22.292676777379228,0.0,0.0
2023-06-01,33.0,35.0,0.0,6,1,0,0,45.0,41.0,0.0,0.0,45.0,0.0,15.0,0.0,37.0,0,0,0,1,0,0,0,0.0,0.0,41.0,99.0,53.0,9.0,15.0,18.0,27.285714285714285,25.733333333333334,19.52775802116907,35.665044543626315,18.88461688131565,23.75766537238702,0.0,0.0
2023-06-02,0.0,95.0,0.0,6,2,1,0,33.0,25.0,128.0,0.0,0.0,50.0,35.0,75.0,130.0,0,0,0,0,1,0,0,45.0,0.0,25.0,100.0,6.0,72.0,26.0,16.857142857142858,22.571428571428573,26.833333333333332,18.142294704442897,35.351518850785894,22.41346266098674,24.353945025781407,0.0,0.0
2023-06-03,187.0,12.0,12.0,6,3,1,0,0.0,0.0,9.0,0.0,6.0,37.0,95.0,43.0,24.0,0,0,0,0,0,1,0,33.0,45.0,0.0,6.0,0.0,37.0,26.0,13.285714285714286,15.428571428571429,22.566666666666666,18.723552776421155,30.046726063357312,16.810096995740054,22.782722766053574,0.0,0.0
2023-06-04,25.0,9.0,22.0,6,4,0,0,187.0,15.0,72.0,12.0,0.0,6.0,12.0,0.0,12.0,0,0,0,0,0,0,1,0.0,33.0,15.0,16.0,16.0,0.0,73.33333333333333,40.0,28.357142857142858,28.5,67.21606950722423,42.33670454492339,59.35757274680504,33.377385813404956,0.0,0.0
2023-06-05,16.0,0.0,0.0,6,5,0,0,25.0,0.0,37.0,22.0,158.0,46.0,9.0,75.0,6.0,1,0,0,0,0,0,0,187.0,0.0,0.0,35.0,0.0,0.0,70.66666666666667,41.42857142857143,29.0,26.933333333333334,66.70046762169198,41.53347908684595,50.76817956010378,32.836909309314315,0.0,0.0
2023-06-06,0.0,114.0,125.0,6,6,0,0,16.0,0.0,0.0,0.0,47.0,84.0,0.0,119.0,91.0,0,1,0,0,0,0,0,25.0,187.0,0.0,0.0,0.0,0.0,76.0,43.714285714285715,27.642857142857142,26.233333333333334,65.3036861790468,41.53493198155792,42.076134670077835,31.750657095810165,0.0,0.0
2023-06-08,0.0,0.0,6.0,6,8,0,0,0.0,45.0,0.0,125.0,0.0,44.0,114.0,15.0,12.0,0,0,0,1,0,0,0,16.0,25.0,45.0,0.0,69.0,0.0,13.666666666666666,43.714285714285715,27.642857142857142,26.233333333333334,65.3036861790468,41.53493198155792,31.557101002558376,29.702227605757898,0.0,0.0
2023-06-09,25.0,24.0,12.0,6,9,1,0,0.0,33.0,0.0,6.0,0.0,15.0,0.0,35.0,78.0,0,0,0,0,1,0,0,0.0,16.0,33.0,41.0,99.0,53.0,5.333333333333333,37.285714285714285,27.642857142857142,26.233333333333334,67.33922652192723,41.53493198155792,23.667825751918784,27.785954856999325,0.0,0.0
2023-06-10,160.0,0.0,25.0,6,10,1,0,25.0,0.0,0.0,12.0,0.0,41.0,24.0,95.0,15.0,0,0,0,0,0,1,0,0.0,0.0,0.0,25.0,100.0,6.0,8.333333333333334,36.142857142857146,26.5,27.066666666666666,67.49179844353576,41.2401991143169,24.000869313939088,27.606215833967113,0.0,0.0
2023-06-11,0.0,64.0,47.0,6,11,0,0,160.0,187.0,53.0,25.0,12.0,0.0,0.0,12.0,74.0,0,0,0,0,0,0,1,25.0,0.0,187.0,0.0,6.0,0.0,61.666666666666664,59.0,36.142857142857146,32.4,79.27588956717335,47.491269615111065,58.00065198545431,36.14775029629182,0.0,0.0
2023-06-12,0.0,57.0,6.0,6,12,0,0,0.0,25.0,6.0,47.0,22.0,16.0,64.0,9.0,79.0,1,0,0,0,0,0,0,160.0,25.0,25.0,15.0,16.0,16.0,61.666666666666664,32.285714285714285,36.142857142857146,30.633333333333333,57.45930236760126,47.683933051546475,43.500488989090734,33.81563737395041,0.0,0.0
2023-06-14,6.0,84.0,0.0,6,14,0,0,0.0,16.0,0.0,6.0,0.0,16.0,57.0,0.0,52.0,0,0,1,0,0,0,0,0.0,160.0,16.0,0.0,35.0,0.0,53.333333333333336,28.714285714285715,35.07142857142857,30.433333333333334,58.7500759877928,47.80324857907298,32.62536674181805,31.63398334982458,0.0,0.0
2023-06-15,28.0,32.0,0.0,6,15,0,0,6.0,0.0,16.0,0.0,125.0,6.0,84.0,114.0,0.0,0,0,0,1,0,0,0,0.0,0.0,0.0,0.0,0.0,0.0,2.0,27.285714285714285,35.5,30.633333333333333,59.23038152196974,47.68393305154648,25.969025056363535,29.98017797241654,0.0,0.0
2023-06-16,0.0,108.0,42.0,6,16,1,0,28.0,0.0,0.0,0.0,6.0,0.0,32.0,0.0,21.0,0,0,0,0,1,0,0,6.0,0.0,0.0,45.0,0.0,69.0,11.333333333333334,31.285714285714285,37.5,31.033333333333335,58.01354521636673,47.60721716753439,26.47676879227265,29.85242455484128,0.0,0.0
2023-06-17,52.0,81.0,0.0,6,17,1,0,0.0,25.0,0.0,42.0,12.0,0.0,108.0,24.0,58.0,0,0,0,0,0,1,0,28.0,6.0,25.0,33.0,41.0,99.0,11.333333333333334,31.285714285714285,34.285714285714285,31.033333333333335,58.01354521636673,47.60721716753439,19.857576594204488,27.926461680335393,0.0,0.0
2023-06-18,0.0,41.0,32.0,6,18,0,0,52.0,160.0,69.0,0.0,25.0,16.0,81.0,0.0,118.0,0,0,0,0,0,0,1,0.0,28.0,160.0,0.0,25.0,100.0,26.666666666666668,35.142857142857146,35.642857142857146,32.766666666666666,58.42210931781611,47.384475366380556,27.893182445653366,29.479593184829888,0.0,0.0
2023-06-19,18.0,54.0,6.0,6,19,0,0,0.0,0.0,99.0,32.0,47.0,16.0,41.0,64.0,41.0,1,0,0,0,0,0,0,52.0,0.0,0.0,187.0,0.0,6.0,17.333333333333332,12.285714285714286,35.642857142857146,30.466666666666665,20.279006268505725,47.239473071700885,20.919886834240025,27.57768394709893,0.0,0.0
2023-06-20,44.0,112.0,0.0,6,20,0,0,18.0,0.0,100.0,6.0,6.0,0.0,54.0,57.0,114.0,0,1,0,0,0,0,0,0.0,52.0,0.0,25.0,15.0,16.0,23.333333333333332,14.857142857142858,23.571428571428573,27.766666666666666,19.59105724072907,45.46896124590498,20.189915125680017,26.95976885373771,0.0,0.0
2023-06-22,32.0,10.0,38.0,6,22,0,0,44.0,6.0,6.0,0.0,0.0,35.0,112.0,84.0,79.0,0,0,0,1,0,0,0,18.0,0.0,6.0,16.0,0.0,35.0,20.666666666666668,21.142857142857142,24.928571428571427,25.9,21.03511802857758,43.508500952944964,26.142436344260013,28.059138605109474,0.0,0.0
2023-06-23,76.0,93.0,18.0,6,23,1,0,32.0,28.0,16.0,38.0,0.0,6.0,10.0,32.0,41.0,0,0,0,0,1,0,0,44.0,18.0,28.0,0.0,0.0,0.0,31.333333333333332,24.857142857142858,26.071428571428573,26.766666666666666,20.194294337993654,43.357124326747694,27.60682725819501,28.313387727360478,0.0,0.0
2023-06-24,81.0,87.0,25.0,6,24,1,0,76.0,0.0,35.0,18.0,42.0,43.0,93.0,108.0,43.0,0,0,0,0,0,1,0,32.0,44.0,0.0,0.0,45.0,0.0,50.666666666666664,31.714285714285715,31.5,28.766666666666666,28.05776354662099,44.21864432280942,39.70512044364626,31.38994335785335,0.0,0.0
2023-06-25,0.0,0.0,73.0,6,25,0,0,81.0,52.0,0.0,25.0,0.0,64.0,87.0,81.0,243.0,0,0,0,0,0,0,1,76.0,32.0,52.0,25.0,33.0,41.0,63.0,43.285714285714285,37.285714285714285,30.3,29.465880187737366,45.228271597797516,50.028840332734696,34.59059217347571,0.0,0.0
2023-06-26,53.0,96.0,62.0,6,26,0,0,0.0,0.0,0.0,73.0,32.0,0.0,0.0,41.0,66.0,1,0,0,0,0,0,0,81.0,76.0,0.0,160.0,0.0,25.0,52.333333333333336,35.857142857142854,35.5,30.3,33.218612109421265,45.228271597797516,37.52163024955102,32.35894106550954,0.0,0.0
2023-06-27,32.0,48.0,130.0,6,27,0,0,53.0,18.0,41.0,62.0,6.0,45.0,96.0,54.0,0.0,0,1,0,0,0,0,0,0.0,81.0,18.0,0.0,187.0,0.0,44.666666666666664,43.42857142857143,27.857142857142858,32.06666666666667,29.51754925947804,45.03862965188372,41.391222687163264,33.690622287089575,0.0,0.0
2023-06-28,64.0,80.0,16.0,6,28,0,1,32.0,44.0,25.0,130.0,0.0,0.0,48.0,112.0,75.0,0,0,1,0,0,0,0,53.0,0.0,44.0,0.0,25.0,15.0,28.333333333333332,45.42857142857143,30.142857142857142,31.766666666666666,27.939560619649082,45.00703648690205,39.04341701537245,33.58154988147089,0.0,0.0
2023-06-29,0.0,66.0,21.0,6,29,0,1,64.0,32.0,0.0,16.0,38.0,6.0,80.0,10.0,43.0,0,0,0,1,0,0,0,32.0,53.0,32.0,6.0,16.0,0.0,49.666666666666664,48.285714285714285,34.714285714285715,33.06666666666667,28.779126033257047,45.36665442076738,45.282562761529334,35.54403053427922,1.0,0.0
2023-06-30,136.0,68.0,6.0,6,30,1,1,0.0,76.0,15.0,21.0,18.0,0.0,66.0,93.0,0.0,0,0,0,0,1,0,0,64.0,32.0,76.0,28.0,0.0,0.0,32.0,43.714285714285715,34.285714285714285,33.06666666666667,33.88566208941613,45.36665442076738,33.961922071147,33.25086727400315,1.0,0.0
2023-07-01,48.0,77.0,0.0,7,1,1,0,136.0,81.0,0.0,6.0,25.0,158.0,68.0,87.0,75.0,0,0,0,0,0,1,0,0.0,64.0,81.0,0.0,0.0,45.0,66.66666666666667,52.285714285714285,42.0,37.1,48.044126542565984,48.94285901207511,59.47144155336025,39.879843578906176,1.0,0.0
2023-07-02,73.0,88.0,80.0,7,2,0,0,48.0,0.0,0.0,0.0,73.0,47.0,77.0,0.0,119.0,0,0,0,0,0,0,1,136.0,0.0,0.0,52.0,25.0,33.0,61.333333333333336,47.57142857142857,45.42857142857143,38.7,46.34600717378337,48.470502939132096,56.60358116502019,40.40372463833158,0.0,0.0
2023-07-03,0.0,63.0,6.0,7,3,0,0,73.0,53.0,45.0,80.0,62.0,0.0,88.0,96.0,15.0,1,0,0,0,0,0,0,48.0,136.0,53.0,0.0,160.0,0.0,85.66666666666667,58.0,46.92857142857143,41.13333333333333,41.85291706281254,48.292737608745334,60.70268587376514,42.506710145536,0.0,0.0
2023-07-04,24.0,18.0,9.0,7,4,0,0,0.0,32.0,33.0,6.0,130.0,0.0,63.0,48.0,35.0,0,1,0,0,0,0,0,73.0,48.0,32.0,18.0,0.0,187.0,40.333333333333336,50.42857142857143,46.92857142857143,39.63333333333333,47.34221915252508,48.863979634769066,45.527014405323854,39.764341749049805,0.0,0.0
2023-07-05,0.0,73.0,0.0,7,5,0,0,24.0,64.0,0.0,9.0,16.0,0.0,18.0,80.0,95.0,0,0,1,0,0,0,0,0.0,73.0,64.0,44.0,0.0,25.0,32.333333333333336,49.285714285714285,47.357142857142854,39.333333333333336,47.9538468589479,48.933687242291846,40.14526080399289,38.7472874426595,0.0,1.0
2023-07-06,25.0,53.0,52.0,7,6,0,0,0.0,0.0,187.0,0.0,21.0,12.0,73.0,66.0,12.0,0,0,0,1,0,0,0,24.0,0.0,0.0,32.0,6.0,16.0,8.0,40.142857142857146,44.214285714285715,39.333333333333336,50.703151024463196,48.933687242291846,30.108945602994666,36.24746244635889,0.0,1.0
2023-07-07,51.0,124.0,0.0,7,7,1,0,25.0,136.0,25.0,52.0,6.0,22.0,53.0,68.0,9.0,0,0,0,0,1,0,0,0.0,24.0,136.0,76.0,28.0,0.0,16.333333333333332,43.714285714285715,43.714285714285715,33.93333333333333,48.22417887918287,40.243168907010286,28.831709202246,35.52181970788412,0.0,1.0
2023-07-08,0.0,21.0,151.0,7,8,1,0,51.0,48.0,16.0,0.0,0.0,0.0,124.0,77.0,0.0,0,0,0,0,0,1,0,25.0,0.0,48.0,81.0,0.0,0.0,25.333333333333332,31.571428571428573,41.92857142857143,34.8,27.257152840169873,40.32403236541325,34.373781901684495,36.520411984794826,0.0,0.0
2023-07-09,179.0,67.0,0.0,7,9,0,0,0.0,73.0,0.0,151.0,80.0,125.0,21.0,88.0,114.0,0,0,0,0,0,0,1,51.0,25.0,73.0,0.0,52.0,25.0,25.333333333333332,24.714285714285715,36.142857142857146,34.266666666666666,28.447110490137575,40.68544883771636,25.78033642626337,34.16425637287258,0.0,0.0
2023-07-10,0.0,34.0,0.0,7,10,0,0,179.0,0.0,0.0,0.0,6.0,6.0,67.0,63.0,0.0,1,0,0,0,0,0,0,0.0,51.0,0.0,53.0,0.0,160.0,76.66666666666667,39.857142857142854,48.92857142857143,40.233333333333334,64.19093542297222,47.961682502866246,64.08525231969753,43.508497897203384,0.0,0.0
2023-07-11,0.0,371.0,0.0,7,11,0,0,0.0,24.0,25.0,0.0,9.0,12.0,34.0,18.0,24.0,0,1,0,0,0,0,0,179.0,0.0,24.0,32.0,18.0,0.0,59.666666666666664,39.857142857142854,45.142857142857146,40.233333333333334,64.19093542297222,47.961682502866246,48.06393923977315,40.70149803286768,0.0,0.0
2023-07-12,61.0,57.0,80.0,7,12,0,0,0.0,0.0,160.0,0.0,0.0,25.0,371.0,73.0,0.0,0,0,1,0,0,0,0,0.0,179.0,0.0,64.0,44.0,0.0,59.666666666666664,36.42857142857143,42.857142857142854,39.4,65.79984078718616,48.450187715376,36.04795442982986,38.075594933972994,0.0,0.0
2023-07-13,16.0,139.0,25.0,7,13,0,0,61.0,25.0,0.0,80.0,52.0,47.0,57.0,53.0,64.0,0,0,0,1,0,0,0,0.0,0.0,25.0,0.0,32.0,6.0,20.333333333333332,45.142857142857146,42.642857142857146,36.1,64.19093542297222,43.01992321126861,42.28596582237239,39.554588809200546,0.0,0.0
2023-07-14,16.0,0.0,155.0,7,14,1,0,16.0,51.0,0.0,25.0,0.0,6.0,139.0,124.0,57.0,0,0,0,0,1,0,0,61.0,0.0,51.0,136.0,76.0,28.0,25.666666666666668,43.857142857142854,43.785714285714285,36.63333333333333,64.7493335137605,42.6545735376426,35.71447436677929,38.034937918284385,0.0,0.0
2023-07-15,25.0,6.0,51.0,7,15,1,0,16.0,0.0,6.0,155.0,151.0,0.0,0.0,21.0,84.0,0,0,0,0,0,1,0,16.0,61.0,0.0,48.0,81.0,0.0,31.0,38.857142857142854,35.214285714285715,37.166666666666664,65.45336398645112,42.279108180113575,30.78585577508447,36.61332902033055,0.0,0.0
2023-07-16,0.0,6.0,9.0,7,16,0,0,25.0,179.0,28.0,51.0,0.0,0.0,6.0,67.0,32.0,0,0,0,0,0,0,1,16.0,16.0,179.0,73.0,0.0,52.0,19.0,42.42857142857143,33.57142857142857,37.8,63.636617191826325,41.937062860664305,29.339391831313353,35.86408198676084,0.0,0.0
2023-07-17,18.0,74.0,50.0,7,17,0,0,0.0,0.0,0.0,9.0,0.0,42.0,6.0,34.0,108.0,1,0,0,0,0,0,0,25.0,16.0,0.0,0.0,53.0,0.0,13.666666666666666,16.857142857142858,28.357142857142858,36.86666666666667,21.866477931821954,42.47086898856294,22.004543873485016,33.55027024567949,0.0,0.0
2023-07-18,9.0,34.0,0.0,7,18,0,0,18.0,0.0,52.0,50.0,0.0,0.0,74.0,371.0,81.0,0,1,0,0,0,0,0,0.0,25.0,0.0,24.0,32.0,18.0,14.333333333333334,19.428571428571427,29.642857142857142,37.46666666666667,20.573908580668707,42.057213357547816,21.00340790511376,32.54702700402275,0.0,0.0
2023-07-19,25.0,6.0,34.0,7,19,0,0,9.0,61.0,0.0,0.0,80.0,32.0,34.0,57.0,41.0,0,0,1,0,0,0,0,18.0,0.0,61.0,0.0,64.0,44.0,9.0,20.714285714285715,28.571428571428573,36.03333333333333,19.405448424899326,42.27698757197488,18.00255592883532,31.02786397150516,0.0,0.0
2023-07-20,32.0,26.0,0.0,7,20,0,0,25.0,16.0,18.0,34.0,25.0,6.0,6.0,139.0,54.0,0,0,0,1,0,0,0,9.0,18.0,16.0,25.0,0.0,32.0,17.333333333333332,15.571428571428571,30.357142857142858,36.86666666666667,8.84792146697255,41.7857700026294,19.75191694662649,30.638969521730633,0.0,0.0
2023-07-21,9.0,0.0,9.0,7,21,1,0,32.0,16.0,44.0,0.0,155.0,0.0,26.0,0.0,112.0,0,0,0,0,1,0,0,25.0,9.0,16.0,51.0,136.0,76.0,22.0,17.857142857142858,30.857142857142858,37.333333333333336,10.823255385643288,41.64574187227253,22.813937709969867,30.726777939683494,0.0,0.0
2023-07-22,85.0,0.0,16.0,7,22,1,0,9.0,25.0,32.0,9.0,51.0,38.0,0.0,6.0,10.0,0,0,0,0,0,1,0,32.0,25.0,25.0,0.0,48.0,81.0,22.0,16.857142857142858,27.857142857142858,36.166666666666664,11.33473380702828,41.94173572233627,19.3604532824774,29.325050330671658,0.0,0.0
2023-07-23,137.0,25.0,0.0,7,23,0,0,85.0,0.0,76.0,16.0,9.0,18.0,0.0,6.0,93.0,0,0,0,0,0,0,1,9.0,32.0,0.0,179.0,73.0,0.0,42.0,25.428571428571427,33.92857142857143,37.93333333333333,28.383429102542323,42.8662179773089,35.77033996185805,32.91698256740252,0.0,0.0
2023-07-24,68.0,6.0,0.0,7,24,0,0,137.0,18.0,81.0,0.0,50.0,25.0,25.0,74.0,87.0,1,0,0,0,0,0,0,85.0,9.0,18.0,0.0,0.0,53.0,77.0,45.0,30.928571428571427,39.96666666666667,48.225166320777625,46.06179008405043,61.07775497139354,39.632015950150745,0.0,0.0
2023-07-25,0.0,0.0,12.0,7,25,0,0,68.0,9.0,0.0,0.0,0.0,73.0,6.0,34.0,0.0,0,1,0,0,0,0,0,137.0,85.0,9.0,0.0,24.0,32.0,96.66666666666667,52.142857142857146,35.785714285714285,39.53333333333333,47.25261393626305,45.72235047909647,62.80831622854515,41.46220846949586,0.0,0.0
2023-07-26,406.0,157.0,0.0,7,26,0,0,0.0,25.0,53.0,12.0,34.0,62.0,0.0,6.0,96.0,0,0,1,0,0,0,0,68.0,137.0,25.0,61.0,0.0,64.0,68.33333333333333,50.857142857142854,35.785714285714285,39.53333333333333,48.7217561650801,45.72235047909647,47.106237171408864,38.787227277915484,0.0,0.0
2023-07-27,170.0,57.0,12.0,7,27,0,0,406.0,32.0,32.0,0.0,0.0,130.0,157.0,26.0,48.0,0,0,0,1,0,0,0,0.0,68.0,32.0,16.0,25.0,0.0,158.0,105.28571428571429,60.42857142857143,51.3,140.80922588821403,81.06793660151705,136.82967787855665,62.47837390514674,0.0,0.0
2023-07-28,0.0,9.0,71.0,7,28,1,0,170.0,9.0,64.0,12.0,9.0,16.0,57.0,0.0,80.0,0,0,0,0,1,0,0,406.0,0.0,9.0,16.0,51.0,136.0,192.0,125.0,71.42857142857143,55.9,138.479842095038,83.8041024425827,145.1222584089175,69.4152530080405,0.0,0.0
2023-07-29,16.0,172.0,0.0,7,29,1,0,0.0,85.0,0.0,71.0,16.0,21.0,9.0,0.0,66.0,0,0,0,0,0,1,0,170.0,406.0,85.0,25.0,0.0,48.0,192.0,123.71428571428571,70.28571428571429,53.766666666666666,139.77209340650975,84.40325346455727,108.84169380668813,64.93684958816692,0.0,0.0
2023-07-30,34.0,60.0,0.0,7,30,0,0,16.0,137.0,136.0,0.0,0.0,6.0,172.0,25.0,68.0,0,0,0,0,0,0,1,0.0,170.0,137.0,0.0,179.0,73.0,62.0,113.85714285714286,69.64285714285714,54.3,145.28182792011367,84.1018061227192,85.6312703550161,61.779633485704544,0.0,0.0
2023-07-31,120.0,92.0,0.0,7,31,0,0,34.0,68.0,48.0,0.0,0.0,0.0,60.0,6.0,77.0,1,0,0,0,0,0,0,16.0,0.0,68.0,18.0,0.0,0.0,16.666666666666668,99.14285714285714,72.07142857142857,50.9,147.7423755183648,82.7357030049551,72.72345276626207,59.987399067271994,0.0,0.0
2023-08-01,48.0,25.0,0.0,8,1,0,0,120.0,0.0,73.0,0.0,12.0,80.0,92.0,0.0,88.0,0,1,0,0,0,0,0,34.0,16.0,0.0,9.0,0.0,24.0,56.666666666666664,106.57142857142857,79.35714285714286,53.3,147.22189278190152,83.68749340089077,84.54258957469655,63.85917977260929,0.0,0.0
2023-08-02,34.0,20.0,75.0,8,2,0,0,48.0,406.0,0.0,0.0,0.0,6.0,25.0,157.0,63.0,0,0,1,0,0,0,0,120.0,34.0,406.0,25.0,61.0,0.0,67.33333333333333,113.42857142857143,82.14285714285714,52.46666666666667,142.47205239725335,83.60899693104858,75.40694218102242,62.83600688405385,0.0,0.0
2023-08-03,25.0,30.0,11.0,8,3,0,0,34.0,170.0,24.0,75.0,12.0,9.0,20.0,57.0,18.0,0,0,0,1,0,0,0,48.0,120.0,170.0,32.0,16.0,25.0,67.33333333333333,60.285714285714285,82.78571428571429,53.6,61.55137227204137,83.102180559797,65.05520663576681,60.97561934314716,0.0,0.0
2023-08-04,32.0,59.0,26.0,8,4,1,0,25.0,0.0,0.0,11.0,71.0,0.0,30.0,9.0,73.0,0,0,0,0,1,0,0,34.0,48.0,0.0,9.0,16.0,51.0,35.666666666666664,39.57142857142857,82.28571428571429,53.63333333333333,38.59126474068594,83.09009789268569,55.041404976825106,58.65461164358928,0.0,0.0
2023-08-05,122.0,9.0,0.0,8,5,1,0,32.0,16.0,25.0,26.0,0.0,52.0,59.0,172.0,53.0,0,0,0,0,0,1,0,25.0,34.0,16.0,85.0,25.0,0.0,30.333333333333332,44.142857142857146,83.92857142857143,54.7,34.83498515108319,82.58168370019237,49.28105373261883,56.93495927948675,0.0,0.0
2023-08-06,15.0,76.0,22.0,8,6,0,0,122.0,34.0,51.0,0.0,0.0,0.0,9.0,60.0,124.0,0,0,0,0,0,0,1,32.0,25.0,34.0,137.0,0.0,179.0,59.666666666666664,59.285714285714285,86.57142857142857,57.93333333333333,42.71110037493871,83.27475642396838,67.46079029946412,61.13270384210051,0.0,0.0
2023-08-07,50.0,25.0,0.0,8,7,0,0,15.0,120.0,0.0,22.0,0.0,151.0,76.0,92.0,21.0,1,0,0,0,0,0,0,122.0,32.0,120.0,68.0,18.0,0.0,56.333333333333336,56.57142857142857,77.85714285714286,56.733333333333334,45.1215290183342,83.63670755460615,54.34559272459809,58.15640036841661,0.0,0.0
2023-08-08,63.0,17.0,0.0,8,8,0,0,50.0,48.0,179.0,0.0,0.0,0.0,25.0,25.0,67.0,0,1,0,0,0,0,0,15.0,122.0,48.0,0.0,9.0,0.0,62.333333333333336,46.57142857142857,76.57142857142857,58.4,35.43941846238981,82.96264219514708,53.25919454344857,57.63018098980909,0.0,0.0
2023-08-09,76.0,0.0,106.0,8,9,0,0,63.0,34.0,0.0,0.0,75.0,0.0,17.0,20.0,34.0,0,0,1,0,0,0,0,50.0,15.0,34.0,406.0,25.0,61.0,42.666666666666664,48.714285714285715,81.07142857142857,54.53333333333333,35.98941643369742,79.79055917421141,55.694395907586426,57.97662092595044,0.0,0.0
2023-08-10,48.0,89.0,124.0,8,10,0,0,76.0,25.0,0.0,106.0,11.0,0.0,0.0,30.0,371.0,0,0,0,1,0,0,0,63.0,50.0,25.0,170.0,32.0,16.0,63.0,54.714285714285715,57.5,57.06666666666667,36.622917623232716,79.20376747105655,60.77079693068982,59.13941957588913,0.0,0.0
2023-08-11,0.0,41.0,0.0,8,11,1,0,48.0,32.0,61.0,124.0,26.0,80.0,89.0,59.0,57.0,0,0,0,0,1,0,0,76.0,63.0,32.0,0.0,9.0,16.0,62.333333333333336,58.0,48.785714285714285,58.666666666666664,34.48187929913325,78.49284322014084,57.578097698017366,58.420747345186605,0.0,0.0
2023-08-12,0.0,52.0,85.0,8,12,1,0,0.0,122.0,16.0,0.0,0.0,25.0,41.0,9.0,139.0,0,0,0,0,0,1,0,48.0,76.0,122.0,16.0,85.0,25.0,41.333333333333336,53.42857142857143,48.785714285714285,56.63333333333333,40.15742829937,79.21706683638898,43.183573273513026,54.651666871303604,0.0,0.0
2023-08-13,26.0,62.0,0.0,8,13,0,0,0.0,15.0,16.0,85.0,22.0,155.0,52.0,76.0,0.0,0,0,0,0,0,0,1,0.0,48.0,15.0,34.0,137.0,0.0,16.0,36.0,47.642857142857146,56.1,30.827476921300725,79.55321359381686,32.38767995513477,51.1257528796066,0.0,0.0
2023-08-14,50.0,25.0,34.0,8,14,0,0,26.0,50.0,25.0,0.0,0.0,51.0,62.0,25.0,6.0,1,0,0,0,0,0,0,0.0,0.0,50.0,120.0,68.0,18.0,8.666666666666666,37.57142857142857,47.07142857142857,56.43333333333333,29.843241238495573,79.40020122155227,30.79075996635108,49.504736564793276,0.0,0.0
2023-08-15,40.0,60.0,87.0,8,15,0,0,50.0,63.0,0.0,34.0,0.0,9.0,25.0,17.0,6.0,0,1,0,0,0,0,0,26.0,0.0,63.0,48.0,0.0,9.0,25.333333333333332,37.57142857142857,42.07142857142857,57.266666666666666,29.843241238495573,79.18983448055357,35.59306997476331,49.536689044484035,0.0,0.0
2023-08-16,16.0,110.0,12.0,8,16,0,0,40.0,76.0,18.0,87.0,106.0,50.0,60.0,0.0,74.0,0,0,1,0,0,0,0,50.0,26.0,76.0,34.0,406.0,25.0,38.666666666666664,34.285714285714285,41.5,58.6,27.771173818153432,78.52634084749239,36.694802481072486,48.92141878354958,0.0,0.0
2023-08-17,22.0,21.0,22.0,8,17,0,0,16.0,48.0,9.0,12.0,124.0,0.0,110.0,89.0,34.0,0,0,0,1,0,0,0,40.0,50.0,48.0,25.0,170.0,32.0,35.333333333333336,25.714285714285715,40.214285714285715,58.53333333333333,21.24236557538005,78.56283816302646,31.521101860804364,46.797456281385095,0.0,0.0
2023-08-18,112.0,44.0,6.0,8,18,1,0,22.0,0.0,25.0,22.0,0.0,34.0,21.0,41.0,6.0,0,0,0,0,1,0,0,16.0,40.0,0.0,32.0,0.0,9.0,26.0,22.0,40.0,58.96666666666667,18.832595855767288,78.31566687554233,29.140826395603273,45.19762039226348,0.0,0.0
2023-08-19,31.0,148.0,16.0,8,19,1,0,112.0,0.0,32.0,6.0,85.0,0.0,44.0,52.0,26.0,0,0,0,0,0,1,0,22.0,16.0,0.0,122.0,16.0,85.0,50.0,38.0,45.714285714285715,61.86666666666667,36.40512784393606,78.62470145037703,49.855619796702456,49.507451334698096,0.0,0.0
2023-08-20,25.0,24.0,92.0,8,20,0,0,31.0,26.0,9.0,16.0,0.0,9.0,148.0,62.0,0.0,0,0,0,0,0,0,1,112.0,22.0,26.0,15.0,34.0,137.0,55.0,42.42857142857143,39.214285714285715,61.833333333333336,32.71012658111209,78.6380110481515,45.14171484752684,48.31342221633048,0.0,0.0
2023-08-21,92.0,240.0,0.0,8,21,0,0,25.0,50.0,85.0,92.0,34.0,16.0,24.0,25.0,0.0,1,0,0,0,0,0,0,31.0,112.0,50.0,50.0,120.0,68.0,56.0,42.285714285714285,39.92857142857143,62.36666666666667,32.795905667802856,78.32095035408992,40.106286135645135,46.80933046043819,0.0,0.0
2023-08-22,12.0,0.0,15.0,8,22,0,0,92.0,40.0,137.0,0.0,87.0,0.0,240.0,60.0,25.0,0,1,0,0,0,0,0,25.0,31.0,40.0,63.0,48.0,0.0,49.333333333333336,48.285714285714285,42.92857142857143,62.6,37.88893543729387,78.40109077355211,53.079714601733855,49.7248575275067,0.0,0.0
2023-08-23,41.0,29.0,25.0,8,23,0,0,12.0,16.0,68.0,15.0,12.0,0.0,0.0,110.0,6.0,0,0,1,0,0,0,0,92.0,25.0,16.0,76.0,34.0,406.0,43.0,44.285714285714285,39.285714285714285,58.43333333333333,40.310107440997434,77.62850673220028,42.80978595130039,47.290995751538524,0.0,0.0
2023-08-24,0.0,56.0,166.0,8,24,0,0,41.0,22.0,0.0,25.0,22.0,12.0,29.0,21.0,0.0,0,0,0,1,0,0,0,12.0,92.0,22.0,48.0,25.0,170.0,48.333333333333336,47.857142857142854,36.785714285714285,57.53333333333333,38.45095825172873,77.67027271979812,42.35733946347529,46.88512505789088,0.0,0.0
2023-08-25,0.0,39.0,15.0,8,25,1,0,0.0,112.0,406.0,166.0,6.0,0.0,56.0,44.0,157.0,0,0,0,0,1,0,0,41.0,12.0,112.0,0.0,32.0,0.0,17.666666666666668,44.714285714285715,33.357142857142854,57.53333333333333,41.68018828218139,77.67027271979812,31.76800459760647,43.86027827996244,0.0,0.0
2023-08-26,60.0,163.0,0.0,8,26,1,0,0.0,31.0,170.0,15.0,16.0,12.0,39.0,148.0,57.0,0,0,0,0,0,1,0,0.0,41.0,31.0,0.0,122.0,16.0,13.666666666666666,28.714285714285715,33.357142857142854,44.0,31.894170239059232,42.0730071546411,23.82600344820485,41.03058290706164,0.0,0.0
2023-08-27,6.0,0.0,41.0,8,27,0,0,60.0,25.0,0.0,0.0,92.0,71.0,163.0,24.0,9.0,0,0,0,0,0,0,1,0.0,0.0,25.0,26.0,15.0,34.0,20.0,32.857142857142854,37.642857142857146,40.333333333333336,34.051082074967695,34.89425734132046,32.86950258615364,42.254416267896374,0.0,0.0
2023-08-28,9.0,0.0,0.0,8,28,0,0,6.0,92.0,16.0,41.0,0.0,0.0,0.0,240.0,172.0,1,0,0,0,0,0,0,60.0,0.0,92.0,50.0,50.0,120.0,22.0,30.142857142857142,36.214285714285715,40.53333333333333,35.507879742523635,34.67159558240554,26.15212693961523,39.91542166996758,0.0,0.0
2023-08-29,0.0,96.0,84.0,8,29,0,0,9.0,12.0,34.0,0.0,15.0,0.0,0.0,0.0,60.0,0,1,0,0,0,0,0,6.0,60.0,12.0,40.0,63.0,48.0,25.0,18.285714285714285,33.285714285714285,40.3,23.099165105506,34.86540623202512,21.864095204711422,37.92087833642128,0.0,0.0
2023-08-30,0.0,88.0,24.0,8,30,0,0,0.0,41.0,120.0,84.0,25.0,0.0,96.0,29.0,92.0,0,0,1,0,0,0,0,9.0,6.0,41.0,16.0,76.0,34.0,5.0,16.571428571428573,30.428571428571427,39.166666666666664,24.068355039048924,35.62165491454001,16.398071403533567,35.47437005665217,0.0,0.0
2023-08-31,101.0,0.0,12.0,8,31,0,0,0.0,0.0,48.0,24.0,166.0,0.0,88.0,56.0,25.0,0,0,0,1,0,0,0,0.0,9.0,0.0,22.0,48.0,25.0,3.0,10.714285714285714,29.285714285714285,35.166666666666664,22.03568534381054,32.86239159904819,12.298553552650176,33.18570102073913,0.0,0.0
2023-09-01,66.0,12.0,128.0,9,1,1,0,101.0,0.0,34.0,12.0,15.0,75.0,0.0,39.0,20.0,0,0,0,0,1,0,0,0.0,0.0,0.0,112.0,0.0,32.0,33.666666666666664,25.142857142857142,34.92857142857143,36.93333333333333,39.776159406645256,34.93534257624416,34.473915164487636,37.56081708391726,0.0,0.0
2023-09-02,0.0,32.0,0.0,9,2,1,0,66.0,60.0,25.0,128.0,0.0,11.0,12.0,163.0,30.0,0,0,0,0,0,1,0,101.0,0.0,60.0,31.0,0.0,122.0,55.666666666666664,34.57142857142857,31.642857142857142,38.0,40.636014990224005,35.328995613157204,42.35543637336573,39.39560307850324,0.0,0.0
2023-09-03,100.0,98.0,37.0,9,3,0,0,0.0,6.0,32.0,0.0,41.0,26.0,32.0,0.0,59.0,0,0,0,0,0,0,1,66.0,101.0,6.0,25.0,26.0,15.0,55.666666666666664,26.0,29.428571428571427,37.166666666666664,40.7062648740952,35.93584641373099,31.766577280024293,36.853951266986904,0.0,0.0
2023-09-04,41.0,30.0,63.0,9,4,0,0,100.0,9.0,122.0,37.0,0.0,0.0,98.0,0.0,9.0,1,0,0,0,0,0,0,0.0,66.0,9.0,92.0,50.0,50.0,55.333333333333336,39.42857142857143,34.785714285714285,39.43333333333333,47.881301649172435,37.6999801823174,48.82493296001822,40.92788989492323,0.0,0.0
2023-09-05,137.0,141.0,16.0,9,5,0,0,41.0,0.0,15.0,63.0,84.0,22.0,30.0,96.0,76.0,0,1,0,0,0,0,0,100.0,0.0,0.0,12.0,40.0,63.0,47.0,44.0,31.142857142857142,36.733333333333334,45.98188048931153,34.33298738805733,46.868699720013666,40.9325421597669,0.0,0.0
2023-09-06,16.0,117.0,6.0,9,6,0,0,137.0,0.0,50.0,16.0,24.0,0.0,141.0,88.0,25.0,0,0,1,0,0,0,0,41.0,100.0,0.0,41.0,16.0,76.0,92.66666666666667,63.57142857142857,40.07142857142857,40.8,52.785279333216636,38.6267729199178,69.40152479001026,47.13044266558839,0.0,0.0
2023-09-07,0.0,65.0,0.0,9,7,0,0,16.0,101.0,63.0,6.0,12.0,0.0,117.0,0.0,17.0,0,0,0,1,0,0,0,137.0,41.0,101.0,0.0,22.0,48.0,64.66666666666667,65.85714285714286,38.285714285714285,39.666666666666664,49.83783225431777,38.84570125183898,56.05114359250769,45.12202700974398,0.0,0.0
2023-09-08,109.0,276.0,60.0,9,8,1,0,0.0,66.0,76.0,0.0,128.0,106.0,65.0,12.0,0.0,0,0,0,0,1,0,0,16.0,137.0,66.0,0.0,112.0,0.0,51.0,51.42857142857143,38.285714285714285,37.56666666666667,52.516210649211686,39.24167676593722,42.03835769438077,42.210928492986305,0.0,0.0
2023-09-09,0.0,21.0,32.0,9,9,1,0,109.0,0.0,48.0,60.0,0.0,124.0,276.0,32.0,89.0,0,0,0,0,0,1,0,0.0,16.0,0.0,60.0,31.0,0.0,41.666666666666664,57.57142857142857,46.07142857142857,38.666666666666664,56.84146709007759,40.7882110531896,58.77876827078558,46.519900848277516,0.0,0.0
2023-09-10,34.0,90.0,48.0,9,10,0,0,0.0,100.0,0.0,32.0,37.0,0.0,21.0,98.0,41.0,0,0,0,0,0,0,1,109.0,0.0,100.0,6.0,25.0,26.0,36.333333333333336,57.57142857142857,41.785714285714285,37.06666666666667,56.84146709007759,41.34708707025684,44.08407620308918,43.5186169225822,0.0,0.0
2023-09-11,0.0,83.0,66.0,9,11,0,0,34.0,41.0,0.0,48.0,63.0,85.0,90.0,30.0,52.0,1,0,0,0,0,0,0,0.0,109.0,41.0,9.0,92.0,50.0,47.666666666666664,48.142857142857146,43.785714285714285,38.2,54.0352618556579,40.75782133529708,41.56305715231689,42.904512604996256,0.0,0.0
2023-09-12,18.0,6.0,32.0,9,12,0,0,0.0,137.0,26.0,66.0,16.0,0.0,83.0,141.0,62.0,0,1,0,0,0,0,0,34.0,0.0,137.0,0.0,12.0,40.0,11.333333333333334,42.285714285714285,43.142857142857146,38.2,57.07513844548626,40.75782133529708,31.172292864237665,40.13647953370618,0.0,0.0
2023-09-13,5.0,41.0,0.0,9,13,0,0,18.0,16.0,50.0,32.0,6.0,34.0,6.0,117.0,25.0,0,0,1,0,0,0,0,0.0,34.0,16.0,0.0,41.0,16.0,17.333333333333332,25.285714285714285,44.42857142857143,37.93333333333333,39.03295311107559,40.866421030181854,27.87921964817825,38.70831956378966,0.0,0.0
2023-09-14,0.0,0.0,32.0,9,14,0,0,5.0,0.0,40.0,0.0,0.0,87.0,41.0,65.0,60.0,0,0,0,1,0,0,0,18.0,0.0,0.0,101.0,0.0,22.0,7.666666666666667,23.714285714285715,44.785714285714285,36.43333333333333,39.685069760613494,41.23246405387412,22.159414736133687,36.533589269351616,0.0,0.0
2023-09-15,0.0,31.0,0.0,9,15,1,0,0.0,109.0,16.0,32.0,60.0,12.0,0.0,276.0,110.0,0,0,0,0,1,0,0,5.0,18.0,109.0,66.0,0.0,112.0,7.666666666666667,23.714285714285715,37.57142857142857,35.1,39.685069760613494,41.75656050044812,16.619561052100266,34.17658351003861,0.0,0.0
2023-09-16,0.0,29.0,6.0,9,16,1,0,0.0,0.0,22.0,0.0,32.0,22.0,31.0,21.0,21.0,0,0,0,0,0,1,0,0.0,5.0,0.0,0.0,60.0,31.0,1.6666666666666667,8.142857142857142,32.857142857142854,34.56666666666667,13.171036044145858,42.1096133944481,12.4646707890752,31.97164263842322,0.0,0.0
2023-09-17,0.0,16.0,0.0,9,17,0,0,0.0,34.0,112.0,6.0,48.0,6.0,29.0,90.0,44.0,0,0,0,0,0,0,1,0.0,0.0,34.0,100.0,6.0,25.0,0.0,8.142857142857142,32.857142857142854,33.833333333333336,13.171036044145858,42.52551634289562,9.3485030918064,29.908956016589464,0.0,0.0
2023-09-18,18.0,32.0,6.0,9,18,0,0,0.0,0.0,31.0,0.0,66.0,16.0,16.0,83.0,148.0,1,0,0,0,0,0,0,0.0,0.0,0.0,41.0,9.0,92.0,0.0,3.2857142857142856,25.714285714285715,30.1,6.750661343263185,40.28377785934044,7.0113773188548,27.979345951003047,0.0,0.0
2023-09-20,6.0,6.0,0.0,9,20,0,0,18.0,18.0,25.0,6.0,32.0,92.0,32.0,6.0,24.0,0,0,1,0,0,0,0,0.0,0.0,18.0,137.0,0.0,12.0,6.0,5.857142857142857,24.071428571428573,29.666666666666668,8.49369514068266,40.34363884681569,9.7585329891411,27.335517179970594,0.0,0.0
2023-09-21,0.0,56.0,23.0,9,21,0,0,6.0,5.0,92.0,0.0,0.0,0.0,6.0,41.0,240.0,0,0,0,1,0,0,0,18.0,0.0,5.0,16.0,0.0,41.0,8.0,4.142857142857143,14.714285714285714,29.033333333333335,6.644009116704793,40.5679364925598,8.818899741855825,25.959032200617653,0.0,0.0
2023-09-22,88.0,59.0,0.0,9,22,1,0,0.0,0.0,12.0,23.0,32.0,15.0,56.0,0.0,0.0,0,0,0,0,1,0,0,6.0,18.0,0.0,0.0,101.0,0.0,8.0,3.4285714285714284,13.571428571428571,25.966666666666665,6.80336051416604,39.09447737110112,6.614174806391869,24.284255929610065,0.0,0.0
2023-09-23,25.0,0.0,0.0,9,23,1,0,88.0,0.0,41.0,0.0,0.0,25.0,59.0,31.0,29.0,0,0,0,0,0,1,0,0.0,6.0,0.0,109.0,66.0,0.0,31.333333333333332,16.0,19.857142857142858,28.5,32.43454948045368,40.591956057225445,26.9606311047939,28.394949095441675,0.0,0.0
2023-09-24,0.0,129.0,0.0,9,24,0,0,25.0,0.0,0.0,0.0,6.0,166.0,0.0,29.0,56.0,0,0,0,0,0,0,1,88.0,0.0,0.0,0.0,0.0,60.0,37.666666666666664,19.571428571428573,13.857142857142858,27.966666666666665,31.748265794408027,40.52711594027854,26.470473328595425,28.175920121542212,0.0,0.0
2023-09-25,6.0,0.0,0.0,9,25,0,0,0.0,0.0,0.0,0.0,0.0,15.0,129.0,16.0,39.0,1,0,0,0,0,0,0,25.0,88.0,0.0,34.0,100.0,6.0,37.666666666666664,19.571428571428573,13.857142857142858,27.966666666666665,31.748265794408027,40.52711594027854,19.852854996446567,26.3581188233782,0.0,0.0
2023-09-26,0.0,0.0,0.0,9,26,0,0,6.0,18.0,60.0,0.0,6.0,0.0,0.0,32.0,163.0,0,1,0,0,0,0,0,0.0,25.0,18.0,0.0,41.0,9.0,10.333333333333334,20.428571428571427,11.857142857142858,28.166666666666668,31.208210152977035,40.39894444962239,16.389641247334925,25.04469180251509,0.0,0.0
2023-09-27,53.0,12.0,0.0,9,27,0,0,0.0,6.0,6.0,0.0,0.0,41.0,0.0,6.0,0.0,0,0,1,0,0,0,0,6.0,0.0,6.0,18.0,137.0,0.0,2.0,17.857142857142858,11.857142857142858,26.166666666666668,32.168455415352504,40.25357840879045,12.292230935501195,23.42890523461089,0.0,0.0
2023-09-28,165.0,186.0,16.0,9,28,0,0,53.0,0.0,9.0,0.0,23.0,0.0,12.0,56.0,0.0,0,0,0,1,0,0,0,0.0,6.0,0.0,5.0,16.0,0.0,19.666666666666668,24.571428571428573,14.357142857142858,27.733333333333334,34.12651531608589,40.356115917590735,22.469173201625896,25.336717800119867,0.0,0.0
2023-09-29,0.0,0.0,69.0,9,29,1,0,165.0,88.0,0.0,16.0,0.0,84.0,186.0,59.0,96.0,0,0,0,0,1,0,0,53.0,0.0,88.0,0.0,0.0,101.0,72.66666666666667,48.142857142857146,25.785714285714285,32.93333333333333,60.84797605899629,47.31037163633164,58.10187990121942,34.34725213559601,0.0,0.0
2023-09-30,0.0,0.0,16.0,9,30,1,0,0.0,25.0,0.0,69.0,0.0,24.0,0.0,0.0,88.0,0,0,0,0,0,1,0,165.0,53.0,25.0,0.0,109.0,66.0,72.66666666666667,35.57142857142857,25.785714285714285,32.93333333333333,60.329255321270495,47.31037163633164,43.57640992591456,32.1313003849124,0.0,0.0
2023-10-01,83.0,26.0,25.0,10,1,0,0,0.0,0.0,101.0,16.0,0.0,12.0,0.0,129.0,0.0,0,0,0,0,0,0,1,0.0,165.0,0.0,0.0,0.0,0.0,55.0,32.0,25.785714285714285,32.93333333333333,61.78187436457392,47.31037163633164,32.68230744443592,30.058313263305152,0.0,0.0
2023-10-02,0.0,55.0,35.0,10,2,0,0,83.0,6.0,66.0,25.0,0.0,128.0,26.0,0.0,12.0,1,0,0,0,0,0,0,0.0,0.0,6.0,0.0,34.0,100.0,27.666666666666668,43.857142857142854,31.714285714285715,32.333333333333336,62.5764294587788,46.52499019498742,45.26173058332694,33.47390595599514,0.0,0.0
2023-10-03,28.0,24.0,25.0,10,3,0,0,0.0,0.0,0.0,35.0,0.0,0.0,55.0,0.0,32.0,0,1,0,0,0,0,0,83.0,0.0,0.0,18.0,0.0,41.0,27.666666666666668,43.0,31.714285714285715,30.133333333333333,63.219195397178716,46.43848978308113,33.9462979374952,31.314299120124492,0.0,0.0
2023-10-04,96.0,17.0,0.0,10,4,0,0,28.0,53.0,100.0,25.0,0.0,37.0,24.0,12.0,98.0,0,0,1,0,0,0,0,0.0,83.0,53.0,6.0,18.0,137.0,37.0,47.0,32.42857142857143,31.066666666666666,60.88787509293889,46.092061799398145,32.4597234531214,31.10047337043904,0.0,0.0
2023-10-05,0.0,42.0,0.0,10,5,0,0,96.0,165.0,41.0,0.0,16.0,63.0,17.0,186.0,30.0,0,0,0,1,0,0,0,28.0,0.0,165.0,0.0,5.0,16.0,41.333333333333336,53.142857142857146,38.857142857142854,30.933333333333334,63.69832172417249,45.89112552878658,48.34479258984105,35.28753960460426,0.0,0.0
2023-10-06,67.0,54.0,44.0,10,6,1,0,0.0,0.0,137.0,0.0,69.0,16.0,42.0,0.0,141.0,0,0,0,0,1,0,0,96.0,28.0,0.0,88.0,0.0,0.0,41.333333333333336,29.571428571428573,38.857142857142854,29.566666666666666,42.36294427467294,46.190522489100395,36.25859444238078,33.0109241462427,0.0,0.0
2023-10-07,0.0,5.0,29.0,10,7,1,0,67.0,0.0,16.0,44.0,16.0,6.0,54.0,0.0,117.0,0,0,0,0,0,1,0,0.0,96.0,0.0,25.0,0.0,109.0,54.333333333333336,39.142857142857146,37.357142857142854,27.233333333333334,42.13639982813181,42.16934933086475,43.943945831785584,35.20376774971091,0.0,0.0
2023-10-08,35.0,98.0,32.0,10,8,0,0,0.0,83.0,0.0,29.0,25.0,0.0,5.0,26.0,65.0,0,0,0,0,0,0,1,67.0,0.0,83.0,0.0,0.0,0.0,22.333333333333332,39.142857142857146,35.57142857142857,26.7,42.13639982813181,42.41677449571911,32.95795937383919,32.93255692714892,0.0,0.0
2023-10-09,0.0,36.0,0.0,10,9,0,0,35.0,0.0,109.0,32.0,35.0,60.0,98.0,55.0,276.0,1,0,0,0,0,0,0,0.0,67.0,0.0,6.0,0.0,34.0,34.0,32.285714285714285,38.07142857142857,27.866666666666667,37.45537026789027,42.1374870642751,33.468469530379394,33.065940351203835,0.0,0.0
2023-10-10,0.0,6.0,0.0,10,10,0,0,0.0,28.0,0.0,0.0,25.0,32.0,36.0,24.0,21.0,0,1,0,0,0,0,0,35.0,0.0,28.0,0.0,18.0,0.0,11.666666666666666,32.285714285714285,37.642857142857146,24.233333333333334,37.45537026789027,39.518379253843044,25.101352147784546,30.932653876932623,0.0,0.0
2023-10-12,0.0,56.0,28.0,10,12,0,0,0.0,96.0,34.0,0.0,0.0,48.0,6.0,17.0,90.0,0,0,0,1,0,0,0,0.0,35.0,96.0,53.0,6.0,18.0,11.666666666666666,28.285714285714285,37.642857142857146,24.233333333333334,39.432280708890765,39.518379253843044,18.826014110838408,28.93699878809826,0.0,0.0
2023-10-13,56.0,0.0,0.0,10,13,1,0,0.0,0.0,0.0,28.0,0.0,66.0,56.0,42.0,83.0,0,0,0,0,1,0,0,0.0,0.0,0.0,165.0,0.0,5.0,0.0,14.571428571428571,33.857142857142854,23.1,26.544661376989644,39.71567049363032,14.119510583128806,27.07009564047902,0.0,0.0
2023-10-14,41.0,0.0,25.0,10,14,1,0,56.0,67.0,18.0,0.0,44.0,32.0,0.0,54.0,6.0,0,0,0,0,0,1,0,0.0,0.0,67.0,0.0,88.0,0.0,18.666666666666668,22.571428571428573,26.071428571428573,24.966666666666665,29.675226159526485,39.908069647484865,24.589632937346604,28.936541083028764,0.0,0.0
2023-10-15,0.0,54.0,0.0,10,15,0,0,41.0,0.0,5.0,25.0,29.0,0.0,0.0,5.0,41.0,0,0,0,0,0,0,1,56.0,0.0,0.0,0.0,25.0,0.0,32.333333333333336,18.857142857142858,29.0,25.733333333333334,24.333985640310853,39.99045863214365,28.692224703009952,29.714828755091425,0.0,0.0
2023-10-16,0.0,0.0,6.0,10,16,0,0,0.0,35.0,0.0,0.0,32.0,32.0,54.0,98.0,0.0,1,0,0,0,0,0,0,41.0,56.0,35.0,83.0,0.0,0.0,32.333333333333336,18.857142857142858,29.0,25.566666666666666,24.333985640310853,40.09014268158548,21.519168527257463,27.797743028956496,0.0,0.0
2023-10-17,201.0,19.0,0.0,10,17,0,0,0.0,0.0,0.0,6.0,0.0,0.0,0.0,36.0,31.0,0,1,0,0,0,0,0,0.0,41.0,0.0,0.0,6.0,0.0,13.666666666666666,13.857142857142858,23.071428571428573,25.566666666666666,24.058460545295123,40.09014268158548,16.139376395443097,26.00434025289479,0.0,0.0
2023-10-18,271.0,41.0,123.0,10,18,0,0,201.0,0.0,0.0,0.0,0.0,6.0,19.0,6.0,29.0,0,0,1,0,0,0,0,0.0,0.0,0.0,28.0,0.0,18.0,67.0,42.57142857142857,37.42857142857143,32.266666666666666,73.63390782073417,50.98541599004717,62.35453229658232,37.29438281722416,0.0,0.0
2023-10-19,0.0,17.0,0.0,10,19,0,0,271.0,0.0,0.0,123.0,28.0,0.0,41.0,56.0,16.0,0,0,0,1,0,0,0,201.0,0.0,0.0,96.0,53.0,6.0,157.33333333333334,81.28571428571429,54.785714285714285,41.3,109.85401568401929,66.66703160819651,114.51589922243674,52.37216457095164,0.0,0.0
2023-10-20,16.0,0.0,30.0,10,20,1,0,0.0,56.0,18.0,0.0,0.0,6.0,17.0,0.0,32.0,0,0,0,0,1,0,0,271.0,201.0,56.0,0.0,165.0,0.0,157.33333333333334,81.28571428571429,47.92857142857143,41.3,109.85401568401929,66.66703160819651,85.88692441682755,48.993315243793475,0.0,0.0
2023-10-21,48.0,45.0,76.0,10,21,1,0,16.0,41.0,6.0,30.0,25.0,0.0,0.0,0.0,6.0,0,0,0,0,0,1,0,0.0,271.0,41.0,67.0,0.0,88.0,95.66666666666667,75.57142857142857,49.07142857142857,41.233333333333334,112.3993729858803,66.69213019453686,68.41519331262066,46.86471426032293,0.0,0.0
2023-10-22,0.0,65.0,0.0,10,22,0,0,48.0,0.0,0.0,76.0,0.0,23.0,45.0,54.0,56.0,0,0,0,0,0,0,1,16.0,0.0,0.0,0.0,0.0,25.0,21.333333333333332,76.57142857142857,47.714285714285715,42.63333333333333,112.07119335918742,66.36704797918362,63.311394984465494,46.93795850159241,0.0,0.0
2023-10-23,0.0,58.0,66.0,10,23,0,0,0.0,0.0,88.0,0.0,6.0,0.0,65.0,0.0,59.0,1,0,0,0,0,0,0,48.0,16.0,0.0,35.0,83.0,0.0,21.333333333333332,76.57142857142857,47.714285714285715,42.63333333333333,112.07119335918742,66.36704797918362,47.48354623834912,43.909703114392904,0.0,0.0
2023-10-24,82.0,0.0,0.0,10,24,0,0,0.0,201.0,25.0,66.0,0.0,0.0,58.0,19.0,0.0,0,1,0,0,0,0,0,0.0,48.0,201.0,0.0,0.0,6.0,16.0,76.57142857142857,45.214285714285715,39.7,112.07119335918742,66.23737355279427,35.612659678761844,41.07681904249659,0.0,0.0
2023-10-25,25.0,0.0,0.0,10,25,0,0,82.0,271.0,0.0,0.0,123.0,0.0,0.0,41.0,129.0,0,0,1,0,0,0,0,0.0,0.0,271.0,0.0,28.0,0.0,27.333333333333332,59.57142857142857,51.07142857142857,41.6,98.22059719980177,66.61759113234174,47.20949475907138,43.71702426556133,0.0,0.0
2023-10-26,112.0,36.0,25.0,10,26,0,0,25.0,0.0,6.0,0.0,0.0,0.0,0.0,17.0,0.0,0,0,0,1,0,0,0,82.0,0.0,0.0,0.0,96.0,53.0,35.666666666666664,24.428571428571427,52.857142857142854,42.43333333333333,30.907696683604755,66.23452757948951,41.657121069303535,42.50947431294447,0.0,0.0
2023-10-27,28.0,0.0,50.0,10,27,1,0,112.0,16.0,0.0,25.0,30.0,0.0,36.0,0.0,0.0,0,0,0,0,1,0,0,25.0,82.0,16.0,56.0,0.0,165.0,73.0,40.42857142857143,60.857142857142854,45.96666666666667,42.84023475992762,67.04629555110732,59.24284080197765,46.99273403468999,0.0,0.0
2023-10-28,31.0,0.0,0.0,10,28,1,0,28.0,48.0,53.0,50.0,76.0,0.0,0.0,45.0,12.0,0,0,0,0,0,1,0,112.0,25.0,48.0,41.0,67.0,0.0,55.0,42.142857142857146,58.857142857142854,46.9,41.93021413185071,66.57759279268785,51.43213060148324,45.767396355032574,0.0,0.0
2023-10-29,0.0,6.0,0.0,10,29,0,0,31.0,0.0,165.0,0.0,0.0,16.0,0.0,65.0,186.0,0,0,0,0,0,0,1,28.0,112.0,0.0,0.0,0.0,0.0,57.0,39.714285714285715,58.142857142857146,46.166666666666664,42.02663554506941,66.62922799334014,46.32409795111243,44.8146611063208,0.0,0.0
2023-10-30,35.0,0.0,0.0,10,30,0,0,0.0,0.0,0.0,0.0,66.0,69.0,6.0,58.0,0.0,1,0,0,0,0,0,0,31.0,28.0,0.0,0.0,35.0,83.0,19.666666666666668,39.714285714285715,58.142857142857146,40.666666666666664,42.02663554506941,63.20373915899405,34.74307346333432,41.923392647848495,0.0,0.0
2023-10-31,117.0,53.0,0.0,10,31,0,0,35.0,82.0,0.0,0.0,0.0,16.0,0.0,0.0,0.0,0,1,0,0,0,0,0,0.0,31.0,82.0,201.0,0.0,0.0,22.0,44.714285714285715,60.642857142857146,41.833333333333336,38.443526918127034,62.748586099379644,34.80730509750074,41.47672215443892,0.0,0.0
2023-11-01,34.0,77.0,25.0,11,1,0,0,117.0,25.0,83.0,0.0,0.0,25.0,53.0,0.0,26.0,0,0,1,0,0,0,0,35.0,0.0,25.0,271.0,0.0,28.0,50.666666666666664,49.714285714285715,54.642857142857146,45.733333333333334,45.69359650875336,63.687780094248296,55.35547882312555,46.34919169286221,0.0,0.0
2023-11-02,34.0,36.0,16.0,11,2,0,0,34.0,112.0,0.0,25.0,25.0,35.0,77.0,36.0,55.0,0,0,0,1,0,0,0,117.0,35.0,112.0,0.0,0.0,96.0,62.0,51.0,37.714285714285715,44.1,45.0037035513004,63.32638497879659,50.01660911734416,45.55246964816143,0.0,0.0
2023-11-03,0.0,43.0,0.0,11,3,1,0,34.0,28.0,28.0,16.0,50.0,25.0,36.0,0.0,24.0,0,0,0,0,1,0,0,34.0,117.0,28.0,16.0,56.0,0.0,61.666666666666664,39.857142857142854,40.142857142857146,45.233333333333334,36.17286538935209,62.8120806156297,46.01245683800812,44.8071490256994,0.0,0.0
2023-11-05,32.0,18.0,0.0,11,5,0,0,0.0,31.0,96.0,0.0,0.0,0.0,43.0,0.0,17.0,0,0,0,0,0,0,1,34.0,34.0,31.0,48.0,41.0,67.0,22.666666666666668,35.857142857142854,39.0,44.3,39.12982056108683,63.28324395538868,34.50934262850609,41.916365217589764,0.0,0.0
2023-11-06,0.0,0.0,9.0,11,6,0,0,32.0,0.0,0.0,0.0,0.0,0.0,18.0,6.0,42.0,1,0,0,0,0,0,0,0.0,34.0,0.0,0.0,0.0,0.0,22.0,36.0,37.857142857142854,42.166666666666664,39.11095328250979,62.55484949548112,33.88200697137957,41.276599719680746,0.0,0.0
2023-11-07,30.0,80.0,9.0,11,7,0,0,0.0,35.0,67.0,9.0,0.0,44.0,0.0,0.0,54.0,0,1,0,0,0,0,0,32.0,0.0,35.0,0.0,0.0,35.0,10.666666666666666,36.0,37.857142857142854,42.166666666666664,39.11095328250979,62.55484949548112,25.411505228534676,38.613593286152955,0.0,0.0
2023-11-08,27.0,41.0,24.0,11,8,0,0,30.0,117.0,0.0,9.0,0.0,29.0,80.0,53.0,5.0,0,0,1,0,0,0,0,0.0,32.0,117.0,82.0,201.0,0.0,20.666666666666668,35.285714285714285,40.0,40.93333333333333,39.177860609083275,62.41293706150732,26.558628921401006,38.05787759027212,0.0,0.0
2023-11-09,0.0,53.0,0.0,11,9,0,0,27.0,34.0,35.0,24.0,25.0,32.0,41.0,77.0,98.0,0,0,0,1,0,0,0,30.0,0.0,34.0,25.0,271.0,0.0,19.0,22.428571428571427,36.07142857142857,41.833333333333336,15.511900193691487,61.99559680322871,26.668971691050753,37.344466132835215,0.0,0.0
2023-11-10,0.0,18.0,16.0,11,10,1,0,0.0,34.0,0.0,0.0,16.0,0.0,53.0,36.0,36.0,0,0,0,0,1,0,0,27.0,30.0,34.0,112.0,0.0,0.0,19.0,17.571428571428573,34.285714285714285,40.666666666666664,16.571633824673007,62.45623755234859,20.001728768288064,34.935145737168426,0.0,0.0
2023-11-11,25.0,27.0,0.0,11,11,1,0,0.0,0.0,0.0,16.0,0.0,0.0,18.0,43.0,6.0,0,0,0,0,0,1,0,0.0,27.0,0.0,28.0,16.0,56.0,9.0,12.714285714285714,26.285714285714285,40.666666666666664,15.923926292577095,62.45623755234859,15.001296576216049,32.68126536702853,0.0,0.0
2023-11-13,9.0,0.0,0.0,11,13,0,0,25.0,32.0,0.0,0.0,0.0,28.0,27.0,18.0,56.0,1,0,0,0,0,0,0,0.0,0.0,32.0,31.0,48.0,41.0,8.333333333333334,16.285714285714285,26.071428571428573,41.5,15.391710817994241,62.06045439730518,17.500972432162037,32.185699859478305,0.0,0.0
2023-11-14,58.0,0.0,0.0,11,14,0,0,9.0,0.0,56.0,0.0,9.0,0.0,0.0,0.0,0.0,0,1,0,0,0,0,0,25.0,0.0,0.0,0.0,0.0,0.0,11.333333333333334,13.0,24.5,41.8,13.856406460550998,61.87440003192225,15.375729324121528,30.689848255641,0.0,0.0
2023-11-15,24.0,6.0,0.0,11,15,0,0,58.0,30.0,41.0,0.0,9.0,25.0,0.0,80.0,0.0,0,0,1,0,0,0,0,9.0,25.0,30.0,35.0,0.0,0.0,30.666666666666668,21.285714285714285,28.642857142857142,41.86666666666667,20.52408573452405,61.89130256613871,26.031796993091145,32.45179352947061,0.0,0.0
2023-11-16,40.0,9.0,0.0,11,16,0,0,24.0,27.0,0.0,0.0,24.0,0.0,6.0,41.0,54.0,0,0,0,1,0,0,0,58.0,9.0,27.0,117.0,82.0,201.0,30.333333333333332,20.428571428571427,27.857142857142858,41.3,20.222571076704845,61.97727614715481,25.523847744818358,31.906516527569284,0.0,0.0
2023-11-17,47.0,80.0,66.0,11,17,1,0,40.0,0.0,0.0,0.0,0.0,6.0,9.0,53.0,0.0,0,0,0,0,1,0,0,24.0,58.0,0.0,34.0,25.0,271.0,40.666666666666664,22.285714285714285,22.357142857142858,42.63333333333333,21.48421347341873,61.4864623919059,29.14288580861377,32.428676751597074,0.0,0.0
2023-11-18,0.0,21.0,0.0,11,18,1,0,47.0,0.0,201.0,66.0,16.0,0.0,80.0,18.0,19.0,0,0,0,0,0,1,0,40.0,24.0,0.0,34.0,112.0,0.0,37.0,29.0,23.285714285714285,44.2,20.68816086557714,60.959228884615094,33.60716435646033,33.36876212246178,0.0,0.0
2023-11-19,0.0,16.0,125.0,11,19,0,0,0.0,25.0,271.0,0.0,0.0,123.0,21.0,27.0,41.0,0,0,0,0,0,0,1,47.0,40.0,25.0,0.0,28.0,16.0,29.0,29.0,20.857142857142858,37.5,20.68816086557714,53.75086206205244,25.205373267345248,31.215938759722313,0.0,0.0
2023-11-20,0.0,9.0,0.0,11,20,0,0,0.0,9.0,0.0,125.0,0.0,0.0,16.0,0.0,17.0,1,0,0,0,0,0,0,0.0,47.0,9.0,32.0,31.0,48.0,15.666666666666666,25.428571428571427,20.857142857142858,28.466666666666665,23.46527322702733,31.195416698427056,18.904029950508935,29.202007226837004,0.0,0.0
2023-11-21,25.0,91.0,32.0,11,21,0,0,0.0,58.0,16.0,0.0,0.0,30.0,9.0,0.0,0.0,0,1,0,0,0,0,0,0.0,0.0,58.0,0.0,0.0,0.0,0.0,24.142857142857142,18.571428571428573,28.466666666666665,24.728044614894007,31.195416698427056,14.178022462881701,27.31800676058946,0.0,0.0
2023-11-22,62.0,85.0,0.0,11,22,0,0,25.0,24.0,48.0,32.0,0.0,76.0,91.0,6.0,45.0,0,0,1,0,0,0,0,0.0,0.0,24.0,30.0,35.0,0.0,8.333333333333334,19.428571428571427,20.357142857142858,28.766666666666666,19.86502070522571,31.114563984636177,16.883516847161275,27.168457937325623,0.0,0.0
2023-11-23,101.0,170.0,0.0,11,23,0,0,62.0,40.0,0.0,0.0,0.0,0.0,85.0,9.0,65.0,0,0,0,1,0,0,0,25.0,0.0,40.0,27.0,117.0,82.0,29.0,24.857142857142858,22.642857142857142,29.233333333333334,25.667285088406246,31.515385769967672,28.162637635370956,29.41565419943365,0.0,0.0
2023-11-24,5.0,143.0,6.0,11,24,1,0,101.0,47.0,0.0,0.0,66.0,66.0,170.0,80.0,58.0,0,0,0,0,1,0,0,62.0,25.0,47.0,0.0,34.0,25.0,62.666666666666664,33.57142857142857,27.928571428571427,32.6,38.707695801813244,33.60993285037761,46.37197822652821,34.03399908979277,0.0,0.0
2023-11-25,50.0,141.0,57.0,11,25,1,0,5.0,0.0,82.0,6.0,0.0,0.0,143.0,21.0,0.0,0,0,0,0,0,1,0,101.0,62.0,0.0,0.0,34.0,112.0,56.0,27.571428571428573,28.285714285714285,32.766666666666666,39.52576013545738,33.45473868123738,36.028983669896164,32.16083785819324,0.0,0.0
2023-11-26,36.0,27.0,0.0,11,26,0,0,50.0,0.0,25.0,57.0,125.0,0.0,141.0,16.0,0.0,0,0,0,0,0,0,1,5.0,101.0,0.0,25.0,0.0,28.0,52.0,34.714285714285715,31.857142857142858,31.7,38.208700081326484,32.32181925572871,39.521737752422126,33.31175154476142,0.0,0.0
2023-11-27,41.0,54.0,0.0,11,27,0,0,36.0,0.0,112.0,0.0,0.0,25.0,27.0,9.0,36.0,1,0,0,0,0,0,0,50.0,5.0,0.0,9.0,32.0,31.0,30.333333333333332,39.857142857142854,32.642857142857146,32.06666666666667,35.04962468381347,32.30558116970873,38.641303314316595,33.485186928970364,0.0,0.0
2023-11-28,89.0,24.0,0.0,11,28,0,0,41.0,25.0,28.0,0.0,32.0,50.0,54.0,91.0,0.0,0,1,0,0,0,0,0,36.0,50.0,25.0,58.0,0.0,0.0,42.333333333333336,45.714285714285715,34.92857142857143,29.7,30.39580171511778,28.640639079750777,39.23097748573745,33.970013578714216,0.0,0.0
2023-11-29,0.0,0.0,32.0,11,29,0,0,89.0,62.0,31.0,0.0,0.0,0.0,24.0,85.0,0.0,0,0,1,0,0,0,0,41.0,36.0,62.0,24.0,30.0,35.0,55.333333333333336,54.857142857142854,37.142857142857146,31.733333333333334,32.66715257170192,30.613196763682645,51.67323311430309,37.5203352833133,0.0,0.0
2023-11-30,0.0,9.0,29.0,11,30,0,0,0.0,101.0,0.0,32.0,0.0,0.0,0.0,170.0,6.0,0,0,0,1,0,0,0,89.0,41.0,101.0,40.0,27.0,117.0,43.333333333333336,46.0,35.42857142857143,30.7,38.32318706301267,31.157165556533492,38.754924835727316,35.09966849084148,0.0,0.0
2023-12-01,201.0,172.0,38.0,12,1,1,0,0.0,5.0,35.0,29.0,6.0,0.0,9.0,143.0,0.0,0,0,0,0,1,0,0,0.0,89.0,5.0,47.0,0.0,34.0,29.666666666666668,31.571428571428573,32.57142857142857,30.7,32.776298056457065,31.157165556533492,29.06619362679549,32.835173749496875,0.0,0.0
2023-12-02,37.0,87.0,24.0,12,2,1,0,201.0,50.0,117.0,38.0,57.0,0.0,172.0,141.0,53.0,0,0,0,0,0,1,0,0.0,0.0,50.0,0.0,0.0,34.0,67.0,59.57142857142857,43.57142857142857,36.233333333333334,69.47147410474106,44.028739308064075,72.04964522009661,43.684517378561594,0.0,0.0
2023-12-03,99.0,18.0,16.0,12,3,0,0,37.0,36.0,34.0,24.0,0.0,25.0,87.0,27.0,77.0,0,0,0,0,0,0,1,201.0,0.0,36.0,0.0,25.0,0.0,79.33333333333333,57.714285714285715,46.214285714285715,33.56666666666667,69.94215296875522,41.30682780108515,63.287233915072456,43.25325819284795,0.0,0.0
2023-12-04,37.0,6.0,16.0,12,4,0,0,99.0,41.0,34.0,16.0,0.0,16.0,18.0,54.0,36.0,1,0,0,0,0,0,0,37.0,201.0,41.0,0.0,9.0,32.0,112.33333333333333,66.71428571428571,53.285714285714285,35.733333333333334,70.73121490476998,43.00034749926408,72.21542543630434,46.84982218040615,0.0,0.0
2023-12-05,18.0,75.0,0.0,12,5,0,0,37.0,89.0,0.0,16.0,0.0,0.0,6.0,24.0,43.0,0,1,0,0,0,0,0,99.0,37.0,89.0,25.0,58.0,0.0,57.666666666666664,66.14285714285714,55.92857142857143,35.833333333333336,70.98926813593857,42.999665863443774,63.41156907722826,46.21434978167027,0.0,0.0
2023-12-06,75.0,96.0,0.0,12,6,0,0,18.0,0.0,32.0,0.0,32.0,0.0,75.0,0.0,18.0,0,0,1,0,0,0,0,37.0,99.0,0.0,62.0,24.0,30.0,51.333333333333336,56.0,55.42857142857143,36.43333333333333,72.2403396079134,42.60620266753565,52.058676807921195,44.394069150594774,0.0,0.0
2023-12-07,163.0,54.0,45.0,12,7,0,0,75.0,0.0,0.0,0.0,29.0,9.0,96.0,9.0,0.0,0,0,0,1,0,0,0,18.0,37.0,0.0,101.0,40.0,27.0,43.333333333333336,66.71428571428571,56.357142857142854,37.86666666666667,67.98704358359825,43.17145715219343,57.7940076059409,46.36864533442737,0.0,0.0
2023-12-08,0.0,0.0,0.0,12,8,1,0,163.0,201.0,30.0,45.0,38.0,9.0,54.0,172.0,80.0,0,0,0,0,1,0,0,75.0,18.0,201.0,5.0,47.0,0.0,85.33333333333333,90.0,60.785714285714285,43.3,69.23149572268383,48.20512921628378,84.09550570445568,53.89324886123851,0.0,0.0
2023-12-09,104.0,0.0,66.0,12,9,1,0,0.0,37.0,27.0,0.0,24.0,24.0,0.0,87.0,41.0,0,0,0,0,0,1,0,163.0,75.0,37.0,50.0,0.0,0.0,79.33333333333333,61.285714285714285,60.42857142857143,42.3,55.924694264442984,48.79807090590699,63.07162927834176,50.41626506373925,0.0,0.0
2023-12-10,50.0,11.0,48.0,12,10,0,0,104.0,99.0,0.0,66.0,16.0,0.0,0.0,18.0,53.0,0,0,0,0,0,0,1,0.0,163.0,99.0,36.0,0.0,25.0,89.0,70.85714285714286,64.28571428571429,44.86666666666667,56.80207910346401,49.97636222864956,73.30372195875631,53.87328022091737,0.0,0.0
2023-12-11,18.0,0.0,6.0,12,11,0,0,50.0,37.0,0.0,48.0,16.0,16.0,11.0,6.0,18.0,1,0,0,0,0,0,0,104.0,0.0,37.0,41.0,0.0,9.0,51.333333333333336,63.857142857142854,65.28571428571429,46.53333333333333,55.765666173816285,49.2570550405154,67.47779146906723,53.62339117440658,0.0,0.0
2023-12-12,0.0,22.0,24.0,12,12,0,0,18.0,18.0,25.0,6.0,0.0,0.0,0.0,75.0,27.0,0,1,0,0,0,0,0,50.0,104.0,18.0,89.0,25.0,58.0,57.333333333333336,61.142857142857146,63.642857142857146,47.13333333333333,57.71894134923288,48.777986367038395,55.10834360180042,51.325107872831964,0.0,0.0
2023-12-13,42.0,74.0,0.0,12,13,0,0,0.0,75.0,9.0,24.0,0.0,0.0,22.0,96.0,0.0,0,0,1,0,0,0,0,18.0,50.0,75.0,0.0,62.0,24.0,22.666666666666668,58.57142857142857,57.285714285714285,46.3,60.30438663662074,49.3790057301334,41.33125770135032,48.013810590713774,0.0,0.0
2023-12-14,25.0,18.0,0.0,12,14,0,0,42.0,163.0,58.0,0.0,45.0,0.0,74.0,54.0,0.0,0,0,0,1,0,0,0,0.0,18.0,163.0,0.0,101.0,40.0,20.0,53.857142857142854,60.285714285714285,47.4,60.09555882489309,48.88452261937446,41.498443276012736,47.62582281066773,0.0,0.0
2023-12-15,9.0,47.0,0.0,12,15,1,0,25.0,0.0,24.0,0.0,0.0,0.0,18.0,0.0,6.0,0,0,0,0,1,0,0,42.0,0.0,0.0,201.0,5.0,47.0,22.333333333333332,34.142857142857146,62.07142857142857,46.3,36.21430919507079,49.008901373047514,37.373832457009556,46.16609230675368,0.0,0.0
2023-12-16,0.0,0.0,9.0,12,16,1,0,9.0,104.0,40.0,0.0,66.0,0.0,47.0,0.0,9.0,0,0,0,0,0,1,0,25.0,42.0,104.0,37.0,50.0,0.0,25.333333333333332,35.42857142857143,48.357142857142854,45.8,34.93735891018447,49.31978689441328,30.280374342757167,43.76827989986635,0.0,0.0
2023-12-17,12.0,48.0,41.0,12,17,0,0,0.0,50.0,47.0,9.0,48.0,66.0,0.0,11.0,80.0,0,0,0,0,0,0,1,9.0,25.0,50.0,99.0,36.0,0.0,11.333333333333334,20.571428571428573,45.714285714285715,44.46666666666667,19.71342303150441,50.0177439779492,22.710280757067874,40.94451990632659,0.0,0.0
2023-12-18,25.0,87.0,0.0,12,18,0,0,12.0,18.0,0.0,41.0,6.0,0.0,48.0,0.0,21.0,1,0,0,0,0,0,0,0.0,9.0,18.0,37.0,41.0,0.0,7.0,15.142857142857142,39.5,43.3,14.90445762659141,50.363608920015565,20.032710567800905,39.077131525273266,0.0,0.0
2023-12-19,0.0,93.0,75.0,12,19,0,0,25.0,0.0,0.0,0.0,24.0,125.0,87.0,22.0,16.0,0,1,0,0,0,0,0,12.0,0.0,0.0,18.0,89.0,25.0,12.333333333333334,16.142857142857142,38.642857142857146,44.13333333333333,15.35609077237841,49.8264113133568,21.27453292585068,38.16892949138467,0.0,0.0
2023-12-20,0.0,138.0,0.0,12,20,0,0,0.0,42.0,0.0,75.0,0.0,0.0,93.0,74.0,9.0,0,0,1,0,0,0,0,25.0,12.0,42.0,75.0,0.0,62.0,12.333333333333334,16.142857142857142,37.357142857142854,44.13333333333333,15.35609077237841,49.8264113133568,15.955899694388009,35.70641791129533,0.0,0.0
2023-12-21,0.0,128.0,9.0,12,21,0,0,0.0,25.0,25.0,0.0,0.0,32.0,138.0,18.0,91.0,0,0,0,1,0,0,0,0.0,25.0,25.0,163.0,0.0,101.0,8.333333333333334,10.142857142857142,32.0,44.13333333333333,11.216484467493647,49.8264113133568,11.966924770791007,33.40277804605047,0.0,0.0
2023-12-22,22.0,150.0,0.0,12,22,1,0,0.0,9.0,62.0,9.0,0.0,0.0,128.0,47.0,85.0,0,0,0,0,1,0,0,0.0,0.0,9.0,0.0,201.0,5.0,0.0,6.571428571428571,20.357142857142858,43.3,9.554355775546421,50.363608920015565,8.975193578093254,31.247760107595603,0.0,0.0
2023-12-23,18.0,145.0,26.0,12,23,1,0,22.0,0.0,101.0,0.0,9.0,0.0,150.0,0.0,170.0,0,0,0,0,0,1,0,0.0,0.0,0.0,104.0,37.0,50.0,7.333333333333333,8.428571428571429,21.928571428571427,41.96666666666667,11.22285083890825,50.38095106173615,12.23139518356994,30.651130423234598,0.0,0.0
2023-12-24,0.0,201.0,57.0,12,24,0,0,18.0,12.0,5.0,26.0,41.0,6.0,145.0,48.0,143.0,0,0,0,0,0,0,1,22.0,0.0,12.0,50.0,99.0,36.0,13.333333333333334,11.0,15.785714285714286,39.2,11.03026140518297,49.29461046290609,13.673546387677455,29.83492846044527,0.0,0.0
2023-12-25,0.0,0.0,32.0,12,25,0,0,0.0,25.0,50.0,57.0,0.0,57.0,201.0,87.0,141.0,1,0,0,0,0,0,0,18.0,22.0,25.0,18.0,37.0,41.0,13.333333333333334,9.285714285714286,12.214285714285714,39.03333333333333,11.757469763435404,49.42251569346971,10.255159790758091,27.910094366222996,0.0,0.0
2023-12-26,75.0,171.0,25.0,12,26,0,0,0.0,0.0,36.0,32.0,75.0,0.0,0.0,93.0,27.0,0,1,0,0,0,0,0,0.0,18.0,0.0,0.0,18.0,89.0,6.0,5.714285714285714,10.928571428571429,37.36666666666667,9.827076298240065,49.88088109537131,7.691369843068568,26.109443116789254,0.0,0.0
2023-12-27,64.0,125.0,90.0,12,27,0,0,75.0,0.0,41.0,25.0,0.0,0.0,171.0,138.0,54.0,0,0,1,0,0,0,0,0.0,0.0,0.0,42.0,75.0,0.0,25.0,16.428571428571427,16.285714285714285,38.666666666666664,27.518824725734852,50.35003909414177,24.518527382301425,29.263672593125435,0.0,0.0
2023-12-28,0.0,46.0,179.0,12,28,0,0,64.0,0.0,89.0,90.0,9.0,0.0,125.0,128.0,24.0,0,0,0,1,0,0,0,75.0,0.0,0.0,25.0,163.0,0.0,46.333333333333336,25.571428571428573,17.857142857142858,39.43333333333333,31.495275533838107,50.56145685737532,34.38889553672607,31.504725974214118,0.0,0.0
2023-12-29,20.0,113.0,0.0,12,29,1,0,0.0,22.0,0.0,179.0,0.0,32.0,46.0,150.0,0.0,0,0,0,0,1,0,0,64.0,75.0,22.0,9.0,0.0,201.0,46.333333333333336,25.571428571428573,16.071428571428573,36.46666666666667,31.495275533838107,50.162311263182076,25.79167165254455,29.47216300813579,0.0,0.0
2023-12-30,0.0,121.0,26.0,12,30,1,0,20.0,18.0,0.0,0.0,26.0,29.0,113.0,145.0,9.0,0,0,0,0,0,1,0,0.0,64.0,18.0,0.0,104.0,37.0,28.0,25.285714285714285,16.857142857142858,37.13333333333333,31.542110929751708,49.79248893179556,24.343753739408413,28.86105571728832,0.0,0.0
2023-12-31,12.0,27.0,0.0,12,31,0,0,0.0,0.0,201.0,26.0,57.0,38.0,121.0,201.0,172.0,0,0,0,0,0,0,1,20.0,0.0,0.0,12.0,50.0,99.0,6.666666666666667,22.714285714285715,16.857142857142858,37.13333333333333,32.93789249336943,49.79248893179556,18.25781530455631,26.99905212262456,0.0,0.0
2024-01-01,368.0,22.0,202.0,1,1,0,0,12.0,0.0,37.0,0.0,32.0,24.0,27.0,0.0,87.0,1,0,0,0,0,0,0,0.0,20.0,0.0,25.0,18.0,37.0,10.666666666666666,24.428571428571427,16.857142857142858,30.833333333333332,31.853085370479384,39.16726583058452,16.69336147841723,26.031371340519748,0.0,0.0
2024-01-02,140.0,0.0,168.0,1,2,0,0,368.0,75.0,99.0,202.0,25.0,16.0,22.0,171.0,18.0,0,1,0,0,0,0,0,12.0,0.0,75.0,0.0,0.0,18.0,126.66666666666667,77.0,41.357142857142854,41.86666666666667,131.77379607999964,72.98546540866569,104.52002110881293,48.09386351209912,0.0,0.0
2024-01-03,0.0,108.0,0.0,1,3,0,0,140.0,64.0,37.0,168.0,90.0,16.0,0.0,125.0,6.0,0,0,1,0,0,0,0,368.0,12.0,64.0,0.0,42.0,75.0,173.33333333333334,86.28571428571429,51.357142857142854,43.233333333333334,133.88267785106265,74.4611369745334,113.3900158316097,54.023291672608856,0.0,0.0
2024-01-04,12.0,214.0,74.0,1,4,0,0,0.0,0.0,18.0,0.0,179.0,0.0,108.0,46.0,75.0,0,0,0,1,0,0,0,140.0,368.0,0.0,0.0,25.0,163.0,169.33333333333334,77.14285714285714,51.357142857142854,42.0,137.78658445996422,74.87322618933952,85.04251187370727,50.537918016311515,0.0,0.0
2024-01-05,324.0,234.0,32.0,1,5,1,0,12.0,20.0,75.0,74.0,0.0,0.0,214.0,113.0,96.0,0,0,0,0,1,0,0,0.0,140.0,20.0,22.0,9.0,0.0,50.666666666666664,78.85714285714286,52.214285714285715,41.8,136.73749616379135,74.94752187019098,66.78188390528045,48.051600724936584,0.0,0.0
2024-01-06,0.0,256.0,48.0,1,6,1,0,324.0,0.0,163.0,32.0,26.0,45.0,234.0,121.0,54.0,0,0,0,0,0,1,0,12.0,0.0,0.0,18.0,0.0,104.0,112.0,122.28571428571429,73.78571428571429,50.1,161.04421161668026,90.85128052159634,131.08641292896033,65.85472325881165,0.0,0.0
2024-01-07,288.0,136.0,0.0,1,7,0,0,0.0,12.0,0.0,48.0,0.0,0.0,256.0,27.0,0.0,0,0,0,0,0,0,1,324.0,12.0,12.0,0.0,12.0,50.0,112.0,122.28571428571429,72.5,44.666666666666664,161.04421161668026,88.71548219791849,98.31480969672025,61.60603143566251,0.0,0.0
2024-01-08,296.0,56.0,0.0,1,8,0,0,288.0,368.0,104.0,0.0,202.0,66.0,136.0,22.0,0.0,1,0,0,0,0,0,0,0.0,324.0,368.0,0.0,25.0,18.0,204.0,161.71428571428572,93.07142857142857,54.266666666666666,163.313312669966,98.73228634958318,145.73610727254018,76.21209392368428,0.0,0.0
2024-01-09,212.0,132.0,0.0,1,9,0,0,296.0,140.0,50.0,0.0,168.0,48.0,56.0,0.0,11.0,0,1,0,0,0,0,0,288.0,0.0,140.0,75.0,0.0,0.0,194.66666666666666,151.42857142857142,114.21428571428571,60.666666666666664,149.86978474980327,107.86752198345233,183.30208045440514,90.39195883183368,0.0,0.0
2024-01-10,50.0,0.0,68.0,1,10,0,0,212.0,0.0,18.0,0.0,0.0,6.0,132.0,108.0,0.0,0,0,1,0,0,0,0,296.0,288.0,0.0,64.0,0.0,42.0,265.3333333333333,161.71428571428572,124.0,66.06666666666666,151.41742995850274,111.31500296481813,190.47656034080387,98.23763890719924,0.0,0.0
2024-01-11,0.0,96.0,32.0,1,11,0,0,50.0,12.0,0.0,68.0,74.0,24.0,0.0,214.0,22.0,0,0,0,1,0,0,0,212.0,296.0,12.0,0.0,0.0,25.0,186.0,168.85714285714286,123.0,67.13333333333334,143.48917330984537,110.99137379756708,155.3574202556029,95.12553317125091,0.0,0.0
2024-01-13,0.0,154.0,18.0,1,13,1,0,0.0,324.0,42.0,32.0,32.0,0.0,96.0,234.0,74.0,0,0,0,0,0,1,0,50.0,212.0,324.0,20.0,22.0,9.0,87.33333333333333,167.14285714285714,123.0,67.13333333333334,145.72969106240103,110.99137379756708,116.51806519170218,88.98840199891214,0.0,0.0
2024-01-14,128.0,0.0,200.0,1,14,0,0,0.0,0.0,25.0,18.0,48.0,0.0,154.0,256.0,18.0,0,0,0,0,0,0,1,0.0,50.0,0.0,0.0,18.0,0.0,16.666666666666668,120.85714285714286,121.57142857142857,65.73333333333333,138.89975830483957,111.5826377958115,87.38854889377663,83.24721477317587,0.0,0.0
2024-01-15,0.0,114.0,76.0,1,15,0,0,128.0,288.0,9.0,200.0,0.0,0.0,0.0,136.0,47.0,1,0,0,0,0,0,0,0.0,0.0,288.0,12.0,0.0,12.0,42.666666666666664,139.14285714285714,130.71428571428572,69.16666666666667,128.36332364481237,111.87033236907725,97.54141167033248,86.1344912394226,0.0,0.0
2024-01-16,0.0,112.0,292.0,1,16,0,0,0.0,296.0,0.0,76.0,0.0,9.0,114.0,56.0,0.0,0,1,0,0,0,0,0,128.0,0.0,296.0,368.0,0.0,25.0,42.666666666666664,98.0,129.85714285714286,68.86666666666666,118.47362575695905,112.04916818947841,73.15605875274936,80.57742728849212,0.0,0.0
2024-01-17,0.0,108.0,32.0,1,17,0,0,0.0,212.0,12.0,292.0,0.0,41.0,112.0,132.0,48.0,0,0,1,0,0,0,0,0.0,128.0,212.0,140.0,75.0,0.0,42.666666666666664,55.714285714285715,103.57142857142857,68.86666666666666,83.76497733881043,112.04916818947841,54.86704406456202,75.37888359246037,0.0,0.0
2024-01-18,0.0,54.0,0.0,1,18,0,0,0.0,50.0,25.0,32.0,68.0,0.0,108.0,0.0,87.0,0,0,0,1,0,0,0,0.0,0.0,50.0,0.0,64.0,0.0,0.0,25.428571428571427,93.57142857142857,68.46666666666667,48.917812511930435,112.28035518700293,41.150283048421514,70.51572981230164,0.0,0.0
2024-01-19,0.0,70.0,0.0,1,19,1,0,0.0,0.0,0.0,0.0,32.0,75.0,54.0,96.0,93.0,0,0,0,0,1,0,0,0.0,0.0,0.0,12.0,0.0,0.0,0.0,18.285714285714285,93.57142857142857,67.63333333333334,48.37945254518105,112.70605140358924,30.862712286316135,65.96632788892735,0.0,0.0
2024-01-20,0.0,260.0,50.0,1,20,1,0,0.0,0.0,0.0,0.0,18.0,0.0,70.0,154.0,138.0,0,0,0,0,0,1,0,0.0,0.0,0.0,324.0,20.0,22.0,0.0,18.285714285714285,92.71428571428571,67.63333333333334,48.37945254518105,112.70605140358924,23.1470342147371,61.71043576706108,0.0,0.0
2024-01-21,24.0,230.0,36.0,1,21,0,0,0.0,128.0,0.0,50.0,200.0,9.0,260.0,0.0,128.0,0,0,0,0,0,0,1,0.0,0.0,128.0,0.0,0.0,18.0,0.0,18.285714285714285,69.57142857142857,67.63333333333334,48.37945254518105,112.70605140358924,17.360275661052825,57.7291173304765,0.0,0.0
2024-01-22,0.0,220.0,64.0,1,22,0,0,24.0,0.0,22.0,36.0,76.0,0.0,230.0,114.0,150.0,1,0,0,0,0,0,0,0.0,0.0,0.0,288.0,12.0,0.0,8.0,3.4285714285714284,71.28571428571429,68.43333333333334,9.071147352221328,112.29385199289538,19.02020674578962,55.55304524463931,0.0,0.0
2024-01-23,0.0,44.0,0.0,1,23,0,0,0.0,0.0,18.0,64.0,292.0,26.0,220.0,112.0,145.0,0,1,0,0,0,0,0,24.0,0.0,0.0,296.0,368.0,0.0,8.0,3.4285714285714284,50.714285714285715,67.7,9.071147352221328,112.67871628416908,14.265155059342213,51.96897780950129,0.0,0.0
2024-01-24,0.0,12.0,0.0,1,24,0,0,0.0,0.0,0.0,0.0,32.0,57.0,44.0,108.0,201.0,0,0,1,0,0,0,0,0.0,24.0,0.0,212.0,140.0,75.0,8.0,3.4285714285714284,29.571428571428573,67.1,9.071147352221328,112.99995422641733,10.69886629450666,48.61614053146895,0.0,0.0
2024-01-25,0.0,106.0,0.0,1,25,0,0,0.0,0.0,0.0,0.0,0.0,32.0,12.0,54.0,0.0,0,0,0,1,0,0,0,0.0,0.0,0.0,50.0,0.0,64.0,0.0,3.4285714285714284,14.428571428571429,67.1,9.071147352221328,112.99995422641733,8.024149720879995,45.47961533589031,0.0,0.0
2024-01-26,0.0,418.0,0.0,1,26,1,0,0.0,0.0,75.0,0.0,0.0,25.0,106.0,70.0,171.0,0,0,0,0,1,0,0,0.0,0.0,0.0,0.0,12.0,0.0,0.0,3.4285714285714284,10.857142857142858,67.1,9.071147352221328,112.99995422641733,6.018112290659996,42.54544660454255,0.0,0.0
2024-01-27,54.0,0.0,0.0,1,27,1,0,0.0,0.0,64.0,0.0,50.0,90.0,418.0,260.0,125.0,0,0,0,0,0,1,0,0.0,0.0,0.0,0.0,324.0,20.0,0.0,3.4285714285714284,10.857142857142858,64.6,9.071147352221328,113.64694270505869,4.513584217994997,39.800579081668836,0.0,0.0
2024-01-28,132.0,56.0,50.0,1,28,0,0,54.0,24.0,0.0,0.0,36.0,179.0,0.0,230.0,46.0,0,0,0,0,0,0,1,0.0,0.0,24.0,128.0,0.0,0.0,18.0,11.142857142857142,14.714285714285714,64.26666666666667,20.907961573115024,113.66342733106228,16.88518816349625,40.71667075381924,0.0,0.0
2024-01-29,74.0,126.0,0.0,1,29,0,0,132.0,0.0,20.0,50.0,64.0,0.0,56.0,220.0,113.0,1,0,0,0,0,0,0,54.0,0.0,0.0,0.0,288.0,12.0,62.0,26.571428571428573,15.0,68.66666666666667,50.65852064841324,113.64473783146146,45.66389112262219,46.60591780195993,0.0,0.0
2024-01-30,0.0,312.0,96.0,1,30,0,0,74.0,0.0,0.0,0.0,0.0,26.0,126.0,44.0,121.0,0,1,0,0,0,0,0,132.0,54.0,0.0,0.0,296.0,368.0,86.66666666666667,37.142857142857146,20.285714285714285,70.46666666666667,51.89549939197862,113.27437952807891,52.74791834196664,48.37327794376897,0.0,0.0
2024-01-31,50.0,48.0,0.0,1,31,0,0,0.0,0.0,12.0,96.0,0.0,0.0,312.0,12.0,27.0,0,0,1,0,0,0,0,74.0,132.0,0.0,0.0,212.0,140.0,68.66666666666667,37.142857142857146,20.285714285714285,70.46666666666667,51.89549939197862,113.27437952807891,39.56093875647498,45.25242130223549,0.0,0.0
2024-02-01,68.0,126.0,134.0,2,1,0,0,50.0,0.0,368.0,0.0,0.0,202.0,48.0,106.0,22.0,0,0,0,1,0,0,0,0.0,74.0,0.0,0.0,50.0,0.0,41.333333333333336,44.285714285714285,23.857142857142858,71.73333333333333,49.30758658906448,112.8095536836258,42.17070406735624,45.55871670209127,0.0,0.0
2024-02-02,160.0,140.0,112.0,2,2,1,0,68.0,0.0,140.0,134.0,0.0,168.0,126.0,418.0,0.0,0,0,0,0,1,0,0,50.0,0.0,0.0,0.0,0.0,12.0,39.333333333333336,54.0,28.714285714285715,61.733333333333334,45.6946386351834,97.96091174486412,48.62802805051718,47.006541430988605,0.0,0.0
2024-02-03,0.0,50.0,0.0,2,3,1,0,160.0,54.0,0.0,112.0,0.0,0.0,140.0,0.0,108.0,0,0,0,0,0,1,0,68.0,50.0,54.0,0.0,0.0,324.0,92.66666666666667,76.85714285714286,40.142857142857146,62.4,53.52702922022529,98.57802790788064,76.47102103788788,54.29644198382805,0.0,0.0
2024-02-04,58.0,108.0,0.0,2,4,0,0,0.0,132.0,12.0,0.0,50.0,74.0,50.0,56.0,214.0,0,0,0,0,0,0,1,160.0,68.0,132.0,24.0,128.0,0.0,76.0,69.14285714285714,40.142857142857146,62.4,60.77123379645054,98.57802790788064,57.35326577841591,50.793445726806894,0.0,0.0
2024-02-05,0.0,44.0,64.0,2,5,0,0,58.0,74.0,324.0,0.0,0.0,32.0,108.0,126.0,234.0,1,0,0,0,0,0,0,0.0,160.0,74.0,0.0,0.0,288.0,72.66666666666667,58.57142857142857,42.57142857142857,63.93333333333333,54.08282889191704,98.12375484238164,57.514949333811934,51.25838471217419,0.0,0.0
2024-02-06,100.0,32.0,48.0,2,6,0,0,0.0,0.0,0.0,64.0,96.0,48.0,44.0,312.0,256.0,0,1,0,0,0,0,0,58.0,0.0,0.0,0.0,0.0,296.0,19.333333333333332,48.0,42.57142857142857,53.13333333333333,57.67726299562647,85.53552733678333,43.13621200035895,47.95139215009844,0.0,0.0
2024-02-07,0.0,0.0,64.0,2,7,0,0,100.0,50.0,288.0,48.0,0.0,0.0,32.0,48.0,136.0,0,0,1,0,0,0,0,0.0,58.0,50.0,0.0,0.0,212.0,52.666666666666664,62.285714285714285,49.714285714285715,56.46666666666667,56.171506079489184,85.34180094482274,57.35215900026921,51.3093668500921,0.0,0.0
2024-02-08,12.0,56.0,0.0,2,8,0,0,0.0,68.0,296.0,64.0,134.0,0.0,0.0,126.0,56.0,0,0,0,1,0,0,0,100.0,0.0,68.0,0.0,0.0,50.0,33.333333333333336,55.142857142857146,49.714285714285715,46.86666666666667,60.96837587752238,73.81931965294038,43.01411925020191,47.999085117828095,0.0,0.0
2024-02-09,12.0,126.0,32.0,2,9,1,0,12.0,160.0,212.0,0.0,112.0,0.0,56.0,140.0,132.0,0,0,0,0,1,0,0,0.0,100.0,160.0,0.0,0.0,0.0,37.333333333333336,47.142857142857146,50.57142857142857,37.4,62.65096054445497,57.08106757815652,35.26058943765143,45.67656349732306,0.0,0.0
2024-02-10,50.0,162.0,32.0,2,10,1,0,12.0,0.0,50.0,32.0,0.0,68.0,126.0,50.0,0.0,0,0,0,0,0,1,0,12.0,0.0,0.0,54.0,0.0,0.0,8.0,26.0,51.42857142857143,30.733333333333334,38.557316642456634,46.72585737176408,29.445442078238575,43.50388198136673,0.0,0.0
2024-02-11,36.0,128.0,160.0,2,11,0,0,50.0,58.0,0.0,32.0,0.0,32.0,162.0,108.0,96.0,0,0,0,0,0,0,1,12.0,12.0,58.0,132.0,24.0,128.0,24.666666666666668,33.142857142857146,51.142857142857146,30.733333333333334,37.55630693340583,46.72585737176408,34.58408155867893,43.92298636966566,0.0,0.0
2024-02-12,68.0,114.0,126.0,2,12,0,0,36.0,0.0,0.0,160.0,64.0,18.0,128.0,44.0,154.0,1,0,0,0,0,0,0,50.0,12.0,0.0,74.0,0.0,0.0,32.666666666666664,30.0,44.285714285714285,31.933333333333334,36.01851375797355,46.37027387077391,34.9380611690092,43.41182595871949,0.0,0.0
2024-02-13,44.0,50.0,76.0,2,13,0,0,68.0,100.0,128.0,126.0,48.0,200.0,114.0,32.0,0.0,0,1,0,0,0,0,0,36.0,50.0,100.0,0.0,0.0,0.0,51.333333333333336,39.714285714285715,43.857142857142854,34.2,35.74779380471973,46.417446185080344,43.203545876756905,44.998159767834366,0.0,0.0
2024-02-14,0.0,42.0,182.0,2,14,0,0,44.0,0.0,0.0,76.0,64.0,76.0,50.0,0.0,114.0,0,0,1,0,0,0,0,68.0,36.0,0.0,50.0,0.0,0.0,49.333333333333336,31.714285714285715,47.0,31.4,24.506558888824543,42.969596308280046,43.40265940756768,44.93376236345796,0.0,0.0
2024-02-15,0.0,68.0,394.0,2,15,0,0,0.0,12.0,0.0,182.0,0.0,292.0,42.0,56.0,112.0,0,0,0,1,0,0,0,44.0,68.0,12.0,68.0,0.0,0.0,37.333333333333336,31.714285714285715,43.42857142857143,31.4,24.506558888824543,42.969596308280046,32.55199455567576,42.03480995291228,0.0,0.0
2024-02-16,36.0,42.0,0.0,2,16,1,0,0.0,12.0,0.0,394.0,32.0,32.0,68.0,126.0,108.0,0,0,0,0,1,0,0,0.0,44.0,12.0,160.0,0.0,0.0,14.666666666666666,30.0,38.57142857142857,31.4,26.457513110645845,42.969596308280046,24.41399591675682,39.32288673014375,0.0,0.0
2024-02-17,106.0,402.0,24.0,2,17,1,0,36.0,50.0,0.0,0.0,32.0,0.0,42.0,162.0,54.0,0,0,0,0,0,1,0,0.0,0.0,50.0,0.0,54.0,0.0,12.0,33.42857142857143,29.714285714285715,32.6,25.264317016015116,42.563218701208434,27.310496937567617,39.10850694110222,0.0,0.0
2024-02-18,0.0,236.0,64.0,2,18,0,0,106.0,36.0,0.0,24.0,160.0,0.0,402.0,128.0,70.0,0,0,0,0,0,0,1,36.0,0.0,36.0,58.0,132.0,24.0,47.333333333333336,41.42857142857143,37.285714285714285,36.13333333333333,37.357985058338514,44.13438204122634,46.982872703175715,43.42408713845047,0.0,0.0
2024-02-19,0.0,434.0,0.0,2,19,0,0,0.0,68.0,0.0,64.0,126.0,50.0,236.0,114.0,260.0,1,0,0,0,0,0,0,106.0,36.0,68.0,0.0,74.0,0.0,47.333333333333336,36.285714285714285,33.142857142857146,36.13333333333333,40.56975180975055,44.13438204122634,35.23715452738179,40.62253312951818,0.0,0.0
2024-02-21,32.0,330.0,0.0,2,21,0,0,0.0,44.0,24.0,0.0,76.0,36.0,434.0,50.0,230.0,0,0,1,0,0,0,0,0.0,106.0,44.0,100.0,0.0,0.0,35.333333333333336,26.571428571428573,33.142857142857146,36.13333333333333,39.844937540659345,44.13438204122634,26.427865895536343,38.00172454051701,0.0,0.0
2024-02-22,12.0,170.0,0.0,2,22,0,0,32.0,0.0,0.0,0.0,182.0,64.0,330.0,42.0,220.0,0,0,0,1,0,0,0,0.0,0.0,0.0,0.0,50.0,0.0,10.666666666666666,24.857142857142858,28.285714285714285,36.4,39.22341380446362,44.082680937310194,27.820899421652257,37.61451650564494,0.0,0.0
2024-02-23,0.0,250.0,0.0,2,23,1,0,12.0,0.0,0.0,0.0,394.0,0.0,170.0,68.0,44.0,0,0,0,0,1,0,0,32.0,0.0,0.0,12.0,68.0,0.0,14.666666666666666,26.571428571428573,29.142857142857142,36.8,38.20496103412545,43.79450445763323,23.865674566239193,35.96196705366785,0.0,0.0
2024-02-24,50.0,186.0,132.0,2,24,1,0,0.0,36.0,0.0,0.0,0.0,0.0,250.0,42.0,12.0,0,0,0,0,0,1,0,12.0,32.0,36.0,12.0,160.0,0.0,14.666666666666666,26.571428571428573,28.285714285714285,36.8,38.20496103412545,43.79450445763323,17.899255924679395,33.641840146979604,0.0,0.0
2024-02-25,50.0,100.0,0.0,2,25,0,0,50.0,106.0,0.0,132.0,24.0,0.0,186.0,402.0,106.0,0,0,0,0,0,0,1,0.0,12.0,106.0,50.0,0.0,54.0,20.666666666666668,28.571428571428573,31.0,38.46666666666667,39.13590483966155,43.29428833343785,25.924441943509546,34.697205298787374,0.0,0.0
2024-02-26,114.0,44.0,32.0,2,26,0,0,50.0,0.0,0.0,0.0,64.0,0.0,100.0,236.0,418.0,1,0,0,0,0,0,0,50.0,0.0,0.0,36.0,58.0,132.0,33.333333333333336,20.571428571428573,31.0,40.13333333333333,23.114621223063782,42.721014237389845,31.94333145763216,35.68448237628497,0.0,0.0
2024-02-27,10.0,160.0,0.0,2,27,0,0,114.0,0.0,54.0,32.0,0.0,0.0,44.0,434.0,0.0,0,1,0,0,0,0,0,50.0,50.0,0.0,68.0,0.0,74.0,71.33333333333333,36.857142857142854,36.57142857142857,43.93333333333333,40.11412291379251,44.07668343907589,52.457498593224116,40.73709641652465,0.0,0.0
2024-02-28,12.0,148.0,32.0,2,28,0,0,10.0,32.0,132.0,0.0,0.0,50.0,160.0,330.0,56.0,0,0,1,0,0,0,0,114.0,50.0,32.0,44.0,100.0,0.0,58.0,38.285714285714285,32.42857142857143,42.46666666666667,38.73720987076153,44.46054689143015,41.84312394491809,38.754057938039196,0.0,0.0
2024-02-29,0.0,214.0,64.0,2,29,0,0,12.0,12.0,74.0,32.0,0.0,0.0,148.0,170.0,126.0,0,0,0,1,0,0,0,10.0,114.0,12.0,0.0,0.0,50.0,45.333333333333336,35.42857142857143,30.142857142857142,38.46666666666667,39.99523781175758,41.42191102114532,34.38234295868857,37.02798968397215,0.0,0.0
2024-03-01,184.0,106.0,206.0,3,1,1,0,0.0,0.0,0.0,64.0,0.0,96.0,214.0,250.0,312.0,0,0,0,0,1,0,0,12.0,10.0,0.0,0.0,12.0,68.0,7.333333333333333,33.714285714285715,30.142857142857142,36.0,41.39933286787068,41.43628261851419,25.786757219016426,34.63908712371589,0.0,0.0
2024-03-02,64.0,38.0,254.0,3,2,1,0,184.0,50.0,50.0,206.0,132.0,0.0,106.0,186.0,48.0,0,0,0,0,0,1,0,0.0,12.0,50.0,36.0,12.0,160.0,65.33333333333333,60.0,43.285714285714285,42.13333333333333,66.95271963607351,48.874034664306336,65.34006791426232,44.27527505121809,0.0,0.0
2024-03-03,72.0,150.0,50.0,3,3,0,0,64.0,50.0,68.0,254.0,0.0,134.0,38.0,100.0,126.0,0,0,0,0,0,0,1,184.0,0.0,50.0,106.0,50.0,0.0,82.66666666666667,62.0,45.285714285714285,42.6,66.81317235396024,49.018363905785364,65.00505093569674,45.5478379511395,0.0,0.0
2024-03-04,12.0,148.0,0.0,3,4,0,0,72.0,114.0,160.0,50.0,32.0,112.0,150.0,44.0,140.0,1,0,0,0,0,0,0,64.0,184.0,114.0,0.0,36.0,58.0,106.66666666666667,65.14285714285714,42.857142857142854,42.733333333333334,66.67190455613859,49.09521595720971,66.75378820177255,47.25442905106598,0.0,0.0
2024-03-05,0.0,230.0,134.0,3,5,0,0,12.0,10.0,0.0,0.0,0.0,0.0,148.0,160.0,50.0,0,1,0,0,0,0,0,72.0,64.0,10.0,0.0,68.0,0.0,49.333333333333336,50.57142857142857,43.714285714285715,37.8,65.34742316484798,44.085653307921035,53.06534115132941,44.97994975744883,0.0,0.0
2024-03-06,0.0,42.0,0.0,3,6,0,0,0.0,12.0,58.0,134.0,32.0,0.0,230.0,148.0,108.0,0,0,1,0,0,0,0,12.0,72.0,12.0,32.0,44.0,100.0,28.0,49.142857142857146,43.714285714285715,37.8,66.48164802266503,44.085653307921035,39.79900586349706,42.078017515032776,0.0,0.0
2024-03-07,168.0,398.0,0.0,3,7,0,0,0.0,0.0,0.0,0.0,64.0,64.0,42.0,214.0,44.0,0,0,0,1,0,0,0,0.0,12.0,0.0,12.0,0.0,0.0,4.0,47.42857142857143,41.42857142857143,35.86666666666667,67.74180674408069,44.43960126868312,29.849254397622794,39.36330670761131,0.0,0.0
2024-03-08,0.0,208.0,0.0,3,8,1,0,168.0,184.0,100.0,0.0,206.0,48.0,398.0,106.0,32.0,0,0,0,0,1,0,0,0.0,0.0,184.0,0.0,0.0,12.0,56.0,71.42857142857143,52.57142857142857,41.46666666666667,77.2331041778872,50.001195388009336,64.3869407982171,47.662448210346064,0.0,0.0
2024-03-09,0.0,0.0,64.0,3,9,1,0,0.0,64.0,0.0,0.0,254.0,64.0,208.0,38.0,0.0,0,0,0,0,0,1,0,168.0,0.0,64.0,50.0,36.0,12.0,56.0,45.142857142857146,52.57142857142857,38.13333333333333,62.427100342262044,49.292745030518226,48.29020559866282,44.58745155161406,0.0,0.0
2024-03-10,0.0,200.0,0.0,3,10,0,0,0.0,72.0,12.0,64.0,50.0,0.0,0.0,150.0,56.0,0,0,0,0,0,0,1,0.0,168.0,72.0,50.0,106.0,50.0,56.0,36.0,49.0,38.13333333333333,63.87487769068522,49.292745030518226,36.21765419899712,41.710841774090575,0.0,0.0
2024-03-12,0.0,24.0,0.0,3,12,0,0,0.0,12.0,12.0,0.0,0.0,32.0,200.0,148.0,126.0,0,1,0,0,0,0,0,0.0,0.0,12.0,114.0,0.0,36.0,0.0,25.714285714285715,45.42857142857143,37.733333333333334,62.90128320289996,49.56008776072311,27.16324064924784,39.01981972414925,0.0,0.0
2024-03-13,12.0,56.0,0.0,3,13,0,0,0.0,0.0,50.0,0.0,134.0,32.0,24.0,230.0,162.0,0,0,1,0,0,0,0,0.0,0.0,0.0,10.0,0.0,68.0,0.0,24.0,37.285714285714285,37.333333333333336,63.49803146555014,49.82267406086022,20.37243048693588,36.502412000010594,0.0,0.0
2024-03-14,0.0,12.0,0.0,3,14,0,0,12.0,0.0,36.0,0.0,0.0,160.0,56.0,42.0,128.0,0,0,0,1,0,0,0,0.0,0.0,0.0,12.0,32.0,44.0,4.0,25.714285714285715,37.42857142857143,36.06666666666667,62.90128320289996,49.97236017649353,18.27932286520191,34.92161122581636,0.0,0.0
2024-03-15,0.0,32.0,0.0,3,15,1,0,0.0,168.0,68.0,0.0,0.0,126.0,12.0,398.0,114.0,0,0,0,0,1,0,0,12.0,0.0,168.0,0.0,12.0,0.0,4.0,25.714285714285715,36.57142857142857,34.86666666666667,62.90128320289997,50.40438769443169,13.709492148901433,32.668604049957246,0.0,0.0
2024-03-16,0.0,32.0,34.0,3,16,1,0,0.0,0.0,44.0,0.0,0.0,76.0,32.0,208.0,50.0,0,0,0,0,0,1,0,0.0,12.0,0.0,184.0,0.0,0.0,4.0,1.7142857142857142,36.57142857142857,32.6,4.535573676110191,50.39198075227777,10.282119111676074,30.560952175766456,0.0,0.0
2024-03-17,22.0,0.0,0.0,3,17,0,0,0.0,0.0,0.0,34.0,64.0,182.0,32.0,0.0,42.0,0,0,0,0,0,0,1,0.0,0.0,0.0,64.0,50.0,36.0,0.0,1.7142857142857142,23.428571428571427,31.133333333333333,4.535573676110191,50.68818357391583,7.711589333757056,28.58927784184604,0.0,0.0
2024-03-18,0.0,32.0,0.0,3,18,0,0,22.0,0.0,0.0,0.0,0.0,394.0,0.0,200.0,68.0,1,0,0,0,0,0,0,0.0,0.0,0.0,72.0,50.0,106.0,7.333333333333333,4.857142857142857,20.428571428571427,31.866666666666667,8.78310065653653,50.38043772881621,11.283692000317792,28.164163142372104,0.0,0.0
2024-03-19,0.0,0.0,20.0,3,19,0,0,0.0,0.0,36.0,0.0,0.0,0.0,32.0,24.0,42.0,0,1,0,0,0,0,0,22.0,0.0,0.0,12.0,114.0,0.0,7.333333333333333,4.857142857142857,15.285714285714286,31.866666666666667,8.78310065653653,50.38043772881621,8.462769000238344,26.34712035899326,0.0,0.0
2024-03-20,0.0,56.0,0.0,3,20,0,0,0.0,12.0,106.0,20.0,0.0,24.0,0.0,56.0,402.0,0,0,1,0,0,0,0,0.0,22.0,12.0,0.0,10.0,0.0,7.333333333333333,4.857142857142857,14.428571428571429,30.666666666666668,8.78310065653653,50.7062761084031,6.347076750178758,24.647306142284016,0.0,0.0
2024-03-22,0.0,16.0,0.0,3,22,1,0,0.0,0.0,0.0,0.0,0.0,64.0,56.0,12.0,236.0,0,0,0,0,1,0,0,0.0,0.0,0.0,0.0,12.0,32.0,0.0,3.142857142857143,14.428571428571429,27.133333333333333,8.31521840620271,48.93819700843896,4.760307562634068,23.057157358910857,0.0,0.0
2024-03-24,29.0,0.0,0.0,3,24,0,0,0.0,0.0,0.0,0.0,0.0,0.0,16.0,32.0,434.0,0,0,0,0,0,0,1,0.0,0.0,0.0,168.0,0.0,12.0,0.0,3.142857142857143,14.428571428571429,27.133333333333333,8.31521840620271,48.93819700843896,3.570230671975551,21.569598819626286,0.0,0.0
2024-03-25,0.0,30.0,0.0,3,25,0,0,29.0,0.0,32.0,0.0,34.0,0.0,0.0,32.0,330.0,1,0,0,0,0,0,0,0.0,0.0,0.0,0.0,184.0,0.0,9.666666666666666,7.285714285714286,4.5,28.1,12.60574321112235,48.66943386873789,9.927673003981663,22.04897954094072,0.0,0.0
2024-03-26,6.0,16.0,0.0,3,26,0,0,0.0,22.0,12.0,0.0,0.0,0.0,30.0,0.0,170.0,0,1,0,0,0,0,0,29.0,0.0,22.0,0.0,64.0,50.0,9.666666666666666,7.285714285714286,4.5,27.033333333333335,12.60574321112235,48.93097413586878,7.445754752986248,20.626464731847772,0.0,0.0
2024-03-27,68.0,0.0,0.0,3,27,0,0,6.0,0.0,0.0,0.0,0.0,0.0,16.0,32.0,250.0,0,0,1,0,0,0,0,0.0,29.0,0.0,0.0,72.0,50.0,11.666666666666666,5.0,4.928571428571429,26.833333333333332,10.816653826391748,49.00674361289712,7.084316064739686,19.68282184592211,0.0,0.0
2024-03-28,29.0,53.0,38.0,3,28,0,0,68.0,0.0,50.0,0.0,20.0,132.0,0.0,0.0,186.0,0,0,0,1,0,0,0,6.0,0.0,0.0,0.0,12.0,114.0,24.666666666666668,14.714285714285714,9.785714285714286,29.1,25.772816982978227,49.29457548669829,22.313237048554765,22.800059146185202,0.0,0.0
2024-03-29,0.0,183.0,420.0,3,29,1,0,29.0,0.0,50.0,38.0,0.0,0.0,53.0,56.0,100.0,0,0,0,0,1,0,0,68.0,6.0,0.0,12.0,0.0,10.0,34.333333333333336,18.857142857142858,11.857142857142858,28.4,25.340537822683498,49.13640409000799,23.984927786416073,23.200055330302288,0.0,0.0
2024-03-30,28.0,142.0,0.0,3,30,1,0,0.0,0.0,114.0,420.0,0.0,32.0,183.0,16.0,44.0,0,0,0,0,0,1,0,29.0,68.0,0.0,0.0,0.0,12.0,32.333333333333336,18.857142857142858,11.0,26.733333333333334,25.340537822683498,49.22638298320524,17.988695839812053,21.70327756705698,0.0,0.0
2024-03-31,0.0,177.0,0.0,3,31,0,0,28.0,29.0,10.0,0.0,0.0,0.0,142.0,0.0,160.0,0,0,0,0,0,0,1,0.0,29.0,29.0,0.0,168.0,0.0,19.0,22.857142857142858,13.0,23.866666666666667,24.044601413682305,46.39168573944182,20.49152187985904,22.109517724021046,0.0,0.0
2024-04-01,0.0,36.0,0.0,4,1,0,0,0.0,0.0,12.0,0.0,0.0,32.0,177.0,30.0,148.0,1,0,0,0,0,0,0,28.0,0.0,0.0,0.0,0.0,184.0,9.333333333333334,18.714285714285715,13.0,23.533333333333335,25.276565468923142,46.53047450296706,15.36864140989428,20.683097225697107,0.0,0.0
2024-04-02,0.0,12.0,0.0,4,2,0,0,0.0,6.0,0.0,0.0,0.0,64.0,36.0,16.0,214.0,0,1,0,0,0,0,0,0.0,28.0,6.0,22.0,0.0,64.0,9.333333333333334,18.714285714285715,13.0,23.133333333333333,25.276565468923142,46.68436446025023,11.52648105742071,19.348703856297295,0.0,0.0
2024-04-03,0.0,25.0,0.0,4,3,0,0,0.0,68.0,184.0,0.0,0.0,206.0,12.0,0.0,106.0,0,0,1,0,0,0,0,0.0,0.0,68.0,0.0,0.0,72.0,0.0,17.857142857142858,11.428571428571429,23.133333333333333,25.87423796899507,46.68436446025023,8.644860793065533,18.10040038169747,0.0,0.0
2024-04-04,0.0,49.0,0.0,4,4,0,0,0.0,29.0,64.0,0.0,38.0,254.0,25.0,53.0,38.0,0,0,0,1,0,0,0,0.0,0.0,29.0,0.0,0.0,12.0,0.0,8.142857142857142,11.428571428571429,17.0,13.909571901255113,35.589614912993596,6.48364559479915,16.93263261513634,0.0,0.0
2024-04-05,0.0,137.0,0.0,4,5,1,0,0.0,0.0,72.0,0.0,420.0,50.0,49.0,183.0,150.0,0,0,0,0,1,0,0,0.0,0.0,0.0,0.0,12.0,0.0,0.0,4.0,11.428571428571429,14.866666666666667,10.583005244258134,34.57897839911469,4.862734196099362,15.840204704482385,0.0,0.0
2024-04-06,0.0,261.0,9.0,4,6,1,0,0.0,28.0,12.0,0.0,0.0,0.0,137.0,142.0,148.0,0,0,0,0,0,1,0,0.0,0.0,28.0,0.0,0.0,0.0,0.0,4.0,11.428571428571429,12.466666666666667,10.583005244258134,32.93644175381279,3.6470506470745216,14.81825601387062,0.0,0.0
2024-04-07,16.0,9.0,25.0,4,7,0,0,0.0,0.0,0.0,9.0,0.0,134.0,261.0,177.0,230.0,0,0,0,0,0,0,1,0.0,0.0,0.0,29.0,0.0,168.0,0.0,0.0,11.428571428571429,12.066666666666666,0.0,33.0150784081888,2.735287985305891,13.86223949684671,0.0,0.0
2024-04-09,69.0,93.0,0.0,4,9,0,1,16.0,0.0,0.0,25.0,0.0,0.0,9.0,36.0,42.0,0,1,0,0,0,0,0,0.0,0.0,0.0,0.0,0.0,0.0,5.333333333333333,2.2857142857142856,10.5,12.6,6.047431568147228,32.94258327914573,6.051465988979418,14.000159529308213,0.0,0.0
2024-04-10,42.0,191.0,0.0,4,10,0,1,69.0,0.0,168.0,0.0,0.0,0.0,93.0,12.0,398.0,0,0,1,0,0,0,0,16.0,0.0,0.0,6.0,22.0,0.0,28.333333333333332,12.142857142857142,15.428571428571429,14.9,25.770969270534874,34.40864967437398,21.788599491734566,17.548536333868974,1.0,0.0
2024-04-11,0.0,133.0,132.0,4,11,0,1,42.0,0.0,0.0,0.0,0.0,0.0,191.0,25.0,208.0,0,0,0,1,0,0,0,69.0,16.0,0.0,68.0,0.0,0.0,42.333333333333336,18.142857142857142,18.0,10.7,27.315615628113765,19.56448224505942,26.841449618800922,19.126050118780654,1.0,0.0
2024-04-12,0.0,104.0,0.0,4,12,1,1,0.0,0.0,0.0,132.0,0.0,64.0,133.0,49.0,0.0,0,0,0,0,1,0,0,42.0,69.0,0.0,29.0,0.0,0.0,37.0,18.142857142857142,13.142857142857142,10.7,27.315615628113765,19.56448224505942,20.131087214100692,17.89211140143997,1.0,0.0
2024-04-13,16.0,73.0,34.0,4,13,1,0,0.0,0.0,0.0,0.0,0.0,0.0,104.0,137.0,200.0,0,0,0,0,0,1,0,0.0,42.0,0.0,0.0,0.0,12.0,14.0,18.142857142857142,11.071428571428571,10.7,27.315615628113765,19.56448224505942,15.09831541057552,16.737781633605135,1.0,0.0
2024-04-14,0.0,114.0,0.0,4,14,0,0,16.0,0.0,0.0,34.0,9.0,0.0,73.0,261.0,24.0,0,0,0,0,0,0,1,0.0,0.0,0.0,28.0,0.0,0.0,5.333333333333333,20.428571428571427,12.214285714285714,11.233333333333333,26.190692639798147,19.480641732213403,15.323736557931639,16.690182818533838,0.0,0.0
2024-04-15,9.0,315.0,12.0,4,15,0,0,0.0,16.0,12.0,0.0,25.0,0.0,114.0,9.0,56.0,1,0,0,0,0,0,0,16.0,0.0,16.0,0.0,29.0,0.0,5.333333333333333,20.428571428571427,10.214285714285714,11.233333333333333,26.190692639798147,19.480641732213403,11.49280241844873,15.613396830241333,0.0,0.0
2024-04-16,0.0,822.0,25.0,4,16,0,0,9.0,69.0,0.0,12.0,0.0,0.0,315.0,93.0,12.0,0,1,0,0,0,0,0,0.0,16.0,69.0,0.0,0.0,0.0,8.333333333333334,19.428571428571427,10.857142857142858,11.133333333333333,26.51953457897989,19.48427010717105,10.869601813836546,15.186726066999958,0.0,1.0
2024-04-17,0.0,375.0,48.0,4,17,0,0,0.0,42.0,0.0,25.0,0.0,0.0,822.0,191.0,32.0,0,0,1,0,0,0,0,9.0,0.0,42.0,0.0,6.0,22.0,3.0,9.571428571428571,10.857142857142858,11.133333333333333,15.597618865894557,19.48427010717105,8.15220136037741,14.206937288483832,0.0,1.0
2024-04-18,0.0,83.0,0.0,4,18,0,0,0.0,0.0,0.0,48.0,132.0,34.0,375.0,133.0,32.0,0,0,0,1,0,0,0,0.0,9.0,0.0,0.0,68.0,0.0,3.0,3.5714285714285716,10.857142857142858,11.133333333333333,6.425396041156497,19.48427010717105,6.114151020283057,13.290360689226812,0.0,1.0
2024-04-19,77.0,132.0,0.0,4,19,1,0,0.0,0.0,22.0,0.0,0.0,0.0,83.0,104.0,0.0,0,0,0,0,1,0,0,0.0,0.0,0.0,0.0,29.0,0.0,0.0,3.5714285714285716,10.857142857142858,11.133333333333333,6.425396041156497,19.48427010717105,4.5856132652122925,12.432918064115405,0.0,1.0
2024-04-20,0.0,0.0,16.0,4,20,1,0,77.0,16.0,0.0,0.0,34.0,0.0,132.0,73.0,32.0,0,0,0,0,0,1,0,0.0,0.0,16.0,0.0,0.0,0.0,25.666666666666668,14.571428571428571,16.357142857142858,12.966666666666667,28.224440607725843,22.840501433793662,22.68920994890922,16.598536253527314,0.0,0.0
2024-04-21,0.0,113.0,0.0,4,21,0,0,0.0,0.0,0.0,16.0,0.0,20.0,0.0,114.0,0.0,0,0,0,0,0,0,1,77.0,0.0,0.0,0.0,28.0,0.0,25.666666666666668,12.285714285714286,16.357142857142858,12.966666666666667,28.73275880543712,22.840501433793662,17.016907461681914,15.527662946848134,0.0,0.0
2024-04-22,0.0,106.0,0.0,4,22,0,0,0.0,9.0,0.0,0.0,12.0,0.0,113.0,315.0,56.0,1,0,0,0,0,0,0,0.0,77.0,9.0,16.0,0.0,29.0,25.666666666666668,12.285714285714286,16.357142857142858,12.966666666666667,28.73275880543712,22.840501433793662,12.762680596261436,14.525878240599868,0.0,0.0
2024-04-23,32.0,65.0,0.0,4,23,0,0,0.0,0.0,0.0,0.0,25.0,0.0,106.0,822.0,16.0,0,1,0,0,0,0,0,0.0,0.0,0.0,69.0,0.0,0.0,0.0,11.0,15.214285714285714,12.966666666666667,29.103264421710424,22.840501433793662,9.572010447196078,13.588724805722459,0.0,0.0
2024-04-24,0.0,162.0,23.0,4,24,0,0,32.0,0.0,29.0,0.0,48.0,0.0,65.0,375.0,0.0,0,0,1,0,0,0,0,0.0,0.0,0.0,42.0,0.0,6.0,10.666666666666666,15.571428571428571,12.571428571428571,14.033333333333333,29.596492713704727,22.96096137199923,15.179007835397059,14.776549011804882,0.0,0.0
2024-04-25,6.0,93.0,45.0,4,25,0,0,0.0,0.0,0.0,23.0,0.0,0.0,162.0,83.0,30.0,0,0,0,1,0,0,0,32.0,0.0,0.0,0.0,0.0,68.0,10.666666666666666,15.571428571428571,9.571428571428571,13.066666666666666,29.59649271370473,22.9195494529548,11.384255876547794,13.823223269107793,0.0,0.0
2024-04-26,33.0,39.0,0.0,4,26,1,0,6.0,77.0,6.0,45.0,0.0,0.0,93.0,132.0,16.0,0,0,0,0,1,0,0,0.0,32.0,77.0,0.0,0.0,29.0,12.666666666666666,16.428571428571427,10.0,13.266666666666667,29.153942802859053,22.827589679480322,10.038191907410845,13.318499187229872,0.0,0.0
2024-04-27,9.0,50.0,72.0,4,27,1,0,33.0,0.0,68.0,0.0,16.0,0.0,39.0,0.0,0.0,0,0,0,0,0,1,0,6.0,0.0,0.0,16.0,0.0,0.0,13.0,10.142857142857142,12.357142857142858,14.166666666666666,15.43187795256472,23.062259561715933,15.778643930558133,14.588273433215042,0.0,0.0
2024-04-28,0.0,105.0,21.0,4,28,0,0,9.0,0.0,29.0,72.0,0.0,38.0,50.0,113.0,53.0,0,0,0,0,0,0,1,33.0,6.0,0.0,0.0,0.0,28.0,16.0,11.428571428571429,11.857142857142858,12.2,14.80829883159137,20.70881871121086,14.0839829479186,14.227739663330201,0.0,0.0
2024-04-29,0.0,9.0,0.0,4,29,0,0,0.0,0.0,0.0,21.0,0.0,420.0,105.0,106.0,183.0,1,0,0,0,0,0,0,9.0,33.0,0.0,9.0,16.0,0.0,14.0,11.428571428571429,11.857142857142858,11.233333333333333,14.80829883159137,20.57397642039891,10.56298721093895,13.309820975373414,0.0,0.0
2024-04-30,43.0,0.0,54.0,4,30,0,0,0.0,32.0,28.0,0.0,0.0,0.0,9.0,65.0,142.0,0,1,0,0,0,0,0,0.0,9.0,32.0,0.0,69.0,0.0,3.0,11.428571428571429,11.214285714285714,11.233333333333333,14.80829883159137,20.57397642039891,7.922240408204212,12.45112284792997,0.0,0.0
