Date,BreakFast,Dinner,Lunch,Month,Day,IsWeekend,IsHoliday,BreakFast_lag_1d,BreakFast_lag_1w,BreakFast_lag_1m,Lunch_lag_1d,Lunch_lag_1w,Lunch_lag_1m,Dinner_lag_1d,Dinner_lag_1w,Dinner_lag_1m,DayOfWeek_0,DayOfWeek_1,DayOfWeek_2,DayOfWeek_3,DayOfWeek_4,DayOfWeek_5,DayOfWeek_6,BreakFast_lag_2d,BreakFast_lag_3d,BreakFast_lag_7d,BreakFast_lag_14d,BreakFast_lag_21d,BreakFast_lag_28d,BreakFast_roll_mean_3,BreakFast_roll_mean_7,BreakFast_roll_mean_14,BreakFast_roll_mean_30,BreakFast_roll_std_7,BreakFast_roll_std_30,BreakFast_ema_7,BreakFast_ema_30,Holiday_Yesterday,Holiday_LastWeek,RevenueCenterID
2023-03-02,88.0,2094.0,381.0,3,2,0,0,765.0,766.0,473.0,451.0,259.0,250.0,3483.0,2853.0,4368.0,0,0,0,1,0,0,0,1214.0,956.9,766.0,1215.0,825.0,223.0,978.6333333333332,981.6142857142856,1176.8,1029.3933333333332,277.069163619071,495.6458823027568,1019.6071823308328,973.017300007432,0.0,0.0,0
2023-03-02,706.5,240.0,617.0,3,2,0,0,360.0,746.0,672.0,110.0,172.5,511.0,175.0,303.0,1785.0,0,0,0,1,0,0,0,110.0,401.0,746.0,411.5,1135.0,389.5,290.3333333333333,554.1428571428571,471.8928571428572,485.53333333333336,370.621742738437,277.5098300008964,424.7745903721309,506.7367206554514,0.0,0.0,1
2023-03-02,209.0,12284.6,1678.0,3,2,0,0,245.0,120.0,472.0,2601.5,1881.0,1326.0,11212.3,15985.4,16218.25,0,0,0,1,0,0,0,102.5,80.0,120.0,35.0,0.0,200.0,142.5,246.64285714285717,290.4642857142857,208.0583333333333,250.84635308718927,287.7472676053898,232.2381542204648,262.5233453765454,0.0,0.0,2
2023-03-02,18635.0,2690.0,1302.0,3,2,0,0,17431.0,17627.0,18571.0,1505.0,1235.0,810.0,3387.0,2870.0,2017.5,0,0,0,1,0,0,0,16958.5,16807.0,17627.0,19452.0,18550.0,16773.0,17065.5,15793.07142857143,16893.10714285714,17357.3,4788.427285554997,2817.201116540046,16626.00041180467,17247.29148214521,0.0,0.0,4
2023-03-02,310.0,0.0,285.0,3,2,0,0,205.0,0.0,420.0,415.0,265.0,0.0,0.0,0.0,0.0,0,0,0,1,0,0,0,0.0,270.0,0.0,135.0,125.0,20.0,158.33333333333334,124.28571428571428,80.35714285714286,101.83333333333331,131.70132153945184,122.63263989581276,126.1544302843706,144.46750734889517,0.0,0.0,8
2023-03-03,50.0,2592.0,345.0,3,3,1,0,88.0,873.0,612.0,381.0,1012.0,278.0,2094.0,2830.0,1527.5,0,0,0,0,1,0,0,765.0,1214.0,873.0,1749.5,456.0,968.0,689.0,884.7571428571428,1096.3,1016.56,437.2245336862319,515.1493727802278,786.7053867481245,915.919409684372,0.0,0.0,0
2023-03-03,716.0,290.0,361.0,3,3,1,0,706.5,899.0,684.0,617.0,244.0,1521.0,240.0,60.0,480.0,0,0,0,0,1,0,0,360.0,110.0,899.0,526.0,462.0,271.0,392.1666666666667,548.5,492.9642857142857,486.6833333333333,367.5013605416992,278.3793146339935,495.2059427790982,519.6246741615513,0.0,0.0,1
2023-03-03,1206.0,11900.9,1911.25,3,3,1,0,209.0,35.0,216.0,1678.0,1353.0,2467.5,12284.6,16917.25,9263.0,0,0,0,0,1,0,0,245.0,102.5,35.0,1425.0,0.0,153.0,185.5,259.35714285714283,302.8928571428572,199.29166666666663,245.55731073853784,283.4021305505213,226.42861566534864,259.0702263199941,0.0,0.0,2
2023-03-03,18402.0,15048.76,260.0,3,3,1,0,18635.0,17211.0,19690.5,1302.0,1255.0,2662.0,2690.0,19401.2,2460.0,0,0,0,0,1,0,0,17431.0,16958.5,17211.0,18313.0,20402.0,17295.0,17674.833333333332,15937.07142857143,16834.75,17359.433333333334,4867.277254178931,2818.1759499820923,17128.2503088535,17336.821063942294,0.0,0.0,4
2023-03-03,100.0,175.0,35.0,3,3,1,0,310.0,35.0,0.0,285.0,340.0,380.0,0.0,205.0,0.0,0,0,0,0,1,0,0,205.0,0.0,35.0,20.0,70.0,100.0,171.66666666666666,168.57142857142858,92.85714285714286,98.16666666666669,135.0220440555999,114.14210239972752,172.11582271327794,155.14702300380517,0.0,0.0,8
2023-03-04,275.0,1927.5,674.8,3,4,1,0,50.0,798.0,223.0,345.0,1087.0,938.5,2592.0,4164.0,2849.0,0,0,0,0,0,1,0,88.0,765.0,798.0,2197.4,1229.0,1994.0,301.0,767.1857142857142,974.907142857143,997.8266666666666,539.5849838180311,539.9881454211771,602.5290400610934,860.0536413176383,0.0,0.0,0
2023-03-04,263.0,651.0,453.0,3,4,1,0,716.0,1116.0,389.5,361.0,561.0,700.0,290.0,490.0,860.5,0,0,0,0,0,1,0,706.5,360.0,1116.0,197.0,431.0,143.5,594.1666666666666,522.3571428571429,506.5357142857143,487.75,344.1814824436998,279.2214777209834,550.4044570843237,532.2940500220964,0.0,0.0,1
2023-03-04,348.0,8172.2,1701.75,3,4,1,0,1206.0,740.0,200.0,1911.25,1023.0,1961.25,11900.9,13359.4,11777.75,0,0,0,0,0,1,0,209.0,245.0,740.0,200.0,66.0,0.0,553.3333333333334,426.6428571428572,287.25,232.29166666666663,410.628655669746,337.8276830910156,471.32146174901146,320.1624697832203,0.0,0.0,2
2023-03-04,19767.0,3255.0,555.5,3,4,1,0,18402.0,5112.0,16773.0,260.0,400.0,3682.0,15048.76,3520.0,7078.0,0,0,0,0,0,1,0,18635.0,17431.0,5112.0,14888.0,16293.0,16846.0,18156.0,16107.214285714286,16841.10714285714,17316.483333333334,4939.51188426163,2791.1132820365638,17446.687731640126,17405.542285623436,0.0,0.0,4
2023-03-04,0.0,235.0,0.0,3,4,1,0,100.0,305.0,20.0,35.0,0.0,125.0,175.0,330.0,0.0,0,0,0,0,0,1,0,310.0,205.0,305.0,45.0,20.0,20.0,205.0,177.85714285714286,98.57142857142856,101.5,126.25559865002494,112.62655716708356,154.08686703495846,151.58915055194677,0.0,0.0,8
2023-03-05,839.0,4099.5,632.1,3,5,0,0,275.0,1498.4,968.0,674.8,573.0,565.0,1927.5,2626.0,1896.0,0,0,0,0,0,0,1,50.0,88.0,1498.4,1505.0,997.0,886.4,137.66666666666666,692.4714285714284,837.5928571428573,999.56,569.9610241478088,537.4929225516402,520.64678004582,822.3082451035972,0.0,0.0,0
2023-03-05,1780.0,579.0,495.0,3,5,0,0,263.0,247.0,271.0,453.0,577.0,487.0,651.0,192.0,519.0,0,0,0,0,0,0,1,716.0,706.5,247.0,233.0,880.0,250.0,561.8333333333334,400.5,511.25,483.53333333333336,231.5439123219035,281.70052982865883,478.5533428132428,514.9202403432515,0.0,0.0,1
2023-03-05,0.0,11364.6,740.0,3,5,0,0,348.0,404.0,153.0,1701.75,624.5,1316.0,8172.2,8232.0,18950.2,0,0,0,0,0,0,1,1206.0,209.0,404.0,70.0,220.0,100.0,587.6666666666666,370.6428571428572,297.82142857142856,237.225,386.8107541470499,338.41997443240194,440.4910963117586,321.95843947462544,0.0,0.0,2
2023-03-05,19031.0,2532.0,250.0,3,5,0,0,19767.0,19405.0,17295.0,555.5,730.0,407.0,3255.0,2178.0,10907.52,0,0,0,0,0,0,1,18402.0,18635.0,19405.0,17090.0,14957.0,16334.0,18934.666666666668,18200.785714285717,17189.60714285714,17416.283333333333,1169.8056055438951,2824.33967773529,18026.76579873009,17557.894396228377,0.0,0.0,4
2023-03-05,278.0,281.5,963.0,3,5,0,0,344.5,42.5,74.0,1495.75,349.0,30.0,776.0,665.0,494.0,0,0,0,0,0,0,1,117.0,203.0,42.5,256.0,338.0,424.0,221.5,299.0,243.8571428571429,282.76666666666665,236.94637227299637,250.93211519608573,269.29933206727867,245.03329097449893,0.0,0.0,5
2023-03-05,765.0,160.0,70.0,3,5,0,0,0.0,55.0,100.0,0.0,460.0,455.0,235.0,105.0,0.0,0,0,0,0,0,0,1,100.0,310.0,55.0,55.0,35.0,0.0,136.66666666666666,134.28571428571428,95.35714285714286,100.83333333333331,127.68543937572296,113.1834285827529,115.56515027621884,141.809205355047,0.0,0.0,8
2023-03-06,766.0,2249.5,385.0,3,6,0,0,839.0,956.9,1994.0,632.1,575.0,247.0,4099.5,1937.8,2686.0,1,0,0,0,0,0,0,275.0,50.0,956.9,578.0,924.0,1550.4,388.0,598.2714285714285,790.0214285714286,995.26,458.0698080507152,538.2695579033959,600.235085034365,823.3851325162684,0.0,0.0,0
2023-03-06,195.0,525.0,595.0,3,6,0,0,1780.0,401.0,143.5,495.0,353.0,792.0,579.0,853.5,290.0,1,0,0,0,0,0,0,263.0,716.0,401.0,574.0,245.0,574.0,919.6666666666666,619.5,621.75,533.8333333333334,557.5850458300808,364.8832201784786,803.915007109932,596.5382893533643,0.0,0.0,1
2023-03-06,0.0,10306.15,1022.0,3,6,0,0,0.0,80.0,0.0,740.0,720.0,1237.0,11364.6,9634.5,7786.75,1,0,0,0,0,0,0,348.0,1206.0,80.0,152.5,435.0,105.0,518.0,312.92857142857144,292.82142857142856,232.125,410.4229960836572,340.8769544283462,330.36832223381896,301.18692725045605,0.0,0.0,2
2023-03-06,15263.0,1909.0,1453.5,3,6,0,0,19031.0,16807.0,16846.0,250.0,1135.0,840.0,2532.0,2144.0,2917.0,1,0,0,0,0,0,0,19767.0,18402.0,16807.0,16477.0,17477.0,17862.0,19066.666666666668,18147.35714285714,17328.25,17474.15,1112.7902136179232,2839.5123887798904,18277.82434904757,17652.93346743945,0.0,0.0,4
2023-03-06,235.0,173.0,950.0,3,6,0,0,278.0,672.0,60.0,963.0,381.0,182.0,281.5,970.0,600.0,1,0,0,0,0,0,0,344.5,117.0,672.0,0.0,1228.0,477.0,246.5,332.6428571428572,245.42857142857144,289.56666666666666,209.59777238910772,247.82452542534784,271.47449905045903,247.16017542775708,0.0,0.0,5
2023-03-06,0.0,320.0,0.0,3,6,0,0,765.0,270.0,20.0,70.0,415.0,435.0,160.0,0.0,0.0,1,0,0,0,0,0,0,0.0,100.0,270.0,0.0,110.0,0.0,288.3333333333333,235.7142857142857,146.07142857142858,123.0,263.73011096302866,165.87074319564576,277.9238627071641,182.0150630740762,0.0,0.0,8
2023-03-07,486.0,3413.5,728.0,3,7,0,0,766.0,1214.0,886.4,385.0,523.0,569.5,2249.5,3393.5,1466.0,0,1,0,0,0,0,0,839.0,275.0,1214.0,1040.0,340.4,1751.4,626.6666666666666,571.0,803.45,954.3266666666666,438.4214106693848,505.3882706315552,641.6763137757738,819.6828659023156,0.0,0.0,0
2023-03-07,297.25,691.0,507.0,3,7,0,0,195.0,110.0,250.0,595.0,796.0,122.5,525.0,787.0,336.0,0,1,0,0,0,0,0,1780.0,263.0,110.0,91.0,621.0,393.0,746.0,590.0714285714286,594.6785714285714,535.55,576.1658057489057,363.1002841906218,651.686255332449,570.6325932660505,0.0,0.0,1
2023-03-07,0.0,12351.4,856.0,3,7,0,0,0.0,102.5,100.0,1022.0,972.75,829.0,10306.15,7039.2,15599.5,0,1,0,0,0,0,0,0.0,348.0,102.5,414.5,53.0,0.0,116.0,301.5,281.92857142857144,232.125,419.014021245113,340.8769544283462,247.77624167536425,281.75551258913634,0.0,0.0,2
2023-03-07,16855.0,2641.0,1586.0,3,7,0,0,15263.0,16958.5,16334.0,1453.5,1542.0,1896.0,1909.0,2916.0,17585.0,0,1,0,0,0,0,0,19031.0,19767.0,16958.5,16938.0,16850.0,18771.0,18020.33333333333,17926.785714285714,17241.535714285714,17421.383333333335,1506.220929377642,2866.171120343646,17524.11826178568,17498.744211475616,0.0,0.0,4
2023-03-07,1004.0,327.5,332.0,3,7,0,0,235.0,558.0,424.0,950.0,1062.0,340.0,173.0,1027.0,0.0,0,1,0,0,0,0,0,278.0,344.5,558.0,0.0,85.0,248.0,285.8333333333333,270.2142857142857,262.2142857142857,295.4,147.57875218078695,244.268697445506,262.35587428784424,246.375647980805,0.0,0.0,5
2023-03-07,225.0,135.0,0.0,3,7,0,0,0.0,0.0,0.0,0.0,570.0,20.0,320.0,0.0,0.0,0,1,0,0,0,0,0,765.0,0.0,0.0,0.0,155.0,185.0,255.0,197.14285714285717,146.07142857142858,122.33333333333331,277.27629335582014,166.33852754887076,208.4428970303731,170.27215577897454,0.0,0.0,8
2023-03-08,187.0,2141.0,693.0,3,8,0,0,486.0,765.0,1550.4,728.0,451.0,125.0,3413.5,3483.0,1952.0,0,0,1,0,0,0,0,766.0,839.0,765.0,1319.0,432.0,745.0,697.0,467.0,763.8785714285715,940.98,334.5006228195497,512.4812409687086,602.7572353318303,798.1549390699082,0.0,0.0,0
2023-03-08,361.0,605.0,253.0,3,8,0,0,297.25,360.0,574.0,507.0,110.0,75.0,691.0,175.0,824.0,0,0,1,0,0,0,0,195.0,1780.0,360.0,695.0,290.0,518.5,757.4166666666666,616.8214285714286,609.4107142857143,537.125,554.086198060331,361.9195159028859,563.0771914993368,552.9950066037247,0.0,0.0,1
2023-03-08,20.0,7161.8,1987.0,3,8,0,0,0.0,245.0,105.0,856.0,2601.5,1413.0,12351.4,11212.3,14742.5,0,0,1,0,0,0,0,0.0,0.0,245.0,43.0,155.25,0.0,0.0,286.85714285714283,252.32142857142856,228.79166666666663,428.8039289976359,342.6975901435986,185.8321812565232,263.5777375833856,0.0,0.0,2
2023-03-08,16412.0,2488.0,655.0,3,8,0,0,16855.0,17431.0,17862.0,1586.0,1505.0,2202.0,2641.0,3387.0,2203.0,0,0,1,0,0,0,0,15263.0,19031.0,17431.0,22794.0,19403.0,18141.0,17049.666666666668,17912.0,17235.60714285714,17438.75,1517.773918166561,2860.9288904793334,17356.83869633926,17457.212326864286,0.0,0.0,4
2023-03-08,371.0,528.0,1024.0,3,8,0,0,1004.0,156.0,477.0,332.0,361.0,116.0,327.5,40.0,30.0,0,0,1,0,0,0,0,235.0,278.0,156.0,120.0,369.0,412.0,505.6666666666667,333.92857142857144,333.92857142857144,314.7333333333333,304.92655243673414,275.72546107506554,447.7669057158832,295.2546384336563,0.0,0.0,5
2023-03-08,0.0,22190.0,0.0,3,8,0,0,0.0,0.0,0.0,1000.0,0.0,0.0,30090.0,23850.0,0.0,0,0,1,0,0,0,0,0.0,0.0,0.0,0.0,0.0,0.0,0.0,0.0,488.9285714285714,821.1666666666666,0.0,2581.576864862908,85.56582359578621,481.0898113037914,0.0,0.0,7
2023-03-08,460.0,0.0,0.0,3,8,0,0,225.0,205.0,0.0,0.0,415.0,0.0,135.0,0.0,215.0,0,0,1,0,0,0,0,0.0,765.0,205.0,0.0,275.0,395.0,330.0,229.28571428571428,162.14285714285714,129.83333333333334,263.3031929707109,165.70374131279436,212.5821727727798,173.80298443839553,0.0,0.0,8
2023-03-09,804.0,3054.0,529.7,3,9,0,0,187.0,88.0,1751.4,693.0,381.0,969.0,2141.0,2094.0,3700.0,0,0,0,1,0,0,0,486.0,766.0,88.0,766.0,1215.0,825.0,479.6666666666667,384.4285714285714,683.0214285714286,895.5333333333333,319.6909221643394,517.0074623174736,498.8179264988728,758.7255881621722,0.0,0.0,0
2023-03-09,272.0,187.0,0.0,3,9,0,0,361.0,706.5,393.0,253.0,617.0,319.5,605.0,240.0,503.0,0,0,0,1,0,0,0,297.25,195.0,706.5,746.0,411.5,1135.0,284.4166666666667,616.9642857142857,585.5535714285714,530.025,554.00907086007,363.2579730121509,512.5578936245026,540.6082319841296,0.0,0.0,1
2023-03-09,0.0,8217.9,4404.5,3,9,0,0,20.0,209.0,0.0,1987.0,1678.0,773.5,7161.8,12284.6,14344.0,0,0,0,1,0,0,0,0.0,0.0,209.0,120.0,35.0,0.0,6.666666666666667,254.7142857142857,250.67857142857144,225.95833333333331,440.73148071727087,344.1048487175377,144.37413594239237,247.86304483607043,0.0,0.0,2
2023-03-09,0.0,0.0,0.0,3,9,0,0,0.0,0.0,0.0,0.0,0.0,0.0,0.0,0.0,0.0,0,0,0,1,0,0,0,0.0,0.0,0.0,0.0,0.0,0.0,0.0,0.0,0.0,0.0,0.0,0.0,0.0,0.0,0.0,0.0,3
2023-03-09,17760.0,14745.0,1610.0,3,9,0,0,16412.0,18635.0,18771.0,655.0,1302.0,762.0,2488.0,2690.0,2008.0,0,0,0,1,0,0,0,16855.0,15263.0,18635.0,17627.0,19452.0,18550.0,16176.666666666666,17766.428571428572,16779.75,17390.416666666668,1617.2058060270576,2865.776064125151,17120.629022254445,17389.779273518205,0.0,0.0,4
2023-03-09,252.0,695.5,96.0,3,9,0,0,371.0,203.0,248.0,1024.0,438.0,380.0,528.0,1126.0,327.0,0,0,0,1,0,0,0,1004.0,235.0,203.0,404.0,80.0,280.0,536.6666666666666,364.6428571428572,351.85714285714283,311.2,294.6730835866693,274.249590575874,428.5751792869124,300.1414359540656,0.0,0.0,5
2023-03-09,0.0,19400.0,0.0,3,9,0,0,0.0,0.0,10945.0,0.0,0.0,33570.0,22190.0,14150.0,0.0,0,0,0,1,0,0,0,0.0,0.0,0.0,6845.0,0.0,0.0,0.0,0.0,488.9285714285714,821.1666666666666,0.0,2581.576864862908,64.17436769683965,450.05175896161137,0.0,0.0,7
2023-03-09,0.0,0.0,285.0,3,9,0,0,460.0,310.0,185.0,0.0,285.0,245.0,0.0,0.0,0.0,0,0,0,1,0,0,0,225.0,0.0,310.0,0.0,135.0,125.0,228.33333333333331,265.7142857142857,195.0,145.16666666666666,276.68316072462994,174.33362453548125,274.43662957958486,192.2673080230152,0.0,0.0,8
2023-03-10,956.0,1376.0,638.0,3,10,1,0,804.0,50.0,745.0,529.7,345.0,258.0,3054.0,2592.0,1673.0,0,0,0,0,1,0,0,187.0,486.0,50.0,873.0,1749.5,456.0,492.3333333333333,486.7142857142857,685.7357142857144,863.9533333333333,323.5602541957805,491.2179260273128,575.1134448741545,761.6465179581612,0.0,0.0,0
2023-03-10,155.0,456.74,405.0,3,10,1,0,272.0,716.0,518.5,0.0,361.0,238.0,187.0,290.0,97.0,0,0,0,0,1,0,0,361.0,297.25,716.0,899.0,526.0,462.0,310.0833333333333,554.8928571428571,551.6964285714286,525.9916666666667,566.5053665740006,365.49670079253775,452.418420218377,523.2786686303148,0.0,0.0,1
2023-03-10,754.0,6507.8,2050.0,3,10,1,0,0.0,1206.0,0.0,4404.5,1911.25,389.0,8217.9,11900.9,10748.0,0,0,0,0,1,0,0,20.0,0.0,1206.0,35.0,1425.0,0.0,6.666666666666667,224.8571428571429,242.1071428571429,225.95833333333331,451.2971779849093,344.1048487175377,108.28060195679429,231.87188065309812,0.0,0.0,2
2023-03-10,0.0,0.0,0.0,3,10,1,0,0.0,0.0,0.0,0.0,0.0,0.0,0.0,0.0,0.0,0,0,0,0,1,0,0,0.0,0.0,0.0,0.0,0.0,0.0,0.0,0.0,0.0,0.0,0.0,0.0,0.0,0.0,0.0,0.0,3
2023-03-10,15564.0,11977.68,760.0,3,10,1,0,17760.0,18402.0,18141.0,1610.0,260.0,495.0,14745.0,15048.76,4136.0,0,0,0,0,1,0,0,16412.0,16855.0,18402.0,17211.0,18313.0,20402.0,17009.0,17641.428571428572,16789.25,17356.716666666667,1572.0675194514672,2854.90510647097,17280.471766690833,17413.66448167832,0.0,0.0,4
2023-03-10,290.0,231.0,286.5,3,10,1,0,252.0,117.0,412.0,96.0,35.0,535.0,695.5,458.0,457.25,0,0,0,0,1,0,0,371.0,1004.0,117.0,293.0,86.0,431.0,542.3333333333334,371.6428571428572,341.0,311.3333333333333,290.7491350353592,274.21877539951424,384.4313844651843,297.0355368602549,0.0,0.0,5
2023-03-10,0.0,14400.0,0.0,3,10,1,0,0.0,0.0,0.0,0.0,3230.0,0.0,19400.0,0.0,26970.0,0,0,0,0,1,0,0,0.0,0.0,0.0,0.0,0.0,0.0,0.0,0.0,0.0,456.3333333333333,0.0,1736.6321615033548,48.13077577262974,421.01616160924937,0.0,0.0,7
2023-03-10,175.0,90.0,0.0,3,10,1,0,0.0,100.0,395.0,285.0,35.0,370.0,0.0,175.0,0.0,0,0,0,0,1,0,0,460.0,225.0,100.0,35.0,20.0,70.0,228.33333333333331,221.42857142857144,195.0,139.0,292.7557896625656,176.1386601124435,205.82747218468865,179.86296556991744,0.0,0.0,8
2023-03-11,241.0,1807.0,1087.4,3,11,1,0,956.0,275.0,825.0,638.0,674.8,801.0,1376.0,1927.5,3374.4,0,0,0,0,0,1,0,804.0,187.0,275.0,798.0,2197.4,1229.0,649.0,616.1428571428571,691.6642857142858,870.9866666666666,300.1096624965773,490.9665040427441,670.3350836556159,774.1854522834411,0.0,0.0,0
2023-03-11,131.0,142.5,115.0,3,11,1,0,155.0,263.0,1135.0,405.0,453.0,180.0,456.74,651.0,232.0,0,0,0,0,0,1,0,272.0,361.0,263.0,1116.0,197.0,431.0,262.6666666666667,474.75,498.5535714285714,513.875,579.4492536020734,371.72577924714415,378.0638151637828,499.5187545251332,0.0,0.0,1
2023-03-11,266.0,6813.6,848.0,3,11,1,0,754.0,348.0,0.0,2050.0,1701.75,1473.0,6507.8,8172.2,11124.85,0,0,0,0,0,1,0,0.0,20.0,348.0,740.0,200.0,66.0,258.0,160.28571428571428,293.4642857142857,251.09166666666667,291.59887647572447,354.4133842152685,269.7104514675957,265.5575657722531,0.0,0.0,2
2023-03-11,0.0,0.0,0.0,3,11,1,0,0.0,0.0,0.0,0.0,0.0,0.0,0.0,0.0,0.0,0,0,0,0,0,1,0,0.0,0.0,0.0,0.0,0.0,0.0,0.0,0.0,0.0,0.0,0.0,0.0,0.0,0.0,0.0,0.0,3
2023-03-11,14904.0,4441.0,768.0,3,11,1,0,15564.0,19767.0,18550.0,760.0,555.5,1365.0,11977.68,3255.0,1464.0,0,0,0,0,0,1,0,17760.0,16412.0,19767.0,5112.0,14888.0,16293.0,16578.666666666668,17236.0,16671.60714285714,17270.816666666666,1703.6730907072506,2869.226618384069,16851.353825018123,17294.331289311976,0.0,0.0,4
2023-03-11,838.5,734.0,1321.0,3,11,1,0,290.0,344.5,280.0,286.5,1495.75,734.0,231.0,776.0,791.0,0,0,0,0,0,1,0,252.0,371.0,344.5,248.0,56.0,421.0,304.3333333333333,396.3571428571428,340.7857142857143,307.26666666666665,272.2613196737212,273.57829155325066,360.8235383488882,296.5816312563676,0.0,0.0,5
2023-03-11,0.0,0.0,4000.0,3,11,1,0,0.0,0.0,0.0,0.0,10170.0,36420.0,14400.0,0.0,19425.0,0,0,0,0,0,1,0,0.0,0.0,0.0,0.0,0.0,0.0,0.0,0.0,0.0,456.3333333333333,0.0,1736.6321615033548,36.09808182947231,393.853828602201,0.0,0.0,7
2023-03-11,110.0,0.0,105.0,3,11,1,0,175.0,0.0,125.0,0.0,0.0,160.0,90.0,235.0,0.0,0,0,0,0,0,1,0,0.0,460.0,0.0,305.0,45.0,20.0,211.66666666666663,232.14285714285717,205.0,131.66666666666666,288.9183440417197,169.57011230905565,198.12060413851648,179.54922585572922,0.0,0.0,8
2023-03-12,458.0,1834.0,675.0,3,12,0,0,241.0,839.0,456.0,1087.4,632.1,570.5,1807.0,4099.5,2559.0,0,0,0,0,0,0,1,956.0,804.0,839.0,1498.4,1505.0,997.0,667.0,611.2857142857143,651.8785714285715,851.52,306.7527311944233,504.2507254025177,563.0013127417119,739.7863908457998,0.0,0.0,0
2023-03-12,281.0,110.0,127.0,3,12,0,0,131.0,1780.0,462.0,115.0,495.0,504.5,142.5,579.0,1063.0,0,0,0,0,0,0,1,155.0,272.0,1780.0,247.0,233.0,880.0,186.0,455.8928571428572,428.19642857142856,480.40833333333336,589.54862425176,358.8496015966744,316.2978613728371,475.7433510073826,0.0,0.0,1
2023-03-12,245.0,13621.0,308.0,3,12,0,0,266.0,0.0,0.0,848.0,740.0,625.0,6813.6,11364.6,9120.35,0,0,0,0,0,0,1,754.0,0.0,0.0,404.0,70.0,220.0,340.0,148.57142857142858,259.60714285714283,259.9583333333333,284.35825827223493,351.2280554154516,268.7828386006968,265.58610991597874,0.0,0.0,2
2023-03-12,0.0,0.0,0.0,3,12,0,0,0.0,0.0,0.0,0.0,0.0,0.0,0.0,0.0,0.1,0,0,0,0,0,0,1,0.0,0.0,0.0,0.0,0.0,0.0,0.0,0.0,0.0,0.0,0.0,0.0,0.0,0.0,0.0,0.0,3
2023-03-12,15144.0,3181.0,455.0,3,12,0,0,14904.0,19031.0,20402.0,768.0,250.0,782.0,4441.0,2532.0,15187.92,0,0,0,0,0,0,1,15564.0,17760.0,19031.0,19405.0,17090.0,14957.0,16076.0,16541.285714285714,17371.035714285714,17149.283333333333,1475.8545224474376,2890.3154632840437,16364.515368763592,17140.11636742088,0.0,0.0,4
2023-03-12,472.0,320.0,883.5,3,12,0,0,838.5,278.0,431.0,1321.0,963.0,535.0,734.0,281.5,176.0,0,0,0,0,0,0,1,290.0,252.0,278.0,42.5,256.0,338.0,460.1666666666667,466.9285714285714,382.9642857142857,325.8833333333333,316.93748444704204,290.15901357862305,480.2426537616662,331.5441066591825,0.0,0.0,5
2023-03-12,0.0,0.0,2300.0,3,12,0,0,0.0,0.0,0.0,4000.0,10255.0,1800.0,0.0,0.0,0.0,0,0,0,0,0,0,1,0.0,0.0,0.0,0.0,0.0,0.0,0.0,0.0,0.0,456.3333333333333,0.0,1736.6321615033548,27.07356137210423,368.4439041762526,0.0,0.0,7
2023-03-12,0.0,0.0,220.0,3,12,0,0,110.0,765.0,70.0,105.0,70.0,480.0,0.0,160.0,20.0,0,0,0,0,0,0,1,175.0,0.0,765.0,55.0,55.0,35.0,95.0,247.8571428571429,191.07142857142856,131.16666666666666,276.93045370720097,169.61255714194596,176.09045310388737,175.06217902632733,0.0,0.0,8
2023-03-13,342.0,1895.5,1103.0,3,13,0,0,458.0,766.0,1229.0,675.0,385.0,973.5,1834.0,2249.5,2197.0,1,0,0,0,0,0,0,241.0,956.0,766.0,956.9,578.0,924.0,551.6666666666666,556.8571428571429,577.5642857142857,851.5866666666666,293.1122814277996,504.1967601240017,536.7509845562839,721.6066236944579,0.0,0.0,0
2023-03-13,294.0,247.0,110.0,3,13,0,0,281.0,195.0,431.0,127.0,595.0,498.0,110.0,525.0,764.0,1,0,0,0,0,0,0,131.0,155.0,195.0,401.0,574.0,245.0,189.0,241.75,430.625,474.375,83.39976518751885,360.6866461085501,307.4733960296278,463.1792638456161,0.0,0.0,1
2023-03-13,192.75,10447.95,1639.0,3,13,0,0,245.0,0.0,66.0,308.0,1022.0,302.0,13621.0,10306.15,8513.45,1,0,0,0,0,0,0,266.0,754.0,0.0,80.0,152.5,435.0,421.6666666666667,183.57142857142856,248.25,268.125,278.0310876759752,347.8068153716449,262.8371289505226,264.25797379236724,0.0,0.0,2
2023-03-13,0.0,0.0,0.0,3,13,0,0,0.0,0.0,0.0,0.0,0.0,0.0,0.0,0.0,0.0,1,0,0,0,0,0,0,0.0,0.0,0.0,0.0,0.0,0.0,0.0,0.0,0.0,0.0,0.0,0.0,0.0,0.0,0.0,0.0,3
2023-03-13,17439.0,2396.0,795.0,3,13,0,0,15144.0,15263.0,16293.0,455.0,1453.5,357.0,3181.0,1909.0,2092.0,1,0,0,0,0,0,0,14904.0,15564.0,15263.0,16807.0,16477.0,17477.0,15204.0,15986.0,17066.678571428572,16974.016666666666,1053.8986352269872,2845.3423782934537,16059.386526572694,17011.334666296952,0.0,0.0,4
2023-03-13,318.0,1485.0,115.5,3,13,0,0,472.0,235.0,421.0,883.5,950.0,796.5,320.0,173.0,642.0,1,0,0,0,0,0,0,838.5,290.0,235.0,672.0,0.0,1228.0,533.5,494.6428571428572,413.6428571428572,327.25,305.9551593351704,290.76711115776914,478.18199032124966,340.60577719729974,0.0,0.0,5
2023-03-13,0.0,26210.0,0.0,3,13,0,0,0.0,0.0,0.0,2300.0,6000.0,0.0,0.0,27690.0,28000.0,1,0,0,0,0,0,0,0.0,0.0,0.0,0.0,0.0,0.0,0.0,0.0,0.0,456.3333333333333,0.0,1736.6321615033548,20.30517102907817,344.6733297132686,0.0,0.0,7
2023-03-13,337.5,0.0,90.0,3,13,0,0,0.0,0.0,20.0,220.0,0.0,0.0,0.0,320.0,505.0,1,0,0,0,0,0,0,110.0,175.0,0.0,270.0,0.0,110.0,95.0,138.57142857142858,187.14285714285717,128.83333333333334,168.59009178364852,170.95917708589104,132.06783982791552,163.76784489559654,0.0,0.0,8
2023-03-14,222.0,2555.5,260.0,3,14,0,0,342.0,486.0,997.0,1103.0,728.0,1196.0,1895.5,3413.5,4039.0,0,1,0,0,0,0,0,458.0,241.0,486.0,1214.0,1040.0,340.4,347.0,496.2857142857143,533.6428571428571,822.02,286.42318009413646,507.2994398332924,488.0632384172129,697.1158737786864,0.0,0.0,0
2023-03-14,272.0,343.0,459.0,3,14,0,0,294.0,297.25,880.0,110.0,507.0,503.5,247.0,691.0,296.0,0,1,0,0,0,0,0,281.0,131.0,297.25,110.0,91.0,621.0,235.33333333333331,255.89285714285717,422.9821428571428,469.8083333333333,82.5403761226961,362.1191916757313,304.10504702222084,452.2644726297699,0.0,0.0,1
2023-03-14,695.0,13476.15,854.5,3,14,0,0,192.75,0.0,220.0,1639.0,856.0,194.0,10447.95,12351.4,7517.85,0,1,0,0,0,0,0,245.0,266.0,0.0,102.5,414.5,53.0,234.58333333333331,211.1071428571429,256.30357142857144,272.35,266.109620940587,346.0321491940627,245.31534671289197,259.64455612834354,0.0,0.0,2
2023-03-14,0.0,0.0,0.0,3,14,0,0,0.0,0.0,0.0,0.0,0.0,0.0,0.0,0.0,0.0,0,1,0,0,0,0,0,0.0,0.0,0.0,0.0,0.0,0.0,0.0,0.0,0.0,0.0,0.0,0.0,0.0,0.0,0.0,0.0,3
2023-03-14,17199.0,2362.0,1085.0,3,14,0,0,17439.0,16855.0,14957.0,795.0,1586.0,918.0,2396.0,2641.0,2445.0,0,1,0,0,0,0,0,15144.0,14904.0,16855.0,16958.5,16938.0,16850.0,15829.0,16296.857142857143,17111.821428571428,17012.216666666667,1123.7043544413516,2843.576383660662,16404.28989492952,17038.925978148764,0.0,0.0,4
2023-03-14,833.25,4742.0,410.0,3,14,0,0,318.0,1004.0,338.0,115.5,332.0,764.0,1485.0,327.5,70.0,0,1,0,0,0,0,0,472.0,838.5,1004.0,558.0,0.0,85.0,542.8333333333334,506.5,388.3571428571428,323.81666666666666,295.6505538638478,290.22956084538623,438.1364927409372,339.1473399587643,0.0,0.0,5
2023-03-14,54.0,6.0,0.0,3,14,0,0,0.0,12.0,0.0,0.0,0.0,18.0,86.0,84.0,32.0,0,1,0,0,0,0,0,0.0,9.0,12.0,32.0,120.0,54.0,3.0,40.285714285714285,47.0,51.7,79.30891981299935,63.07857716017161,27.160027788756864,41.81639228587227,0.0,0.0,6
2023-03-14,0.0,89580.0,0.0,3,14,0,0,0.0,0.0,0.0,0.0,1000.0,0.0,26210.0,30090.0,14900.0,0,1,0,0,0,0,0,0.0,0.0,0.0,0.0,6845.0,0.0,0.0,0.0,0.0,456.3333333333333,0.0,1736.6321615033548,15.22887827180863,322.43634069950934,0.0,0.0,7
2023-03-14,70.0,90.0,0.0,3,14,0,0,337.5,225.0,35.0,90.0,0.0,140.0,0.0,135.0,220.0,0,1,0,0,0,0,0,0.0,110.0,225.0,0.0,0.0,155.0,149.16666666666666,186.78571428571428,191.9642857142857,139.41666666666666,170.60379468788128,173.79348046050148,183.42587987093663,174.97637103136452,0.0,0.0,8
2023-03-15,364.0,1855.5,174.0,3,15,0,0,222.0,187.0,924.0,260.0,693.0,282.0,2555.5,2141.0,3750.0,0,0,1,0,0,0,0,342.0,458.0,187.0,765.0,1319.0,432.0,340.6666666666667,458.57142857142856,462.7857142857143,796.1866666666666,304.79493496603976,517.7076160132867,421.5474288129097,666.4632367607066,0.0,0.0,0
2023-03-15,433.0,195.0,815.0,3,15,0,0,272.0,361.0,245.0,459.0,253.0,1564.0,343.0,605.0,165.0,0,0,1,0,0,0,0,294.0,281.0,361.0,360.0,695.0,290.0,282.3333333333333,252.28571428571428,434.5535714285714,449.5416666666667,80.96854180423846,355.3205333127796,296.07878526666565,440.63450665365576,0.0,0.0,1
2023-03-15,405.0,14442.9,792.0,3,15,0,0,695.0,20.0,435.0,854.5,1987.0,685.0,13476.15,7161.8,7458.25,0,0,1,0,0,0,0,192.75,245.0,20.0,245.0,43.0,155.25,377.5833333333333,310.3928571428572,298.625,288.18333333333334,301.5151964503219,354.322124367209,357.736510034669,287.7320041200633,0.0,0.0,2
2023-03-15,0.0,0.0,0.0,3,15,0,0,0.0,0.0,0.0,0.0,0.0,0.0,0.0,0.0,0.0,0,0,1,0,0,0,0,0.0,0.0,0.0,0.0,0.0,0.0,0.0,0.0,0.0,0.0,0.0,0.0,0.0,0.0,0.0,0.0,3
2023-03-15,18067.0,2799.0,660.0,3,15,0,0,17199.0,16412.0,17477.0,1085.0,655.0,1136.0,2362.0,2488.0,2098.0,0,0,1,0,0,0,0,17439.0,15144.0,16412.0,17431.0,22794.0,19403.0,16594.0,16346.0,17129.0,17086.95,1159.144943482039,2817.0374091685712,16602.96742119714,17049.25333439723,0.0,0.0,4
2023-03-15,0.0,1140.0,899.0,3,15,0,0,833.25,371.0,1228.0,410.0,1024.0,210.0,4742.0,528.0,1354.5,0,0,1,0,0,0,0,318.0,472.0,371.0,156.0,120.0,369.0,541.0833333333334,482.1071428571428,408.0178571428572,340.325,251.51200506233525,304.7841601317913,536.9148695557029,371.0249309291666,0.0,0.0,5
2023-03-15,109.0,0.0,21.0,3,15,0,0,54.0,219.0,0.0,0.0,16.0,0.0,6.0,112.0,43.0,0,0,1,0,0,0,0,0.0,0.0,219.0,5.0,104.0,0.0,18.0,46.285714285714285,48.57142857142857,53.5,78.39582107424324,62.31828756887693,33.87002084156765,42.60243149323535,0.0,0.0,6
2023-03-15,0.0,49080.0,0.0,3,15,0,0,0.0,0.0,0.0,0.0,0.0,10080.0,89580.0,22190.0,0.0,0,0,1,0,0,0,0,0.0,0.0,0.0,0.0,0.0,0.0,0.0,0.0,0.0,456.3333333333333,0.0,1736.6321615033548,11.421658703856473,301.6339961382507,0.0,0.0,7
2023-03-15,330.0,0.0,140.0,3,15,0,0,70.0,460.0,110.0,0.0,0.0,20.0,90.0,0.0,0.0,0,0,1,0,0,0,0,337.5,0.0,460.0,205.0,0.0,275.0,135.83333333333334,164.64285714285714,196.9642857142857,140.58333333333334,174.82389097930192,173.18477691189543,155.06940990320248,168.20370193256684,0.0,0.0,8
2023-03-16,274.5,2499.0,390.0,3,16,0,0,364.0,804.0,340.4,174.0,529.7,526.0,1855.5,3054.0,4156.0,0,0,0,1,0,0,0,222.0,342.0,804.0,88.0,766.0,1215.0,309.3333333333333,483.8571428571428,434.1428571428572,777.52,285.22413909732387,523.0088621916786,407.1605716096823,646.9494795503385,0.0,0.0,0
2023-03-16,356.0,182.0,232.0,3,16,0,0,433.0,272.0,621.0,815.0,0.0,254.0,195.0,187.0,165.0,0,0,0,1,0,0,0,272.0,294.0,272.0,706.5,746.0,411.5,333.0,262.57142857142856,439.7678571428572,455.8083333333333,99.52697648185138,353.24046515265536,330.30908894999925,440.1419578372909,0.0,0.0,1
2023-03-16,548.0,13983.1,798.0,3,16,0,0,405.0,0.0,53.0,792.0,4404.5,1150.0,14442.9,8217.9,9437.5,0,0,0,1,0,0,0,695.0,192.75,0.0,209.0,120.0,35.0,430.9166666666667,365.3928571428572,310.05357142857144,287.18333333333334,273.53122373349424,353.93560035040593,369.55238252600174,295.2976812736076,0.0,0.0,2
2023-03-16,0.0,0.0,0.0,3,16,0,0,0.0,0.0,0.0,0.0,0.0,0.0,0.0,0.0,0.0,0,0,0,1,0,0,0,0.0,0.0,0.0,0.0,0.0,0.0,0.0,0.0,0.0,0.0,0.0,0.0,0.0,0.0,0.0,0.0,3
2023-03-16,14758.0,10686.0,5590.0,3,16,0,0,18067.0,17760.0,16850.0,660.0,1610.0,1570.0,2799.0,14745.0,23947.08,0,0,0,1,0,0,0,17199.0,17439.0,17760.0,18635.0,17627.0,19452.0,17568.333333333332,16582.428571428572,17174.428571428572,17106.616666666665,1330.9080680927098,2821.90965446956,16968.975565897854,17114.91440959741,0.0,0.0,4
2023-03-16,164.5,25005.0,170.0,3,16,0,0,0.0,252.0,85.0,899.0,96.0,438.0,1140.0,695.5,1050.0,0,0,0,1,0,0,0,833.25,318.0,252.0,203.0,404.0,80.0,383.75,429.1071428571428,396.875,299.39166666666665,310.90438834226217,260.7347846862829,402.6861521667772,347.08783861115586,0.0,0.0,5
2023-03-16,0.0,140.0,50.0,3,16,0,0,109.0,25.0,54.0,21.0,84.0,74.0,0.0,0.0,22.0,0,0,0,1,0,0,0,54.0,0.0,25.0,61.0,84.0,71.0,54.333333333333336,30.571428571428573,56.0,57.13333333333333,39.26345689848318,62.26901223768907,52.65251563117574,46.88614559044598,0.0,0.0,6
2023-03-16,0.0,74120.0,5000.0,3,16,0,0,0.0,0.0,0.0,0.0,0.0,10080.0,49080.0,19400.0,9750.0,0,0,0,1,0,0,0,0.0,0.0,0.0,0.0,6845.0,0.0,0.0,0.0,0.0,456.3333333333333,0.0,1736.6321615033548,8.566244027892354,282.17373832287973,0.0,0.0,7
2023-03-16,70.0,0.0,260.0,3,16,0,0,330.0,0.0,155.0,140.0,285.0,335.0,0.0,0.0,0.0,0,0,0,1,0,0,0,70.0,337.5,0.0,310.0,0.0,135.0,245.83333333333331,146.07142857142858,205.89285714285717,147.91666666666666,142.0523461531665,176.4717464605895,198.80205742740185,178.64217277562705,0.0,0.0,8
2023-03-17,1188.0,1478.0,503.0,3,17,1,0,274.5,956.0,432.0,390.0,638.0,1566.0,2499.0,1376.0,2181.0,0,0,0,0,1,0,0,364.0,222.0,956.0,50.0,873.0,1749.5,286.8333333333333,408.2142857142857,447.4642857142857,775.3233333333334,254.7557420260397,525.0425366566507,373.9954287072617,622.9204808696716,0.0,0.0,0
2023-03-17,1321.0,953.0,732.0,3,17,1,0,356.0,155.0,290.0,232.0,405.0,1063.0,182.0,456.74,173.5,0,0,0,0,1,0,0,433.0,272.0,155.0,716.0,899.0,526.0,353.6666666666667,274.57142857142856,414.7321428571428,446.975,105.72425950376288,352.2792066524154,336.73181671249944,434.7134444284334,0.0,0.0,1
2023-03-17,608.0,12903.1,2569.0,3,17,1,0,548.0,754.0,155.25,798.0,2050.0,1065.0,13983.1,6507.8,10877.45,0,0,0,0,1,0,0,405.0,695.0,754.0,1206.0,35.0,1425.0,549.3333333333334,443.6785714285714,334.2678571428572,303.68333333333334,225.77600968131907,354.179862093603,414.1642868945013,311.6010566753104,0.0,0.0,2
2023-03-17,0.0,0.0,0.0,3,17,1,0,0.0,0.0,0.0,0.0,0.0,0.0,0.0,0.0,0.0,0,0,0,0,1,0,0,0.0,0.0,0.0,0.0,0.0,0.0,0.0,0.0,0.0,0.0,0.0,0.0,0.0,0.0,0.0,0.0,3
2023-03-17,14980.0,11208.2,1819.0,3,17,1,0,14758.0,15564.0,19403.0,5590.0,760.0,640.0,10686.0,11977.68,1695.0,0,0,0,0,1,0,0,18067.0,17199.0,15564.0,18402.0,17211.0,18313.0,16674.666666666668,16153.57142857143,16897.5,17036.883333333335,1371.2727490841964,2854.1338129328205,16416.23167442339,16962.85541542984,0.0,0.0,4
2023-03-17,260.0,400.0,1164.5,3,17,1,0,164.5,290.0,369.0,170.0,286.5,483.0,25005.0,231.0,472.5,0,0,0,0,1,0,0,0.0,833.25,290.0,117.0,293.0,86.0,332.5833333333333,416.6071428571428,394.125,302.0416666666667,320.8128951436899,258.87805080149536,343.1396141250829,335.30797805559746,0.0,0.0,5
2023-03-17,65.0,127.0,16.0,3,17,1,0,0.0,17.0,0.0,50.0,0.0,0.0,140.0,74.0,41.0,0,0,0,0,1,0,0,109.0,54.0,17.0,123.0,160.0,188.0,54.333333333333336,27.0,51.642857142857146,55.333333333333336,40.95526014242044,63.137143193010495,39.489386723381806,43.86123297170753,0.0,0.0,6
2023-03-17,0.0,20850.0,11700.0,3,17,1,0,0.0,0.0,0.0,5000.0,0.0,20000.0,74120.0,14400.0,0.0,0,0,0,0,1,0,0,0.0,0.0,0.0,0.0,0.0,0.0,0.0,0.0,0.0,456.3333333333333,0.0,1736.6321615033548,6.424683020919266,263.9689810117262,0.0,0.0,7
2023-03-17,150.0,0.0,295.0,3,17,1,0,70.0,175.0,275.0,260.0,0.0,110.0,0.0,90.0,35.0,0,0,0,0,1,0,0,330.0,70.0,175.0,100.0,35.0,20.0,156.66666666666666,156.07142857142858,188.75,145.08333333333334,132.17615410612348,177.0355547444585,166.60154307055137,171.6330003384898,0.0,0.0,8
2023-03-18,590.0,1493.0,718.0,3,18,1,0,1188.0,241.0,1215.0,503.0,1087.4,1259.0,1478.0,1807.0,3598.5,0,0,0,0,0,1,0,274.5,364.0,241.0,275.0,798.0,2197.4,608.8333333333334,441.3571428571428,528.75,800.5233333333333,339.0453158362112,526.1375267199521,577.4965715304463,659.3772240393702,0.0,0.0,0
2023-03-18,425.0,135.0,337.0,3,18,1,0,1321.0,131.0,411.5,732.0,115.0,584.5,953.0,142.5,512.0,0,0,0,0,0,1,0,356.0,433.0,131.0,263.0,1116.0,197.0,703.3333333333334,441.1428571428572,457.94642857142856,481.3416666666666,398.6558367696077,385.1898349903397,582.7988625343746,491.8932222072441,0.0,0.0,1
2023-03-18,742.0,11557.5,736.0,3,18,1,0,608.0,266.0,35.0,2569.0,848.0,1046.0,12903.1,6813.6,11871.0,0,0,0,0,0,1,0,548.0,405.0,266.0,348.0,740.0,200.0,520.3333333333334,422.82142857142856,291.55357142857144,318.775,197.27554303803703,357.26939964460115,462.623215170876,330.7235691478711,0.0,0.0,2
2023-03-18,0.0,0.0,0.0,3,18,1,0,0.0,0.0,0.0,0.0,0.0,0.0,0.0,0.0,0.0,0,0,0,0,0,1,0,0.0,0.0,0.0,0.0,0.0,0.0,0.0,0.0,0.0,0.0,0.0,0.0,0.0,0.0,0.0,0.0,3
2023-03-18,19840.0,2593.0,1055.0,3,18,1,0,14980.0,14904.0,19452.0,1819.0,768.0,428.5,11208.2,4441.0,830.0,0,0,0,0,0,1,0,14758.0,18067.0,14904.0,19767.0,5112.0,14888.0,15935.0,16070.142857142857,16653.071428571428,16889.45,1429.6437118586991,2841.906100119523,16057.173755817545,16834.929259595658,0.0,0.0,4
2023-03-18,111.0,191.0,660.0,3,18,1,0,260.0,838.5,80.0,1164.5,1321.0,131.0,400.0,734.0,442.0,0,0,0,0,0,1,0,164.5,0.0,838.5,344.5,248.0,56.0,141.5,412.32142857142856,404.3392857142857,298.40833333333336,322.9791890317687,258.6707106846308,322.3547105938122,330.44939882620406,0.0,0.0,5
2023-03-18,0.0,42.0,0.0,3,18,1,0,65.0,9.0,71.0,16.0,35.0,0.0,127.0,196.0,0.0,0,0,0,0,0,1,0,0.0,109.0,9.0,9.0,46.0,0.0,58.0,33.857142857142854,47.5,57.5,42.97064335655436,62.2823105455839,45.86704004253635,45.22502439288769,0.0,0.0,6
2023-03-18,0.0,0.0,1850.0,3,18,1,0,0.0,0.0,0.0,11700.0,4000.0,0.0,20850.0,0.0,6460.0,0,0,0,0,0,1,0,0.0,0.0,0.0,0.0,0.0,0.0,0.0,0.0,0.0,456.3333333333333,0.0,1736.6321615033548,4.818512265689449,246.93872417226,0.0,0.0,7
2023-03-18,0.0,0.0,160.0,3,18,1,0,150.0,110.0,135.0,295.0,105.0,165.0,0.0,0.0,0.0,0,0,0,0,0,1,0,70.0,330.0,110.0,0.0,305.0,45.0,183.33333333333331,152.5,192.32142857142856,140.91666666666666,131.91695620098776,175.33524948692911,162.45115730291354,170.2373228972969,0.0,0.0,8
2023-03-19,629.0,1207.0,365.0,3,19,0,0,590.0,458.0,1749.5,718.0,675.0,689.0,1493.0,1834.0,2451.0,0,0,0,0,0,0,1,1188.0,274.5,458.0,839.0,1498.4,1505.0,684.1666666666666,491.2142857142857,551.25,779.6899999999999,330.2175869966722,521.5133332841101,580.6224286478348,654.9012741013464,0.0,0.0,0
2023-03-19,277.0,160.0,81.0,3,19,0,0,425.0,281.0,526.0,337.0,127.0,117.0,135.0,110.0,176.0,0,0,0,0,0,0,1,1321.0,356.0,281.0,1780.0,247.0,233.0,700.6666666666666,483.1428571428572,469.5178571428572,481.7916666666667,375.3404803514752,385.1133066772493,543.349146900781,487.57753045193806,0.0,0.0,1
2023-03-19,5.0,9148.6,1721.5,3,19,0,0,742.0,245.0,1425.0,736.0,308.0,1507.0,11557.5,13621.0,17790.45,0,0,0,0,0,0,1,608.0,548.0,245.0,0.0,404.0,70.0,632.6666666666666,490.82142857142856,319.69642857142856,342.34166666666664,215.4142672796281,361.2015776121973,532.467411378157,357.25753242865363,0.0,0.0,2
2023-03-19,0.0,0.0,0.0,3,19,0,0,0.0,0.0,0.0,0.0,0.0,0.0,0.0,0.0,0.0,0,0,0,0,0,0,1,0.0,0.0,0.0,0.0,0.0,0.0,0.0,0.0,0.0,0.0,0.0,0.0,0.0,0.0,0.0,0.0,3
2023-03-19,15982.0,735.0,1524.0,3,19,0,0,19840.0,15144.0,18313.0,1055.0,455.0,1380.0,2593.0,3181.0,11107.76,0,0,0,0,0,0,1,14980.0,14758.0,15144.0,19031.0,19405.0,17090.0,16526.0,16775.285714285714,16658.285714285714,16902.383333333335,1898.8871929181453,2854.8237631556467,17002.880316863157,17028.80479123465,0.0,0.0,4
2023-03-19,81.0,114.0,254.0,3,19,0,0,111.0,472.0,86.0,660.0,883.5,728.0,191.0,320.0,416.5,0,0,0,0,0,0,1,260.0,164.5,472.0,278.0,42.5,256.0,178.5,308.3928571428572,387.6607142857143,299.44166666666666,276.72240366561607,257.8286794470357,269.51603294535914,316.2913730954813,0.0,0.0,5
2023-03-19,0.0,62.0,25.0,3,19,0,0,0.0,0.0,188.0,0.0,47.0,18.0,42.0,0.0,0.0,0,0,0,0,0,0,1,65.0,0.0,0.0,9.0,66.0,0.0,21.666666666666668,32.57142857142857,46.85714285714285,55.13333333333333,43.96156329817044,63.095293738550914,34.40028003190226,42.30728088366913,0.0,0.0,6
2023-03-19,7100.0,0.0,0.0,3,19,0,0,0.0,0.0,0.0,1850.0,2300.0,0.0,0.0,0.0,9575.0,0,0,0,0,0,0,1,0.0,0.0,0.0,0.0,0.0,0.0,0.0,0.0,0.0,456.3333333333333,0.0,1736.6321615033548,3.613884199267087,231.0071935805013,0.0,0.0,7
2023-03-19,35.0,0.0,180.0,3,19,0,0,0.0,0.0,20.0,160.0,220.0,275.0,0.0,0.0,0.0,0,0,0,0,0,0,1,150.0,70.0,0.0,765.0,55.0,55.0,73.33333333333333,136.78571428571428,192.32142857142856,136.41666666666666,143.83667159399263,177.21466056604976,121.83836797718516,159.25426980714877,0.0,0.0,8
2023-03-20,356.0,3182.0,252.0,3,20,0,0,629.0,342.0,2197.4,365.0,1103.0,1026.0,1207.0,1895.5,3515.0,1,0,0,0,0,0,0,590.0,1188.0,342.0,766.0,956.9,578.0,802.3333333333334,515.6428571428571,536.25,742.3399999999999,333.65809774449684,488.7575349802802,592.7168214858762,653.2302241593242,0.0,0.0,0
2023-03-20,95.0,2010.0,147.0,3,20,0,0,277.0,294.0,197.0,81.0,110.0,281.0,160.0,247.0,464.0,1,0,0,0,0,0,0,425.0,1321.0,294.0,195.0,401.0,574.0,674.3333333333334,482.57142857142856,362.1607142857143,473.4916666666667,375.7023898171073,386.80718088833567,476.76186017558575,473.9918833260066,0.0,0.0,1
2023-03-20,0.0,8455.95,1262.0,3,20,0,0,5.0,192.75,200.0,1721.5,1639.0,2039.0,9148.6,10447.95,9475.45,1,0,0,0,0,0,0,742.0,608.0,192.75,0.0,80.0,152.5,451.6666666666667,456.5357142857143,320.05357142857144,295.0083333333333,272.57584680581067,302.74421947935,400.6005585336177,334.5312400139018,0.0,0.0,2
2023-03-20,0.0,0.0,0.0,3,20,0,0,0.0,0.0,0.0,0.0,0.0,0.0,0.0,0.0,0.0,1,0,0,0,0,0,0,0.0,0.0,0.0,0.0,0.0,0.0,0.0,0.0,0.0,0.0,0.0,0.0,0.0,0.0,0.0,0.0,3
2023-03-20,18441.0,1162.5,2462.5,3,20,0,0,15982.0,17439.0,14888.0,1524.0,795.0,787.0,735.0,2396.0,1086.0,1,0,0,0,0,0,0,19840.0,14980.0,17439.0,15263.0,16807.0,16477.0,16934.0,16895.0,16440.5,16824.683333333334,1802.892305898123,2846.8172805824747,16747.660237647367,16961.26899825177,0.0,0.0,4
2023-03-20,0.0,574.0,306.0,3,20,0,0,81.0,318.0,56.0,254.0,115.5,880.0,114.0,1485.0,300.5,1,0,0,0,0,0,0,111.0,260.0,318.0,235.0,672.0,0.0,150.66666666666666,252.53571428571428,373.5892857142857,299.275,277.6544025617184,257.9729866738924,222.38702470901936,301.1112845086761,0.0,0.0,5
2023-03-20,0.0,84.0,22.0,3,20,0,0,0.0,0.0,0.0,25.0,0.0,12.0,62.0,86.0,79.0,1,0,0,0,0,0,0,0.0,65.0,0.0,137.0,0.0,0.0,21.666666666666668,32.57142857142857,46.21428571428572,48.86666666666667,43.96156329817044,58.62136443154569,25.80021002392669,39.57777889117435,0.0,0.0,6
2023-03-20,0.0,0.0,32210.0,3,20,0,0,7100.0,0.0,0.0,0.0,0.0,0.0,0.0,26210.0,15500.0,1,0,0,0,0,0,0,0.0,0.0,0.0,0.0,0.0,0.0,2366.6666666666665,1014.2857142857144,507.1428571428572,693.0,2683.5477583655133,2114.894470343533,1777.7104131494502,674.1680198011142,0.0,0.0,7
2023-03-20,50.0,40.0,205.0,3,20,0,0,35.0,337.5,45.0,180.0,90.0,350.0,0.0,0.0,0.0,1,0,0,0,0,0,0,0.0,150.0,337.5,0.0,270.0,0.0,61.66666666666666,141.78571428571428,140.17857142857142,136.91666666666666,138.80977905718586,176.89574580825135,100.12877598288888,151.23786530346172,0.0,0.0,8
2023-03-21,449.0,1855.0,325.0,3,21,0,0,356.0,222.0,1505.0,252.0,260.0,844.0,3182.0,2555.5,4452.22,0,1,0,0,0,0,0,629.0,590.0,222.0,486.0,1214.0,1040.0,525.0,517.6428571428571,506.9642857142857,680.9599999999999,332.4836730685326,408.8110503601284,533.5376161144071,634.0540806651743,0.0,0.0,0
2023-03-21,619.5,433.5,505.0,3,21,0,0,95.0,272.0,233.0,147.0,459.0,349.0,2010.0,343.0,346.5,0,1,0,0,0,0,0,277.0,425.0,272.0,297.25,110.0,91.0,265.6666666666667,454.1428571428572,355.0178571428572,470.0916666666666,399.1467685665798,389.7583495562996,381.3213951316893,449.5407940791675,0.0,0.0,1
2023-03-21,172.0,8020.55,1957.5,3,21,0,0,0.0,695.0,70.0,1262.0,854.5,2627.0,8455.95,13476.15,11197.5,0,1,0,0,0,0,0,5.0,742.0,695.0,0.0,102.5,414.5,249.0,429.0,320.05357142857144,288.34166666666664,310.7303225199198,307.0795589608809,300.45041890021326,312.94857936784365,0.0,0.0,2
2023-03-21,0.0,0.0,0.0,3,21,0,0,0.0,0.0,0.0,0.0,0.0,0.0,0.0,0.0,0.0,0,1,0,0,0,0,0,0.0,0.0,0.0,0.0,0.0,0.0,0.0,0.0,0.0,0.0,0.0,0.0,0.0,0.0,0.0,0.0,3
2023-03-21,16295.0,2321.0,1315.0,3,21,0,0,18441.0,17199.0,17090.0,2462.5,1085.0,1061.0,1162.5,2362.0,1487.0,0,1,0,0,0,0,0,15982.0,19840.0,17199.0,16855.0,16958.5,16938.0,18087.666666666668,17038.14285714286,16667.5,16943.116666666665,1890.911370086868,2837.3593469114467,17170.995178235527,17056.73551449359,0.0,0.0,4
2023-03-21,0.0,518.0,0.0,3,21,0,0,0.0,833.25,256.0,306.0,410.0,127.0,574.0,4742.0,137.0,0,1,0,0,0,0,0,81.0,111.0,833.25,1004.0,558.0,0.0,64.0,207.1071428571429,356.80357142857144,297.40833333333336,290.8591389151735,259.9887305526296,166.79026853176453,281.6847500242454,0.0,0.0,5
2023-03-21,0.0,144.0,22.0,3,21,0,0,0.0,54.0,0.0,22.0,0.0,0.0,84.0,6.0,148.0,0,1,0,0,0,0,0,0.0,0.0,54.0,12.0,32.0,120.0,0.0,32.57142857142857,36.42857142857143,48.86666666666667,43.96156329817044,58.62136443154569,19.35015751794502,37.02437380142116,0.0,0.0,6
2023-03-21,2250.0,19160.0,0.0,3,21,0,0,0.0,0.0,0.0,32210.0,0.0,0.0,0.0,89580.0,5250.0,0,1,0,0,0,0,0,7100.0,0.0,0.0,0.0,0.0,6845.0,2366.6666666666665,1014.2857142857144,507.1428571428572,693.0,2683.5477583655133,2114.894470343533,1333.2828098620876,630.6733088462036,0.0,0.0,7
2023-03-21,80.0,0.0,35.0,3,21,0,0,50.0,70.0,55.0,205.0,0.0,155.0,40.0,90.0,0.0,0,1,0,0,0,0,0,35.0,0.0,70.0,225.0,0.0,0.0,28.33333333333333,100.71428571428572,143.75,137.08333333333334,110.99656794350936,176.8084919230181,87.59658198716664,144.70639012259323,0.0,0.0,8
2023-03-22,244.0,2154.0,1267.0,3,22,0,0,449.0,364.0,578.0,325.0,174.0,908.0,1855.0,1855.5,2629.0,0,0,1,0,0,0,0,356.0,629.0,364.0,187.0,765.0,1319.0,478.0,550.0714285714286,504.32142857142856,645.76,309.0895809431613,379.8484312967745,512.4032120858053,622.1151077190341,0.0,0.0,0
2023-03-22,542.0,0.0,60.0,3,22,0,0,619.5,433.0,574.0,505.0,815.0,318.0,433.5,195.0,309.5,0,0,1,0,0,0,0,95.0,277.0,433.0,361.0,360.0,695.0,330.5,503.7857142857143,378.0357142857143,482.975,394.2978841289557,388.0351274424912,440.866046348767,460.50590413857606,0.0,0.0,1
2023-03-22,215.0,5713.65,779.5,3,22,0,0,172.0,405.0,152.5,1957.5,792.0,1691.75,8020.55,14442.9,12545.2,0,0,1,0,0,0,0,0.0,5.0,405.0,20.0,245.0,43.0,59.0,354.2857142857143,332.3392857142857,291.7416666666667,298.75782516151463,305.1372393562509,268.33781417516,303.85512263443445,0.0,0.0,2
2023-03-22,0.0,0.0,0.0,3,22,0,0,0.0,0.0,0.0,0.0,0.0,0.0,0.0,0.0,0.0,0,0,1,0,0,0,0,0.0,0.0,0.0,0.0,0.0,0.0,0.0,0.0,0.0,0.0,0.0,0.0,0.0,0.0,0.0,0.0,3
2023-03-22,15220.0,4132.75,196.0,3,22,0,0,16295.0,18067.0,16477.0,1315.0,660.0,395.0,2321.0,2799.0,1505.0,0,0,1,0,0,0,0,18441.0,15982.0,18067.0,16412.0,17431.0,22794.0,16906.0,16909.0,16627.5,16916.616666666665,1908.8790777137556,2839.651792893816,16951.996383676647,17007.591287752068,0.0,0.0,4
2023-03-22,65.0,1185.0,149.0,3,22,0,0,0.0,0.0,0.0,0.0,899.0,0.0,518.0,1140.0,278.0,0,0,1,0,0,0,0,0.0,81.0,0.0,371.0,156.0,120.0,27.0,88.07142857142857,285.0892857142857,288.875,99.36985985508416,265.5367104791143,125.0927013988234,263.51154034526184,0.0,0.0,5
2023-03-22,16.0,197.0,0.0,3,22,0,0,0.0,109.0,0.0,22.0,21.0,0.0,144.0,0.0,57.0,0,0,1,0,0,0,0,0.0,0.0,109.0,219.0,5.0,104.0,0.0,24.857142857142858,35.57142857142857,48.86666666666667,44.31112942000225,58.62136443154569,14.512618138458766,34.63570452391012,0.0,0.0,6
2023-03-22,0.0,0.0,11160.0,3,22,0,0,2250.0,0.0,0.0,0.0,0.0,27025.0,19160.0,49080.0,18510.0,0,0,1,0,0,0,0,0.0,7100.0,0.0,0.0,0.0,0.0,3116.6666666666665,1335.7142857142858,667.8571428571429,768.0,2676.551619421634,2129.3177634939866,1562.4621073965657,735.1459985980614,0.0,0.0,7
2023-03-22,20.0,205.0,255.0,3,22,0,0,80.0,330.0,0.0,35.0,140.0,0.0,0.0,0.0,370.0,0,0,1,0,0,0,0,50.0,35.0,330.0,460.0,205.0,0.0,55.0,102.14285714285714,133.39285714285714,137.91666666666666,110.59901833715726,176.46686136756537,85.69743649037498,140.53178430823235,0.0,0.0,8
2023-03-23,536.0,2598.0,268.0,3,23,0,0,244.0,274.5,1040.0,1267.0,390.0,965.0,2154.0,2499.0,3025.5,0,0,0,1,0,0,0,449.0,356.0,274.5,804.0,88.0,766.0,349.6666666666667,532.9285714285714,508.3928571428572,634.6266666666667,324.09314872057854,386.7352849736857,445.302409064354,597.7205846403867,0.0,0.0,0
2023-03-23,0.0,215.0,0.0,3,23,0,0,542.0,356.0,91.0,60.0,232.0,126.0,0.0,182.0,638.0,0,0,0,1,0,0,0,619.5,95.0,356.0,272.0,706.5,746.0,418.8333333333333,519.3571428571429,390.9642857142857,481.90833333333336,393.1872660583964,387.8202040946591,466.1495347615752,465.7635877425389,0.0,0.0,1
2023-03-23,0.0,9503.0,1192.0,3,23,0,0,215.0,548.0,414.5,779.5,798.0,2569.5,5713.65,13983.1,17937.3,0,0,0,1,0,0,0,172.0,0.0,548.0,0.0,209.0,120.0,129.0,327.1428571428572,346.2678571428572,293.825,301.9958214785036,304.36616693973417,255.00336063137,298.1225340773742,0.0,0.0,2
2023-03-23,0.0,0.0,0.0,3,23,0,0,0.0,0.0,0.0,0.0,0.0,0.0,0.0,0.0,0.0,0,0,0,1,0,0,0,0.0,0.0,0.0,0.0,0.0,0.0,0.0,0.0,0.0,0.0,0.0,0.0,0.0,0.0,0.0,0.0,3
2023-03-23,16332.0,9473.5,289.0,3,23,0,0,15220.0,14758.0,16938.0,196.0,5590.0,485.0,4132.75,10686.0,2163.0,0,0,0,1,0,0,0,16295.0,18441.0,14758.0,17760.0,18635.0,17627.0,16652.0,16502.285714285714,16542.35714285714,16874.716666666667,1924.2642502426445,2855.5911510800074,16518.997287757484,16892.262817574516,0.0,0.0,4
2023-03-23,0.0,471.0,0.0,3,23,0,0,65.0,164.5,0.0,149.0,170.0,271.0,1185.0,25005.0,17764.0,0,0,0,1,0,0,0,0.0,0.0,164.5,252.0,203.0,404.0,21.666666666666668,97.35714285714286,263.23214285714283,291.0416666666667,92.5728156127716,263.3545538790825,110.06952604911754,250.70434419395465,0.0,0.0,5
2023-03-23,0.0,0.0,50.0,3,23,0,0,16.0,0.0,120.0,0.0,50.0,9.0,197.0,140.0,12.0,0,0,0,1,0,0,0,0.0,0.0,0.0,25.0,61.0,84.0,5.333333333333333,11.571428571428571,21.071428571428573,49.4,24.302655155744738,58.232944817078966,14.884463603844075,33.433401006238505,0.0,0.0,6
2023-03-23,140.0,0.0,0.0,3,23,0,0,20.0,70.0,0.0,255.0,260.0,55.0,205.0,0.0,0.0,0,0,0,1,0,0,0,80.0,50.0,70.0,0.0,310.0,0.0,50.0,57.85714285714285,101.96428571428572,138.58333333333334,49.14749424412383,175.9649300548135,69.27307736778124,132.75554015931417,0.0,0.0,8
2023-03-24,344.0,1580.0,310.0,3,24,1,0,536.0,1188.0,1319.0,268.0,503.0,785.0,2598.0,1478.0,2569.0,0,0,0,0,1,0,0,244.0,449.0,1188.0,956.0,50.0,873.0,409.6666666666667,570.2857142857143,489.25,617.8266666666666,303.774430724353,379.3957863664848,467.9768067982655,593.7386114377812,0.0,0.0,0
2023-03-24,0.0,50.0,52.5,3,24,1,0,0.0,1321.0,695.0,0.0,732.0,2647.5,215.0,953.0,1137.0,0,0,0,0,1,0,0,542.0,619.5,1321.0,155.0,716.0,899.0,387.1666666666667,468.5,371.5357142857143,478.875,438.2766439894632,391.3231795063583,349.6121510711814,435.7143240172138,0.0,0.0,1
2023-03-24,398.0,7320.0,460.0,3,24,1,0,0.0,608.0,43.0,1192.0,2569.0,2447.25,9503.0,12903.1,15100.7,0,0,0,0,1,0,0,215.0,172.0,608.0,754.0,1206.0,35.0,129.0,248.8571428571429,346.2678571428572,280.0083333333333,306.2006034020991,308.0846172623328,191.25252047352743,278.8888222014146,0.0,0.0,2
2023-03-24,0.0,0.0,0.0,3,24,1,0,0.0,0.0,0.0,0.0,0.0,0.0,0.0,0.0,0.0,0,0,0,0,1,0,0,0.0,0.0,0.0,0.0,0.0,0.0,0.0,0.0,0.0,0.0,0.0,0.0,0.0,0.0,0.0,0.0,3
2023-03-24,14344.0,14109.32,145.0,3,24,1,0,16332.0,14980.0,22794.0,289.0,1819.0,1688.0,9473.5,11208.2,34695.0,0,0,0,0,1,0,0,15220.0,16295.0,14980.0,15564.0,18402.0,17211.0,15949.0,16727.14285714286,16440.35714285714,16854.516666666666,1772.441670744191,2857.27093836582,16472.24796581811,16856.1168293439,0.0,0.0,4
2023-03-24,0.0,300.0,0.0,3,24,1,0,0.0,260.0,120.0,0.0,1164.5,612.0,471.0,400.0,39.0,0,0,0,0,1,0,0,65.0,0.0,260.0,290.0,117.0,293.0,21.666666666666668,73.85714285714286,245.2321428571429,291.0416666666667,93.56179521476462,263.3545538790825,82.55214453683816,234.52987037498983,0.0,0.0,5
2023-03-24,5.0,0.0,0.0,3,24,1,0,0.0,65.0,104.0,50.0,16.0,0.0,0.0,127.0,88.0,0,0,0,0,1,0,0,16.0,0.0,65.0,17.0,123.0,160.0,5.333333333333333,11.571428571428571,19.285714285714285,45.4,24.302655155744738,57.33062009083801,11.163347702883057,31.2764073929328,0.0,0.0,6
2023-03-24,0.0,35.0,90.0,3,24,1,0,140.0,150.0,0.0,0.0,295.0,0.0,0.0,0.0,800.0,0,0,0,0,1,0,0,20.0,80.0,150.0,175.0,100.0,35.0,80.0,67.85714285714286,111.96428571428572,143.25,58.29930980560162,174.00845946538703,86.95480802583593,133.22292466516487,0.0,0.0,8
2023-03-25,100.0,1319.0,375.0,3,25,1,0,344.0,590.0,766.0,310.0,718.0,259.0,1580.0,1493.0,2853.0,0,0,0,0,0,1,0,536.0,244.0,590.0,241.0,275.0,798.0,374.6666666666667,449.7142857142857,445.5357142857143,585.3266666666666,142.3290955095669,358.4421859152154,436.9826050986992,577.6264429579244,0.0,0.0,0
2023-03-25,0.0,1710.0,0.0,3,25,1,0,0.0,425.0,746.0,52.5,337.0,172.5,50.0,135.0,303.0,0,0,0,0,0,1,0,0.0,542.0,425.0,131.0,263.0,1116.0,180.66666666666663,279.7857142857143,360.4642857142857,455.7083333333333,256.8926262635253,398.59198351787336,262.20911330338606,407.6037224677162,0.0,0.0,1
2023-03-25,0.0,5839.0,412.0,3,25,1,0,398.0,742.0,120.0,460.0,736.0,1881.0,7320.0,11557.5,15985.4,0,0,0,0,0,1,0,0.0,215.0,742.0,266.0,348.0,740.0,204.33333333333331,218.8571428571429,320.8392857142857,291.84166666666664,273.71300576298813,305.4739709221057,242.9393903551456,286.5734143174524,0.0,0.0,2
2023-03-25,0.0,0.0,0.0,3,25,1,0,0.0,0.0,0.0,0.0,0.0,0.0,0.0,0.0,0.0,0,0,0,0,0,1,0,0.0,0.0,0.0,0.0,0.0,0.0,0.0,0.0,0.0,0.0,0.0,0.0,0.0,0.0,0.0,0.0,3
2023-03-25,14791.0,16519.8,0.0,3,25,1,0,14344.0,19840.0,17627.0,145.0,1055.0,1235.0,14109.32,2593.0,2870.0,0,0,0,0,0,1,0,16332.0,15220.0,19840.0,14904.0,19767.0,5112.0,15298.666666666666,16636.285714285714,16353.214285714286,16572.85,1889.372621999665,2661.3521814334727,15940.185974363583,16694.044775837843,0.0,0.0,4
2023-03-25,0.0,0.0,0.0,3,25,1,0,0.0,111.0,404.0,0.0,660.0,513.0,300.0,191.0,325.0,0,0,0,0,0,1,0,0.0,65.0,111.0,838.5,344.5,248.0,21.666666666666668,36.71428571428572,224.51785714285717,287.0416666666667,47.734384133153554,266.92908850522434,61.91410840262861,219.39891099595823,0.0,0.0,5
2023-03-25,30.0,0.0,0.0,3,25,1,0,5.0,0.0,84.0,0.0,0.0,0.0,0.0,42.0,28.0,0,0,0,0,0,1,0,0.0,16.0,0.0,9.0,9.0,46.0,7.0,3.0,18.428571428571427,42.1,6.027713773341597,56.68688956254225,9.622510777162292,29.58115530306617,0.0,0.0,6
2023-03-25,0.0,35.0,1125.0,3,25,1,0,0.0,0.0,0.0,90.0,160.0,265.0,35.0,0.0,0.0,0,0,0,0,0,1,0,140.0,20.0,0.0,110.0,0.0,305.0,53.333333333333336,46.42857142857143,99.46428571428572,143.25,50.059488420801664,174.00845946538703,65.21610601937695,124.62789726741232,0.0,0.0,8
2023-03-26,604.0,1374.0,539.0,3,26,0,0,100.0,629.0,873.0,375.0,365.0,1012.0,1319.0,1207.0,2830.0,0,0,0,0,0,0,1,344.0,536.0,629.0,458.0,839.0,1498.4,326.6666666666667,379.7142857142857,435.4642857142857,563.1266666666667,177.88827419264626,367.37921489957694,352.73695382402434,546.8118337348326,0.0,0.0,0
2023-03-26,82.0,3396.0,1401.0,3,26,0,0,0.0,5.0,35.0,412.0,1721.5,1353.0,5839.0,9148.6,16917.25,0,0,0,0,0,0,1,398.0,0.0,5.0,245.0,0.0,404.0,132.66666666666666,112.85714285714286,301.8392857142857,287.84166666666664,155.49965548882386,308.5716850943294,182.2045427663592,268.0848069421329,0.0,0.0,2
2023-03-26,0.0,0.0,0.0,3,26,0,0,0.0,0.0,0.0,0.0,0.0,0.0,0.0,0.0,0.0,0,0,0,0,0,0,1,0.0,0.0,0.0,0.0,0.0,0.0,0.0,0.0,0.0,0.0,0.0,0.0,0.0,0.0,0.0,0.0,3
2023-03-26,13152.0,9921.56,198.0,3,26,0,0,14791.0,15982.0,17211.0,0.0,1524.0,1255.0,16519.8,735.0,19401.2,0,0,0,0,0,0,1,14344.0,16332.0,15982.0,15144.0,19031.0,19405.0,15155.666666666666,15915.0,16345.142857142857,16478.316666666666,1348.94378434882,2672.959926178101,15652.889480772688,16571.267693525726,0.0,0.0,4
2023-03-26,0.0,580.0,0.0,3,26,0,0,0.0,81.0,293.0,0.0,254.0,921.5,0.0,114.0,1619.0,0,0,0,0,0,0,1,0.0,0.0,81.0,472.0,278.0,42.5,0.0,20.857142857142858,164.625,273.575,35.91855867296033,270.98518497168425,46.43558130197146,205.2441425446061,0.0,0.0,5
2023-03-26,9.0,138.0,0.0,3,26,0,0,30.0,0.0,160.0,0.0,25.0,75.0,0.0,62.0,12.0,0,0,0,0,0,0,1,5.0,0.0,0.0,0.0,9.0,66.0,11.666666666666666,7.285714285714286,19.928571428571427,40.3,11.614850920470763,56.16548823757803,14.71688308287172,29.60817754157803,0.0,0.0,6
2023-03-26,195.0,0.0,410.0,3,26,0,0,0.0,35.0,35.0,1125.0,180.0,340.0,35.0,0.0,205.0,0,0,0,0,0,0,1,0.0,140.0,35.0,0.0,765.0,55.0,46.66666666666666,46.42857142857143,91.60714285714286,143.25,50.059488420801664,174.00845946538703,48.91207951453272,116.58738776628894,0.0,0.0,8
2023-03-27,262.0,1131.0,371.0,3,27,0,0,604.0,356.0,798.0,539.0,252.0,1087.0,1374.0,3182.0,4164.0,1,0,0,0,0,0,0,100.0,344.0,356.0,342.0,766.0,956.9,349.3333333333333,376.1428571428572,445.8928571428572,554.16,172.2095899105008,362.8096419279148,415.5527153680183,550.5013928487144,0.0,0.0,0
2023-03-27,60.0,0.0,35.0,3,27,0,0,0.0,277.0,899.0,0.0,81.0,244.0,1710.0,160.0,60.0,1,0,0,0,0,0,0,0.0,0.0,277.0,281.0,1780.0,247.0,0.0,219.07142857142856,351.10714285714283,430.8416666666666,266.8808143115928,403.1018443407565,196.65683497753955,381.3067081149603,0.0,0.0,1
2023-03-27,121.0,4194.0,661.5,3,27,0,0,82.0,0.0,740.0,1401.0,1262.0,1023.0,3396.0,8455.95,13359.4,1,0,0,0,0,0,0,0.0,398.0,0.0,192.75,0.0,80.0,160.0,123.85714285714286,290.19642857142856,289.40833333333336,149.1938655703028,307.3606390352559,157.15340707476938,256.07933552651144,0.0,0.0,2
2023-03-27,0.0,0.0,0.0,3,27,0,0,0.0,0.0,0.0,0.0,0.0,0.0,0.0,0.0,0.0,1,0,0,0,0,0,0,0.0,0.0,0.0,0.0,0.0,0.0,0.0,0.0,0.0,0.0,0.0,0.0,0.0,0.0,0.0,0.0,3
2023-03-27,14995.0,5750.52,0.0,3,27,0,0,13152.0,18441.0,5112.0,198.0,2462.5,400.0,9921.56,1162.5,3520.0,1,0,0,0,0,0,0,14791.0,14344.0,18441.0,17439.0,15263.0,16807.0,14095.666666666666,15510.714285714286,16202.857142857143,16343.016666666666,1703.1073282176178,2736.5665830572743,15027.667110579514,16350.66977781439,0.0,0.0,4
2023-03-27,0.0,760.0,160.0,3,27,0,0,0.0,0.0,248.0,0.0,306.0,321.5,580.0,574.0,447.5,1,0,0,0,0,0,0,0.0,0.0,0.0,318.0,235.0,672.0,0.0,9.285714285714286,130.91071428571428,263.80833333333334,24.567690745600565,275.50333000157013,34.82668597647859,192.00258496108316,0.0,0.0,5
2023-03-27,0.0,156.0,0.0,3,27,0,0,9.0,0.0,46.0,0.0,22.0,0.0,138.0,84.0,52.0,1,0,0,0,0,0,0,30.0,5.0,0.0,0.0,137.0,0.0,14.666666666666666,8.571428571428571,20.571428571428573,35.266666666666666,11.163290178932296,51.653309359769885,13.28766231215379,28.2786177001859,0.0,0.0,6
2023-03-27,0.0,11530.0,1500.0,3,27,0,0,0.0,0.0,6845.0,11160.0,5000.0,2800.0,0.0,74120.0,29000.0,1,0,0,0,0,0,0,2250.0,0.0,0.0,0.0,0.0,6845.0,750.0,1335.7142857142858,667.8571428571429,768.0,2676.551619421634,2129.3177634939866,1171.8465805474243,687.7172244949606,0.0,0.0,7
2023-03-27,90.0,50.0,715.0,3,27,0,0,195.0,50.0,305.0,410.0,205.0,0.0,0.0,40.0,330.0,1,0,0,0,0,0,0,0.0,0.0,50.0,337.5,0.0,270.0,65.0,69.28571428571429,105.53571428571428,148.58333333333334,74.52228813295673,173.02541587937273,85.43405963589953,121.64626597491548,0.0,0.0,8
2023-03-28,519.0,1767.0,339.0,3,28,0,0,262.0,449.0,1498.4,371.0,325.0,573.0,1131.0,1855.0,2626.0,0,1,0,0,0,0,0,604.0,100.0,449.0,222.0,486.0,1214.0,322.0,362.7142857142857,440.1785714285714,536.2933333333334,177.6219902730837,363.5845127134228,377.1645365260137,531.8883997617006,0.0,0.0,0
2023-03-28,75.0,72.5,0.0,3,28,0,0,60.0,95.0,1116.0,35.0,147.0,561.0,0.0,2010.0,490.0,0,1,0,0,0,0,0,0.0,0.0,95.0,294.0,195.0,401.0,20.0,188.07142857142856,335.32142857142856,402.875,271.59197775514684,398.5806323369688,162.49262623315465,360.5772430752855,0.0,0.0,1
2023-03-28,469.5,4052.0,600.0,3,28,0,0,121.0,172.0,404.0,661.5,1957.5,624.5,4194.0,8020.55,8232.0,0,1,0,0,0,0,0,82.0,0.0,172.0,695.0,0.0,102.5,67.66666666666667,141.14285714285714,285.07142857142856,268.775,139.12156383468948,296.6597257598863,148.11505530607704,247.36453968609135,0.0,0.0,2
2023-03-28,0.0,0.0,0.0,3,28,0,0,0.0,0.0,0.0,0.0,0.0,0.0,0.0,0.0,0.0,0,1,0,0,0,0,0,0.0,0.0,0.0,0.0,0.0,0.0,0.0,0.0,0.0,0.0,0.0,0.0,0.0,0.0,0.0,0.0,3
2023-03-28,15816.0,8448.12,323.0,3,28,0,0,14995.0,16295.0,19405.0,0.0,1315.0,730.0,5750.52,2321.0,2178.0,0,1,0,0,0,0,0,13152.0,14791.0,16295.0,17199.0,16855.0,16958.5,14312.666666666666,15018.42857142857,16028.285714285714,16672.45,1109.5357673584026,1757.7486303262488,15019.500332934636,16263.207211503786,0.0,0.0,4
2023-03-28,0.0,208.0,45.0,3,28,0,0,0.0,0.0,42.5,160.0,0.0,349.0,760.0,518.0,665.0,0,1,0,0,0,0,0,0.0,0.0,0.0,833.25,1004.0,558.0,0.0,9.285714285714286,108.19642857142856,255.54166666666663,24.567690745600565,279.6830262757853,26.120014482358947,179.6153214152068,0.0,0.0,5
2023-03-28,125.0,56.0,6.0,3,28,0,0,0.0,0.0,66.0,0.0,22.0,41.0,156.0,144.0,197.0,0,1,0,0,0,0,0,9.0,30.0,0.0,54.0,12.0,32.0,13.0,8.571428571428571,20.571428571428573,33.733333333333334,11.163290178932296,52.00526056503112,9.965746734115342,26.45419075178681,0.0,0.0,6
2023-03-28,1500.0,0.0,0.0,3,28,0,0,0.0,0.0,0.0,1500.0,11700.0,7400.0,11530.0,20850.0,26690.0,0,1,0,0,0,0,0,0.0,2250.0,0.0,0.0,0.0,0.0,750.0,1335.7142857142858,667.8571428571429,539.8333333333334,2676.551619421634,1796.3941293090695,878.8849354105682,643.3483713017374,0.0,0.0,7
2023-03-28,55.0,0.0,0.0,3,28,0,0,90.0,80.0,55.0,715.0,35.0,460.0,50.0,0.0,105.0,0,1,0,0,0,0,0,195.0,0.0,80.0,70.0,225.0,0.0,95.0,75.0,87.85714285714286,141.41666666666666,74.33034373659248,170.76107947763688,86.57554472692465,119.60457139588868,0.0,0.0,8
2023-03-29,305.0,748.0,190.0,3,29,0,0,519.0,244.0,956.9,339.0,1267.0,575.0,1767.0,2154.0,1937.8,0,0,1,0,0,0,0,262.0,604.0,244.0,364.0,187.0,765.0,461.6666666666667,372.7142857142857,461.3928571428572,503.6466666666667,185.10241695316884,314.93255515879935,412.6234023945103,531.0568900996554,0.0,0.0,0
2023-03-29,0.0,65.0,1050.0,3,29,0,0,75.0,619.5,247.0,0.0,505.0,577.0,72.5,433.5,192.0,0,0,1,0,0,0,0,60.0,0.0,619.5,272.0,297.25,110.0,45.0,185.2142857142857,319.67857142857144,368.175,272.83662039501087,379.1988443779677,140.619469674866,342.15290481236383,0.0,0.0,1
2023-03-29,0.0,4488.8,1588.0,3,29,0,0,469.5,215.0,80.0,600.0,779.5,720.0,4052.0,5713.65,9634.5,0,0,1,0,0,0,0,121.0,82.0,215.0,405.0,20.0,245.0,224.16666666666663,183.64285714285717,268.9642857142857,270.9583333333333,187.23931083992372,297.9275837964346,228.4612914795578,261.6958597063436,0.0,0.0,2
2023-03-29,0.0,0.0,0.0,3,29,0,0,0.0,0.0,0.0,0.0,0.0,0.0,0.0,0.0,0.0,0,0,1,0,0,0,0,0.0,0.0,0.0,0.0,0.0,0.0,0.0,0.0,0.0,0.0,0.0,0.0,0.0,0.0,0.0,0.0,3
2023-03-29,18589.0,8470.4,347.0,3,29,0,0,15816.0,15220.0,16807.0,323.0,196.0,1135.0,8448.12,4132.75,2144.0,0,0,1,0,0,0,0,14995.0,13152.0,15220.0,18067.0,16412.0,17431.0,14654.333333333334,14950.0,15929.5,16552.816666666666,1029.573212549734,1686.0281856529284,15218.625249700975,16234.355133342253,0.0,0.0,4
2023-03-29,0.0,545.75,257.0,3,29,0,0,0.0,65.0,672.0,45.0,149.0,381.0,208.0,1185.0,970.0,0,0,1,0,0,0,0,0.0,0.0,65.0,0.0,371.0,156.0,0.0,9.285714285714286,48.67857142857143,254.125,24.567690745600565,280.9043182141908,19.59001086176921,168.02723616261284,0.0,0.0,5
2023-03-29,31.0,17.0,0.0,3,29,0,0,125.0,16.0,0.0,6.0,0.0,25.0,56.0,197.0,40.0,0,0,1,0,0,0,0,0.0,9.0,16.0,109.0,219.0,5.0,44.66666666666666,26.428571428571427,25.642857142857142,35.7,44.7171001700585,54.33113668784321,38.72431005058651,32.811984896832826,0.0,0.0,6
2023-03-29,0.0,0.0,1500.0,3,29,0,0,1500.0,0.0,6845.0,0.0,1850.0,0.0,0.0,0.0,35860.0,0,0,1,0,0,0,0,0.0,0.0,0.0,0.0,0.0,0.0,500.0,1550.0,775.0,589.8333333333334,2611.034277829381,1801.717802606691,1034.1637015579263,698.6162183145285,0.0,0.0,7
2023-03-29,360.0,0.0,0.0,3,29,0,0,55.0,20.0,270.0,0.0,255.0,415.0,0.0,205.0,0.0,0,0,1,0,0,0,0,90.0,195.0,20.0,330.0,460.0,205.0,113.33333333333331,71.42857142857143,86.78571428571429,141.41666666666666,74.64997687621238,170.76107947763688,78.68165854519349,115.4365345316378,0.0,0.0,8
2023-03-30,92.0,1161.5,0.0,3,30,0,0,305.0,536.0,1214.0,190.0,268.0,523.0,748.0,2598.0,3393.5,0,0,0,1,0,0,0,519.0,262.0,536.0,274.5,804.0,88.0,362.0,381.4285714285714,457.1785714285714,481.9166666666667,179.3802824010647,304.9108994594896,385.7175517958827,516.4725746093551,0.0,0.0,0
2023-03-30,0.0,0.0,878.0,3,30,0,0,0.0,542.0,401.0,1050.0,60.0,353.0,65.0,0.0,853.5,0,0,0,1,0,0,0,75.0,60.0,542.0,433.0,361.0,360.0,45.0,96.71428571428572,300.25,359.94166666666666,198.96123096867692,384.5641043560818,105.4646022561495,320.0785238567275,0.0,0.0,1
2023-03-30,30.0,3904.7,451.0,3,30,0,0,0.0,0.0,102.5,1588.0,1192.0,972.75,4488.8,9503.0,7039.2,0,0,0,1,0,0,0,469.5,121.0,0.0,548.0,0.0,209.0,196.83333333333331,152.92857142857142,240.03571428571428,268.2916666666667,198.5317834695974,300.0462326684101,171.34596860966835,244.81225585432145,0.0,0.0,2
2023-03-30,0.0,0.0,0.0,3,30,0,0,0.0,0.0,0.0,0.0,0.0,0.0,0.0,0.0,0.0,0,0,0,1,0,0,0,0.0,0.0,0.0,0.0,0.0,0.0,0.0,0.0,0.0,0.0,0.0,0.0,0.0,0.0,0.0,0.0,3
2023-03-30,15887.0,15235.94,174.0,3,30,0,0,18589.0,16332.0,16958.5,347.0,289.0,1542.0,8470.4,9473.5,2916.0,0,0,0,1,0,0,0,15816.0,14995.0,16332.0,14758.0,17760.0,18635.0,16466.666666666668,15431.285714285714,15966.785714285714,16612.216666666667,1727.623388192158,1726.2039560806588,16061.218937275731,16386.26770538469,0.0,0.0,4
2023-03-30,0.0,467.0,75.0,3,30,0,0,0.0,0.0,558.0,257.0,0.0,1062.0,545.75,471.0,1027.0,0,0,0,1,0,0,0,0.0,0.0,0.0,164.5,252.0,203.0,0.0,0.0,48.67857142857143,231.725,0.0,273.118456285534,14.692508146326906,157.186769313412,0.0,0.0,5
2023-03-30,21.0,0.0,0.0,3,30,0,0,31.0,0.0,32.0,0.0,50.0,70.0,17.0,0.0,100.0,0,0,0,1,0,0,0,125.0,0.0,0.0,0.0,25.0,61.0,52.0,28.571428571428573,20.071428571428573,36.73333333333333,44.49291008260806,53.92199559730149,36.793232537939886,32.69508264542426,0.0,0.0,6
2023-03-30,0.0,0.0,1500.0,3,30,0,0,0.0,7100.0,0.0,1500.0,0.0,7030.0,0.0,0.0,20740.0,0,0,0,1,0,0,0,1500.0,0.0,7100.0,0.0,0.0,0.0,500.0,1550.0,775.0,361.6666666666667,2611.034277829381,1362.0270981489143,775.6227761684447,653.5442042297202,0.0,0.0,7
2023-03-30,290.0,100.0,105.0,3,30,0,0,360.0,140.0,0.0,0.0,0.0,570.0,0.0,0.0,0.0,0,0,0,1,0,0,0,55.0,90.0,140.0,70.0,0.0,310.0,168.33333333333334,120.0,88.92857142857143,144.41666666666666,127.50816967290103,173.8604317049848,149.0112439088951,131.21482262637085,0.0,0.0,8
2023-03-31,160.0,1642.0,341.0,3,31,1,0,92.0,344.0,765.0,0.0,310.0,451.0,1161.5,1580.0,3483.0,0,0,0,0,1,0,0,305.0,519.0,344.0,1188.0,956.0,50.0,305.3333333333333,318.0,444.1428571428572,444.51666666666665,193.55361014457984,279.7951986023332,312.288163846912,489.0872472152032,0.0,0.0,0
2023-03-31,0.0,25.0,175.0,3,31,1,0,0.0,0.0,110.0,878.0,0.0,796.0,0.0,215.0,787.0,0,0,0,0,1,0,0,0.0,75.0,0.0,356.0,272.0,706.5,25.0,19.285714285714285,269.32142857142856,346.575,33.2200455835205,390.0180872795164,79.09845169211212,299.4282965111322,0.0,0.0,1
2023-03-31,368.0,4203.6,962.5,3,31,1,0,30.0,398.0,245.0,451.0,460.0,2601.5,3904.7,7320.0,11212.3,0,0,0,0,1,0,0,0.0,469.5,398.0,608.0,754.0,1206.0,166.5,157.21428571428572,203.03571428571428,265.875,194.97218971408412,301.71494561120494,136.00947645725125,230.9534006379136,0.0,0.0,2
2023-03-31,0.0,0.0,0.0,3,31,1,0,0.0,0.0,0.0,0.0,0.0,0.0,0.0,0.0,0.0,0,0,0,0,1,0,0,0.0,0.0,0.0,0.0,0.0,0.0,0.0,0.0,0.0,0.0,0.0,0.0,0.0,0.0,0.0,0.0,3
2023-03-31,13548.0,19934.64,180.0,3,31,1,0,15887.0,14344.0,17431.0,174.0,145.0,1505.0,15235.94,14109.32,3387.0,0,0,0,0,1,0,0,18589.0,15816.0,14344.0,14980.0,15564.0,18402.0,16764.0,15367.714285714286,16047.42857142857,16576.5,1696.8694424621726,1729.8732213861738,16017.6642029568,16354.056885682454,0.0,0.0,4
2023-03-31,0.0,316.0,147.0,3,31,1,0,0.0,0.0,156.0,75.0,0.0,361.0,467.0,300.0,40.0,0,0,0,0,1,0,0,0.0,0.0,0.0,260.0,290.0,117.0,0.0,0.0,36.92857142857143,213.125,0.0,269.1031941371704,11.01938110974518,147.04568742222415,0.0,0.0,5
2023-03-31,0.0,6.0,129.0,3,31,1,0,21.0,5.0,5.0,0.0,0.0,0.0,0.0,0.0,200.0,0,0,0,0,1,0,0,31.0,125.0,5.0,65.0,17.0,123.0,59.0,31.571428571428573,21.571428571428573,36.36666666666667,42.92573875449374,53.9926453058788,32.84492440345491,31.940561184429143,0.0,0.0,6
2023-03-31,90.0,0.0,40.0,3,31,1,0,290.0,0.0,205.0,105.0,90.0,415.0,100.0,35.0,0.0,0,0,0,0,1,0,0,360.0,55.0,0.0,150.0,175.0,100.0,235.0,141.42857142857142,104.64285714285714,154.08333333333334,143.08256024973497,173.61581066436224,184.2584329316713,141.4590276182179,0.0,0.0,8
2023-04-01,407.0,479.0,0.0,4,1,1,0,160.0,100.0,88.0,341.0,375.0,381.0,1642.0,1319.0,2094.0,0,0,0,0,0,1,0,92.0,305.0,100.0,590.0,241.0,275.0,185.66666666666663,291.7142857142857,370.7142857142857,424.35,201.7545656531836,277.6946086794893,274.216122885184,467.8558119109966,0.0,0.0,0
2023-04-01,0.0,75.0,100.0,4,1,1,0,0.0,0.0,360.0,175.0,52.5,110.0,25.0,50.0,175.0,0,0,0,0,0,1,0,0.0,0.0,0.0,1321.0,155.0,716.0,0.0,19.285714285714285,243.89285714285717,342.90833333333336,33.2200455835205,392.8258502632655,59.32383876908409,280.1103418975108,0.0,0.0,1
2023-04-01,688.0,6594.6,720.0,4,1,1,0,368.0,0.0,209.0,962.5,412.0,1678.0,4203.6,5839.0,12284.6,0,0,0,0,0,1,0,30.0,0.0,0.0,742.0,266.0,348.0,132.66666666666666,152.92857142857142,185.89285714285717,269.975,189.0366870414817,302.2567299812619,194.00710734293844,239.79511672579017,0.0,0.0,2
2023-04-01,0.0,0.0,0.0,4,1,1,0,0.0,0.0,0.0,0.0,0.0,0.0,0.0,0.0,0.0,0,0,0,0,0,1,0,0.0,0.0,0.0,0.0,0.0,0.0,0.0,0.0,0.0,0.0,0.0,0.0,0.0,0.0,0.0,0.0,3
2023-04-01,17861.0,14417.64,1200.0,4,1,1,0,13548.0,14791.0,18635.0,180.0,0.0,1302.0,19934.64,16519.8,2690.0,0,0,0,0,0,1,0,15887.0,18589.0,14791.0,19840.0,14904.0,19767.0,16008.0,15254.0,15945.142857142857,16447.066666666666,1800.418840159139,1807.269152203336,15400.2481522176,16173.02095757391,0.0,0.0,4
2023-04-01,0.0,790.0,0.0,4,1,1,0,0.0,0.0,203.0,147.0,0.0,438.0,316.0,0.0,1126.0,0,0,0,0,0,1,0,0.0,0.0,0.0,111.0,838.5,344.5,0.0,0.0,18.357142857142858,207.925,0.0,271.7394253724038,8.264535832308884,137.55886887885487,0.0,0.0,5
2023-04-01,0.0,0.0,0.0,4,1,1,0,0.0,30.0,61.0,129.0,0.0,102.0,6.0,0.0,87.0,0,0,0,0,0,1,0,21.0,31.0,30.0,0.0,9.0,9.0,17.333333333333332,30.857142857142858,16.928571428571427,36.2,43.479606604432256,54.100417488350246,24.633693302591183,29.879879817691783,0.0,0.0,6
2023-04-01,35.0,0.0,260.0,4,1,1,0,90.0,0.0,310.0,40.0,1125.0,285.0,0.0,35.0,0.0,0,0,0,0,0,1,0,290.0,360.0,0.0,0.0,110.0,0.0,246.66666666666663,154.28571428571428,100.35714285714286,150.25,131.85941286804197,173.72236818238622,160.6938246987535,138.13909035252644,0.0,0.0,8
2023-04-02,297.0,1384.0,390.0,4,2,0,0,407.0,604.0,50.0,0.0,539.0,345.0,479.0,1374.0,2592.0,0,0,0,0,0,0,1,160.0,92.0,604.0,629.0,458.0,839.0,219.66666666666663,335.57142857142856,357.6428571428572,434.98333333333335,185.87707151309905,270.3823755776031,307.412092163888,463.9296304973839,0.0,0.0,0
2023-04-02,0.0,267.5,55.0,4,2,0,0,0.0,0.0,706.5,100.0,0.0,617.0,75.0,1710.0,240.0,0,0,0,0,0,0,1,0.0,0.0,0.0,425.0,131.0,263.0,0.0,19.285714285714285,149.53571428571428,330.90833333333336,33.2200455835205,397.7534460032638,44.49287907681307,262.0387069363811,0.0,0.0,1
2023-04-02,96.0,3661.6,1703.0,4,2,0,0,688.0,82.0,1206.0,720.0,1401.0,1911.25,6594.6,3396.0,11900.9,0,0,0,0,0,0,1,368.0,30.0,82.0,5.0,245.0,0.0,362.0,251.2142857142857,182.03571428571428,285.94166666666666,261.31173228267323,311.43680990867455,317.50533050720384,268.7115608079973,0.0,0.0,2
2023-04-02,0.0,0.0,0.0,4,2,0,0,0.0,0.0,0.0,0.0,0.0,0.0,0.0,0.0,0.0,0,0,0,0,0,0,1,0.0,0.0,0.0,0.0,0.0,0.0,0.0,0.0,0.0,0.0,0.0,0.0,0.0,0.0,0.0,0.0,3
2023-04-02,16471.0,12484.8,325.0,4,2,0,0,17861.0,13152.0,18402.0,1200.0,198.0,260.0,14417.64,9921.56,15048.76,0,0,0,0,0,0,1,13548.0,15887.0,13152.0,15982.0,15144.0,19031.0,15765.333333333334,15692.57142857143,15803.785714285714,16421.266666666666,2028.329103567992,1780.2810497480366,16015.4361141632,16281.92283127882,0.0,0.0,4
2023-04-02,0.0,266.0,60.0,4,2,0,0,0.0,0.0,117.0,0.0,0.0,35.0,790.0,580.0,458.0,0,0,0,0,0,0,1,0.0,0.0,0.0,81.0,472.0,278.0,0.0,0.0,10.428571428571429,201.15833333333333,0.0,274.3809370839336,6.198401874231663,128.68410314473522,0.0,0.0,5
2023-04-02,29.0,0.0,0.0,4,2,0,0,0.0,9.0,123.0,0.0,0.0,16.0,0.0,138.0,75.0,0,0,0,0,0,0,1,0.0,21.0,9.0,0.0,0.0,9.0,7.0,26.571428571428573,16.928571428571427,34.166666666666664,45.02909112583826,54.282202159311545,18.475269976943387,27.952145635905215,0.0,0.0,6
2023-04-02,0.0,74450.0,0.0,4,2,0,0,0.0,0.0,0.0,1500.0,32210.0,9900.0,0.0,0.0,15000.0,0,0,0,0,0,0,1,0.0,1500.0,0.0,0.0,0.0,0.0,500.0,535.7142857142857,775.0,361.6666666666667,940.1747557920124,1362.0270981489143,581.7170821263335,611.3800620213513,0.0,0.0,7
2023-04-02,0.0,0.0,575.0,4,2,0,0,35.0,195.0,100.0,260.0,410.0,35.0,0.0,0.0,175.0,0,0,0,0,0,0,1,90.0,290.0,195.0,35.0,0.0,765.0,138.33333333333334,159.28571428571428,102.85714285714286,141.08333333333334,125.5464247276869,172.2514242638346,129.27036852406513,131.48495549107312,0.0,0.0,8
2023-04-03,0.0,1890.5,429.0,4,3,0,0,297.0,262.0,275.0,390.0,371.0,674.8,1384.0,1131.0,1927.5,1,0,0,0,0,0,0,407.0,160.0,262.0,356.0,342.0,766.0,288.0,291.7142857142857,333.92857142857144,443.2166666666666,143.33610185587617,261.882168927742,304.809069122916,453.1599769169076,0.0,0.0,0
2023-04-03,0.0,368.0,174.0,4,3,0,0,0.0,60.0,716.0,55.0,35.0,361.0,267.5,0.0,290.0,1,0,0,0,0,0,0,0.0,0.0,60.0,277.0,281.0,1780.0,0.0,19.285714285714285,119.17857142857144,307.3583333333333,33.2200455835205,395.65831045873085,33.3696593076098,245.13298390822752,0.0,0.0,1
2023-04-03,0.0,7091.2,2638.0,4,3,0,0,96.0,121.0,348.0,1703.0,661.5,1701.75,3661.6,4194.0,8172.2,1,0,0,0,0,0,0,688.0,368.0,121.0,0.0,192.75,0.0,384.0,253.2142857142857,188.53571428571428,248.94166666666663,259.8502544965173,260.05929101255725,262.1289978804029,257.5688794655459,0.0,0.0,2
2023-04-03,0.0,0.0,0.0,4,3,0,0,0.0,0.0,0.0,0.0,0.0,0.0,0.0,0.0,0.0,1,0,0,0,0,0,0,0.0,0.0,0.0,0.0,0.0,0.0,0.0,0.0,0.0,0.0,0.0,0.0,0.0,0.0,0.0,0.0,3
2023-04-03,14895.0,29247.0,1004.0,4,3,0,0,16471.0,14995.0,19767.0,325.0,0.0,555.5,12484.8,5750.52,3255.0,1,0,0,0,0,0,0,17861.0,13548.0,14995.0,18441.0,17439.0,15263.0,15960.0,16166.714285714286,15838.714285714286,16356.9,1696.195813606207,1740.6647035959702,16129.3270856224,16294.12135829309,0.0,0.0,4
2023-04-03,0.0,101.0,315.0,4,3,0,0,0.0,0.0,344.5,60.0,160.0,1495.75,266.0,760.0,776.0,1,0,0,0,0,0,0,0.0,0.0,0.0,0.0,318.0,235.0,0.0,0.0,4.642857142857143,197.25833333333333,0.0,276.4421627116831,4.648801405673747,120.38190294184908,0.0,0.0,5
2023-04-03,5.0,18.0,0.0,4,3,0,0,29.0,0.0,9.0,0.0,0.0,0.0,0.0,156.0,0.0,1,0,0,0,0,0,0,0.0,0.0,0.0,0.0,0.0,137.0,9.666666666666666,29.428571428571427,19.0,31.03333333333333,44.35785215290576,51.62563071892135,21.10645248270754,28.01974914326617,0.0,0.0,6
2023-04-03,0.0,2500.0,0.0,4,3,0,0,0.0,2250.0,0.0,0.0,0.0,21100.0,74450.0,19160.0,0.0,1,0,0,0,0,0,0,0.0,0.0,2250.0,0.0,0.0,0.0,0.0,535.7142857142857,775.0,361.6666666666667,940.1747557920124,1362.0270981489143,436.2878115947501,571.9361870522318,0.0,0.0,7
2023-04-03,40.0,35.0,645.0,4,3,0,0,0.0,90.0,0.0,575.0,715.0,0.0,0.0,50.0,235.0,1,0,0,0,0,0,0,35.0,90.0,90.0,50.0,337.5,0.0,41.66666666666666,131.42857142857142,100.35714285714286,137.75,137.3776511941409,174.0322378974258,96.95277639304884,123.00205513681034,0.0,0.0,8
2023-04-04,45.0,1224.0,499.0,4,4,0,0,0.0,519.0,839.0,429.0,339.0,632.1,1890.5,1767.0,4099.5,0,1,0,0,0,0,0,297.0,407.0,519.0,449.0,222.0,486.0,234.66666666666663,254.28571428571428,308.5,434.05,181.51190437150797,272.56819298587595,228.606801842187,423.9238493738813,0.0,0.0,0
2023-04-04,90.0,0.0,116.0,4,4,0,0,0.0,75.0,263.0,174.0,0.0,453.0,368.0,72.5,651.0,0,1,0,0,0,0,0,0.0,0.0,75.0,95.0,294.0,195.0,0.0,10.714285714285714,99.39285714285714,283.4916666666667,28.34733547568759,391.73407854082575,25.027244480707356,229.31795268834188,0.0,0.0,1
2023-04-04,0.0,3268.5,1967.0,4,4,0,0,0.0,469.5,0.0,2638.0,600.0,740.0,7091.2,4052.0,11364.6,0,1,0,0,0,0,0,96.0,688.0,469.5,172.0,695.0,0.0,261.3333333333333,235.92857142857144,188.53571428571428,237.34166666666667,273.7633449671798,263.23038358433087,196.59674841030213,240.9515324032526,0.0,0.0,2
2023-04-04,0.0,0.0,0.0,4,4,0,0,0.0,0.0,0.0,0.0,0.0,0.0,0.0,0.0,0.0,0,1,0,0,0,0,0,0.0,0.0,0.0,0.0,0.0,0.0,0.0,0.0,0.0,0.0,0.0,0.0,0.0,0.0,0.0,0.0,3
2023-04-04,9923.0,13135.2,1566.0,4,4,0,0,14895.0,15816.0,19031.0,1004.0,323.0,250.0,29247.0,8448.12,2532.0,0,1,0,0,0,0,0,16471.0,17861.0,15816.0,16295.0,17199.0,16855.0,16409.0,16152.42857142857,15585.42857142857,16194.5,1708.0883912669558,1635.6444633063911,15820.7453142168,16203.855464209668,0.0,0.0,4
2023-04-04,0.0,160.0,116.0,4,4,0,0,0.0,0.0,278.0,315.0,45.0,963.0,101.0,208.0,281.5,0,1,0,0,0,0,0,0.0,0.0,0.0,0.0,833.25,1004.0,0.0,0.0,4.642857142857143,185.775,0.0,277.2688564372134,3.48660105425531,112.61532855850398,0.0,0.0,5
2023-04-04,0.0,0.0,1000.0,4,4,0,0,0.0,0.0,0.0,0.0,11160.0,1500.0,2500.0,0.0,18000.0,0,1,0,0,0,0,0,0.0,0.0,0.0,0.0,0.0,0.0,0.0,214.28571428571428,775.0,361.6666666666667,566.9467095138397,1362.0270981489143,327.2158586960626,535.0370782101525,0.0,0.0,7
2023-04-04,235.0,35.0,675.0,4,4,0,0,40.0,55.0,765.0,645.0,0.0,70.0,35.0,0.0,160.0,0,1,0,0,0,0,0,0.0,35.0,55.0,80.0,70.0,225.0,25.0,124.28571428571428,99.64285714285714,139.08333333333334,141.1390735949407,173.09117008362833,82.71458229478664,117.64708383766128,0.0,0.0,8
2023-04-05,266.0,1321.0,1647.0,4,5,0,0,45.0,305.0,766.0,499.0,190.0,385.0,1224.0,748.0,2249.5,0,0,1,0,0,0,0,0.0,297.0,305.0,244.0,364.0,187.0,114.0,186.57142857142856,279.6428571428572,407.5833333333333,152.37547609207243,270.43196873269835,182.70510138164025,399.477149414276,0.0,0.0,0
2023-04-05,71.0,0.0,258.0,4,5,0,0,90.0,0.0,1780.0,116.0,1050.0,495.0,0.0,65.0,579.0,0,0,1,0,0,0,0,0.0,0.0,0.0,619.5,272.0,297.25,30.0,12.857142857142858,99.03571428571428,277.725,34.016802570826755,393.31629562627126,41.27043336053052,220.3296976761908,0.0,0.0,1
2023-04-05,531.0,3796.0,1336.5,4,5,0,0,0.0,0.0,0.0,1967.0,1588.0,1022.0,3268.5,4488.8,10306.15,0,0,1,0,0,0,0,0.0,96.0,0.0,215.0,405.0,20.0,32.0,168.85714285714286,176.25,237.34166666666667,264.3529386832615,263.23038358433087,147.44756130772663,225.4062722482041,0.0,0.0,2
2023-04-05,0.0,0.0,0.0,4,5,0,0,0.0,0.0,0.0,0.0,0.0,0.0,0.0,0.0,0.0,0,0,1,0,0,0,0,0.0,0.0,0.0,0.0,0.0,0.0,0.0,0.0,0.0,0.0,0.0,0.0,0.0,0.0,0.0,0.0,3
2023-04-05,7081.0,14418.0,1141.0,4,5,0,0,9923.0,18589.0,15263.0,1566.0,347.0,1453.5,13135.2,8470.4,1909.0,0,0,1,0,0,0,0,14895.0,16471.0,18589.0,15220.0,18067.0,16412.0,13763.0,15310.57142857143,15130.285714285714,15890.9,2922.240228383172,1912.801183857212,14346.3089856626,15798.638982647755,0.0,0.0,4
2023-04-05,0.0,474.0,277.0,4,5,0,0,0.0,0.0,235.0,116.0,257.0,950.0,160.0,545.75,173.0,0,0,1,0,0,0,0,0.0,0.0,0.0,65.0,0.0,371.0,0.0,0.0,4.642857142857143,176.50833333333333,0.0,278.72204114720535,2.6149507906914824,105.3498234902134,0.0,0.0,5
2023-04-05,35.0,0.0,325.0,4,5,0,0,235.0,360.0,0.0,675.0,0.0,0.0,35.0,0.0,320.0,0,0,1,0,0,0,0,40.0,0.0,360.0,20.0,330.0,460.0,91.66666666666669,150.0,110.71428571428572,121.41666666666669,142.79939308927982,128.24021662848028,120.78593672108998,125.2182397191025,0.0,0.0,8
2023-04-06,1094.0,1858.0,703.0,4,6,0,0,266.0,92.0,486.0,1647.0,0.0,728.0,1321.0,1161.5,3413.5,0,0,0,1,0,0,0,45.0,0.0,92.0,536.0,274.5,804.0,103.66666666666669,181.0,281.2142857142857,390.9166666666667,147.97297050475137,262.8832205441755,203.52882603623016,390.8657204198067,0.0,0.0,0
2023-04-06,395.0,0.0,412.5,4,6,0,0,71.0,0.0,195.0,258.0,878.0,595.0,0.0,0.0,525.0,0,0,0,1,0,0,0,90.0,0.0,0.0,542.0,433.0,361.0,53.66666666666666,23.0,59.85714285714285,220.75833333333333,39.66106403010077,273.8475891501207,48.70282502039789,210.6955236325656,0.0,0.0,1
2023-04-06,94.0,6357.25,265.0,4,6,0,0,531.0,30.0,0.0,1336.5,451.0,856.0,3796.0,3904.7,12351.4,0,0,0,1,0,0,0,0.0,0.0,30.0,0.0,548.0,0.0,177.0,244.7142857142857,198.82142857142856,255.04166666666663,283.32826325995933,264.57006505784545,243.335670980795,245.12199661928767,0.0,0.0,2
2023-04-06,0.0,0.0,0.0,4,6,0,0,0.0,0.0,0.0,0.0,0.0,0.0,0.0,0.0,0.0,0,0,0,1,0,0,0,0.0,0.0,0.0,0.0,0.0,0.0,0.0,0.0,0.0,0.0,0.0,0.0,0.0,0.0,0.0,0.0,3
2023-04-06,10519.0,17077.4,367.0,4,6,0,0,7081.0,15887.0,16855.0,1141.0,174.0,1586.0,14418.0,15235.94,2641.0,0,0,0,1,0,0,0,9923.0,14895.0,15887.0,16332.0,14758.0,17760.0,10633.0,13666.57142857143,14548.92857142857,15618.166666666666,3857.795737513966,2498.924031676833,12529.98173924695,15236.21066118661,0.0,0.0,4
2023-04-06,0.0,174.0,0.0,4,6,0,0,0.0,0.0,1004.0,277.0,75.0,332.0,474.0,467.0,327.5,0,0,0,1,0,0,0,0.0,0.0,0.0,0.0,164.5,252.0,0.0,0.0,0.0,168.675,0.0,280.3191773029329,1.961213093018612,98.5530606843932,0.0,0.0,5
2023-04-06,6000.0,0.0,0.0,4,6,0,0,0.0,0.0,0.0,1000.0,1500.0,4140.0,0.0,11530.0,4730.0,0,0,0,1,0,0,0,0.0,0.0,0.0,0.0,0.0,0.0,0.0,214.28571428571428,775.0,361.6666666666667,566.9467095138397,1362.0270981489143,245.4118940220469,500.518557035304,0.0,0.0,7
2023-04-06,140.0,0.0,440.0,4,6,0,0,35.0,290.0,225.0,325.0,105.0,0.0,0.0,100.0,135.0,0,0,0,1,0,0,0,235.0,40.0,290.0,140.0,70.0,0.0,103.33333333333331,103.57142857142856,111.78571428571428,122.58333333333331,112.8315221068668,127.25294409800192,99.33945254081748,119.3977081243217,0.0,0.0,8
2023-04-07,554.0,2188.5,1223.0,4,7,1,0,1094.0,160.0,187.0,703.0,341.0,693.0,1858.0,1642.0,2141.0,0,0,0,0,1,0,0,266.0,45.0,160.0,344.0,1188.0,956.0,468.3333333333333,324.1428571428572,321.07142857142856,411.1833333333333,368.2378889483575,292.26129320480777,426.1466195271727,436.2292223282063,0.0,0.0,0
2023-04-07,60.0,0.0,95.0,4,7,1,0,395.0,0.0,297.25,412.5,175.0,507.0,0.0,25.0,691.0,0,0,0,0,1,0,0,71.0,90.0,0.0,0.0,356.0,272.0,185.33333333333331,79.42857142857143,49.35714285714285,227.425,144.33971172533273,275.62755315886835,135.2771187652984,222.58613501110975,0.0,0.0,1
2023-04-07,586.0,5830.0,1002.0,4,7,1,0,94.0,368.0,20.0,265.0,962.5,1987.0,6357.25,4203.6,7161.8,0,0,0,0,1,0,0,531.0,0.0,368.0,398.0,608.0,754.0,208.33333333333331,253.8571428571429,205.53571428571428,258.175,276.1873932504455,261.9894637095689,206.00175323559623,235.37219038578525,0.0,0.0,2
2023-04-07,0.0,0.0,0.0,4,7,1,0,0.0,0.0,0.0,0.0,0.0,0.0,0.0,0.0,0.0,0,0,0,0,1,0,0,0.0,0.0,0.0,0.0,0.0,0.0,0.0,0.0,0.0,0.0,0.0,0.0,0.0,0.0,0.0,0.0,3
2023-04-07,11038.0,23387.0,935.0,4,7,1,0,10519.0,13548.0,16412.0,367.0,180.0,655.0,17077.4,19934.64,2488.0,0,0,0,0,1,0,0,7081.0,9923.0,13548.0,14344.0,14980.0,15564.0,9174.333333333334,12899.714285714286,14133.714285714286,15406.966666666667,3876.337219347048,2653.739060052933,12027.236304435211,14931.874489497151,0.0,0.0,4
2023-04-07,0.0,1259.0,120.0,4,7,1,0,0.0,0.0,371.0,0.0,147.0,1024.0,174.0,316.0,528.0,0,0,0,0,1,0,0,0.0,0.0,0.0,0.0,260.0,290.0,0.0,0.0,0.0,135.20833333333334,0.0,233.1101012927426,1.4709098197639587,92.19479870475492,0.0,0.0,5
2023-04-07,0.0,61.0,99.0,4,7,1,0,5.0,125.0,9.0,0.0,6.0,9.0,18.0,56.0,0.0,0,0,0,0,1,0,0,29.0,0.0,125.0,0.0,54.0,12.0,11.333333333333334,30.142857142857142,19.357142857142858,30.9,43.84224968158974,51.68962411721824,17.079839362030654,26.534604037249004,0.0,0.0,6
2023-04-07,0.0,4700.0,0.0,4,7,1,0,6000.0,1500.0,0.0,0.0,0.0,0.0,0.0,0.0,23850.0,0,0,0,0,1,0,0,0.0,0.0,1500.0,0.0,0.0,0.0,2000.0,1071.428571428571,1203.571428571429,561.6666666666666,2244.0397246292864,1704.541769414337,1684.0589205165352,855.3238114201231,0.0,0.0,7
2023-04-07,115.0,0.0,250.0,4,7,1,0,140.0,90.0,460.0,440.0,40.0,0.0,0.0,0.0,0.0,0,0,0,0,1,0,0,35.0,235.0,90.0,0.0,150.0,175.0,136.66666666666666,82.14285714285714,111.78571428571428,119.75,81.38678961483565,125.83231521244514,109.50458940561312,120.7268882453332,0.0,0.0,8
2023-04-08,414.0,636.0,605.0,4,8,1,0,554.0,407.0,804.0,1223.0,0.0,529.7,2188.5,479.0,3054.0,0,0,0,0,0,1,0,1094.0,266.0,407.0,100.0,590.0,241.0,638.0,380.4285714285714,336.07142857142856,423.4166666666667,369.0776147564165,290.22773707524163,458.1099646453795,443.8273370167091,0.0,0.0,0
2023-04-08,97.0,357.5,82.5,4,8,1,0,60.0,0.0,361.0,95.0,100.0,253.0,0.0,75.0,605.0,0,0,0,0,0,1,0,395.0,71.0,0.0,0.0,1321.0,155.0,175.33333333333334,88.0,53.642857142857146,219.51666666666668,140.56908147479106,276.9554452942944,116.45783907397382,212.0967069458769,0.0,0.0,1
2023-04-08,660.0,5603.25,1303.0,4,8,1,0,586.0,688.0,0.0,1002.0,720.0,4404.5,5830.0,6594.6,8217.9,0,0,0,0,0,1,0,94.0,531.0,688.0,0.0,742.0,266.0,403.6666666666667,285.0,218.9642857142857,277.0416666666667,302.2631304013112,264.61287666537766,301.0013149266972,257.9933393931539,0.0,0.0,2
2023-04-08,0.0,0.0,0.0,4,8,1,0,0.0,0.0,0.0,0.0,0.0,0.0,0.0,0.0,0.0,0,0,0,0,0,1,0,0.0,0.0,0.0,0.0,0.0,0.0,0.0,0.0,0.0,0.0,0.0,0.0,0.0,0.0,0.0,0.0,3
2023-04-08,13318.0,22201.0,789.0,4,8,1,0,11038.0,17861.0,17760.0,935.0,1200.0,1610.0,23387.0,14417.64,14745.0,0,0,0,0,0,1,0,10519.0,7081.0,17861.0,14791.0,19840.0,14904.0,9546.0,12541.142857142857,13897.57142857143,15227.833333333334,3922.1939620817375,2762.699293274157,11779.92722832641,14680.656780497337,0.0,0.0,4
2023-04-08,0.0,425.0,354.0,4,8,1,0,0.0,0.0,252.0,120.0,0.0,96.0,1259.0,790.0,695.5,0,0,0,0,0,1,0,0.0,0.0,0.0,0.0,111.0,838.5,0.0,0.0,0.0,122.84166666666668,0.0,229.98986562505303,1.103182364822969,86.24674717541589,0.0,0.0,5
2023-04-08,83.0,0.0,49.0,4,8,1,0,0.0,31.0,137.0,99.0,0.0,50.0,61.0,17.0,16.0,0,0,0,0,0,1,0,5.0,29.0,31.0,16.0,109.0,219.0,11.333333333333334,12.285714285714286,19.357142857142858,30.6,14.20931954404433,51.84698973737613,12.80987952152299,24.82269409936197,0.0,0.0,6
2023-04-08,0.0,9750.0,0.0,4,8,1,0,0.0,0.0,0.0,0.0,1500.0,0.0,4700.0,0.0,14150.0,0,0,0,0,0,1,0,6000.0,0.0,0.0,0.0,0.0,0.0,2000.0,857.1428571428571,1203.571428571429,561.6666666666666,2267.786838055363,1704.541769414337,1263.0441903874014,800.1416300381798,0.0,0.0,7
2023-04-08,945.0,0.0,80.0,4,8,1,0,115.0,35.0,0.0,250.0,260.0,285.0,0.0,0.0,0.0,0,0,0,0,0,1,0,140.0,35.0,35.0,0.0,0.0,110.0,96.66666666666669,85.71428571428571,120.0,108.25,82.33208019096459,108.19273590887832,110.87844205420984,120.35741158434396,0.0,0.0,8
2023-04-09,101.0,1853.0,339.0,4,9,0,0,414.0,297.0,956.0,605.0,390.0,638.0,636.0,1384.0,1376.0,0,0,0,0,0,0,1,554.0,1094.0,297.0,604.0,629.0,458.0,687.3333333333334,381.4285714285714,358.5,410.4166666666667,369.1710791953857,281.18634400957444,447.0824734840346,441.90299269305046,0.0,0.0,0
2023-04-09,640.0,55.0,0.0,4,9,0,0,97.0,0.0,272.0,82.5,55.0,0.0,357.5,267.5,187.0,0,0,0,0,0,0,1,60.0,395.0,0.0,0.0,425.0,131.0,184.0,101.85714285714286,60.57142857142857,210.71666666666667,135.1239290076927,276.4987274190748,111.59337930548035,204.6711129493687,0.0,0.0,1
2023-04-09,0.0,7051.0,440.0,4,9,0,0,660.0,96.0,754.0,1303.0,1703.0,2050.0,5603.25,3661.6,6507.8,0,0,0,0,0,0,1,586.0,94.0,96.0,82.0,5.0,245.0,446.6666666666667,281.0,266.10714285714283,299.0416666666667,296.1649315274628,268.19731930676204,390.7509861950229,283.9292529806924,0.0,0.0,2
2023-04-09,0.0,0.0,0.0,4,9,0,0,0.0,0.0,0.0,0.0,0.0,0.0,0.0,0.0,0.0,0,0,0,0,0,0,1,0.0,0.0,0.0,0.0,0.0,0.0,0.0,0.0,0.0,0.0,0.0,0.0,0.0,0.0,0.0,0.0,3
2023-04-09,12185.0,17627.8,0.0,4,9,0,0,13318.0,16471.0,15564.0,789.0,325.0,760.0,22201.0,12484.8,11977.68,0,0,0,0,0,0,1,11038.0,10519.0,16471.0,13152.0,15982.0,15144.0,11625.0,11892.142857142857,13792.357142857143,15079.766666666666,3205.616239694083,2741.259447310912,12164.445421244807,14592.743439820091,0.0,0.0,4
2023-04-09,0.0,856.5,19.0,4,9,0,0,0.0,0.0,290.0,354.0,60.0,286.5,425.0,266.0,231.0,0,0,0,0,0,0,1,0.0,0.0,0.0,0.0,81.0,472.0,0.0,0.0,0.0,114.44166666666666,0.0,229.71167913628005,0.8273867736172268,80.68244090603423,0.0,0.0,5
2023-04-09,16.0,95.0,122.0,4,9,0,0,83.0,21.0,12.0,49.0,0.0,0.0,0.0,0.0,84.0,0,0,0,0,0,0,1,0.0,5.0,21.0,0.0,0.0,25.0,29.33333333333333,19.714285714285715,24.142857142857142,28.8,30.208797204977014,48.87803258075672,30.357409641142244,28.576068673596684,0.0,0.0,6
2023-04-09,0.0,0.0,4700.0,4,9,0,0,0.0,0.0,0.0,0.0,1500.0,3230.0,9750.0,0.0,0.0,0,0,0,0,0,0,1,0.0,6000.0,0.0,7100.0,0.0,0.0,2000.0,857.1428571428571,1203.571428571429,561.6666666666666,2267.786838055363,1704.541769414337,947.283142790551,748.5195893905553,0.0,0.0,7
2023-04-09,285.0,0.0,190.0,4,9,0,0,945.0,0.0,175.0,80.0,575.0,0.0,0.0,0.0,90.0,0,0,0,0,0,0,1,115.0,140.0,0.0,195.0,35.0,0.0,400.0,215.7142857142857,187.5,139.75,331.20271450463395,185.52157370598397,319.4088315406574,173.5601592240637,0.0,0.0,8
2023-04-10,857.0,2563.5,1658.0,4,10,0,0,101.0,0.0,241.0,339.0,429.0,1087.4,1853.0,1890.5,1807.0,1,0,0,0,0,0,0,414.0,554.0,0.0,262.0,356.0,342.0,356.3333333333333,353.42857142857144,322.57142857142856,381.9166666666667,383.7854683469473,266.9506632492132,360.561855113026,419.9092512289827,0.0,0.0,0
2023-04-10,250.0,55.0,350.0,4,10,0,0,640.0,0.0,155.0,0.0,174.0,405.0,55.0,368.0,456.74,1,0,0,0,0,0,0,97.0,60.0,0.0,60.0,277.0,281.0,265.6666666666667,193.28571428571428,106.28571428571428,222.9833333333333,234.6129538095412,287.26470081326266,243.6950344791103,232.7568475977965,0.0,0.0,1
2023-04-10,115.0,3938.0,868.0,4,10,0,0,0.0,0.0,266.0,440.0,2638.0,848.0,7051.0,7091.2,6813.6,1,0,0,0,0,0,0,660.0,586.0,0.0,121.0,0.0,192.75,415.3333333333333,267.2857142857143,260.25,273.90833333333336,308.1399651055315,259.2730261391132,293.0632396462672,265.6112366593574,0.0,0.0,2
2023-04-10,0.0,0.0,0.0,4,10,0,0,0.0,0.0,0.0,0.0,0.0,0.0,0.0,0.0,0.0,1,0,0,0,0,0,0,0.0,0.0,0.0,0.0,0.0,0.0,0.0,0.0,0.0,0.0,0.0,0.0,0.0,0.0,0.0,0.0,3
2023-04-10,11111.0,23503.0,0.0,4,10,0,0,12185.0,14895.0,14904.0,0.0,1004.0,768.0,17627.8,29247.0,4441.0,1,0,0,0,0,0,0,13318.0,11038.0,14895.0,14995.0,18441.0,17439.0,12180.333333333334,11279.857142857143,13723.285714285714,14967.133333333331,2521.6208034100664,2789.668139122796,12169.584065933606,14437.405153380088,0.0,0.0,4
2023-04-10,0.0,960.0,76.0,4,10,0,0,0.0,0.0,838.5,19.0,315.0,1321.0,856.5,101.0,734.0,1,0,0,0,0,0,0,0.0,0.0,0.0,0.0,0.0,318.0,0.0,0.0,0.0,104.775,0.0,228.16577788589575,0.6205400802129201,75.477122137903,0.0,0.0,5
2023-04-10,66.0,124.0,0.0,4,10,0,0,16.0,0.0,219.0,122.0,129.0,16.0,95.0,6.0,112.0,1,0,0,0,0,0,0,83.0,0.0,0.0,5.0,65.0,17.0,33.0,19.0,25.285714285714285,28.933333333333334,30.232432915661924,48.83606167106669,26.768057230856684,27.764709404332383,0.0,0.0,6
2023-04-10,60.0,0.0,220.0,4,10,0,0,285.0,40.0,110.0,190.0,645.0,105.0,0.0,35.0,0.0,1,0,0,0,0,0,0,945.0,115.0,40.0,90.0,50.0,337.5,448.3333333333333,256.42857142857144,193.92857142857144,143.41666666666666,317.4995313082404,187.3205846584449,310.806623655493,180.74982637089832,0.0,0.0,8
2023-04-11,114.0,365.5,970.0,4,11,0,0,857.0,45.0,458.0,1658.0,499.0,675.0,2563.5,1224.0,1834.0,0,1,0,0,0,0,0,101.0,414.0,45.0,519.0,449.0,222.0,457.3333333333333,475.8571428571428,365.07142857142856,402.45,388.9084847670587,279.1498902147304,484.6713913347695,448.1086543755,0.0,0.0,0
2023-04-11,2066.0,1440.0,616.0,4,11,0,0,250.0,90.0,131.0,350.0,116.0,115.0,55.0,0.0,142.5,0,1,0,0,0,0,0,640.0,97.0,90.0,75.0,95.0,294.0,329.0,229.0,119.85714285714286,226.15,218.7799503306153,287.0129502665161,245.27127585933272,233.8693090431,0.0,0.0,1
2023-04-11,7.5,2882.5,1408.5,4,11,0,0,115.0,0.0,245.0,868.0,1967.0,308.0,3938.0,3268.5,13621.0,0,1,0,0,0,0,0,0.0,660.0,0.0,469.5,172.0,695.0,258.3333333333333,283.7142857142857,259.82142857142856,268.875,294.2678566010421,260.8924896653659,248.5474297347004,255.89438268133435,0.0,0.0,2
2023-04-11,0.0,0.0,0.0,4,11,0,0,0.0,0.0,0.0,0.0,0.0,0.0,0.0,0.0,0.0,0,1,0,0,0,0,0,0.0,0.0,0.0,0.0,0.0,0.0,0.0,0.0,0.0,0.0,0.0,0.0,0.0,0.0,0.0,0.0,3
2023-04-11,11364.0,39920.2,75.0,4,11,0,0,11111.0,9923.0,15144.0,0.0,1566.0,455.0,23503.0,13135.2,3181.0,0,1,0,0,0,0,0,12185.0,13318.0,9923.0,15816.0,16295.0,17199.0,12204.666666666666,10739.285714285714,13445.857142857143,14840.7,1960.6615137316585,2877.2078077479187,11904.938049450204,14222.79836929105,0.0,0.0,4
2023-04-11,0.0,704.0,130.0,4,11,0,0,0.0,0.0,472.0,76.0,116.0,883.5,960.0,160.0,320.0,0,1,0,0,0,0,0,0.0,0.0,0.0,0.0,0.0,833.25,0.0,0.0,0.0,76.825,0.0,181.8410061251883,0.4654050601596901,70.60763038707054,0.0,0.0,5
2023-04-11,114.0,16.0,125.0,4,11,0,0,66.0,0.0,25.0,0.0,0.0,84.0,124.0,0.0,0.0,0,1,0,0,0,0,0,16.0,83.0,0.0,30.0,0.0,9.0,55.0,28.428571428571427,29.642857142857142,23.83333333333333,33.44077921170069,34.05480707708488,36.57604292314251,30.23150234598836,0.0,0.0,6
2023-04-11,35.0,0.0,135.0,4,11,0,0,60.0,235.0,0.0,220.0,675.0,220.0,0.0,35.0,0.0,0,1,0,0,0,0,0,285.0,945.0,235.0,55.0,80.0,70.0,430.0,259.2857142857143,191.78571428571428,141.75,315.3097494452685,187.8498460344656,248.10496774161976,172.9595149921307,0.0,0.0,8
2023-04-12,248.0,1099.0,579.0,4,12,0,0,114.0,266.0,342.0,970.0,1647.0,1103.0,365.5,1321.0,1895.5,0,0,1,0,0,0,0,857.0,101.0,266.0,305.0,244.0,364.0,357.3333333333333,485.7142857142857,336.1428571428572,390.98333333333335,376.8557258358139,283.8156420604058,392.0035435010771,426.55325731901615,0.0,0.0,0
2023-04-12,0.0,6040.0,1083.0,4,12,0,0,7.5,531.0,192.75,1408.5,1336.5,1639.0,2882.5,3796.0,10447.95,0,0,1,0,0,0,0,115.0,0.0,531.0,0.0,215.0,405.0,40.833333333333336,284.7857142857143,226.82142857142856,260.9583333333333,293.0739180284924,265.2096444920681,188.28557230102527,239.86893863737728,0.0,0.0,2
2023-04-12,0.0,0.0,0.0,4,12,0,0,0.0,0.0,0.0,0.0,0.0,0.0,0.0,0.0,0.0,0,0,1,0,0,0,0,0.0,0.0,0.0,0.0,0.0,0.0,0.0,0.0,0.0,0.0,0.0,0.0,0.0,0.0,0.0,0.0,3
2023-04-12,13394.0,18116.4,190.0,4,12,0,0,11364.0,7081.0,17439.0,75.0,1141.0,795.0,39920.2,14418.0,2396.0,0,0,1,0,0,0,0,11111.0,12185.0,7081.0,18589.0,15220.0,18067.0,11553.333333333334,10945.142857142857,13127.857142857143,14714.7,1936.167471111532,2945.42655595956,11769.703537087653,14038.35976482066,0.0,0.0,4
2023-04-12,0.0,751.5,75.0,4,12,0,0,0.0,0.0,318.0,130.0,277.0,115.5,704.0,474.0,1485.0,0,0,1,0,0,0,0,0.0,0.0,0.0,0.0,65.0,0.0,0.0,0.0,0.0,61.09166666666667,0.0,166.2187030864674,0.3490537951197675,66.05229939435633,0.0,0.0,5
2023-04-12,0.0,6.0,0.0,4,12,0,0,114.0,29.0,17.0,125.0,0.0,0.0,16.0,0.0,74.0,0,0,1,0,0,0,0,66.0,16.0,29.0,9.0,0.0,0.0,65.33333333333333,44.71428571428572,35.642857142857146,26.8,43.52667490828386,37.8275579165644,55.932032192356886,35.63592154947298,0.0,0.0,6
2023-04-12,0.0,21000.0,1500.0,4,12,0,0,0.0,0.0,0.0,4700.0,0.0,10170.0,0.0,74450.0,0.0,0,0,1,0,0,0,0,0.0,0.0,0.0,0.0,0.0,0.0,0.0,857.1428571428571,696.4285714285714,561.6666666666666,2267.786838055363,1704.541769414337,710.4623570929132,700.2280029782614,0.0,0.0,7
2023-04-12,195.0,0.0,310.0,4,12,0,0,35.0,35.0,337.5,135.0,325.0,90.0,0.0,0.0,0.0,0,0,1,0,0,0,0,60.0,285.0,35.0,360.0,20.0,330.0,126.66666666666669,230.7142857142857,190.3571428571429,142.91666666666666,326.7316504848763,187.04609810442972,194.82872580621483,164.05890112167066,0.0,0.0,8
2023-04-13,782.0,1391.5,302.5,4,13,0,0,248.0,1094.0,222.0,579.0,703.0,260.0,1099.0,1858.0,2555.5,0,0,0,1,0,0,0,114.0,857.0,1094.0,92.0,536.0,274.5,406.3333333333333,483.1428571428572,332.07142857142856,387.85,378.6618670051284,284.8919078140524,356.00265762580784,415.0336923306925,0.0,0.0,0
2023-04-13,157.0,0.0,122.0,4,13,0,0,2066.0,71.0,281.0,616.0,258.0,127.0,1440.0,0.0,110.0,0,0,0,1,0,0,0,250.0,640.0,71.0,0.0,619.5,272.0,985.3333333333334,511.2857142857143,262.07142857142856,290.65,717.0122533322366,441.006043237974,700.4534568944996,352.0712891048355,0.0,0.0,1
2023-04-13,210.0,3937.5,744.0,4,13,0,0,0.0,94.0,695.0,1083.0,265.0,854.5,6040.0,6357.25,13476.15,0,0,0,1,0,0,0,7.5,115.0,94.0,30.0,0.0,548.0,40.833333333333336,208.92857142857144,226.82142857142856,254.53333333333333,287.38917118479907,269.22346612552855,141.21417922576896,224.39352324141748,0.0,0.0,2
2023-04-13,0.0,0.0,0.0,4,13,0,0,0.0,0.0,0.0,0.0,0.0,0.0,0.0,0.0,0.0,0,0,0,1,0,0,0,0.0,0.0,0.0,0.0,0.0,0.0,0.0,0.0,0.0,0.0,0.0,0.0,0.0,0.0,0.0,0.0,3
2023-04-13,12025.0,13331.6,0.0,4,13,0,0,13394.0,10519.0,17199.0,190.0,367.0,1085.0,18116.4,17077.4,2362.0,0,0,0,1,0,0,0,11364.0,11111.0,10519.0,15887.0,16332.0,14758.0,11956.333333333334,11847.0,12756.785714285714,14579.866666666669,1144.868551406648,2908.771677403444,12175.77765281574,13996.788167090295,0.0,0.0,4
2023-04-13,0.0,1253.0,73.0,4,13,0,0,0.0,0.0,833.25,75.0,0.0,410.0,751.5,174.0,4742.0,0,0,0,1,0,0,0,0.0,0.0,0.0,0.0,0.0,164.5,0.0,0.0,0.0,50.49166666666667,0.0,159.2645338375931,0.2617903463398257,61.79086072375269,0.0,0.0,5
2023-04-13,0.0,16.0,0.0,4,13,0,0,0.0,5.0,9.0,0.0,0.0,35.0,6.0,18.0,196.0,0,0,0,1,0,0,0,114.0,66.0,5.0,0.0,0.0,0.0,60.0,40.57142857142857,35.0,26.23333333333333,46.54695529912828,38.10573613561061,41.94902414426767,33.33682983660376,0.0,0.0,6
2023-04-13,0.0,22790.0,0.0,4,13,0,0,0.0,0.0,0.0,1500.0,0.0,10255.0,21000.0,2500.0,0.0,0,0,0,1,0,0,0,0.0,0.0,0.0,2250.0,0.0,0.0,0.0,857.1428571428571,696.4285714285714,561.6666666666666,2267.786838055363,1704.541769414337,532.8467678196848,655.0520027861156,0.0,0.0,7
2023-04-13,245.0,35.0,235.0,4,13,0,0,195.0,140.0,70.0,310.0,440.0,0.0,0.0,0.0,90.0,0,0,0,1,0,0,0,35.0,60.0,140.0,290.0,140.0,70.0,96.66666666666669,253.57142857142856,178.57142857142858,138.16666666666666,316.18446996590296,183.7139987407964,194.87154435466115,166.05510104930482,0.0,0.0,8
2023-04-14,557.0,436.0,711.75,4,14,1,0,782.0,554.0,364.0,302.5,1223.0,174.0,1391.5,2188.5,1855.5,0,0,0,0,1,0,0,248.0,114.0,554.0,160.0,344.0,1188.0,381.3333333333333,438.57142857142856,381.3571428571428,406.51666666666665,306.2057353821976,291.9100736390464,462.5019932193559,438.7089379867769,0.0,0.0,0
2023-04-14,175.0,0.0,0.0,4,14,1,0,157.0,395.0,294.0,122.0,412.5,110.0,0.0,0.0,247.0,0,0,0,0,1,0,0,2066.0,250.0,395.0,0.0,542.0,433.0,824.3333333333334,523.5714285714286,273.2857142857143,286.51666666666665,708.9016991428493,441.6801870626281,564.5900926708747,339.48604464645905,0.0,0.0,1
2023-04-14,564.0,5588.0,1042.0,4,14,1,0,210.0,586.0,405.0,744.0,1002.0,792.0,3937.5,5830.0,14442.9,0,0,0,0,1,0,0,0.0,7.5,586.0,368.0,398.0,608.0,72.5,225.5,239.67857142857144,238.36666666666667,282.9680488441526,256.10399737462967,158.41063441932673,223.4649088387454,0.0,0.0,2
2023-04-14,0.0,0.0,0.0,4,14,1,0,0.0,0.0,0.0,0.0,0.0,0.0,0.0,0.0,0.0,0,0,0,0,1,0,0,0.0,0.0,0.0,0.0,0.0,0.0,0.0,0.0,0.0,0.0,0.0,0.0,0.0,0.0,0.0,0.0,3
2023-04-14,17002.0,27212.0,464.0,4,14,1,0,12025.0,11038.0,18067.0,0.0,935.0,660.0,13331.6,23387.0,2799.0,0,0,0,0,1,0,0,13394.0,11364.0,11038.0,13548.0,14344.0,14980.0,12261.0,12062.142857142857,12480.92857142857,14407.4,983.9070803978908,2901.5024003626854,12138.083239611804,13869.57602727802,0.0,0.0,4
2023-04-14,0.0,380.0,0.0,4,14,1,0,0.0,0.0,0.0,73.0,120.0,899.0,1253.0,1259.0,1140.0,0,0,0,0,1,0,0,0.0,0.0,0.0,0.0,0.0,260.0,0.0,0.0,0.0,22.716666666666665,0.0,59.38937605755629,0.1963427597548692,57.80435358028478,0.0,0.0,5
2023-04-14,59.0,0.0,0.0,4,14,1,0,0.0,0.0,0.0,0.0,99.0,47.0,16.0,61.0,0.0,0,0,0,0,1,0,0,0.0,114.0,0.0,125.0,0.0,54.0,38.0,39.85714285714285,35.0,25.933333333333334,47.217329345021085,38.28111385736991,31.46176810820075,31.186066621339005,0.0,0.0,6
2023-04-14,0.0,7150.0,0.0,4,14,1,0,0.0,0.0,0.0,0.0,1000.0,6000.0,22790.0,0.0,27690.0,0,0,0,0,1,0,0,0.0,0.0,0.0,0.0,0.0,0.0,0.0,857.1428571428571,535.7142857142857,561.6666666666666,2267.786838055363,1704.541769414337,399.6350758647636,612.7905832515276,0.0,0.0,7
2023-04-14,40.0,0.0,0.0,4,14,1,0,245.0,115.0,330.0,235.0,250.0,140.0,35.0,0.0,0.0,0,0,0,0,1,0,0,195.0,35.0,115.0,90.0,0.0,150.0,158.33333333333334,268.57142857142856,175.35714285714286,144.0,312.3661618159352,184.25245050539053,207.40365826599583,171.14832033644646,0.0,0.0,8
2023-04-15,580.0,1337.0,85.0,4,15,1,0,557.0,414.0,274.5,711.75,605.0,390.0,436.0,636.0,2499.0,0,0,0,0,0,1,0,782.0,248.0,414.0,407.0,100.0,590.0,529.0,439.0,409.7142857142857,412.95,306.39625759246263,293.0652025250251,486.1264949145169,446.3406194069849,0.0,0.0,0
2023-04-15,90.0,175.0,90.0,4,15,1,0,175.0,60.0,272.0,0.0,95.0,459.0,0.0,0.0,343.0,0,0,0,0,0,1,0,157.0,2066.0,60.0,0.0,0.0,356.0,799.3333333333334,492.1428571428572,285.7857142857143,282.55,720.3363632293431,442.1447794947744,467.1925695031561,328.87404176604235,0.0,0.0,1
2023-04-15,0.0,3390.0,797.0,4,15,1,0,564.0,660.0,548.0,1042.0,1303.0,798.0,5588.0,5603.25,13983.1,0,0,0,0,0,1,0,210.0,0.0,660.0,688.0,0.0,742.0,258.0,222.3571428571429,253.67857142857144,243.66666666666663,278.3817394462914,261.26457502103017,259.8079758144951,245.43491472011667,0.0,0.0,2
2023-04-15,0.0,0.0,0.0,4,15,1,0,0.0,0.0,0.0,0.0,0.0,0.0,0.0,0.0,0.0,0,0,0,0,0,1,0,0.0,0.0,0.0,0.0,0.0,0.0,0.0,0.0,0.0,0.0,0.0,0.0,0.0,0.0,0.0,0.0,3
2023-04-15,9359.0,14388.6,683.0,4,15,1,0,17002.0,13318.0,14758.0,464.0,789.0,5590.0,27212.0,22201.0,10686.0,0,0,0,0,0,1,0,12025.0,13394.0,13318.0,17861.0,14791.0,19840.0,14140.333333333334,12914.142857142857,12727.642857142857,14371.9,2003.348482630296,2861.4213896183837,13354.062429708853,14071.667896485891,0.0,0.0,4
2023-04-15,0.0,110.0,243.0,4,15,1,0,0.0,0.0,164.5,0.0,354.0,170.0,380.0,425.0,25005.0,0,0,0,0,0,1,0,0.0,0.0,0.0,0.0,0.0,111.0,0.0,0.0,0.0,22.716666666666665,0.0,59.38937605755629,0.1472570698161519,54.07504044607286,0.0,0.0,5
2023-04-15,0.0,24.0,0.0,4,15,1,0,59.0,83.0,0.0,0.0,49.0,0.0,0.0,0.0,86.0,0,0,0,0,0,1,0,0.0,0.0,83.0,31.0,16.0,109.0,19.666666666666668,48.285714285714285,30.285714285714285,27.9,44.07839336800696,38.41816201243616,38.346326081150565,32.98051393609133,0.0,0.0,6
2023-04-15,90.0,0.0,0.0,4,15,1,0,40.0,945.0,70.0,0.0,80.0,260.0,0.0,0.0,0.0,0,0,0,0,0,1,0,245.0,195.0,945.0,35.0,0.0,0.0,160.0,257.85714285714283,171.78571428571428,134.33333333333334,319.71155154369404,181.74789916412985,165.5527436994969,162.6871383792564,0.0,0.0,8
2023-04-16,251.0,1929.5,140.0,4,16,0,0,580.0,101.0,1188.0,85.0,339.0,503.0,1337.0,1853.0,1478.0,0,0,0,0,0,0,1,557.0,782.0,101.0,297.0,604.0,629.0,639.6666666666666,462.7142857142857,422.07142857142856,423.1333333333333,310.53486883424995,293.39601733579354,509.59487118588765,454.9638052516956,0.0,0.0,0
2023-04-16,0.0,215.0,225.0,4,16,0,0,90.0,97.0,433.0,90.0,82.5,815.0,175.0,357.5,195.0,0,0,0,0,0,0,1,175.0,157.0,97.0,0.0,0.0,1321.0,140.66666666666666,496.4285714285714,292.2142857142857,276.4833333333333,717.4201133559185,443.5409339141893,372.8944271273671,313.4628132650074,0.0,0.0,1
2023-04-16,203.0,3232.0,1869.75,4,16,0,0,0.0,0.0,608.0,797.0,440.0,2569.0,3390.0,7051.0,12903.1,0,0,0,0,0,0,1,564.0,210.0,0.0,96.0,82.0,5.0,258.0,128.07142857142858,204.53571428571428,225.4,208.43112942717016,258.3942923998662,194.8559818608713,229.6004040930124,0.0,0.0,2
2023-04-16,0.0,0.0,0.0,4,16,0,0,0.0,0.0,0.0,0.0,0.0,0.0,0.0,0.0,0.0,0,0,0,0,0,0,1,0.0,0.0,0.0,0.0,0.0,0.0,0.0,0.0,0.0,0.0,0.0,0.0,0.0,0.0,0.0,0.0,3
2023-04-16,11310.0,21040.4,150.0,4,16,0,0,9359.0,12185.0,14980.0,683.0,0.0,1819.0,14388.6,17627.8,11208.2,0,0,0,0,0,0,1,17002.0,12025.0,12185.0,16471.0,13152.0,15982.0,12795.333333333334,12348.57142857143,12120.357142857143,14191.933333333332,2391.557153623467,3002.6005502510493,12355.29682228164,13767.624806390028,0.0,0.0,4
2023-04-16,0.0,205.0,112.0,4,16,0,0,0.0,0.0,260.0,243.0,19.0,1164.5,110.0,856.5,400.0,0,0,0,0,0,0,1,0.0,0.0,0.0,0.0,0.0,81.0,0.0,0.0,0.0,17.233333333333334,0.0,53.10931039445727,0.1104428023621139,50.58632815922945,0.0,0.0,5
2023-04-16,0.0,32.0,36.0,4,16,0,0,0.0,16.0,54.0,0.0,122.0,0.0,24.0,95.0,6.0,0,0,0,0,0,0,1,59.0,0.0,16.0,21.0,0.0,0.0,19.666666666666668,36.42857142857143,28.071428571428573,27.9,44.34657875889691,38.41816201243616,28.759744560862924,30.852738843440275,0.0,0.0,6
2023-04-16,35.0,0.0,230.0,4,16,0,0,90.0,285.0,150.0,0.0,190.0,295.0,0.0,0.0,0.0,0,0,0,0,0,0,1,40.0,245.0,285.0,0.0,195.0,35.0,125.0,135.71428571428572,175.71428571428572,135.0,103.98030949129124,181.5403441434552,146.66455777462266,157.9976455805947,0.0,0.0,8
2023-04-17,436.0,1175.0,599.0,4,17,0,0,251.0,857.0,590.0,140.0,1658.0,718.0,1929.5,2563.5,1493.0,1,0,0,0,0,0,0,580.0,557.0,857.0,0.0,262.0,356.0,462.6666666666667,484.1428571428572,418.7857142857143,391.9,285.587948258459,256.7501603263096,444.9461533894157,441.8048500741669,0.0,0.0,0
2023-04-17,169.0,175.0,0.0,4,17,0,0,0.0,640.0,356.0,225.0,0.0,232.0,215.0,55.0,182.0,1,0,0,0,0,0,0,90.0,175.0,640.0,0.0,0.0,425.0,88.33333333333333,482.57142857142856,292.2142857142857,262.05,727.2899140285248,445.3136893208558,279.67082034552527,293.2394059575876,0.0,0.0,1
2023-04-17,208.5,5307.3,729.0,4,17,0,0,203.0,115.0,742.0,1869.75,868.0,736.0,3232.0,3938.0,11557.5,1,0,0,0,0,0,0,0.0,564.0,115.0,0.0,121.0,0.0,255.66666666666663,157.07142857142858,212.17857142857144,211.9,201.65408264555197,248.09009764947103,196.89198639565348,227.88424899023735,0.0,0.0,2
2023-04-17,0.0,0.0,0.0,4,17,0,0,0.0,0.0,0.0,0.0,0.0,0.0,0.0,0.0,0.0,1,0,0,0,0,0,0,0.0,0.0,0.0,0.0,0.0,0.0,0.0,0.0,0.0,0.0,0.0,0.0,0.0,0.0,0.0,0.0,3
2023-04-17,12895.0,10426.92,260.0,4,17,0,0,11310.0,11111.0,19840.0,150.0,0.0,1055.0,21040.4,23503.0,2593.0,1,0,0,0,0,0,0,9359.0,17002.0,11111.0,14895.0,14995.0,18441.0,12557.0,12223.57142857143,11751.714285714286,14069.6,2424.1759326379165,3043.864485632803,12093.97261671123,13609.068367268092,0.0,0.0,4
2023-04-17,0.0,70.0,250.0,4,17,0,0,0.0,0.0,111.0,112.0,76.0,660.0,205.0,960.0,191.0,1,0,0,0,0,0,0,0.0,0.0,0.0,0.0,0.0,0.0,0.0,0.0,0.0,8.566666666666666,0.0,26.84911009035074,0.0828321017715854,47.32269408444046,0.0,0.0,5
2023-04-17,0.0,13975.0,0.0,4,17,0,0,0.0,6000.0,0.0,0.0,0.0,1000.0,7150.0,0.0,30090.0,1,0,0,0,0,0,0,0.0,0.0,6000.0,0.0,0.0,0.0,0.0,857.1428571428571,535.7142857142857,561.6666666666666,2267.786838055363,1704.541769414337,299.7263068985727,573.2557069127193,0.0,0.0,7
2023-04-17,0.0,0.0,45.0,4,17,0,0,35.0,60.0,0.0,230.0,220.0,160.0,0.0,0.0,0.0,1,0,0,0,0,0,0,90.0,40.0,60.0,40.0,90.0,50.0,55.0,100.0,178.21428571428572,131.16666666666666,85.440037453175,182.4246813559396,118.748418330967,150.06231360765312,0.0,0.0,8
2023-04-18,364.0,1843.5,234.0,4,18,0,0,436.0,114.0,629.0,599.0,970.0,365.0,1175.0,365.5,1207.0,0,1,0,0,0,0,0,251.0,580.0,114.0,45.0,519.0,449.0,422.3333333333333,424.0,449.9285714285714,386.76666666666665,233.5729721807157,254.1795025965496,442.7096150420618,441.430343617769,0.0,0.0,0
2023-04-18,17.5,105.0,242.0,4,18,0,0,169.0,250.0,1321.0,0.0,350.0,732.0,175.0,55.0,953.0,0,1,0,0,0,0,0,0.0,90.0,250.0,0.0,60.0,277.0,86.33333333333333,415.2857142857143,304.2857142857143,255.81666666666663,732.0696037685929,445.2620399218895,252.00311525914395,285.2239604119368,0.0,0.0,1
2023-04-18,0.0,5515.25,860.5,4,18,0,0,208.5,7.5,5.0,729.0,1408.5,1721.5,5307.3,2882.5,9148.6,0,1,0,0,0,0,0,203.0,0.0,7.5,0.0,469.5,172.0,137.16666666666666,170.42857142857142,227.07142857142856,194.11666666666667,201.4994682729604,227.00678568520013,199.7939897967401,226.6336522811898,0.0,0.0,2
2023-04-18,0.0,0.0,0.0,4,18,0,0,0.0,0.0,0.0,0.0,0.0,0.0,0.0,0.0,0.0,0,1,0,0,0,0,0,0.0,0.0,0.0,0.0,0.0,0.0,0.0,0.0,0.0,0.0,0.0,0.0,0.0,0.0,0.0,0.0,3
2023-04-18,7988.0,23422.2,0.0,4,18,0,0,12895.0,11364.0,15982.0,260.0,75.0,1524.0,10426.92,39920.2,735.0,0,1,0,0,0,0,0,11310.0,9359.0,11364.0,9923.0,15816.0,16295.0,11188.0,12478.42857142857,11608.857142857143,13838.1,2381.11002525732,2847.640406759077,12294.229462533422,13562.99944034757,0.0,0.0,4
2023-04-18,0.0,213.0,0.0,4,18,0,0,0.0,0.0,81.0,250.0,130.0,254.0,70.0,704.0,114.0,0,1,0,0,0,0,0,0.0,0.0,0.0,0.0,0.0,0.0,0.0,0.0,0.0,4.866666666666666,0.0,18.639471158205318,0.0621240763286891,44.26961704673462,0.0,0.0,5
2023-04-18,0.0,54.0,0.0,4,18,0,0,0.0,66.0,109.0,36.0,0.0,21.0,32.0,124.0,0.0,0,1,0,0,0,0,0,0.0,59.0,66.0,0.0,5.0,65.0,19.666666666666668,34.142857142857146,26.571428571428573,26.1,45.95805541080754,38.41816201243616,21.569808420647192,28.862239563218324,0.0,0.0,6
2023-04-18,0.0,38575.0,0.0,4,18,0,0,0.0,0.0,0.0,0.0,0.0,0.0,13975.0,4700.0,22190.0,0,1,0,0,0,0,0,0.0,0.0,0.0,1500.0,0.0,0.0,0.0,0.0,535.7142857142857,561.6666666666666,0.0,1704.541769414337,224.79473017392957,536.2714677570601,0.0,0.0,7
2023-04-18,0.0,0.0,280.0,4,18,0,0,0.0,35.0,35.0,45.0,135.0,180.0,0.0,0.0,0.0,0,1,0,0,0,0,0,35.0,90.0,35.0,235.0,55.0,80.0,41.66666666666666,91.42857142857144,175.35714285714286,131.16666666666666,92.81317640446134,182.4246813559396,89.06131374822525,140.3808740200626,0.0,0.0,8
2023-04-19,324.0,1780.0,415.0,4,19,0,0,364.0,248.0,356.0,234.0,579.0,252.0,1843.5,1099.0,3182.0,0,0,1,0,0,0,0,436.0,251.0,248.0,266.0,305.0,244.0,350.3333333333333,459.7142857142857,472.7142857142857,377.9333333333333,194.0401283976371,250.04205623266043,423.0322112815463,436.43483757791296,0.0,0.0,0
2023-04-19,0.0,0.0,0.0,4,19,0,0,17.5,2066.0,425.0,242.0,616.0,337.0,105.0,1440.0,135.0,0,0,1,0,0,0,0,169.0,0.0,2066.0,90.0,75.0,95.0,62.16666666666666,382.07142857142856,305.5357142857143,212.36666666666667,745.9610372181774,398.92236158770623,193.377336444358,267.9514468369732,0.0,0.0,1
2023-04-19,105.0,6572.0,936.0,4,19,0,0,0.0,0.0,0.0,860.5,1083.0,1262.0,5515.25,6040.0,8455.95,0,0,1,0,0,0,0,208.5,203.0,0.0,531.0,0.0,215.0,137.16666666666666,169.35714285714286,227.07142857142856,193.95,202.52751135868652,227.15221047601077,149.84549234755508,212.01212632756463,0.0,0.0,2
2023-04-19,0.0,0.0,0.0,4,19,0,0,0.0,0.0,0.0,0.0,0.0,0.0,0.0,0.0,0.0,0,0,1,0,0,0,0,0.0,0.0,0.0,0.0,0.0,0.0,0.0,0.0,0.0,0.0,0.0,0.0,0.0,0.0,0.0,0.0,3
2023-04-19,13009.0,24079.2,200.0,4,19,0,0,7988.0,13394.0,18441.0,0.0,190.0,2462.5,23422.2,18116.4,1162.5,0,0,1,0,0,0,0,12895.0,11310.0,13394.0,7081.0,18589.0,15220.0,10731.0,11996.142857142857,11470.642857142857,13571.633333333331,2924.377736007628,3009.524243342207,11217.672096900067,13203.322057099342,0.0,0.0,4
2023-04-19,0.0,433.0,156.0,4,19,0,0,0.0,0.0,0.0,0.0,75.0,306.0,213.0,751.5,574.0,0,0,1,0,0,0,0,0.0,0.0,0.0,0.0,0.0,65.0,0.0,0.0,0.0,2.1666666666666665,0.0,11.867322079282689,0.0465930572465168,41.41351272113885,0.0,0.0,5
2023-04-19,0.0,51.0,0.0,4,19,0,0,0.0,114.0,0.0,0.0,125.0,50.0,54.0,16.0,140.0,0,0,1,0,0,0,0,0.0,0.0,114.0,0.0,30.0,0.0,0.0,24.714285714285715,26.571428571428573,22.466666666666665,45.09513752691556,35.33849452654,16.177356315485394,27.00015959139779,0.0,0.0,6
2023-04-19,0.0,21495.0,0.0,4,19,0,0,0.0,0.0,0.0,0.0,0.0,0.0,38575.0,9750.0,19400.0,0,0,1,0,0,0,0,0.0,0.0,0.0,0.0,0.0,0.0,0.0,0.0,428.57142857142856,561.6666666666666,0.0,1704.541769414337,168.59604763044717,501.6733085469272,0.0,0.0,7
2023-04-19,45.0,0.0,45.0,4,19,0,0,0.0,195.0,50.0,280.0,310.0,205.0,0.0,0.0,40.0,0,0,1,0,0,0,0,0.0,35.0,195.0,35.0,360.0,20.0,11.666666666666666,86.42857142857143,158.57142857142858,130.0,97.19886340703268,183.17129725459452,66.79598531116893,131.32404343812308,0.0,0.0,8
2023-04-20,753.0,3090.0,235.0,4,20,0,1,324.0,782.0,449.0,415.0,302.5,325.0,1780.0,1391.5,1855.0,0,0,0,1,0,0,0,364.0,436.0,782.0,1094.0,92.0,536.0,374.6666666666667,470.57142857142856,476.8571428571428,376.8666666666667,181.9705627685032,250.2070498928665,398.2741584611597,429.18097708901536,0.0,0.0,0
2023-04-20,0.0,62.0,0.0,4,20,0,1,0.0,157.0,277.0,0.0,122.0,81.0,0.0,0.0,160.0,0,0,0,1,0,0,0,17.5,169.0,157.0,71.0,0.0,619.5,62.16666666666666,86.92857142857143,299.10714285714283,198.2,80.97861269672075,398.6571554433796,145.03300233326848,250.6642567184588,0.0,0.0,1
2023-04-20,0.0,7882.5,827.0,4,20,0,1,105.0,210.0,172.0,936.0,744.0,1957.5,6572.0,3937.5,8020.55,0,0,0,1,0,0,0,0.0,208.5,210.0,94.0,30.0,0.0,104.5,184.3571428571429,196.64285714285717,197.45,191.48078978618955,224.8580912640159,138.6341192606663,205.1081181773992,0.0,0.0,2
2023-04-20,0.0,0.0,0.0,4,20,0,1,0.0,0.0,0.0,0.0,0.0,0.0,0.0,0.0,0.0,0,0,0,1,0,0,0,0.0,0.0,0.0,0.0,0.0,0.0,0.0,0.0,0.0,0.0,0.0,0.0,0.0,0.0,0.0,0.0,3
2023-04-20,10591.0,11912.2,615.0,4,20,0,1,13009.0,12025.0,16295.0,200.0,0.0,1315.0,24079.2,13331.6,2321.0,0,0,0,1,0,0,0,7988.0,12895.0,12025.0,10519.0,15887.0,16332.0,11297.333333333334,11941.142857142857,11894.07142857143,13390.566666666668,2897.2001097940115,2866.4655598397217,11665.50407267505,13190.785150189708,0.0,0.0,4
2023-04-20,0.0,874.0,135.0,4,20,0,1,0.0,0.0,0.0,156.0,73.0,0.0,433.0,1253.0,518.0,0,0,0,1,0,0,0,0.0,0.0,0.0,0.0,0.0,0.0,0.0,0.0,0.0,2.1666666666666665,0.0,11.867322079282689,0.0349447929348876,38.7416731907428,0.0,0.0,5
2023-04-20,0.0,0.0,82.0,4,20,0,1,0.0,0.0,65.0,0.0,0.0,16.0,51.0,6.0,127.0,0,0,0,1,0,0,0,0.0,0.0,0.0,29.0,9.0,0.0,0.0,8.428571428571429,26.571428571428573,22.466666666666665,22.299903907544387,35.33849452654,12.133017236614045,25.258213811307613,0.0,0.0,6
2023-04-20,0.0,16695.0,0.0,4,20,0,1,0.0,0.0,0.0,0.0,4700.0,0.0,21495.0,0.0,14400.0,0,0,0,1,0,0,0,0.0,0.0,0.0,0.0,7100.0,0.0,0.0,0.0,428.57142857142856,561.6666666666666,0.0,1704.541769414337,126.44703572283537,469.3072886406739,0.0,0.0,7
2023-04-20,0.0,0.0,235.0,4,20,0,1,45.0,245.0,80.0,45.0,235.0,35.0,0.0,35.0,0.0,0,0,0,1,0,0,0,0.0,0.0,245.0,140.0,290.0,140.0,15.0,65.0,159.28571428571428,129.83333333333334,85.04900548115351,183.2488572356208,61.346988983376704,125.7547503130829,0.0,0.0,8
2023-04-21,408.0,2223.0,204.0,4,21,1,1,753.0,557.0,244.0,235.0,711.75,1267.0,3090.0,436.0,2154.0,0,0,0,0,1,0,0,324.0,364.0,557.0,554.0,160.0,344.0,480.3333333333333,466.4285714285714,452.5,387.0,173.84749748257073,259.2227107973044,486.9556188458698,450.0725269542402,1.0,0.0,0
2023-04-21,0.0,315.0,1007.5,4,21,1,1,0.0,175.0,95.0,0.0,0.0,147.0,62.0,0.0,2010.0,0,0,0,0,1,0,0,0.0,17.5,175.0,395.0,0.0,542.0,5.833333333333333,64.5,294.0357142857143,188.96666666666667,80.0734038242398,399.9747606979749,108.77475174995136,234.49236918823564,1.0,0.0,1
2023-04-21,204.0,5000.4,662.0,4,21,1,1,0.0,564.0,215.0,827.0,1042.0,779.5,7882.5,5588.0,5713.65,0,0,0,0,1,0,0,105.0,0.0,564.0,586.0,368.0,398.0,35.0,154.35714285714286,189.92857142857144,191.71666666666667,202.903654124668,227.7041593722044,103.97558944549972,191.87533635950248,1.0,0.0,2
2023-04-21,0.0,0.0,0.0,4,21,1,1,0.0,0.0,0.0,0.0,0.0,0.0,0.0,0.0,0.0,0,0,0,0,1,0,0,0.0,0.0,0.0,0.0,0.0,0.0,0.0,0.0,0.0,0.0,0.0,0.0,0.0,0.0,1.0,0.0,3
2023-04-21,12203.0,1470.0,1430.0,4,21,1,1,10591.0,17002.0,15220.0,615.0,464.0,196.0,11912.2,27212.0,4132.75,0,0,0,0,1,0,0,13009.0,7988.0,17002.0,11038.0,13548.0,14344.0,10529.333333333334,11736.285714285714,11899.214285714286,13200.433333333332,2940.654672817238,2856.326549516248,11396.878054506287,13023.05707598392,1.0,0.0,4
2023-04-21,322.5,250.0,342.5,4,21,1,1,0.0,0.0,65.0,135.0,0.0,149.0,874.0,380.0,1185.0,0,0,0,0,1,0,0,0.0,0.0,0.0,0.0,0.0,0.0,0.0,0.0,0.0,2.1666666666666665,0.0,11.867322079282689,0.0262085947011657,36.24221040424326,1.0,0.0,5
2023-04-21,0.0,27.0,9.0,4,21,1,1,0.0,0.0,0.0,82.0,0.0,0.0,0.0,16.0,42.0,0,0,0,0,1,0,0,0.0,0.0,0.0,5.0,0.0,0.0,0.0,8.428571428571429,24.5,20.3,22.299903907544387,34.626230838324936,9.099762927460532,23.62865162993293,1.0,0.0,6
2023-04-21,0.0,14520.0,1350.0,4,21,1,1,0.0,0.0,0.0,0.0,1500.0,4000.0,16695.0,21000.0,0.0,0,0,0,0,1,0,0,0.0,0.0,0.0,0.0,0.0,0.0,0.0,0.0,428.57142857142856,561.6666666666666,0.0,1704.541769414337,94.8352767921265,439.029399050953,1.0,0.0,7
2023-04-21,0.0,35.0,105.0,4,21,1,1,0.0,40.0,20.0,235.0,0.0,255.0,0.0,0.0,205.0,0,0,0,0,1,0,0,45.0,0.0,40.0,115.0,90.0,0.0,15.0,30.0,149.28571428571428,127.16666666666669,33.29164059239616,184.5763244303827,46.010241737532525,117.64154061546463,1.0,0.0,8
2023-04-22,544.0,3381.0,237.0,4,22,1,1,408.0,580.0,536.0,204.0,85.0,268.0,2223.0,1337.0,2598.0,0,0,0,0,0,1,0,753.0,324.0,580.0,414.0,407.0,100.0,495.0,445.1428571428572,442.07142857142856,392.4666666666666,169.98865508363463,257.8285628399061,467.2167141344024,447.35817037654726,1.0,0.0,0
2023-04-22,0.0,0.0,0.0,4,22,1,1,0.0,90.0,619.5,1007.5,90.0,505.0,315.0,175.0,433.5,0,0,0,0,0,1,0,0.0,0.0,90.0,60.0,0.0,0.0,0.0,39.5,265.82142857142856,185.8,65.88563323416146,401.1187931360192,81.58106381246353,219.36382924060757,1.0,0.0,1
2023-04-22,0.0,11460.2,560.0,4,22,1,1,204.0,0.0,0.0,662.0,797.0,1192.0,5000.4,3390.0,9503.0,0,0,0,0,0,1,0,0.0,105.0,0.0,660.0,688.0,0.0,103.0,102.92857142857144,162.64285714285714,191.35,102.60134362807226,227.6742284720534,128.9816920841248,192.6575727234056,1.0,0.0,2
2023-04-22,0.0,0.0,0.0,4,22,1,1,0.0,0.0,0.0,0.0,0.0,0.0,0.0,0.0,0.0,0,0,0,0,0,1,0,0.0,0.0,0.0,0.0,0.0,0.0,0.0,0.0,0.0,0.0,0.0,0.0,0.0,0.0,1.0,0.0,3
2023-04-22,15793.0,2428.0,510.0,4,22,1,1,12203.0,9359.0,16332.0,1430.0,683.0,289.0,1470.0,14388.6,9473.5,0,0,0,0,0,1,0,10591.0,13009.0,9359.0,13318.0,17861.0,14791.0,11934.333333333334,11050.714285714286,11982.42857142857,13099.866666666669,1874.5985093956824,2835.8070885866505,11598.408540879716,12970.150167855929,1.0,0.0,4
2023-04-22,235.5,673.0,331.0,4,22,1,1,322.5,0.0,0.0,342.5,243.0,0.0,250.0,110.0,471.0,0,0,0,0,0,1,0,0.0,0.0,0.0,0.0,0.0,0.0,107.5,46.07142857142857,23.035714285714285,10.75,121.89354254547592,58.88017493180617,80.64465644602588,54.71045489429208,1.0,0.0,5
2023-04-22,50.0,0.0,0.0,4,22,1,1,0.0,59.0,0.0,9.0,0.0,25.0,27.0,0.0,62.0,0,0,0,0,0,1,0,0.0,0.0,59.0,0.0,125.0,0.0,0.0,8.428571428571429,24.142857142857142,20.3,22.299903907544387,34.626230838324936,6.8248221955954005,22.104222492517906,1.0,0.0,6
2023-04-22,0.0,36670.0,0.0,4,22,1,1,0.0,0.0,0.0,1350.0,0.0,2300.0,14520.0,22790.0,0.0,0,0,0,0,0,1,0,0.0,0.0,0.0,0.0,2250.0,0.0,0.0,0.0,428.57142857142856,561.6666666666666,0.0,1704.541769414337,71.12645759409489,410.70492169282704,1.0,0.0,7
2023-04-22,205.0,35.0,280.0,4,22,1,1,0.0,90.0,140.0,105.0,0.0,0.0,35.0,0.0,0.0,0,0,0,0,0,1,0,0.0,45.0,90.0,945.0,35.0,0.0,15.0,24.285714285714285,141.07142857142858,126.5,34.69252698451606,185.01234814335297,34.5076813031494,110.05176380156372,1.0,0.0,8
2023-04-23,518.0,2107.0,597.0,4,23,0,1,544.0,251.0,344.0,237.0,140.0,310.0,3381.0,1929.5,1580.0,0,0,0,0,0,0,1,408.0,753.0,251.0,101.0,297.0,604.0,568.3333333333334,440.0,451.3571428571428,392.73333333333335,165.71964277055406,257.9862243493293,486.4125356008018,453.5931271264475,1.0,0.0,0
2023-04-23,258.0,266.0,30.0,4,23,0,1,0.0,0.0,542.0,0.0,225.0,60.0,0.0,215.0,0.0,0,0,0,0,0,0,1,0.0,0.0,0.0,97.0,0.0,0.0,0.0,26.642857142857142,261.5357142857143,165.15,63.11148488040266,393.9029101012163,61.185797859347645,205.2113241283103,1.0,0.0,1
2023-04-23,423.0,4864.25,1315.0,4,23,0,1,0.0,203.0,398.0,560.0,1869.75,460.0,11460.2,3232.0,7320.0,0,0,0,0,0,0,1,204.0,0.0,203.0,0.0,96.0,82.0,68.0,102.92857142857144,115.5,191.35,102.60134362807226,227.6742284720534,96.7362690630936,180.2280519025407,1.0,0.0,2
2023-04-23,0.0,0.0,0.0,4,23,0,1,0.0,0.0,0.0,0.0,0.0,0.0,0.0,0.0,0.0,0,0,0,0,0,0,1,0.0,0.0,0.0,0.0,0.0,0.0,0.0,0.0,0.0,0.0,0.0,0.0,0.0,0.0,1.0,0.0,3
2023-04-23,15910.0,2396.0,355.0,4,23,0,1,15793.0,11310.0,14344.0,510.0,150.0,145.0,2428.0,21040.4,14109.32,0,0,0,0,0,0,1,12203.0,10591.0,11310.0,12185.0,16471.0,13152.0,12862.333333333334,11969.857142857143,12159.214285714286,13081.9,2408.2610897056884,2816.2634250564133,12647.056405659789,13152.269511865225,1.0,0.0,4
2023-04-23,0.0,208.5,135.0,4,23,0,1,235.5,0.0,0.0,331.0,112.0,0.0,673.0,205.0,300.0,0,0,0,0,0,0,1,322.5,0.0,0.0,0.0,0.0,0.0,186.0,79.71428571428571,39.85714285714285,18.6,138.43526078485732,71.7004544784333,119.3584923345194,66.37429651401517,1.0,0.0,5
2023-04-23,66.0,6.0,82.0,4,23,0,1,50.0,0.0,0.0,0.0,0.0,22.0,0.0,24.0,84.0,0,0,0,0,0,0,1,0.0,0.0,0.0,83.0,31.0,16.0,16.666666666666668,7.142857142857143,27.714285714285715,21.966666666666665,18.89822365046134,34.818230790812706,17.61861664669655,23.90395007364578,1.0,0.0,6
2023-04-23,0.0,20070.0,0.0,4,23,0,1,0.0,0.0,0.0,0.0,0.0,0.0,36670.0,7150.0,26210.0,0,0,0,0,0,0,1,0.0,0.0,0.0,0.0,0.0,0.0,0.0,0.0,428.57142857142856,561.6666666666666,0.0,1704.541769414337,53.344843195571165,384.2078299707092,1.0,0.0,7
2023-04-23,0.0,0.0,45.0,4,23,0,1,205.0,35.0,0.0,280.0,230.0,90.0,35.0,0.0,35.0,0,0,0,0,0,0,1,0.0,0.0,35.0,285.0,0.0,195.0,68.33333333333333,40.71428571428572,88.21428571428571,128.66666666666666,74.91264754301979,185.55570468252893,77.13076097736204,116.17745645952732,1.0,0.0,8
2023-04-24,1381.0,2465.0,995.0,4,24,0,0,518.0,436.0,100.0,597.0,599.0,375.0,2107.0,1175.0,1319.0,1,0,0,0,0,0,0,544.0,408.0,436.0,857.0,0.0,262.0,490.0,478.1428571428572,481.1428571428572,398.53333333333336,144.31265660759942,258.80744184436134,494.30940170060137,457.7484092473219,1.0,0.0,0
2023-04-24,185.0,62.0,0.0,4,24,0,0,258.0,169.0,0.0,30.0,0.0,0.0,266.0,175.0,215.0,1,0,0,0,0,0,0,0.0,0.0,169.0,640.0,0.0,0.0,86.0,63.5,273.0357142857143,155.68333333333334,105.83438319689138,387.9007267982037,110.38934839451072,208.6170451522903,1.0,0.0,1
2023-04-24,133.5,8882.4,2245.5,4,24,0,0,423.0,208.5,0.0,1315.0,729.0,412.0,4864.25,5307.3,5839.0,1,0,0,0,0,0,0,0.0,204.0,208.5,115.0,0.0,121.0,209.0,134.35714285714286,145.71428571428572,192.1833333333333,157.41630429260783,228.50094255194307,178.3022017973202,195.89075823140905,1.0,0.0,2
2023-04-24,0.0,0.0,0.0,4,24,0,0,0.0,0.0,0.0,0.0,0.0,0.0,0.0,0.0,0.0,1,0,0,0,0,0,0,0.0,0.0,0.0,0.0,0.0,0.0,0.0,0.0,0.0,0.0,0.0,0.0,0.0,0.0,1.0,0.0,3
2023-04-24,14848.0,1340.0,1032.0,4,24,0,0,15910.0,12895.0,14791.0,355.0,260.0,0.0,2396.0,10426.92,16519.8,1,0,0,0,0,0,0,15793.0,12203.0,12895.0,11111.0,14895.0,14995.0,14635.333333333334,12627.0,12425.285714285714,13134.1,2794.7804326398577,2854.713940014039,13462.79230424484,13330.18760787392,1.0,0.0,4
2023-04-24,41.0,706.0,913.0,4,24,0,0,0.0,0.0,0.0,135.0,250.0,0.0,208.5,70.0,0.0,1,0,0,0,0,0,0,235.5,322.5,0.0,0.0,0.0,0.0,186.0,79.71428571428571,39.85714285714285,18.6,138.43526078485732,71.7004544784333,89.51886925088957,62.09208383569162,1.0,0.0,5
2023-04-24,0.0,0.0,116.0,4,24,0,0,66.0,0.0,0.0,82.0,36.0,22.0,6.0,32.0,144.0,1,0,0,0,0,0,0,50.0,0.0,0.0,16.0,21.0,0.0,38.66666666666666,16.571428571428573,26.5,24.166666666666668,28.67552465580557,35.46157058712637,29.713962485022414,26.61982426244283,1.0,0.0,6
2023-04-24,35.0,0.0,20.0,4,24,0,0,0.0,0.0,0.0,45.0,45.0,1125.0,0.0,0.0,35.0,1,0,0,0,0,0,0,205.0,0.0,0.0,60.0,40.0,90.0,68.33333333333333,35.714285714285715,67.85714285714286,128.66666666666666,76.50863630056006,185.55570468252893,57.84807073302153,108.68213668794492,1.0,0.0,8
2023-04-25,1355.25,5089.0,523.0,4,25,0,0,1381.0,364.0,604.0,995.0,234.0,539.0,2465.0,1843.5,1374.0,0,1,0,0,0,0,0,518.0,544.0,364.0,114.0,45.0,519.0,814.3333333333334,613.1428571428571,518.5714285714286,441.23333333333335,367.5950800230369,308.71688663232135,715.982051275451,517.3130280055592,0.0,0.0,0
2023-04-25,90.0,213.5,75.0,4,25,0,0,185.0,17.5,0.0,0.0,242.0,52.5,62.0,105.0,50.0,0,1,0,0,0,0,0,258.0,0.0,17.5,250.0,0.0,60.0,147.66666666666666,65.78571428571429,240.53571428571428,161.85,108.62851725907215,386.8093879240871,129.04201129588304,207.0933648198845,0.0,0.0,1
2023-04-25,0.0,5917.8,1013.5,4,25,0,0,133.5,0.0,82.0,2245.5,860.5,1401.0,8882.4,5515.25,3396.0,0,1,0,0,0,0,0,423.0,0.0,0.0,7.5,0.0,469.5,185.5,123.64285714285714,147.03571428571428,196.63333333333333,154.04510007508483,225.91446097618643,167.10165134799016,191.86554802293108,0.0,0.0,2
2023-04-25,0.0,0.0,0.0,4,25,0,0,0.0,0.0,0.0,0.0,0.0,0.0,0.0,0.0,0.0,0,1,0,0,0,0,0,0.0,0.0,0.0,0.0,0.0,0.0,0.0,0.0,0.0,0.0,0.0,0.0,0.0,0.0,0.0,0.0,3
2023-04-25,15814.0,2225.0,663.5,4,25,0,0,14848.0,7988.0,13152.0,1032.0,0.0,198.0,1340.0,23422.2,9921.56,0,1,0,0,0,0,0,15910.0,15793.0,7988.0,11364.0,9923.0,15816.0,15517.0,12906.0,12692.214285714286,13136.0,2920.64250922064,2855.8734758992664,13809.09422818363,13428.110988011083,0.0,0.0,4
2023-04-25,133.5,527.0,115.0,4,25,0,0,41.0,0.0,0.0,913.0,0.0,0.0,706.0,213.0,580.0,0,1,0,0,0,0,0,0.0,235.5,0.0,0.0,0.0,0.0,92.16666666666669,85.57142857142857,42.785714285714285,19.966666666666665,135.333054773347,71.7244407597504,77.38915193816717,60.73130423338894,0.0,0.0,5
2023-04-25,29.0,92.0,16.0,4,25,0,0,0.0,0.0,16.0,116.0,0.0,0.0,0.0,54.0,197.0,0,1,0,0,0,0,0,66.0,50.0,0.0,66.0,0.0,5.0,38.66666666666666,16.571428571428573,25.357142857142858,24.166666666666668,28.67552465580557,35.46157058712637,22.28547186376681,24.902416245511034,0.0,0.0,6
2023-04-25,0.0,2880.0,0.0,4,25,0,0,0.0,0.0,0.0,0.0,0.0,0.0,20070.0,13975.0,89580.0,0,1,0,0,0,0,0,0.0,0.0,0.0,6000.0,0.0,0.0,0.0,0.0,428.57142857142856,561.6666666666666,0.0,1704.541769414337,40.00863239667837,359.42022803711507,1.0,0.0,7
2023-04-25,235.0,0.0,0.0,4,25,0,0,35.0,0.0,195.0,20.0,280.0,410.0,0.0,0.0,0.0,0,1,0,0,0,0,0,0.0,205.0,0.0,35.0,235.0,55.0,80.0,40.71428571428572,66.07142857142857,129.83333333333334,74.91264754301979,184.82742805362935,52.13605304976615,103.928450450013,0.0,0.0,8
2023-04-26,492.0,2940.0,740.0,4,26,0,0,1355.25,324.0,262.0,523.0,415.0,371.0,5089.0,1780.0,1131.0,0,0,1,0,0,0,0,1381.0,518.0,324.0,248.0,266.0,305.0,1084.75,754.75,607.2321428571429,466.275,439.5148129851068,350.073799793306,875.7990384565883,571.3734778116523,0.0,0.0,0
2023-04-26,472.0,527.0,115.0,4,26,0,0,90.0,0.0,0.0,75.0,0.0,0.0,213.5,0.0,1710.0,0,0,1,0,0,0,0,185.0,258.0,0.0,2066.0,90.0,75.0,177.66666666666666,76.14285714285714,229.1071428571429,164.85,106.6964988045186,385.8586741014258,119.28150847191228,199.5389541863436,0.0,0.0,1
2023-04-26,0.0,12199.9,1357.0,4,26,0,0,0.0,105.0,121.0,1013.5,936.0,661.5,5917.8,6572.0,4194.0,0,0,1,0,0,0,0,133.5,423.0,105.0,0.0,531.0,0.0,185.5,123.64285714285714,146.5,193.9,154.04510007508483,227.83710908423592,125.32623851099262,179.48712556983875,0.0,0.0,2
2023-04-26,0.0,0.0,0.0,4,26,0,0,0.0,0.0,0.0,0.0,0.0,0.0,0.0,0.0,0.0,0,0,1,0,0,0,0,0.0,0.0,0.0,0.0,0.0,0.0,0.0,0.0,0.0,0.0,0.0,0.0,0.0,0.0,0.0,0.0,3
2023-04-26,15319.0,2924.0,545.0,4,26,0,0,15814.0,13009.0,14995.0,663.5,200.0,0.0,2225.0,24079.2,5750.52,0,0,1,0,0,0,0,14848.0,15910.0,13009.0,13394.0,7081.0,18589.0,15524.0,14024.0,13010.07142857143,13224.733333333334,2109.5492409517205,2897.440046487353,14310.320671137722,13582.03931136521,0.0,0.0,4
2023-04-26,0.0,0.0,371.0,4,26,0,0,133.5,0.0,0.0,115.0,156.0,160.0,527.0,433.0,760.0,0,0,1,0,0,0,0,41.0,0.0,0.0,0.0,0.0,0.0,58.16666666666666,104.64285714285714,52.32142857142857,24.416666666666668,130.58768263945444,74.52945302238696,91.41686395362538,65.42605879897675,0.0,0.0,5
2023-04-26,0.0,63.0,31.0,4,26,0,0,29.0,0.0,0.0,16.0,0.0,50.0,92.0,51.0,0.0,0,0,1,0,0,0,0,0.0,66.0,0.0,114.0,0.0,30.0,31.666666666666668,20.714285714285715,22.714285714285715,24.6,27.96851971839222,35.437755046822865,23.964103897825105,25.16677648773613,0.0,0.0,6
2023-04-26,0.0,15200.0,0.0,4,26,0,0,0.0,0.0,0.0,0.0,0.0,0.0,2880.0,38575.0,49080.0,0,0,1,0,0,0,0,0.0,0.0,0.0,0.0,1500.0,0.0,0.0,0.0,0.0,561.6666666666666,0.0,1704.541769414337,30.00647429750878,336.231826228269,0.0,0.0,7
2023-04-26,35.0,0.0,105.0,4,26,0,0,235.0,45.0,90.0,0.0,45.0,715.0,0.0,0.0,50.0,0,0,1,0,0,0,0,35.0,0.0,45.0,195.0,35.0,360.0,90.0,74.28571428571429,80.35714285714286,131.16666666666666,101.54754926587204,185.456953520744,97.8520397873246,112.38467945323796,0.0,0.0,8
2023-04-27,1340.0,4883.0,1345.0,4,27,0,0,492.0,753.0,519.0,740.0,235.0,339.0,2940.0,3090.0,1767.0,0,0,0,1,0,0,0,1355.25,1381.0,753.0,782.0,1094.0,92.0,1076.0833333333333,778.75,624.6607142857143,473.94166666666666,416.032776152713,347.9580068012892,779.8492788424412,566.2526082754167,0.0,1.0,0
2023-04-27,717.5,604.5,75.0,4,27,0,0,472.0,0.0,60.0,115.0,0.0,35.0,527.0,62.0,0.0,0,0,0,1,0,0,0,90.0,185.0,0.0,157.0,71.0,0.0,249.0,143.57142857142858,115.25,180.58333333333331,176.72186918324186,388.5188515226844,207.4611313539342,217.1170861743214,0.0,1.0,1
2023-04-27,0.0,12051.95,4138.0,4,27,0,0,0.0,0.0,469.5,1357.0,827.0,600.0,12199.9,7882.5,4052.0,0,0,0,1,0,0,0,0.0,133.5,0.0,210.0,94.0,30.0,44.5,108.64285714285714,146.5,189.86666666666667,161.11298165307133,230.2305790728717,93.99467888324446,167.90731101694595,0.0,1.0,2
2023-04-27,0.0,0.0,0.0,4,27,0,0,0.0,0.0,0.0,0.0,0.0,0.0,0.0,0.0,0.0,0,0,0,1,0,0,0,0.0,0.0,0.0,0.0,0.0,0.0,0.0,0.0,0.0,0.0,0.0,0.0,0.0,0.0,0.0,1.0,3
2023-04-27,15588.0,2776.0,2601.0,4,27,0,0,15319.0,10591.0,15816.0,545.0,615.0,323.0,2924.0,11912.2,8448.12,0,0,0,1,0,0,0,15814.0,14848.0,10591.0,12025.0,10519.0,15887.0,15327.0,14354.0,13147.57142857143,13235.533333333333,2104.981710134315,2904.860465915172,14562.490503353292,13694.101291277131,0.0,1.0,4
2023-04-27,230.0,1201.5,115.0,4,27,0,0,0.0,0.0,0.0,371.0,135.0,45.0,0.0,874.0,208.0,0,0,0,1,0,0,0,133.5,41.0,0.0,0.0,0.0,0.0,58.16666666666666,104.64285714285714,52.32142857142857,24.416666666666668,130.58768263945444,74.52945302238696,68.56264796521904,61.20502274742987,0.0,1.0,5
2023-04-27,114.0,30.0,25.0,4,27,0,0,0.0,0.0,5.0,31.0,82.0,0.0,63.0,0.0,0.0,0,0,0,1,0,0,0,29.0,0.0,0.0,0.0,29.0,9.0,9.666666666666666,20.714285714285715,14.571428571428571,24.6,27.96851971839222,35.437755046822865,17.973077923368827,23.543113488527347,0.0,1.0,6
2023-04-27,0.0,1800.0,2520.0,4,27,0,0,0.0,0.0,0.0,0.0,0.0,5000.0,15200.0,21495.0,74120.0,0,0,0,1,0,0,0,0.0,0.0,0.0,0.0,0.0,0.0,0.0,0.0,0.0,561.6666666666666,0.0,1704.541769414337,22.504855723131584,314.53945034257424,0.0,0.0,7
2023-04-27,195.0,20.0,20.0,4,27,0,0,35.0,0.0,55.0,105.0,235.0,0.0,0.0,0.0,0.0,0,0,0,1,0,0,0,235.0,35.0,0.0,245.0,140.0,290.0,101.66666666666669,72.85714285714286,68.92857142857143,129.33333333333334,102.09705932988211,186.14850084761923,82.13902984049346,107.39211948851296,0.0,1.0,8
2023-04-28,1238.75,2828.0,264.0,4,28,1,0,1340.0,408.0,305.0,1345.0,204.0,190.0,4883.0,2223.0,748.0,0,0,0,0,1,0,0,492.0,1355.25,408.0,557.0,554.0,160.0,1062.4166666666667,862.6071428571429,664.5178571428571,501.3083333333333,466.121225673976,382.2225029200994,919.886959131831,616.1717948382932,0.0,1.0,0
2023-04-28,116.0,444.0,277.0,4,28,1,0,717.5,0.0,75.0,75.0,1007.5,0.0,604.5,315.0,72.5,0,0,0,0,1,0,0,472.0,90.0,0.0,175.0,395.0,0.0,426.5,246.07142857142856,155.28571428571428,202.5,265.3994518600573,399.8615708743076,334.97084851545065,249.3998548082361,0.0,1.0,1
2023-04-28,214.0,6785.65,1406.25,4,28,1,0,0.0,204.0,0.0,4138.0,662.0,1588.0,12051.95,5000.4,4488.8,0,0,0,0,1,0,0,0.0,0.0,204.0,564.0,586.0,368.0,0.0,108.64285714285714,131.5,174.21666666666667,161.11298165307133,226.49384110273556,70.49600916243335,157.0745812739172,0.0,1.0,2
2023-04-28,0.0,0.0,0.0,4,28,1,0,0.0,0.0,0.0,0.0,0.0,0.0,0.0,0.0,0.0,0,0,0,0,1,0,0,0.0,0.0,0.0,0.0,0.0,0.0,0.0,0.0,0.0,0.0,0.0,0.0,0.0,0.0,0.0,1.0,3
2023-04-28,16737.0,10442.8,745.0,4,28,1,0,15588.0,12203.0,18589.0,2601.0,1430.0,347.0,2776.0,1470.0,8470.4,0,0,0,0,1,0,0,15319.0,15814.0,12203.0,17002.0,11038.0,13548.0,15573.666666666666,15067.857142857143,13402.07142857143,13227.933333333332,1315.3662897423171,2898.1669228399883,14818.86787751497,13816.288304743126,0.0,1.0,4
2023-04-28,138.0,462.0,706.0,4,28,1,0,230.0,322.5,0.0,115.0,342.5,257.0,1201.5,250.0,545.75,0,0,0,0,1,0,0,0.0,133.5,322.5,0.0,0.0,0.0,121.16666666666669,137.5,68.75,32.083333333333336,128.79311575805082,83.25066876953484,108.92198597391427,72.09502127985375,0.0,1.0,5
2023-04-28,5.0,100.0,30.0,4,28,1,0,114.0,0.0,30.0,25.0,9.0,0.0,30.0,27.0,0.0,0,0,0,0,1,0,0,0.0,29.0,0.0,0.0,5.0,0.0,47.66666666666666,37.0,22.714285714285715,28.23333333333333,43.03099657998482,38.78826994153607,41.97980844252662,29.37904165055784,0.0,1.0,6
2023-04-28,0.0,15550.0,0.0,4,28,1,0,0.0,0.0,0.0,2520.0,0.0,11700.0,1800.0,16695.0,20850.0,0,0,0,0,1,0,0,0.0,0.0,0.0,0.0,0.0,7100.0,0.0,0.0,0.0,561.6666666666666,0.0,1704.541769414337,16.878641792348688,294.2465825785372,0.0,1.0,7
2023-04-28,0.0,0.0,60.0,4,28,1,0,195.0,0.0,360.0,20.0,105.0,0.0,20.0,35.0,0.0,0,0,0,0,1,0,0,35.0,235.0,0.0,40.0,115.0,90.0,155.0,100.71428571428572,65.35714285714286,134.0,105.4525395390649,185.9755267547968,110.3542723803701,113.0442408118347,0.0,1.0,8
2023-04-29,1059.5,2706.0,382.0,4,29,1,0,1238.75,544.0,92.0,264.0,237.0,0.0,2828.0,3381.0,1161.5,0,0,0,0,0,1,0,1340.0,492.0,544.0,580.0,414.0,407.0,1023.5833333333334,981.2857142857144,713.2142857142857,532.4333333333333,435.8588367754384,403.132026446828,999.6027193488732,656.3381306551775,0.0,1.0,0
2023-04-29,165.0,551.5,416.5,4,29,1,0,116.0,0.0,0.0,277.0,0.0,1050.0,444.0,0.0,65.0,0,0,0,0,0,1,0,717.5,472.0,0.0,90.0,60.0,0.0,435.1666666666667,262.6428571428572,151.07142857142858,203.86666666666667,250.68783946801787,399.4806527906239,280.228136386588,240.7934125625435,0.0,1.0,1
2023-04-29,126.0,7226.15,1489.5,4,29,1,0,214.0,0.0,30.0,1406.25,560.0,451.0,6785.65,11460.2,3904.7,0,0,0,0,0,1,0,0.0,0.0,0.0,0.0,660.0,688.0,71.33333333333333,110.07142857142856,106.5,181.35,162.14048141746022,224.17581423885832,106.37200687182502,160.7471889336645,0.0,1.0,2
2023-04-29,0.0,0.0,0.0,4,29,1,0,0.0,0.0,0.0,0.0,0.0,0.0,0.0,0.0,0.0,0,0,0,0,0,1,0,0.0,0.0,0.0,0.0,0.0,0.0,0.0,0.0,0.0,0.0,0.0,0.0,0.0,0.0,0.0,1.0,3
2023-04-29,16970.0,850.0,675.0,4,29,1,0,16737.0,15793.0,15887.0,745.0,510.0,174.0,10442.8,2428.0,15235.94,0,0,0,0,0,1,0,15588.0,15319.0,15793.0,9359.0,13318.0,17861.0,15881.333333333334,15715.57142857143,13383.142857142857,13166.2,580.6642337710796,2798.028596634841,15298.400908136227,14004.721317340343,0.0,1.0,4
2023-04-29,78.5,499.0,495.0,4,29,1,0,138.0,235.5,0.0,706.0,331.0,75.0,462.0,673.0,467.0,0,0,0,0,0,1,0,230.0,0.0,235.5,0.0,0.0,0.0,122.66666666666669,111.14285714285714,78.60714285714286,36.68333333333333,100.36463283353125,85.2063907402995,116.1914894804357,76.34695539083094,0.0,1.0,5
2023-04-29,70.0,79.0,102.0,4,29,1,0,5.0,50.0,9.0,30.0,0.0,0.0,100.0,0.0,138.0,0,0,0,0,0,1,0,114.0,0.0,50.0,59.0,0.0,125.0,39.66666666666666,37.71428571428572,23.071428571428573,27.4,42.3505776651444,39.01688405523062,32.73485633189496,27.80620025374766,0.0,1.0,6
2023-04-29,0.0,14000.0,3600.0,4,29,1,0,0.0,0.0,0.0,0.0,1350.0,1850.0,15550.0,14520.0,0.0,0,0,0,0,0,1,0,0.0,0.0,0.0,0.0,0.0,0.0,0.0,0.0,0.0,561.6666666666666,0.0,1704.541769414337,12.658981344261516,275.2629320895993,0.0,1.0,7
2023-04-29,70.0,0.0,60.0,4,29,1,0,0.0,205.0,290.0,60.0,280.0,105.0,0.0,35.0,100.0,0,0,0,0,0,1,0,195.0,35.0,205.0,90.0,945.0,35.0,76.66666666666667,100.71428571428572,62.5,122.0,105.4525395390649,182.4715376955144,82.76570428527758,105.75106398526472,0.0,1.0,8
2023-04-30,649.0,3242.0,450.0,4,30,0,0,1059.5,518.0,160.0,382.0,597.0,341.0,2706.0,2107.0,1642.0,0,0,0,0,0,0,1,1238.75,1340.0,518.0,251.0,101.0,297.0,1212.75,1054.928571428571,747.4642857142857,564.6833333333333,390.89072200247887,405.37608620189656,1014.5770395116548,682.3485738387144,0.0,1.0,0
2023-04-30,222.0,145.0,506.0,4,30,0,0,165.0,258.0,0.0,416.5,30.0,878.0,551.5,266.0,0.0,0,0,0,0,0,0,1,116.0,717.5,258.0,0.0,97.0,0.0,332.8333333333333,286.2142857142857,156.42857142857142,209.36666666666667,228.66639768136304,397.7089763697288,251.42110228994105,235.9035149778633,0.0,1.0,1
2023-04-30,588.0,8114.8,1605.0,4,30,0,0,126.0,423.0,368.0,1489.5,1315.0,962.5,7226.15,4864.25,4203.6,0,0,0,0,0,0,1,214.0,0.0,423.0,203.0,0.0,96.0,113.33333333333331,128.07142857142858,115.5,184.55,154.70790449839907,222.62065113179588,111.27900515386877,158.50543480891196,0.0,1.0,2
2023-04-30,0.0,0.0,0.0,4,30,0,0,0.0,0.0,0.0,0.0,0.0,0.0,0.0,0.0,0.0,0,0,0,0,0,0,1,0.0,0.0,0.0,0.0,0.0,0.0,0.0,0.0,0.0,0.0,0.0,0.0,0.0,0.0,0.0,1.0,3
2023-04-30,16038.1,897.0,50.0,4,30,0,0,16970.0,15910.0,13548.0,675.0,355.0,180.0,850.0,2396.0,19934.64,0,0,0,0,0,0,1,16737.0,15588.0,15910.0,11310.0,12185.0,16471.0,16431.666666666668,15883.714285714286,13926.785714285714,13202.3,751.9660263349069,2840.999109711131,15716.30068110217,14196.02961944742,0.0,1.0,4
2023-04-30,210.0,329.0,802.0,4,30,0,0,78.5,0.0,0.0,495.0,135.0,147.0,499.0,208.5,316.0,0,0,0,0,0,0,1,138.0,230.0,0.0,0.0,0.0,0.0,148.83333333333334,88.71428571428571,84.21428571428571,39.3,84.18029121220385,85.24635698556528,106.76861711032676,76.4858614946483,0.0,1.0,5
2023-04-30,0.0,72.0,50.0,4,30,0,0,70.0,66.0,0.0,102.0,82.0,0.0,79.0,6.0,156.0,0,0,0,0,0,0,1,5.0,114.0,66.0,0.0,83.0,31.0,63.0,40.57142857142857,23.857142857142858,29.433333333333334,43.96156329817045,39.609893690351136,42.05114224892122,30.528380882538137,0.0,1.0,6
2023-04-30,0.0,9000.0,0.0,4,30,0,0,0.0,0.0,7100.0,3600.0,0.0,0.0,14000.0,36670.0,0.0,0,0,0,0,0,0,1,0.0,0.0,0.0,0.0,0.0,2250.0,0.0,0.0,0.0,561.6666666666666,0.0,1704.541769414337,9.494236008196136,257.50403324510904,0.0,1.0,7
2023-04-30,60.0,0.0,420.0,4,30,0,0,70.0,0.0,90.0,60.0,45.0,40.0,0.0,0.0,0.0,0,0,0,0,0,0,1,0.0,195.0,0.0,35.0,285.0,0.0,88.33333333333333,81.42857142857143,61.07142857142857,114.66666666666669,95.03132315690618,179.8894935371643,79.57427821395818,103.44454372815088,0.0,1.0,8
2023-05-01,497.0,1182.0,40.0,5,1,0,0,649.0,1381.0,407.0,450.0,995.0,0.0,3242.0,2465.0,479.0,1,0,0,0,0,0,0,1059.5,1238.75,1381.0,436.0,857.0,0.0,982.4166666666666,1073.642857142857,775.8928571428571,580.9833333333333,363.04441467100094,398.31253396377497,923.1827796337412,680.1970529458941,0.0,0.0,0
2023-05-01,238.0,769.0,319.0,5,1,0,0,222.0,185.0,0.0,506.0,0.0,175.0,145.0,62.0,25.0,1,0,0,0,0,0,0,165.0,116.0,185.0,169.0,640.0,0.0,167.66666666666666,281.07142857142856,172.28571428571428,216.76666666666668,229.80869373086296,395.739502732528,244.06582671745576,235.00651401154957,0.0,0.0,1
2023-05-01,425.0,9728.9,460.0,5,1,0,0,588.0,133.5,688.0,1605.0,2245.5,720.0,8114.8,8882.4,6594.6,1,0,0,0,0,0,0,126.0,214.0,133.5,208.5,115.0,0.0,309.3333333333333,151.64285714285714,143.0,191.88333333333333,209.8687515023209,232.2857441902601,230.4592538654016,186.21476159543377,0.0,0.0,2
2023-05-01,0.0,0.0,0.0,5,1,0,0,0.0,0.0,0.0,0.0,0.0,0.0,0.0,0.0,0.0,1,0,0,0,0,0,0,0.0,0.0,0.0,0.0,0.0,0.0,0.0,0.0,0.0,0.0,0.0,0.0,0.0,0.0,0.0,0.0,3
2023-05-01,18054.0,2410.0,741.0,5,1,0,0,16038.1,14848.0,17861.0,50.0,1032.0,1200.0,897.0,1340.0,14417.64,1,0,0,0,0,0,0,16970.0,16737.0,14848.0,12895.0,11111.0,14895.0,16581.7,15902.014285714287,14264.507142857145,13285.303333333331,754.2675485276496,2887.443499072053,15796.750510826629,14314.872869805651,0.0,0.0,4
2023-05-01,0.0,300.0,926.0,5,1,0,0,210.0,41.0,0.0,802.0,913.0,0.0,329.0,706.0,790.0,1,0,0,0,0,0,0,78.5,138.0,41.0,0.0,0.0,0.0,142.16666666666666,118.71428571428572,99.21428571428572,46.3,84.71317151760663,90.37571004156663,132.57646283274508,85.09967688209035,0.0,0.0,5
2023-05-01,0.0,37.0,0.0,5,1,0,0,0.0,0.0,125.0,50.0,116.0,6.0,72.0,0.0,56.0,1,0,0,0,0,0,0,70.0,5.0,0.0,0.0,16.0,21.0,25.0,31.142857142857142,23.857142857142858,29.433333333333334,44.670753189040695,39.609893690351136,31.53835668669092,28.55880792237439,0.0,0.0,6
2023-05-01,180.0,0.0,300.0,5,1,0,0,60.0,35.0,35.0,420.0,20.0,260.0,0.0,0.0,0.0,1,0,0,0,0,0,0,70.0,0.0,35.0,0.0,60.0,40.0,43.333333333333336,90.0,62.85714285714285,113.66666666666669,88.97565210026065,180.1145867713553,74.68070866046864,100.64166993923791,0.0,0.0,8
2023-05-02,247.9,2688.5,430.0,5,2,0,0,497.0,1355.25,297.0,40.0,523.0,390.0,1182.0,5089.0,1384.0,0,1,0,0,0,0,0,649.0,1059.5,1355.25,364.0,114.0,45.0,735.1666666666666,947.3571428571428,780.25,583.9833333333333,390.9858228765799,397.29457353570695,816.6370847253058,668.3778882397075,0.0,0.0,0
2023-05-02,67.0,589.5,770.0,5,2,0,0,238.0,90.0,0.0,319.0,75.0,100.0,769.0,213.5,75.0,0,1,0,0,0,0,0,222.0,165.0,90.0,17.5,250.0,0.0,208.33333333333331,288.6428571428572,177.21428571428572,224.7,226.9714949587489,393.62408988517336,242.5493700380918,235.19964213983667,0.0,0.0,1
2023-05-02,0.0,11612.25,1886.5,5,2,0,0,425.0,0.0,96.0,460.0,1013.5,1703.0,9728.9,5917.8,3661.6,0,1,0,0,0,0,0,588.0,126.0,0.0,0.0,7.5,0.0,379.6666666666667,193.28571428571428,158.46428571428572,183.11666666666667,233.28288570296968,217.4023238199141,279.0944403990512,201.62026084734129,0.0,0.0,2
2023-05-02,0.0,0.0,0.0,5,2,0,0,0.0,0.0,0.0,0.0,0.0,0.0,0.0,0.0,0.0,0,1,0,0,0,0,0,0.0,0.0,0.0,0.0,0.0,0.0,0.0,0.0,0.0,0.0,0.0,0.0,0.0,0.0,0.0,0.0,3
2023-05-02,18136.0,2847.0,470.5,5,2,0,0,18054.0,15814.0,16471.0,741.0,663.5,325.0,2410.0,2225.0,12484.8,0,1,0,0,0,0,0,16038.1,16970.0,15814.0,7988.0,11364.0,9923.0,17020.7,16360.014285714287,14633.007142857145,13291.736666666666,954.3990787027116,2898.1848964699548,16361.06288311997,14556.106878205286,0.0,0.0,4
2023-05-02,394.0,1386.0,527.5,5,2,0,0,0.0,133.5,0.0,926.0,115.0,60.0,300.0,527.0,266.0,0,1,0,0,0,0,0,210.0,78.5,133.5,0.0,0.0,0.0,96.16666666666669,112.85714285714286,99.21428571428572,46.3,92.07909384767822,90.37571004156663,99.43234712455882,79.60937514776195,0.0,0.0,5
2023-05-02,128.0,130.0,50.0,5,2,0,0,0.0,29.0,31.0,0.0,16.0,0.0,37.0,92.0,17.0,0,1,0,0,0,0,0,0.0,70.0,29.0,0.0,66.0,0.0,23.33333333333333,31.142857142857142,23.857142857142858,25.266666666666666,44.670753189040695,35.579859988223795,23.65376751501819,26.71630418544701,0.0,0.0,6
2023-05-02,0.0,0.0,9660.0,5,2,0,0,0.0,0.0,0.0,0.0,0.0,32210.0,9000.0,20070.0,0.0,0,1,0,0,0,0,0,0.0,0.0,0.0,0.0,0.0,0.0,0.0,0.0,0.0,325.0,0.0,1176.5488690994985,7.120677006147102,240.89086980994077,0.0,1.0,7
2023-05-02,0.0,70.0,145.0,5,2,0,0,180.0,235.0,0.0,300.0,0.0,575.0,0.0,0.0,0.0,0,1,0,0,0,0,0,60.0,70.0,235.0,0.0,35.0,235.0,103.33333333333331,110.71428571428572,75.71428571428571,118.5,90.8950205561598,179.8761547134104,101.01053149535149,105.76156220122256,0.0,0.0,8
2023-05-03,477.9,1379.0,55.0,5,3,0,0,247.9,492.0,0.0,430.0,740.0,429.0,2688.5,2940.0,1890.5,0,0,1,0,0,0,0,497.0,649.0,492.0,324.0,248.0,266.0,464.6333333333334,789.1642857142857,771.9571428571428,582.3466666666666,421.289356929302,398.6165117462914,674.4528135439795,641.2502825468232,0.0,0.0,0
2023-05-03,298.0,357.0,136.0,5,3,0,0,67.0,472.0,0.0,770.0,115.0,55.0,589.5,527.0,267.5,0,0,1,0,0,0,0,238.0,222.0,472.0,0.0,2066.0,90.0,175.66666666666666,285.35714285714283,180.75,226.9333333333333,230.46596174665223,392.49367957426665,198.66202752856884,224.34805232436332,0.0,0.0,1
2023-05-03,30.0,8939.0,1089.0,5,3,0,0,0.0,0.0,0.0,1886.5,1357.0,2638.0,11612.25,12199.9,7091.2,0,0,1,0,0,0,0,425.0,588.0,0.0,105.0,0.0,531.0,337.6666666666667,193.28571428571428,158.46428571428572,179.91666666666666,233.28288570296968,219.4259392507912,209.3208302992884,188.61250208299668,0.0,0.0,2
2023-05-03,0.0,0.0,0.0,5,3,0,0,0.0,0.0,0.0,0.0,0.0,0.0,0.0,0.0,0.0,0,0,1,0,0,0,0,0.0,0.0,0.0,0.0,0.0,0.0,0.0,0.0,0.0,0.0,0.0,0.0,0.0,0.0,0.0,0.0,3
2023-05-03,16469.0,1200.0,775.0,5,3,0,0,18136.0,15319.0,14895.0,470.5,545.0,1004.0,2847.0,2924.0,29247.0,0,0,1,0,0,0,0,18054.0,16038.1,15319.0,13009.0,13394.0,7081.0,17409.366666666665,16691.72857142857,15357.864285714286,13347.236666666666,1121.8302526292937,2976.062890566885,16804.79716233998,14787.067724772687,0.0,0.0,4
2023-05-03,0.0,1760.0,515.0,5,3,0,0,394.0,0.0,0.0,527.5,371.0,315.0,1386.0,0.0,101.0,0,0,1,0,0,0,0,0.0,210.0,0.0,0.0,0.0,0.0,201.33333333333331,150.07142857142858,127.35714285714286,59.43333333333333,141.2988642828351,109.9282472353215,173.0742603434191,99.89264126726118,0.0,0.0,5
2023-05-03,9.0,24.0,37.0,5,3,0,0,128.0,0.0,21.0,50.0,31.0,0.0,130.0,63.0,0.0,0,0,1,0,0,0,0,0.0,0.0,0.0,0.0,114.0,0.0,42.66666666666666,45.285714285714285,33.0,28.5,57.6619871484218,40.22329913251084,49.74032563626364,33.25073617348269,0.0,0.0,6
2023-05-03,0.0,12100.0,15580.0,5,3,0,0,0.0,0.0,2250.0,9660.0,0.0,0.0,0.0,2880.0,19160.0,0,0,1,0,0,0,0,0.0,0.0,0.0,0.0,6000.0,0.0,0.0,0.0,0.0,325.0,0.0,1176.5488690994985,5.340507754610327,225.3495233705897,0.0,0.0,7
2023-05-03,365.0,0.0,0.0,5,3,0,0,0.0,35.0,40.0,145.0,105.0,645.0,70.0,0.0,35.0,0,0,1,0,0,0,0,180.0,60.0,35.0,45.0,195.0,35.0,80.0,77.14285714285714,75.71428571428571,118.5,80.09666778634517,179.8761547134104,75.7578986215136,98.93823560759532,0.0,0.0,8
2023-05-04,554.0,2907.0,639.0,5,4,0,0,477.9,1340.0,45.0,55.0,1345.0,499.0,1379.0,4883.0,1224.0,0,0,0,1,0,0,0,247.9,497.0,1340.0,753.0,782.0,1094.0,407.6,787.15,782.9499999999999,598.2766666666666,422.9772994302808,383.8160074048887,625.3146101579846,630.7115546405767,0.0,0.0,0
2023-05-04,30.0,253.0,306.0,5,4,0,0,298.0,717.5,0.0,136.0,75.0,174.0,357.0,604.5,368.0,0,0,0,1,0,0,0,67.0,238.0,717.5,0.0,157.0,71.0,201.0,260.5,202.03571428571428,236.86666666666667,215.90372082635932,390.3172435016325,223.49652064642663,229.09979088408184,0.0,0.0,1
2023-05-04,564.5,15721.7,1766.5,5,4,0,0,30.0,0.0,0.0,1089.0,4138.0,1967.0,8939.0,12051.95,3268.5,0,0,0,1,0,0,0,0.0,425.0,0.0,0.0,210.0,94.0,151.66666666666666,197.57142857142856,153.10714285714286,180.91666666666663,229.3831272077768,218.6446922218364,164.4906227244663,178.37943743248078,0.0,0.0,2
2023-05-04,0.0,0.0,0.0,5,4,0,0,0.0,0.0,0.0,0.0,0.0,0.0,0.0,0.0,0.0,0,0,0,1,0,0,0,0.0,0.0,0.0,0.0,0.0,0.0,0.0,0.0,0.0,0.0,0.0,0.0,0.0,0.0,0.0,0.0,3
2023-05-04,17328.0,2295.0,1192.0,5,4,0,0,16469.0,15588.0,9923.0,775.0,2601.0,1566.0,1200.0,2776.0,13135.2,0,0,0,1,0,0,0,18136.0,18054.0,15588.0,10591.0,12025.0,10519.0,17553.0,16856.014285714286,15605.007142857145,13399.703333333331,959.8015774602892,3017.870978079324,16720.847871754984,14895.579484464772,0.0,0.0,4
2023-05-04,548.0,659.0,511.0,5,4,0,0,0.0,230.0,0.0,515.0,115.0,116.0,1760.0,1201.5,160.0,0,0,0,1,0,0,0,394.0,0.0,230.0,0.0,0.0,0.0,131.33333333333334,150.07142857142858,127.35714285714286,59.43333333333333,141.2988642828351,109.9282472353215,129.8056952575643,93.4479547338895,0.0,0.0,5
2023-05-04,72.0,12.0,6.0,5,4,0,0,9.0,114.0,0.0,37.0,25.0,129.0,24.0,30.0,6.0,0,0,0,1,0,0,0,128.0,0.0,114.0,0.0,0.0,29.0,45.66666666666666,46.57142857142857,33.642857142857146,28.1,56.57401388993932,40.35988961401123,39.55524422719773,31.68617254938704,0.0,0.0,6
2023-05-04,0.0,4400.0,22100.0,5,4,0,0,0.0,0.0,0.0,15580.0,0.0,11160.0,12100.0,15200.0,0.0,0,0,0,1,0,0,0,0.0,0.0,0.0,0.0,0.0,1500.0,0.0,0.0,0.0,250.0,0.0,1119.9599746542665,4.005380815957745,210.81084444345493,0.0,0.0,7
2023-05-04,160.0,225.0,0.0,5,4,0,0,365.0,195.0,235.0,0.0,20.0,675.0,0.0,20.0,35.0,0,0,0,1,0,0,0,0.0,180.0,195.0,0.0,245.0,140.0,181.66666666666663,124.28571428571428,98.57142857142856,129.33333333333334,131.66968049594678,184.7072862915684,148.0684239661352,116.10351072968596,0.0,0.0,8
2023-05-05,337.0,2104.75,676.0,5,5,1,0,554.0,1238.75,266.0,639.0,264.0,1647.0,2907.0,2828.0,1321.0,0,0,0,0,1,0,0,477.9,247.9,1238.75,408.0,557.0,554.0,426.6,674.8642857142858,768.7357142857143,615.2433333333333,349.74228692267803,369.4980947487933,607.4859576184884,625.7624220831201,0.0,0.0,0
2023-05-05,0.0,195.0,345.5,5,5,1,0,30.0,116.0,90.0,306.0,277.0,116.0,253.0,444.0,0.0,0,0,0,0,1,0,0,298.0,67.0,116.0,0.0,175.0,395.0,131.66666666666666,162.28571428571428,204.17857142857144,237.86666666666667,96.99263595021664,389.7274452860555,175.12239048481996,216.2546430851088,0.0,0.0,1
2023-05-05,192.0,11740.09,3643.71,5,5,1,0,564.5,214.0,531.0,1766.5,1406.25,1336.5,15721.7,6785.65,3796.0,0,0,0,0,1,0,0,30.0,0.0,214.0,204.0,564.0,586.0,198.16666666666663,278.2142857142857,193.42857142857144,199.7333333333333,246.90717843332305,226.68091402147016,264.4929670433497,203.29044146909496,0.0,0.0,2
2023-05-05,0.0,0.0,0.0,5,5,1,0,0.0,0.0,0.0,0.0,0.0,0.0,0.0,0.0,0.0,0,0,0,0,1,0,0,0.0,0.0,0.0,0.0,0.0,0.0,0.0,0.0,0.0,0.0,0.0,0.0,0.0,0.0,0.0,0.0,3
2023-05-05,16143.0,10583.04,855.0,5,5,1,0,17328.0,16737.0,7081.0,1192.0,745.0,1141.0,2295.0,10442.8,14418.0,0,0,0,0,1,0,0,16469.0,18136.0,16737.0,12203.0,17002.0,11038.0,17311.0,17104.585714285717,16086.221428571427,13646.536666666663,786.3110504725619,3026.521046883698,16872.635903816237,15052.509840305756,0.0,0.0,4
2023-05-05,992.0,565.0,313.0,5,5,1,0,548.0,138.0,0.0,511.0,706.0,277.0,659.0,462.0,474.0,0,0,0,0,1,0,0,0.0,394.0,138.0,322.5,0.0,0.0,314.0,195.5,166.5,77.7,207.08472501209093,140.88357874010998,234.3542714431732,122.7738931381547,0.0,0.0,5
2023-05-05,37.0,6.0,46.0,5,5,1,0,72.0,5.0,0.0,6.0,30.0,0.0,12.0,100.0,0.0,0,0,0,0,1,0,0,9.0,128.0,5.0,0.0,0.0,5.0,69.66666666666667,40.57142857142857,38.785714285714285,30.5,50.08611631599167,40.76996020567611,47.6664331703983,34.28706464297497,0.0,0.0,6
2023-05-05,0.0,42350.0,6400.0,5,5,1,0,0.0,0.0,0.0,22100.0,2520.0,1500.0,4400.0,1800.0,11530.0,0,0,0,0,1,0,0,0.0,0.0,0.0,0.0,0.0,0.0,0.0,0.0,0.0,250.0,0.0,1119.9599746542665,3.0040356119683085,197.2101448019417,0.0,0.0,7
2023-05-05,110.0,185.0,475.0,5,5,1,0,160.0,0.0,35.0,0.0,60.0,325.0,225.0,0.0,0.0,0,0,0,0,1,0,0,365.0,0.0,0.0,0.0,40.0,115.0,175.0,119.28571428571428,110.0,126.83333333333331,129.17780289935538,183.7327675866705,151.05131797460135,118.93554229551268,0.0,0.0,8
2023-05-06,981.0,953.5,743.0,5,6,1,0,337.0,1059.5,1094.0,676.0,382.0,703.0,2104.75,2706.0,1858.0,0,0,0,0,0,1,0,554.0,477.9,1059.5,544.0,580.0,414.0,456.3,546.0428571428572,763.6642857142857,617.61,262.6589858678795,367.4054807843026,539.8644682138663,607.1325884003382,0.0,0.0,0
2023-05-06,100.0,320.0,545.0,5,6,1,0,0.0,165.0,71.0,345.5,416.5,258.0,195.0,551.5,0.0,0,0,0,0,0,1,0,30.0,298.0,165.0,0.0,90.0,60.0,109.33333333333331,145.71428571428572,204.17857142857144,234.86666666666667,114.5406976954971,391.2483542618981,131.34179286361496,202.30273062800504,0.0,0.0,1
2023-05-06,108.0,5682.7,1801.0,5,6,1,0,192.0,126.0,94.0,3643.71,1489.5,265.0,11740.09,7226.15,6357.25,0,0,0,0,0,1,0,564.5,30.0,126.0,0.0,0.0,660.0,262.1666666666667,275.07142857142856,192.57142857142856,188.4333333333333,247.99839189186775,217.87645713732496,246.3697252825123,202.5620258904437,0.0,0.0,2
2023-05-06,0.0,0.0,0.0,5,6,1,0,0.0,0.0,0.0,0.0,0.0,0.0,0.0,0.0,0.0,0,0,0,0,0,1,0,0.0,0.0,0.0,0.0,0.0,0.0,0.0,0.0,0.0,0.0,0.0,0.0,0.0,0.0,0.0,0.0,3
2023-05-06,17194.0,1551.5,482.0,5,6,1,0,16143.0,16970.0,10519.0,855.0,675.0,367.0,10583.04,850.0,17077.4,0,0,0,0,0,1,0,17328.0,16469.0,16970.0,15793.0,9359.0,13318.0,16646.666666666668,17019.72857142857,16367.65,13948.603333333333,861.0877901706519,2791.7599756627974,16690.22692786218,15122.864044156997,0.0,0.0,4
2023-05-06,330.0,220.0,506.0,5,6,1,0,992.0,78.5,0.0,313.0,495.0,0.0,565.0,499.0,174.0,0,0,0,0,0,1,0,548.0,0.0,78.5,235.5,0.0,0.0,513.3333333333334,317.5,214.32142857142856,110.76666666666668,361.5297359830861,217.5650807639318,423.7657035823799,178.85299680666083,0.0,0.0,5
2023-05-06,0.0,91.0,84.0,5,6,1,0,37.0,70.0,29.0,46.0,102.0,0.0,6.0,79.0,0.0,0,0,0,0,0,1,0,72.0,9.0,70.0,50.0,59.0,0.0,39.333333333333336,45.142857142857146,41.42857142857143,31.73333333333333,47.701951642214695,40.37320153640097,44.99982487779872,34.46209273052497,0.0,0.0,6
2023-05-06,0.0,87440.0,0.0,5,6,1,0,0.0,0.0,1500.0,6400.0,0.0,0.0,42350.0,15550.0,0.0,0,0,0,0,0,1,0,0.0,0.0,0.0,0.0,0.0,0.0,0.0,0.0,0.0,250.0,0.0,1119.9599746542665,2.2530267089762317,184.48690965342936,0.0,0.0,7
2023-05-06,105.0,280.0,195.0,5,6,1,0,110.0,70.0,140.0,475.0,60.0,440.0,185.0,0.0,0.0,0,0,0,0,0,1,0,160.0,365.0,70.0,205.0,90.0,945.0,211.66666666666663,135.0,117.85714285714286,129.33333333333334,118.49753865235604,182.9487083448732,140.78848848095103,118.35905569580218,0.0,0.0,8
2023-05-07,702.5,3071.0,108.0,5,7,0,0,981.0,649.0,554.0,743.0,450.0,1223.0,953.5,3242.0,2188.5,0,0,0,0,0,0,1,337.0,554.0,649.0,518.0,251.0,101.0,624.0,534.8285714285714,794.8785714285714,613.8433333333334,237.5596817243037,362.9047589822345,650.1483511603997,631.2530665680583,0.0,0.0,0
2023-05-07,80.0,60.0,202.0,5,7,0,0,100.0,222.0,395.0,545.0,506.0,412.5,320.0,145.0,0.0,0,0,0,0,0,0,1,0.0,30.0,222.0,258.0,0.0,97.0,43.333333333333336,136.42857142857142,211.32142857142856,235.83333333333331,115.34854014804668,390.8651618047376,123.50634464771122,195.70255445845632,0.0,0.0,1
2023-05-07,242.0,11943.3,312.0,5,7,0,0,108.0,588.0,586.0,1801.0,1605.0,1002.0,5682.7,8114.8,5830.0,0,0,0,0,0,0,1,192.0,564.5,588.0,423.0,203.0,0.0,288.1666666666667,272.5,200.28571428571428,188.9,249.8878081593152,217.68212351167395,211.77729396188423,196.4612500265441,0.0,0.0,2
2023-05-07,0.0,0.0,0.0,5,7,0,0,0.0,0.0,0.0,0.0,0.0,0.0,0.0,0.0,0.0,0,0,0,0,0,0,1,0.0,0.0,0.0,0.0,0.0,0.0,0.0,0.0,0.0,0.0,0.0,0.0,0.0,0.0,0.0,0.0,3
2023-05-07,14995.0,2059.0,265.0,5,7,0,0,17194.0,16038.1,11038.0,482.0,50.0,935.0,1551.5,897.0,23387.0,0,0,0,0,0,0,1,16143.0,17328.0,16038.1,15910.0,11310.0,12185.0,16888.333333333332,17051.72857142857,16467.72142857143,14171.103333333333,863.0916033158419,2774.9434420435173,16816.170195896633,15256.485718727516,0.0,0.0,4
2023-05-07,85.0,47.0,811.0,5,7,0,0,330.0,210.0,0.0,506.0,802.0,120.0,220.0,329.0,1259.0,0,0,0,0,0,0,1,992.0,548.0,210.0,0.0,0.0,0.0,623.3333333333334,353.42857142857144,221.07142857142856,121.76666666666668,345.98210798770936,220.09922266126256,400.3242776867849,188.60441636752145,0.0,0.0,5
2023-05-07,0.0,12.0,44.0,5,7,0,0,0.0,0.0,5.0,84.0,50.0,0.0,91.0,72.0,18.0,0,0,0,0,0,0,1,37.0,72.0,0.0,66.0,0.0,83.0,36.333333333333336,35.142857142857146,37.85714285714285,30.766666666666666,48.94360214038388,40.785970655347285,33.749868658349044,32.23873190920078,0.0,0.0,6
2023-05-07,0.0,96220.0,20100.0,5,7,0,0,0.0,0.0,0.0,0.0,3600.0,1500.0,87440.0,14000.0,0.0,0,0,0,0,0,0,1,0.0,0.0,0.0,0.0,0.0,0.0,0.0,0.0,0.0,200.0,0.0,1095.4451150103314,1.6897700317321735,172.5845283854662,0.0,0.0,7
2023-05-07,140.0,35.0,365.0,5,7,0,0,105.0,60.0,115.0,195.0,420.0,250.0,280.0,0.0,0.0,0,0,0,0,0,0,1,110.0,160.0,60.0,0.0,35.0,285.0,125.0,140.0,110.71428571428572,128.16666666666666,116.0100570352988,182.9899344006496,131.84136636071327,117.4971811347827,0.0,0.0,8
2023-05-08,1199.0,3662.5,316.0,5,8,0,0,702.5,497.0,414.0,108.0,40.0,605.0,3071.0,1182.0,636.0,1,0,0,0,0,0,0,981.0,337.0,497.0,1381.0,436.0,857.0,673.5,542.4714285714286,808.0571428571428,618.7933333333333,242.6510918602108,363.0730791673925,663.2362633702998,635.8496429185062,0.0,0.0,0
2023-05-08,70.0,125.0,96.0,5,8,0,0,80.0,238.0,60.0,202.0,319.0,95.0,60.0,769.0,0.0,1,0,0,0,0,0,0,100.0,0.0,238.0,185.0,169.0,640.0,60.0,116.14285714285714,198.6071428571429,225.33333333333331,110.1611373873564,390.6729016606527,112.6297584857834,188.2378735256527,0.0,0.0,1
2023-05-08,174.25,5575.3,952.5,5,8,0,0,242.0,425.0,660.0,312.0,460.0,1303.0,11943.3,9728.9,5603.25,1,0,0,0,0,0,0,108.0,192.0,425.0,133.5,208.5,115.0,180.66666666666663,223.07142857142856,187.3571428571429,177.43333333333334,207.74632539297963,204.71732964620077,219.3329704714132,199.3992338957993,0.0,0.0,2
2023-05-08,0.0,0.0,0.0,5,8,0,0,0.0,0.0,0.0,0.0,0.0,0.0,0.0,0.0,0.0,1,0,0,0,0,0,0,0.0,0.0,0.0,0.0,0.0,0.0,0.0,0.0,0.0,0.0,0.0,0.0,0.0,0.0,0.0,0.0,3
2023-05-08,16255.0,3297.0,777.0,5,8,0,0,14995.0,18054.0,13318.0,265.0,741.0,789.0,2059.0,2410.0,22201.0,1,0,0,0,0,0,0,17194.0,16143.0,18054.0,14848.0,12895.0,11111.0,16110.666666666666,16902.714285714286,16402.364285714288,14303.003333333332,1119.28663506208,2714.263493229471,16360.877646922476,15239.615672358,0.0,0.0,4
2023-05-08,515.0,163.0,52.0,5,8,0,0,85.0,0.0,0.0,811.0,926.0,354.0,47.0,300.0,425.0,1,0,0,0,0,0,0,330.0,992.0,0.0,41.0,0.0,0.0,469.0,335.57142857142856,227.14285714285717,124.6,357.64780494356785,219.0221371271046,321.4932082650887,181.92026047284264,0.0,0.0,5
2023-05-08,0.0,78.0,15.0,5,8,0,0,0.0,0.0,0.0,44.0,0.0,99.0,12.0,37.0,61.0,1,0,0,0,0,0,0,0.0,37.0,0.0,0.0,0.0,16.0,12.333333333333334,35.142857142857146,33.142857142857146,30.6,48.94360214038388,40.90493604815252,25.312401493761783,30.15881372151041,0.0,0.0,6
2023-05-08,0.0,0.0,3500.0,5,8,0,0,0.0,0.0,0.0,20100.0,0.0,1500.0,96220.0,9000.0,0.0,1,0,0,0,0,0,0,0.0,0.0,0.0,0.0,0.0,0.0,0.0,0.0,0.0,200.0,0.0,1095.4451150103314,1.2673275237991302,161.45004268317803,0.0,0.0,7
2023-05-08,40.0,140.0,0.0,5,8,0,0,140.0,180.0,945.0,365.0,300.0,80.0,35.0,0.0,0.0,1,0,0,0,0,0,0,105.0,110.0,180.0,35.0,0.0,60.0,118.33333333333331,151.42857142857142,120.71428571428572,129.0,110.6313053086045,182.9848307261071,133.88102477053496,118.9489759002806,0.0,0.0,8
2023-05-09,244.0,3249.0,899.0,5,9,0,0,1199.0,247.9,101.0,316.0,430.0,339.0,3662.5,2688.5,1853.0,0,1,0,0,0,0,0,702.5,981.0,247.9,1355.25,364.0,114.0,960.8333333333334,642.7571428571429,795.0571428571428,644.9599999999999,344.4413005488884,375.8667407381281,797.1771975277248,672.1819240205381,0.0,0.0,0
2023-05-09,228.0,90.0,467.0,5,9,0,0,70.0,67.0,97.0,96.0,770.0,82.5,125.0,589.5,357.5,0,1,0,0,0,0,0,80.0,100.0,67.0,90.0,17.5,250.0,83.33333333333333,92.14285714285714,190.39285714285717,225.66666666666663,96.661658326743,390.5312105796176,101.97231886433757,180.6096236207719,0.0,0.0,1
2023-05-09,0.0,13656.5,682.25,5,9,0,0,174.25,0.0,0.0,952.5,1886.5,440.0,5575.3,11612.25,7051.0,0,1,0,0,0,0,0,242.0,108.0,0.0,0.0,0.0,7.5,174.75,187.25,190.26785714285717,161.24166666666667,187.78417354328187,183.3256768908033,208.06222785355988,197.77670267671556,0.0,0.0,2
2023-05-09,0.0,0.0,0.0,5,9,0,0,0.0,0.0,0.0,0.0,0.0,0.0,0.0,0.0,0.0,0,1,0,0,0,0,0,0.0,0.0,0.0,0.0,0.0,0.0,0.0,0.0,0.0,0.0,0.0,0.0,0.0,0.0,0.0,0.0,3
2023-05-09,16239.0,1060.0,2885.0,5,9,0,0,16255.0,18136.0,12185.0,777.0,470.5,0.0,3297.0,2847.0,17627.8,0,1,0,0,0,0,0,14995.0,17194.0,18136.0,15814.0,7988.0,11364.0,16148.0,16645.714285714286,16502.864285714288,14400.903333333332,1012.3032671891972,2730.4293595019026,16334.408235191857,15305.124338657484,0.0,0.0,4
2023-05-09,210.0,874.0,60.0,5,9,0,0,515.0,394.0,0.0,52.0,527.5,19.0,163.0,1386.0,856.5,0,1,0,0,0,0,0,85.0,330.0,394.0,133.5,0.0,0.0,310.0,409.1428571428572,261.0,141.76666666666668,328.9297942172607,228.8800594398636,369.8699061988165,203.40927592620764,0.0,0.0,5
2023-05-09,0.0,15.0,41.0,5,9,0,0,0.0,128.0,83.0,15.0,50.0,49.0,78.0,130.0,0.0,0,1,0,0,0,0,0,0.0,0.0,128.0,29.0,0.0,66.0,0.0,35.142857142857146,33.142857142857146,30.6,48.94360214038388,40.90493604815252,18.984301120321337,28.21308380399361,0.0,0.0,6
2023-05-09,0.0,7200.0,0.0,5,9,0,0,0.0,0.0,0.0,3500.0,9660.0,0.0,0.0,0.0,74450.0,0,1,0,0,0,0,0,0.0,0.0,0.0,0.0,0.0,0.0,0.0,0.0,0.0,200.0,0.0,1095.4451150103314,0.9504956428493476,151.03391089716658,0.0,0.0,7
2023-05-09,0.0,0.0,170.0,5,9,0,0,40.0,0.0,285.0,0.0,145.0,190.0,140.0,70.0,0.0,0,1,0,0,0,0,0,140.0,105.0,0.0,235.0,0.0,35.0,95.0,131.42857142857142,121.07142857142856,98.83333333333331,117.0724236571206,99.2704711219888,110.41076857790122,113.85549358413348,0.0,0.0,8
2023-05-10,362.0,2664.5,420.0,5,10,0,0,244.0,477.9,857.0,899.0,55.0,1658.0,3249.0,1379.0,2563.5,0,0,1,0,0,0,0,1199.0,702.5,477.9,492.0,324.0,248.0,715.1666666666666,642.2,715.6821428571428,649.7266666666667,345.18878409743667,369.5847251875458,658.8828981457937,644.5572837611486,0.0,0.0,0
2023-05-10,586.0,317.0,537.0,5,10,0,0,228.0,298.0,640.0,467.0,136.0,0.0,90.0,357.0,55.0,0,0,1,0,0,0,0,70.0,80.0,298.0,472.0,0.0,2066.0,126.0,115.14285714285714,200.25,230.03333333333333,108.15333030999406,389.7745797105113,133.47923914825316,183.6670672581415,0.0,0.0,1
2023-05-10,652.0,13639.15,2875.5,5,10,0,0,0.0,30.0,115.0,682.25,1089.0,868.0,13656.5,8939.0,3938.0,0,0,1,0,0,0,0,174.25,242.0,30.0,0.0,105.0,0.0,138.75,187.25,190.26785714285717,161.24166666666667,187.78417354328187,183.3256768908033,156.0466708901699,185.01691540725,0.0,0.0,2
2023-05-10,0.0,0.0,0.0,5,10,0,0,0.0,0.0,0.0,0.0,0.0,0.0,0.0,0.0,0.0,0,0,1,0,0,0,0,0.0,0.0,0.0,0.0,0.0,0.0,0.0,0.0,0.0,0.0,0.0,0.0,0.0,0.0,0.0,0.0,3
2023-05-10,16080.0,2693.0,1350.0,5,10,0,0,16239.0,16469.0,11111.0,2885.0,775.0,0.0,1060.0,1200.0,23503.0,0,0,1,0,0,0,0,16255.0,14995.0,16469.0,15319.0,13009.0,13394.0,15829.666666666666,16374.714285714286,16533.22142857143,14536.036666666663,772.3260784335753,2717.266827668421,16310.556176393891,15365.374381324744,0.0,0.0,4
2023-05-10,0.0,701.7,24.0,5,10,0,0,210.0,0.0,0.0,60.0,515.0,76.0,874.0,1760.0,960.0,0,0,1,0,0,0,0,515.0,85.0,0.0,0.0,0.0,0.0,270.0,382.8571428571428,266.4642857142857,148.76666666666668,337.5798318281808,227.60252458046764,329.9024296491124,203.83448393096847,0.0,0.0,5
2023-05-10,53.0,74.0,0.0,5,10,0,0,0.0,9.0,16.0,41.0,37.0,122.0,15.0,24.0,95.0,0,0,1,0,0,0,0,0.0,0.0,9.0,0.0,0.0,114.0,0.0,16.857142857142858,31.071428571428573,27.83333333333333,27.823422815010677,40.036262298703335,14.238225840241004,26.39288484889725,0.0,0.0,6
2023-05-10,0.0,15350.0,0.0,5,10,0,0,0.0,0.0,0.0,0.0,15580.0,0.0,7200.0,12100.0,2500.0,0,0,1,0,0,0,0,0.0,0.0,0.0,0.0,0.0,6000.0,0.0,0.0,0.0,200.0,0.0,1095.4451150103314,0.7128717321370107,141.2897876134784,0.0,0.0,7
2023-05-10,245.0,0.0,95.0,5,10,0,0,0.0,365.0,60.0,170.0,0.0,220.0,0.0,0.0,0.0,0,0,1,0,0,0,0,40.0,140.0,365.0,35.0,45.0,195.0,60.0,131.42857142857142,104.28571428571428,89.33333333333333,117.0724236571206,94.35564903993364,82.80807643342592,106.50997786902808,0.0,0.0,8
2023-05-11,648.0,2341.0,626.0,5,11,0,0,362.0,554.0,114.0,420.0,639.0,970.0,2664.5,2907.0,365.5,0,0,0,1,0,0,0,244.0,1199.0,554.0,1340.0,753.0,782.0,601.6666666666666,625.6428571428571,706.3964285714285,633.2266666666667,356.9617993433979,371.0586022898985,584.6621736093452,626.32778158301,0.0,0.0,0
2023-05-11,1010.0,93.0,423.0,5,11,0,0,586.0,30.0,250.0,537.0,306.0,350.0,317.0,253.0,55.0,0,0,0,1,0,0,0,228.0,70.0,30.0,717.5,0.0,157.0,294.6666666666667,156.28571428571428,208.39285714285717,228.2333333333333,202.73275864687295,387.93640016723447,246.60942936118988,209.62403066084204,0.0,0.0,1
2023-05-11,385.0,11604.5,3276.5,5,11,0,0,652.0,564.5,7.5,2875.5,1766.5,1408.5,13639.15,15721.7,2882.5,0,0,0,1,0,0,0,0.0,174.25,564.5,0.0,0.0,210.0,275.4166666666667,276.10714285714283,236.8392857142857,179.14166666666668,240.68417485121364,203.7352880592232,280.03500316762745,215.14485634871775,0.0,0.0,2
2023-05-11,0.0,0.0,0.0,5,11,0,0,0.0,0.0,0.0,0.0,0.0,0.0,0.0,0.0,0.0,0,0,0,1,0,0,0,0.0,0.0,0.0,0.0,0.0,0.0,0.0,0.0,0.0,0.0,0.0,0.0,0.0,0.0,0.0,0.0,3
2023-05-11,16293.0,1499.0,1120.0,5,11,0,0,16080.0,17328.0,11364.0,1350.0,1192.0,75.0,2693.0,2295.0,39920.2,0,0,0,1,0,0,0,16239.0,16255.0,17328.0,15588.0,10591.0,12025.0,16191.333333333334,16319.142857142857,16587.57857142857,14701.67,778.382388583629,2651.951434666114,16252.91713229542,15411.479259948956,0.0,0.0,4
2023-05-11,0.0,1799.0,373.0,5,11,0,0,0.0,548.0,0.0,24.0,511.0,130.0,701.7,659.0,704.0,0,0,0,1,0,0,0,210.0,515.0,548.0,230.0,0.0,0.0,241.66666666666663,382.8571428571428,266.4642857142857,148.76666666666668,337.5798318281808,227.60252458046764,247.42682223683428,190.6838720644544,0.0,0.0,5
2023-05-11,6.0,79.0,16.0,5,11,0,0,53.0,72.0,66.0,0.0,6.0,0.0,74.0,12.0,124.0,0,0,0,1,0,0,0,0.0,0.0,72.0,114.0,0.0,0.0,17.666666666666668,23.142857142857142,34.857142857142854,29.066666666666663,30.58555525858881,40.228599651057415,23.928669380180757,28.109472923161945,0.0,0.0,6
2023-05-11,0.0,24600.0,0.0,5,11,0,0,0.0,0.0,0.0,0.0,22100.0,1000.0,15350.0,4400.0,0.0,0,0,0,1,0,0,0,0.0,0.0,0.0,0.0,0.0,0.0,0.0,0.0,0.0,200.0,0.0,1095.4451150103314,0.534653799102758,132.17431744486692,0.0,0.0,7
2023-05-11,70.0,0.0,35.0,5,11,0,0,245.0,160.0,35.0,95.0,0.0,135.0,0.0,225.0,0.0,0,0,0,1,0,0,0,0.0,40.0,160.0,195.0,0.0,245.0,95.0,114.28571428571428,119.28571428571428,95.5,80.12638825778963,98.3339664892922,123.35605732506944,115.44481800651016,0.0,0.0,8
2023-05-12,812.0,2505.0,353.0,5,12,1,0,648.0,337.0,248.0,626.0,676.0,579.0,2341.0,2104.75,1099.0,0,0,0,0,1,0,0,362.0,244.0,337.0,1238.75,408.0,557.0,418.0,639.0714285714286,656.967857142857,651.0266666666666,355.5829050741226,357.8656472836516,600.4966302070089,627.7259892228159,0.0,0.0,0
2023-05-12,203.0,482.0,404.0,5,12,1,0,1010.0,0.0,2066.0,423.0,345.5,616.0,93.0,195.0,1440.0,0,0,0,0,1,0,0,586.0,228.0,0.0,116.0,0.0,175.0,608.0,296.2857142857143,229.28571428571428,253.56666666666663,370.1989169287749,413.38705527781633,437.4570720208924,261.2611899730458,0.0,0.0,1
2023-05-12,1337.0,9345.9,2462.0,5,12,1,0,385.0,192.0,0.0,3276.5,3643.71,1083.0,11604.5,11740.09,6040.0,0,0,0,0,1,0,0,652.0,0.0,192.0,214.0,204.0,564.0,345.6666666666667,250.4642857142857,264.3392857142857,191.725,212.78218658659256,204.42522819459867,306.27625237572056,226.10325271331664,0.0,0.0,2
2023-05-12,0.0,0.0,0.0,5,12,1,0,0.0,0.0,0.0,0.0,0.0,0.0,0.0,0.0,0.0,0,0,0,0,1,0,0,0.0,0.0,0.0,0.0,0.0,0.0,0.0,0.0,0.0,0.0,0.0,0.0,0.0,0.0,0.0,0.0,3
2023-05-12,16108.0,10231.96,278.0,5,12,1,0,16293.0,16143.0,13394.0,1120.0,855.0,190.0,1499.0,10583.04,18116.4,0,0,0,0,1,0,0,16080.0,16239.0,16143.0,16737.0,12203.0,17002.0,16204.0,16171.285714285714,16637.935714285715,14865.97,640.9801646139936,2590.0006748967435,16262.937849221566,15468.3515657587,0.0,0.0,4
2023-05-12,18.0,322.0,480.0,5,12,1,0,0.0,992.0,0.0,373.0,313.0,75.0,1799.0,565.0,751.5,0,0,0,0,1,0,0,0.0,210.0,992.0,138.0,322.5,0.0,70.0,304.57142857142856,250.03571428571428,148.76666666666668,355.94187593990546,227.60252458046764,185.5701166776257,178.38168676997347,0.0,0.0,5
2023-05-12,0.0,52.0,16.0,5,12,1,0,6.0,37.0,114.0,16.0,46.0,125.0,79.0,6.0,16.0,0,0,0,0,1,0,0,53.0,0.0,37.0,5.0,0.0,0.0,19.666666666666668,13.714285714285714,27.142857142857142,27.066666666666663,21.97509412732426,39.81849625084001,19.44650203513557,26.683055315216016,0.0,0.0,6
2023-05-12,0.0,40050.0,0.0,5,12,1,0,0.0,0.0,6000.0,0.0,6400.0,0.0,24600.0,42350.0,0.0,0,0,0,0,1,0,0,0.0,0.0,0.0,0.0,0.0,0.0,0.0,0.0,0.0,200.0,0.0,1095.4451150103314,0.4009903493270685,123.64694212584324,0.0,0.0,7
2023-05-12,0.0,125.0,35.0,5,12,1,0,70.0,110.0,195.0,35.0,475.0,310.0,0.0,185.0,0.0,0,0,0,0,1,0,0,245.0,0.0,110.0,0.0,0.0,40.0,105.0,101.42857142857144,110.35714285714286,96.66666666666669,78.7778673292971,97.79758594204642,110.01704299380208,112.51289426415468,0.0,0.0,8
2023-05-13,303.0,2667.5,619.0,5,13,1,0,812.0,981.0,782.0,353.0,743.0,302.5,2505.0,953.5,1391.5,0,0,0,0,0,1,0,648.0,362.0,981.0,1059.5,544.0,580.0,607.3333333333334,706.9285714285714,626.4857142857143,669.8266666666666,332.93147800653986,350.7059650469892,653.3724726552567,639.6146350794085,0.0,0.0,0
2023-05-13,361.0,167.5,97.0,5,13,1,0,203.0,100.0,157.0,404.0,545.0,122.0,482.0,320.0,0.0,0,0,0,0,0,1,0,1010.0,586.0,100.0,165.0,0.0,90.0,599.6666666666666,325.2857142857143,235.5,191.46666666666667,350.55038358069345,231.76436954050072,378.8428040156693,257.5024035231719,0.0,0.0,1
2023-05-13,75.0,8155.6,1542.45,5,13,1,0,1337.0,108.0,210.0,2462.0,1801.0,744.0,9345.9,5682.7,3937.5,0,0,0,0,0,1,0,385.0,652.0,108.0,126.0,0.0,0.0,791.3333333333334,414.0357142857143,344.55357142857144,236.29166666666663,458.5320878578053,289.3042343526409,563.9571892817904,297.7740106027801,0.0,0.0,2
2023-05-13,0.0,0.0,0.0,5,13,1,0,0.0,0.0,0.0,0.0,0.0,0.0,0.0,0.0,0.0,0,0,0,0,0,1,0,0.0,0.0,0.0,0.0,0.0,0.0,0.0,0.0,0.0,0.0,0.0,0.0,0.0,0.0,0.0,0.0,3
2023-05-13,18809.0,1571.0,825.0,5,13,1,0,16108.0,17194.0,12025.0,278.0,482.0,0.0,10231.96,1551.5,13331.6,0,0,0,0,0,1,0,16293.0,16080.0,17194.0,16970.0,15793.0,9359.0,16160.333333333334,16166.285714285714,16593.007142857143,14956.436666666666,641.3739715864544,2584.2054584277703,16224.203386916177,15509.619206677497,0.0,0.0,4
2023-05-13,138.0,369.0,600.0,5,13,1,0,18.0,330.0,0.0,480.0,506.0,73.0,322.0,220.0,1253.0,0,0,0,0,0,1,0,0.0,0.0,330.0,78.5,235.5,0.0,6.0,165.42857142857142,241.4642857142857,149.36666666666667,197.57180731981745,227.2202309067866,143.6775875082193,168.03448117191067,0.0,0.0,5
2023-05-13,16.0,0.0,6.0,5,13,1,0,0.0,0.0,0.0,16.0,84.0,0.0,52.0,91.0,6.0,0,0,0,0,0,1,0,6.0,53.0,0.0,70.0,50.0,59.0,19.666666666666668,8.428571428571429,26.785714285714285,23.266666666666666,19.78094321021406,36.54089191042269,14.584876526351676,24.96156787552466,0.0,0.0,6
2023-05-13,0.0,46920.0,0.0,5,13,1,0,0.0,0.0,0.0,0.0,0.0,0.0,40050.0,87440.0,4700.0,0,0,0,0,0,1,0,0.0,0.0,0.0,0.0,0.0,0.0,0.0,0.0,0.0,0.0,0.0,0.0,0.3007427619953013,115.6697200532082,0.0,0.0,7
2023-05-13,625.0,190.0,335.0,5,13,1,0,0.0,105.0,245.0,35.0,195.0,235.0,125.0,280.0,35.0,0,0,0,0,0,1,0,70.0,245.0,105.0,70.0,205.0,90.0,105.0,85.71428571428571,110.35714285714286,90.16666666666669,87.29397513710812,97.5164295028715,82.51278224535156,105.25399786001566,0.0,0.0,8
2023-05-14,522.0,2310.0,630.9,5,14,0,0,303.0,702.5,557.0,619.0,108.0,711.75,2667.5,3071.0,436.0,0,0,0,0,0,0,1,812.0,648.0,702.5,649.0,518.0,251.0,587.6666666666666,610.0714285714286,572.45,653.86,338.48540448240766,356.2823588207762,565.7793544914425,617.8975618484789,0.0,0.0,0
2023-05-14,30.0,388.0,181.0,5,14,0,0,361.0,80.0,175.0,97.0,202.0,0.0,167.5,60.0,0.0,0,0,0,0,0,0,1,203.0,1010.0,80.0,222.0,258.0,0.0,524.6666666666666,362.57142857142856,249.5,198.26666666666668,336.18043624560545,233.70282977250872,374.382103011752,264.17966781199954,0.0,0.0,1
2023-05-14,895.2,7485.55,839.0,5,14,0,0,75.0,242.0,564.0,1542.45,312.0,1042.0,8155.6,11943.3,5588.0,0,0,0,0,0,0,1,1337.0,385.0,242.0,588.0,423.0,203.0,599.0,409.32142857142856,340.9107142857143,231.79166666666663,462.3566154830624,290.773493456894,441.7178919613429,283.4014937896975,0.0,0.0,2
2023-05-14,0.0,0.0,0.0,5,14,0,0,0.0,0.0,0.0,0.0,0.0,0.0,0.0,0.0,0.0,0,0,0,0,0,0,1,0.0,0.0,0.0,0.0,0.0,0.0,0.0,0.0,0.0,0.0,0.0,0.0,0.0,0.0,0.0,0.0,3
2023-05-14,14960.0,1323.0,1212.5,5,14,0,0,18809.0,14995.0,17002.0,825.0,265.0,464.0,1571.0,2059.0,27212.0,0,0,0,0,0,0,1,16108.0,16293.0,14995.0,16038.1,15910.0,11310.0,17070.0,16397.0,16724.364285714288,15182.57,1156.380992579874,2615.472875178246,16870.402540187133,15722.482483666046,0.0,0.0,4
2023-05-14,27.0,1085.0,244.0,5,14,0,0,138.0,85.0,0.0,600.0,811.0,0.0,369.0,47.0,380.0,0,0,0,0,0,0,1,18.0,0.0,85.0,210.0,0.0,0.0,52.0,138.0,245.7142857142857,153.96666666666667,183.7616209477196,225.482315742596,142.25819063116447,166.09677270920676,0.0,0.0,5
2023-05-14,0.0,21.0,0.0,5,14,0,0,16.0,0.0,0.0,6.0,44.0,0.0,0.0,12.0,16.0,0,0,0,0,0,0,1,0.0,6.0,0.0,0.0,66.0,0.0,7.333333333333333,10.714285714285714,22.928571428571427,23.8,19.567952419830775,36.30559945413568,14.938657394763757,24.383402206135973,0.0,0.0,6
2023-05-14,0.0,15725.0,0.0,5,14,0,0,0.0,0.0,0.0,0.0,20100.0,0.0,46920.0,96220.0,9750.0,0,0,0,0,0,0,1,0.0,0.0,0.0,0.0,0.0,0.0,0.0,0.0,0.0,0.0,0.0,0.0,0.225557071496476,108.20715746913028,0.0,0.0,7
2023-05-14,20.0,0.0,395.0,5,14,0,0,625.0,140.0,40.0,335.0,365.0,0.0,190.0,35.0,0.0,0,0,0,0,0,0,1,0.0,70.0,140.0,60.0,0.0,35.0,231.66666666666663,160.0,150.0,102.83333333333331,222.69186484168344,135.57466026417742,218.13458668401367,138.78599799807918,0.0,0.0,8
2023-05-15,1574.0,2294.9,364.0,5,15,0,0,522.0,1199.0,580.0,630.9,316.0,85.0,2310.0,3662.5,1337.0,1,0,0,0,0,0,0,303.0,812.0,1199.0,497.0,1381.0,436.0,545.6666666666666,584.2857142857143,563.3785714285715,652.6933333333333,337.1432506050974,356.6675658652321,554.8345158685819,611.7106223743834,0.0,0.0,0
2023-05-15,258.0,367.0,191.0,5,15,0,0,30.0,70.0,90.0,181.0,96.0,90.0,388.0,125.0,175.0,1,0,0,0,0,0,0,361.0,203.0,70.0,238.0,185.0,169.0,198.0,355.42857142857144,235.78571428571428,193.4333333333333,343.6334564342539,235.6915625211861,288.286577258814,249.0713021467093,0.0,0.0,1
2023-05-15,639.8,8010.45,1680.0,5,15,0,0,895.2,174.25,0.0,839.0,952.5,797.0,7485.55,5575.3,3390.0,1,0,0,0,0,0,0,75.0,1337.0,174.25,425.0,133.5,208.5,769.0666666666666,502.63571428571424,362.8535714285714,242.83166666666665,488.1547694415895,309.5056850024738,555.0884189710071,322.8723651581041,0.0,0.0,2
2023-05-15,0.0,0.0,0.0,5,15,0,0,0.0,0.0,0.0,0.0,0.0,0.0,0.0,0.0,0.0,1,0,0,0,0,0,0,0.0,0.0,0.0,0.0,0.0,0.0,0.0,0.0,0.0,0.0,0.0,0.0,0.0,0.0,0.0,0.0,3
2023-05-15,16739.0,2842.0,994.0,5,15,0,0,14960.0,16255.0,9359.0,1212.5,777.0,683.0,1323.0,3297.0,14388.6,1,0,0,0,0,0,0,18809.0,16108.0,16255.0,18054.0,14848.0,12895.0,16625.666666666668,16392.0,16647.35714285714,15114.503333333332,1163.5070548418178,2592.964434571767,16392.80190514035,15673.290065365012,0.0,0.0,4
2023-05-15,0.0,396.0,222.0,5,15,0,0,27.0,515.0,0.0,244.0,52.0,243.0,1085.0,163.0,110.0,1,0,0,0,0,0,0,138.0,18.0,515.0,0.0,41.0,0.0,61.0,129.71428571428572,232.64285714285717,154.86666666666667,187.81259656522369,224.8997068938055,113.44364297337336,157.12278737312892,0.0,0.0,5
2023-05-15,0.0,58.0,0.0,5,15,0,0,0.0,0.0,59.0,0.0,15.0,0.0,21.0,78.0,0.0,1,0,0,0,0,0,0,16.0,0.0,0.0,0.0,0.0,0.0,5.333333333333333,10.714285714285714,22.928571428571427,23.8,19.567952419830775,36.30559945413568,11.203993046072815,22.81027948315946,0.0,0.0,6
2023-05-15,0.0,17200.0,0.0,5,15,0,0,0.0,0.0,0.0,0.0,3500.0,4700.0,15725.0,0.0,0.0,1,0,0,0,0,0,0,0.0,0.0,0.0,0.0,0.0,0.0,0.0,0.0,0.0,0.0,0.0,0.0,0.169167803622357,101.226050535638,0.0,0.0,7
2023-05-15,0.0,320.0,0.0,5,15,0,0,20.0,40.0,90.0,395.0,0.0,0.0,0.0,140.0,0.0,1,0,0,0,0,0,0,625.0,0.0,40.0,180.0,35.0,0.0,215.0,142.85714285714286,147.14285714285714,102.16666666666669,229.01705072725363,135.9429604861801,168.60094001301024,131.12238522400955,0.0,0.0,8
2023-05-16,322.9,4976.0,616.0,5,16,0,0,1574.0,244.0,251.0,364.0,899.0,140.0,2294.9,3249.0,1929.5,0,1,0,0,0,0,0,522.0,303.0,244.0,247.9,1355.25,364.0,799.6666666666666,637.8571428571429,640.3071428571428,685.8266666666666,458.90537462220135,393.9073908169657,809.6258869014364,673.793808027649,0.0,0.0,0
2023-05-16,309.0,1024.0,540.5,5,16,0,0,258.0,228.0,0.0,191.0,467.0,225.0,367.0,90.0,215.0,0,1,0,0,0,0,0,30.0,361.0,228.0,67.0,90.0,17.5,216.33333333333331,382.2857142857143,237.2142857142857,199.03333333333333,324.4167660513833,235.14445059086168,280.7149329441105,249.64734716950224,0.0,0.0,1
2023-05-16,701.0,10605.9,1929.25,5,16,0,0,639.8,0.0,203.0,1680.0,682.25,1869.75,8010.45,13656.5,3232.0,0,1,0,0,0,0,0,895.2,75.0,0.0,0.0,0.0,0.0,536.6666666666666,569.1428571428571,378.19642857142856,264.15833333333336,467.2231688645261,314.20348888604155,576.2663142282553,343.31930934145225,0.0,0.0,2
2023-05-16,0.0,0.0,0.0,5,16,0,0,0.0,0.0,0.0,0.0,0.0,0.0,0.0,0.0,0.0,0,1,0,0,0,0,0,0.0,0.0,0.0,0.0,0.0,0.0,0.0,0.0,0.0,0.0,0.0,0.0,0.0,0.0,0.0,0.0,3
2023-05-16,15700.0,7537.0,485.0,5,16,0,0,16739.0,16239.0,11310.0,994.0,2885.0,150.0,2842.0,1060.0,21040.4,0,1,0,0,0,0,0,14960.0,18809.0,16239.0,18136.0,15814.0,7988.0,16836.0,16461.14285714286,16553.428571428572,15360.503333333332,1168.3797083385,2368.4576897043344,16479.35142885526,15742.045545018884,0.0,0.0,4
2023-05-16,0.0,1430.7,375.0,5,16,0,0,0.0,210.0,0.0,222.0,60.0,112.0,396.0,874.0,205.0,0,1,0,0,0,0,0,27.0,138.0,210.0,394.0,133.5,0.0,55.0,56.142857142857146,232.64285714285717,154.86666666666667,83.79822705250344,224.8997068938055,85.08273223003002,146.9858333490561,0.0,0.0,5
2023-05-16,69.0,118.0,16.0,5,16,0,0,0.0,0.0,0.0,0.0,41.0,0.0,58.0,15.0,24.0,0,1,0,0,0,0,0,0.0,16.0,0.0,128.0,29.0,0.0,5.333333333333333,10.714285714285714,22.928571428571427,21.83333333333333,19.567952419830775,35.929128835118924,8.402994784554613,21.33864854876208,0.0,0.0,6
2023-05-16,0.0,42470.0,0.0,5,16,0,0,0.0,0.0,0.0,0.0,0.0,1500.0,17200.0,7200.0,21000.0,0,1,0,0,0,0,0,0.0,0.0,0.0,0.0,0.0,0.0,0.0,0.0,0.0,0.0,0.0,0.0,0.1268758527167677,94.6953375978549,0.0,0.0,7
2023-05-16,0.0,0.0,585.0,5,16,0,0,0.0,0.0,35.0,0.0,170.0,230.0,320.0,0.0,0.0,0,1,0,0,0,0,0,20.0,625.0,0.0,0.0,235.0,0.0,215.0,137.14285714285714,134.28571428571428,99.16666666666669,232.48399842528832,137.20789243744852,126.45070500975768,122.66287649987991,0.0,0.0,8
2023-05-17,1451.0,2361.0,472.0,5,17,0,0,322.9,362.0,436.0,616.0,420.0,599.0,4976.0,2664.5,1175.0,0,0,1,0,0,0,0,1574.0,522.0,362.0,477.9,492.0,324.0,806.3000000000001,649.1285714285714,645.6642857142858,688.2233333333334,448.4696374497228,391.3811599551209,687.9444151760773,651.1554978323169,0.0,0.0,0
2023-05-17,351.0,542.0,1264.0,5,17,0,0,309.0,586.0,169.0,540.5,537.0,0.0,1024.0,317.0,175.0,0,0,1,0,0,0,0,258.0,30.0,586.0,298.0,472.0,0.0,199.0,393.8571428571428,254.5,209.33333333333331,319.4022691275211,232.88225281923252,287.7861997080829,253.47655057792147,0.0,0.0,1
2023-05-17,265.0,12520.7,687.75,5,17,0,0,701.0,652.0,208.5,1929.25,2875.5,729.0,10605.9,13639.15,5307.3,0,0,1,0,0,0,0,639.8,895.2,652.0,30.0,0.0,105.0,745.3333333333334,669.2857142857143,428.2678571428572,280.7583333333333,394.3449227456061,323.8675037949435,607.4497356711914,366.39548293232633,0.0,0.0,2
2023-05-17,0.0,0.0,0.0,5,17,0,0,0.0,0.0,0.0,0.0,0.0,0.0,0.0,0.0,0.0,0,0,1,0,0,0,0,0.0,0.0,0.0,0.0,0.0,0.0,0.0,0.0,0.0,0.0,0.0,0.0,0.0,0.0,0.0,0.0,3
2023-05-17,15795.0,2890.0,4530.0,5,17,0,0,15700.0,16080.0,12895.0,485.0,1350.0,260.0,7537.0,2693.0,10426.92,0,0,1,0,0,0,0,16739.0,14960.0,16080.0,16469.0,15319.0,13009.0,15799.666666666666,16384.14285714286,16379.42857142857,15506.836666666666,1202.7160136640005,2241.800695636004,16284.513571641446,15739.332929211214,0.0,0.0,4
2023-05-17,0.0,648.0,219.0,5,17,0,0,0.0,0.0,0.0,375.0,24.0,250.0,1430.7,701.7,70.0,0,0,1,0,0,0,0,0.0,27.0,0.0,0.0,0.0,0.0,9.0,26.142857142857142,204.5,154.86666666666667,50.51873768358555,224.8997068938055,63.812049172522514,137.50287635879442,0.0,0.0,5
2023-05-17,99.0,41.0,16.0,5,17,0,0,69.0,53.0,0.0,16.0,0.0,36.0,118.0,74.0,32.0,0,0,1,0,0,0,0,0.0,0.0,53.0,9.0,0.0,0.0,23.0,20.571428571428573,18.714285714285715,24.133333333333333,28.5765471605484,36.68386221659922,23.55224608841596,24.413574448841945,0.0,0.0,6
2023-05-17,0.0,15550.0,0.0,5,17,0,0,0.0,0.0,0.0,0.0,0.0,0.0,42470.0,15350.0,22790.0,0,0,1,0,0,0,0,0.0,0.0,0.0,0.0,0.0,0.0,0.0,0.0,0.0,0.0,0.0,0.0,0.0951568895375758,88.58596097863847,0.0,0.0,7
2023-05-17,125.0,0.0,40.0,5,17,0,0,0.0,245.0,0.0,585.0,95.0,45.0,0.0,0.0,0.0,0,0,1,0,0,0,0,0.0,20.0,245.0,365.0,35.0,45.0,6.666666666666667,137.14285714285714,134.28571428571428,98.0,232.48399842528832,137.9192667393901,94.83802875731826,114.74914253214574,0.0,0.0,8
2023-05-18,114.0,2945.5,190.0,5,18,0,0,1451.0,648.0,364.0,472.0,626.0,234.0,2361.0,2341.0,1843.5,0,0,0,1,0,0,0,322.9,1574.0,648.0,554.0,1340.0,753.0,1115.9666666666667,804.6999999999999,715.1714285714287,722.0566666666667,516.056808888324,412.14610560797007,878.708311382058,702.7583689399094,0.0,0.0,0
2023-05-18,326.0,367.0,1114.0,5,18,0,0,351.0,1010.0,17.5,1264.0,423.0,242.0,542.0,93.0,105.0,0,0,0,1,0,0,0,309.0,258.0,1010.0,30.0,717.5,0.0,306.0,360.2857142857143,258.2857142857143,215.4,307.9868580993427,234.16238839303605,303.5896497810622,259.7683860245072,0.0,0.0,1
2023-05-18,0.0,14779.3,1174.5,5,18,0,0,265.0,385.0,0.0,687.75,3276.5,860.5,12520.7,11604.5,5515.25,0,0,0,1,0,0,0,701.0,639.8,385.0,564.5,0.0,0.0,535.2666666666667,614.0,445.0535714285714,282.64166666666665,423.2414755983476,323.5969870291869,521.8373017533936,359.8538388721763,0.0,0.0,2
2023-05-18,0.0,0.0,0.0,5,18,0,0,0.0,0.0,0.0,0.0,0.0,0.0,0.0,0.0,0.0,0,0,0,1,0,0,0,0.0,0.0,0.0,0.0,0.0,0.0,0.0,0.0,0.0,0.0,0.0,0.0,0.0,0.0,0.0,0.0,3
2023-05-18,15312.0,2523.0,1415.0,5,18,0,0,15795.0,16293.0,7988.0,4530.0,1120.0,0.0,2890.0,1499.0,23422.2,0,0,0,1,0,0,0,15700.0,16739.0,16293.0,17328.0,15588.0,10591.0,16078.0,16343.42857142857,16331.285714285714,15603.503333333332,1219.4355056258476,2187.1525687418484,16162.135178731083,15742.924353133072,0.0,0.0,4
2023-05-18,0.0,761.0,631.0,5,18,0,0,0.0,0.0,0.0,219.0,373.0,0.0,648.0,1799.0,213.0,0,0,0,1,0,0,0,0.0,0.0,0.0,548.0,230.0,0.0,0.0,26.142857142857142,204.5,154.86666666666667,50.51873768358555,224.8997068938055,47.85903687939189,128.63172304532384,0.0,0.0,5
2023-05-18,100.0,114.0,0.0,5,18,0,0,99.0,6.0,0.0,16.0,16.0,0.0,41.0,79.0,54.0,0,0,0,1,0,0,0,69.0,0.0,6.0,72.0,114.0,0.0,56.0,27.142857142857142,25.142857142857142,27.433333333333334,40.20127929734147,38.82825431735674,42.41418456631197,29.225601903755365,0.0,0.0,6
2023-05-18,0.0,12600.0,0.0,5,18,0,0,0.0,0.0,0.0,0.0,0.0,0.0,15550.0,24600.0,7150.0,0,0,0,1,0,0,0,0.0,0.0,0.0,0.0,0.0,0.0,0.0,0.0,0.0,0.0,0.0,0.0,0.0713676671531818,82.87073768969405,0.0,0.0,7
2023-05-18,205.0,0.0,50.0,5,18,0,0,125.0,70.0,0.0,40.0,35.0,280.0,0.0,0.0,0.0,0,0,0,1,0,0,0,0.0,0.0,70.0,160.0,195.0,0.0,41.66666666666666,120.0,117.14285714285714,102.16666666666669,227.57782551616629,136.73964269756402,102.37852156798868,115.41048817523313,0.0,0.0,8
2023-05-19,746.0,1102.5,598.0,5,19,1,0,114.0,812.0,324.0,190.0,353.0,415.0,2945.5,2505.0,1780.0,0,0,0,0,1,0,0,1451.0,322.9,812.0,337.0,1238.75,408.0,629.3000000000001,728.4142857142857,683.7428571428572,713.7233333333334,578.7432949318477,422.0439983055641,687.5312335365435,664.7739580405604,0.0,0.0,0
2023-05-19,246.0,464.0,666.0,5,19,1,0,326.0,203.0,0.0,1114.0,404.0,0.0,367.0,482.0,0.0,0,0,0,0,1,0,0,351.0,309.0,203.0,0.0,116.0,0.0,328.6666666666667,262.57142857142856,279.42857142857144,225.6833333333333,116.43718928082622,231.9352051065472,309.1922373357966,264.04139337776485,0.0,0.0,1
2023-05-19,787.0,7897.15,3121.25,5,19,1,0,0.0,1337.0,105.0,1174.5,2462.0,936.0,14779.3,9345.9,6572.0,0,0,0,0,1,0,0,265.0,701.0,1337.0,192.0,214.0,204.0,322.0,559.0,404.7321428571428,282.64166666666665,479.2668150414756,323.5969870291869,391.3779763150452,336.6374621707456,0.0,0.0,2
2023-05-19,0.0,0.0,0.0,5,19,1,0,0.0,0.0,0.0,0.0,0.0,0.0,0.0,0.0,0.0,0,0,0,0,1,0,0,0.0,0.0,0.0,0.0,0.0,0.0,0.0,0.0,0.0,0.0,0.0,0.0,0.0,0.0,0.0,0.0,3
2023-05-19,15563.0,9856.3,1405.0,5,19,1,0,15312.0,16108.0,13009.0,1415.0,278.0,200.0,2523.0,10231.96,24079.2,0,0,0,0,1,0,0,15795.0,15700.0,16108.0,16143.0,16737.0,12203.0,15602.333333333334,16203.285714285714,16187.285714285714,15847.636666666664,1281.0125831135504,1650.7731213781026,15949.601384048314,15715.122781963197,0.0,0.0,4
2023-05-19,238.0,558.0,434.0,5,19,1,0,0.0,18.0,0.0,631.0,480.0,156.0,761.0,322.0,433.0,0,0,0,0,1,0,0,0.0,0.0,18.0,992.0,138.0,322.5,0.0,26.142857142857142,165.35714285714286,154.86666666666667,50.51873768358555,224.8997068938055,35.89427765954392,120.33290220369004,0.0,0.0,5
2023-05-19,6.0,79.0,35.0,5,19,1,0,100.0,0.0,0.0,0.0,16.0,0.0,114.0,52.0,51.0,0,0,0,0,1,0,0,99.0,69.0,0.0,37.0,5.0,0.0,89.33333333333333,40.57142857142857,27.142857142857142,30.766666666666666,47.07390339617461,40.6419889322338,56.81063842473398,33.791692103513085,0.0,0.0,6
2023-05-19,0.0,0.0,11600.0,5,19,1,0,0.0,0.0,0.0,0.0,0.0,0.0,12600.0,40050.0,13975.0,0,0,0,0,1,0,0,0.0,0.0,0.0,0.0,0.0,0.0,0.0,0.0,0.0,0.0,0.0,0.0,0.0535257503648863,77.52423848390734,0.0,0.0,7
2023-05-19,250.0,0.0,50.0,5,19,1,0,205.0,0.0,45.0,50.0,35.0,45.0,0.0,125.0,0.0,0,0,0,0,1,0,0,125.0,0.0,0.0,110.0,0.0,0.0,110.0,139.28571428571428,120.35714285714286,109.0,228.3533185553432,136.58015203913956,128.03389117599153,121.19045668005678,0.0,0.0,8
2023-05-20,635.0,1838.0,750.0,5,20,1,0,746.0,303.0,753.0,598.0,619.0,235.0,1102.5,2667.5,3090.0,0,0,0,0,0,1,0,114.0,1451.0,303.0,981.0,1059.5,544.0,770.3333333333334,718.9857142857143,712.9571428571429,727.7900000000001,577.691268264089,415.5899144174665,702.1484251524076,670.0143478443953,0.0,0.0,0
2023-05-20,56.0,0.0,105.0,5,20,1,0,246.0,361.0,0.0,666.0,97.0,0.0,464.0,167.5,62.0,0,0,0,0,0,1,0,326.0,351.0,361.0,100.0,165.0,0.0,307.6666666666667,268.7142857142857,297.0,233.88333333333333,113.87670860147244,227.99628261236515,293.3941780018475,262.8774325146833,0.0,0.0,1
2023-05-20,60.0,9793.35,1025.0,5,20,1,0,787.0,75.0,0.0,3121.25,1542.45,827.0,7897.15,8155.6,7882.5,0,0,0,0,0,1,0,0.0,265.0,75.0,108.0,126.0,0.0,350.6666666666667,480.4285714285714,447.2321428571428,305.375,360.9399290476912,334.46054990036583,490.28348223628393,365.69310977263297,0.0,0.0,2
2023-05-20,0.0,0.0,0.0,5,20,1,0,0.0,0.0,0.0,0.0,0.0,0.0,0.0,0.0,0.0,0,0,0,0,0,1,0,0.0,0.0,0.0,0.0,0.0,0.0,0.0,0.0,0.0,0.0,0.0,0.0,0.0,0.0,0.0,0.0,3
2023-05-20,17144.0,1415.0,3295.8,5,20,1,0,15563.0,18809.0,10591.0,1405.0,825.0,615.0,9856.3,1571.0,11912.2,0,0,0,0,0,1,0,15312.0,15795.0,18809.0,17194.0,16970.0,15793.0,15556.666666666666,16125.42857142857,16145.857142857143,15932.77,1304.1225475574106,1562.847030957428,15852.951038036235,15705.308408933312,0.0,0.0,4
2023-05-20,41.0,963.0,346.0,5,20,1,0,238.0,138.0,0.0,434.0,600.0,135.0,558.0,369.0,874.0,0,0,0,0,0,1,0,0.0,0.0,138.0,330.0,78.5,235.5,79.33333333333333,57.57142857142857,111.5,162.8,94.17688524412864,223.44140634395765,86.42070824465793,127.92432786796812,0.0,0.0,5
2023-05-20,16.0,41.0,6.0,5,20,1,0,6.0,16.0,0.0,35.0,6.0,82.0,79.0,0.0,0.0,0,0,0,0,0,1,0,100.0,99.0,16.0,0.0,70.0,50.0,68.33333333333333,41.42857142857143,24.928571428571427,30.966666666666665,46.25961933427879,40.499879381117374,44.107978818550485,31.99867970973805,0.0,0.0,6
2023-05-20,0.0,27700.0,0.0,5,20,1,0,0.0,0.0,0.0,11600.0,0.0,0.0,0.0,46920.0,38575.0,0,0,0,0,0,1,0,0.0,0.0,0.0,0.0,0.0,0.0,0.0,0.0,0.0,0.0,0.0,0.0,0.0401443127736648,72.52267471075203,0.0,0.0,7
2023-05-20,0.0,40.0,580.0,5,20,1,0,250.0,625.0,0.0,50.0,335.0,235.0,0.0,190.0,0.0,0,0,0,0,0,1,0,205.0,125.0,625.0,105.0,70.0,205.0,193.33333333333331,175.0,130.35714285714286,115.83333333333331,222.4110309014969,138.38404416030383,158.52541838199363,129.50074979747248,0.0,0.0,8
2023-05-21,154.0,1268.0,303.0,5,21,0,0,635.0,522.0,408.0,750.0,630.9,204.0,1838.0,2310.0,2223.0,0,0,0,0,0,0,1,746.0,114.0,522.0,702.5,649.0,518.0,498.3333333333333,766.4142857142857,688.2428571428572,723.8566666666667,550.8518265031939,415.9013741952185,685.3613188643058,667.7553576608859,0.0,0.0,0
2023-05-21,75.0,551.0,311.0,5,21,0,0,56.0,30.0,0.0,105.0,181.0,1007.5,0.0,388.0,315.0,0,0,0,0,0,0,1,246.0,326.0,30.0,80.0,222.0,258.0,209.33333333333331,225.14285714285717,293.85714285714283,235.75,129.90307742239756,226.23784974042783,234.0456335013856,249.5305013847037,0.0,0.0,1
2023-05-21,107.5,9067.4,1338.0,5,21,0,0,60.0,895.2,204.0,1025.0,839.0,662.0,9793.35,7485.55,5000.4,0,0,0,0,0,0,1,787.0,0.0,895.2,242.0,588.0,423.0,282.3333333333333,478.2857142857143,443.8035714285714,307.375,363.7814152691669,332.7465082461421,382.712611677213,345.9709736582696,0.0,0.0,2
2023-05-21,0.0,0.0,0.0,5,21,0,0,0.0,0.0,0.0,0.0,0.0,0.0,0.0,0.0,0.0,0,0,0,0,0,0,1,0.0,0.0,0.0,0.0,0.0,0.0,0.0,0.0,0.0,0.0,0.0,0.0,0.0,0.0,0.0,0.0,3
2023-05-21,17443.0,3394.66,505.0,5,21,0,0,17144.0,14960.0,12203.0,3295.8,1212.5,1430.0,1415.0,1323.0,1470.0,0,0,0,0,0,0,1,15563.0,15312.0,14960.0,14995.0,16038.1,15910.0,16006.333333333334,15887.57142857143,16142.285714285714,16151.203333333331,779.3494845367052,1208.210591509944,16175.713278527175,15798.127221260198,0.0,0.0,4
2023-05-21,55.0,810.5,119.5,5,21,0,0,41.0,27.0,322.5,346.0,244.0,342.5,963.0,1085.0,250.0,0,0,0,0,0,0,1,238.0,0.0,27.0,85.0,210.0,0.0,93.0,43.71428571428572,90.85714285714286,164.16666666666666,87.25196136422852,222.53486101691163,75.06553118349345,122.316306715196,0.0,0.0,5
2023-05-21,35.0,43.0,43.0,5,21,0,0,16.0,0.0,0.0,6.0,0.0,9.0,41.0,21.0,27.0,0,0,0,0,0,0,1,6.0,100.0,0.0,0.0,0.0,66.0,40.66666666666666,41.42857142857143,26.071428571428573,31.5,46.25961933427879,40.18212846870933,37.08098411391286,30.96650682523882,0.0,0.0,6
2023-05-21,0.0,3500.0,0.0,5,21,0,0,0.0,0.0,0.0,0.0,0.0,0.0,27700.0,15725.0,21495.0,0,0,0,0,0,0,1,0.0,0.0,0.0,0.0,0.0,0.0,0.0,0.0,0.0,0.0,0.0,0.0,0.0301082345802486,67.84379247134868,0.0,0.0,7
2023-05-21,120.0,0.0,80.0,5,21,0,0,0.0,20.0,0.0,580.0,395.0,105.0,40.0,0.0,35.0,0,0,0,0,0,0,1,250.0,205.0,20.0,140.0,60.0,0.0,151.66666666666666,85.71428571428571,122.85714285714286,115.83333333333331,107.33237207496188,138.38404416030383,118.89406378649522,121.1458627137646,0.0,0.0,8
2023-05-22,690.0,1920.0,739.0,5,22,0,0,154.0,1574.0,544.0,303.0,364.0,237.0,1268.0,2294.9,3381.0,1,0,0,0,0,0,0,635.0,746.0,1574.0,1199.0,497.0,1381.0,511.6666666666667,713.842857142857,649.0642857142858,715.39,593.9406588123735,425.03814400835705,552.5209891482293,634.6098507150223,0.0,0.0,0
2023-05-22,182.0,336.0,158.0,5,22,0,0,75.0,258.0,0.0,311.0,191.0,0.0,551.0,367.0,0.0,1,0,0,0,0,0,0,56.0,246.0,258.0,70.0,238.0,185.0,125.66666666666669,231.57142857142856,293.5,238.25,119.31870088528568,223.94568114488897,194.2842251260392,238.2704690373035,0.0,0.0,1
2023-05-22,347.0,6965.2,1326.75,5,22,0,0,107.5,639.8,0.0,1338.0,1680.0,560.0,9067.4,8010.45,11460.2,1,0,0,0,0,0,0,60.0,787.0,639.8,174.25,425.0,133.5,318.1666666666667,365.75714285714287,434.19642857142856,304.15833333333336,333.9279555889407,334.24336273381573,313.90945875790976,330.5857495512845,0.0,0.0,2
2023-05-22,0.0,0.0,0.0,5,22,0,0,0.0,0.0,0.0,0.0,0.0,0.0,0.0,0.0,0.0,1,0,0,0,0,0,0,0.0,0.0,0.0,0.0,0.0,0.0,0.0,0.0,0.0,0.0,0.0,0.0,0.0,0.0,0.0,0.0,3
2023-05-22,15209.0,2458.0,565.0,5,22,0,0,17443.0,16739.0,15793.0,505.0,994.0,510.0,3394.66,2842.0,2428.0,1,0,0,0,0,0,0,17144.0,15563.0,16739.0,16255.0,18054.0,14848.0,16716.666666666668,16242.285714285714,16317.142857142857,16325.87,848.776318057503,973.7695667194508,16492.534958895383,15904.248045695023,0.0,0.0,4
2023-05-22,0.0,45.0,40.0,5,22,0,0,55.0,0.0,235.5,119.5,222.0,331.0,810.5,396.0,673.0,1,0,0,0,0,0,0,41.0,238.0,0.0,515.0,0.0,41.0,111.33333333333331,47.71428571428572,88.71428571428571,155.25,86.99945265290366,221.32780143862465,70.04914838762008,117.97331918518336,0.0,0.0,5
2023-05-22,0.0,243.0,64.0,5,22,0,0,35.0,0.0,50.0,43.0,0.0,0.0,43.0,58.0,0.0,1,0,0,0,0,0,0,16.0,6.0,0.0,0.0,0.0,0.0,19.0,46.42857142857143,28.571428571428573,32.666666666666664,42.79741870275643,39.74169471538139,36.56073808543465,31.226732191352447,0.0,0.0,6
2023-05-22,0.0,7235.0,0.0,5,22,0,0,0.0,0.0,0.0,0.0,0.0,0.0,3500.0,17200.0,16695.0,1,0,0,0,0,0,0,0.0,0.0,0.0,0.0,0.0,0.0,0.0,0.0,0.0,0.0,0.0,0.0,0.0225811759351864,63.46677360222941,0.0,0.0,7
2023-05-22,0.0,130.0,255.0,5,22,0,0,120.0,0.0,205.0,80.0,0.0,280.0,0.0,320.0,35.0,1,0,0,0,0,0,0,0.0,250.0,0.0,40.0,180.0,35.0,123.33333333333331,100.0,121.42857142857144,119.83333333333331,103.72238588334386,136.64378137517178,119.17054783987142,121.0719360870701,0.0,0.0,8
2023-05-23,1289.0,2431.0,183.0,5,23,0,0,690.0,322.9,518.0,739.0,616.0,597.0,1920.0,4976.0,2107.0,0,1,0,0,0,0,0,154.0,635.0,322.9,244.0,247.9,1355.25,493.0,587.5571428571428,612.7071428571428,720.2566666666667,459.2847042127679,423.8422314911555,586.890741861172,638.183408733408,0.0,0.0,0
2023-05-23,410.0,663.0,851.5,5,23,0,0,182.0,309.0,258.0,158.0,540.5,30.0,336.0,1024.0,266.0,0,1,0,0,0,0,0,75.0,56.0,309.0,228.0,67.0,90.0,104.33333333333331,220.7142857142857,301.5,244.31666666666663,119.96904362614264,219.69377132936552,191.2131688445294,234.6401161961872,0.0,0.0,1
2023-05-23,449.0,10548.85,864.0,5,23,0,0,347.0,701.0,423.0,1326.75,1929.25,1315.0,6965.2,10605.9,4864.25,0,1,0,0,0,0,0,107.5,60.0,701.0,0.0,0.0,0.0,171.5,323.92857142857144,446.5357142857143,315.725,311.462200565257,329.3226917503925,322.1820940684323,331.6447334512016,0.0,0.0,2
2023-05-23,0.0,0.0,0.0,5,23,0,0,0.0,0.0,0.0,0.0,0.0,0.0,0.0,0.0,0.0,0,1,0,0,0,0,0,0.0,0.0,0.0,0.0,0.0,0.0,0.0,0.0,0.0,0.0,0.0,0.0,0.0,0.0,0.0,0.0,3
2023-05-23,18165.0,5856.0,3516.5,5,23,0,0,15209.0,15700.0,15910.0,565.0,485.0,355.0,2458.0,7537.0,2396.0,0,1,0,0,0,0,0,17443.0,17144.0,15700.0,16239.0,18136.0,15814.0,16598.666666666668,16023.714285714286,16242.42857142857,16306.403333333332,895.271600183569,990.4834683239344,16171.651219171536,15859.393333069542,0.0,0.0,4
2023-05-23,170.0,648.0,383.0,5,23,0,0,0.0,0.0,0.0,40.0,375.0,135.0,45.0,1430.7,208.5,0,1,0,0,0,0,0,55.0,41.0,0.0,210.0,394.0,133.5,32.0,47.71428571428572,51.92857142857143,147.4,86.99945265290366,222.5562850157238,52.53686129071506,110.36213730226832,0.0,0.0,5
2023-05-23,0.0,66.0,0.0,5,23,0,0,0.0,69.0,66.0,64.0,16.0,82.0,243.0,118.0,6.0,0,1,0,0,0,0,0,35.0,16.0,69.0,0.0,128.0,29.0,17.0,46.42857142857143,28.571428571428573,31.0,42.79741870275644,40.037051805064,27.420553564075988,29.212104308039383,0.0,0.0,6
2023-05-23,0.0,20000.0,16990.0,5,23,0,0,0.0,0.0,0.0,0.0,0.0,1350.0,7235.0,42470.0,14520.0,0,1,0,0,0,0,0,0.0,0.0,0.0,0.0,0.0,0.0,0.0,0.0,0.0,0.0,0.0,0.0,0.0169358819513898,59.37214304724687,0.0,0.0,7
2023-05-23,110.0,65.0,85.0,5,23,0,0,0.0,0.0,0.0,255.0,585.0,45.0,130.0,0.0,0.0,0,1,0,0,0,0,0,120.0,0.0,0.0,0.0,0.0,235.0,40.0,100.0,118.57142857142856,113.0,103.72238588334386,137.36184281695176,89.37791087990357,113.2608434362914,0.0,0.0,8
2023-05-24,276.0,2028.0,641.0,5,24,0,0,1289.0,1451.0,1381.0,183.0,472.0,995.0,2431.0,2361.0,2465.0,0,0,1,0,0,0,0,690.0,154.0,1451.0,362.0,477.9,492.0,711.0,725.5714285714286,687.35,745.9566666666667,508.96917298360927,434.39896641565394,762.418056395879,680.1715759118978,0.0,0.0,0
2023-05-24,681.0,575.0,92.0,5,24,0,0,410.0,351.0,185.0,851.5,1264.0,0.0,663.0,542.0,62.0,0,0,1,0,0,0,0,182.0,75.0,351.0,586.0,298.0,472.0,222.33333333333331,235.14285714285717,314.5,249.38333333333333,137.1938149376376,221.76321961658255,245.90987663339703,245.95365708675573,0.0,0.0,1
2023-05-24,355.0,11244.1,3313.0,5,24,0,0,449.0,265.0,133.5,864.0,687.75,2245.5,10548.85,12520.7,8882.4,0,0,1,0,0,0,0,347.0,107.5,265.0,652.0,30.0,0.0,301.1666666666667,287.92857142857144,478.6071428571428,316.59166666666664,272.7759197234103,329.64878857273413,353.8865705513242,339.21604097047896,0.0,0.0,2
2023-05-24,0.0,0.0,0.0,5,24,0,0,0.0,0.0,0.0,0.0,0.0,0.0,0.0,0.0,0.0,0,0,1,0,0,0,0,0.0,0.0,0.0,0.0,0.0,0.0,0.0,0.0,0.0,0.0,0.0,0.0,0.0,0.0,0.0,0.0,3
2023-05-24,16616.0,4050.0,1470.0,5,24,0,0,18165.0,15795.0,14848.0,3516.5,4530.0,1032.0,5856.0,2890.0,1340.0,0,0,1,0,0,0,0,15209.0,17443.0,15795.0,16080.0,16469.0,15319.0,16939.0,16375.857142857143,16380.0,16381.57,1184.7185922644917,1043.508879446063,16669.988414378655,16008.142150290863,0.0,0.0,4
2023-05-24,0.0,145.0,275.0,5,24,0,0,170.0,0.0,41.0,383.0,219.0,913.0,648.0,648.0,706.0,0,0,1,0,0,0,0,0.0,55.0,0.0,0.0,0.0,0.0,75.0,72.0,49.07142857142857,153.06666666666666,94.83494433312396,220.83137322921067,81.9026459680363,114.20974134728328,0.0,0.0,5
2023-05-24,41.0,0.0,45.0,5,24,0,0,0.0,99.0,0.0,0.0,16.0,116.0,66.0,41.0,0.0,0,0,1,0,0,0,0,0.0,35.0,99.0,53.0,9.0,0.0,11.666666666666666,36.57142857142857,28.571428571428573,28.8,44.63876171690974,39.86044621443408,20.56541517305699,27.32745241719814,0.0,0.0,6
2023-05-24,0.0,11300.0,0.0,5,24,0,0,0.0,0.0,0.0,16990.0,0.0,0.0,20000.0,15550.0,36670.0,0,0,1,0,0,0,0,0.0,0.0,0.0,0.0,0.0,0.0,0.0,0.0,0.0,0.0,0.0,0.0,0.0127019114635423,55.54168220548901,0.0,0.0,7
2023-05-24,605.0,75.0,0.0,5,24,0,0,110.0,125.0,35.0,85.0,40.0,20.0,65.0,0.0,0.0,0,0,1,0,0,0,0,0.0,120.0,125.0,245.0,365.0,35.0,76.66666666666667,115.71428571428572,126.42857142857144,116.66666666666669,93.9161226586684,135.6995498006237,94.53343315992768,113.05046644040164,0.0,0.0,8
2023-05-25,718.0,2135.0,575.0,5,25,0,0,276.0,114.0,1355.25,641.0,190.0,523.0,2028.0,2945.5,5089.0,0,0,0,1,0,0,0,1289.0,690.0,114.0,648.0,554.0,1340.0,751.6666666666666,557.7142857142857,681.2071428571428,709.1233333333333,414.91634268677774,425.4510709201781,640.8135422969093,654.0959903691947,0.0,0.0,0
2023-05-25,456.0,598.0,507.0,5,25,0,0,681.0,326.0,90.0,92.0,1114.0,75.0,575.0,367.0,213.5,0,0,0,1,0,0,0,410.0,182.0,326.0,1010.0,30.0,717.5,424.3333333333333,282.2857142857143,321.2857142857143,265.9166666666667,217.07964305427475,234.8980733957975,354.6824074750478,274.0211630811586,0.0,0.0,1
2023-05-25,206.5,9815.25,2187.5,5,25,0,0,355.0,0.0,0.0,3313.0,1174.5,1013.5,11244.1,14779.3,5917.8,0,0,0,1,0,0,0,449.0,347.0,0.0,385.0,564.5,0.0,383.6666666666667,300.7857142857143,457.3928571428572,323.975,273.634771356343,327.8823708204324,354.1649279134932,340.2343609078674,0.0,0.0,2
2023-05-25,0.0,0.0,0.0,5,25,0,0,0.0,0.0,0.0,0.0,0.0,0.0,0.0,0.0,0.0,0,0,0,1,0,0,0,0.0,0.0,0.0,0.0,0.0,0.0,0.0,0.0,0.0,0.0,0.0,0.0,0.0,0.0,0.0,0.0,3
2023-05-25,16128.0,3359.0,2580.0,5,25,0,0,16616.0,15312.0,15814.0,1470.0,1415.0,663.5,4050.0,2523.0,2225.0,0,0,0,1,0,0,0,18165.0,15209.0,15312.0,16293.0,17328.0,15588.0,16663.333333333332,16493.14285714286,16418.285714285714,16440.503333333334,1157.967389951243,1003.0529090054948,16656.49131078399,16047.35878575597,0.0,0.0,4
2023-05-25,0.0,207.0,396.5,5,25,0,0,0.0,0.0,133.5,275.0,631.0,115.0,145.0,761.0,527.0,0,0,0,1,0,0,0,170.0,0.0,0.0,0.0,548.0,230.0,56.66666666666666,72.0,49.07142857142857,151.7,94.83494433312396,221.6741006445088,61.42698447602722,106.84137093778114,0.0,0.0,5
2023-05-25,25.0,75.0,0.0,5,25,0,0,41.0,100.0,29.0,45.0,0.0,16.0,0.0,114.0,92.0,0,0,0,1,0,0,0,0.0,0.0,100.0,6.0,72.0,114.0,13.666666666666666,28.285714285714285,27.714285714285715,30.166666666666668,35.58423942194205,39.54053645296817,25.674061379792743,28.209552261249872,0.0,0.0,6
2023-05-25,0.0,0.0,29640.0,5,25,0,0,0.0,0.0,0.0,0.0,0.0,0.0,11300.0,12600.0,20070.0,0,0,0,1,0,0,0,0.0,0.0,0.0,0.0,0.0,0.0,0.0,0.0,0.0,0.0,0.0,0.0,0.0095264335976567,51.95834786965101,0.0,0.0,7
2023-05-25,550.0,0.0,405.0,5,25,0,0,605.0,205.0,235.0,0.0,50.0,0.0,75.0,0.0,0.0,0,0,0,1,0,0,0,110.0,0.0,205.0,70.0,160.0,195.0,238.33333333333331,184.28571428571428,152.14285714285714,135.66666666666666,207.89477649820364,161.3506212832964,222.15007486994577,144.78914602489186,0.0,0.0,8
2023-05-26,928.0,1703.0,40.0,5,26,1,0,718.0,746.0,492.0,575.0,598.0,740.0,2135.0,1102.5,2940.0,0,0,0,0,1,0,0,276.0,1289.0,746.0,812.0,337.0,1238.75,761.0,644.0,686.2071428571428,687.8816666666667,367.3386267011228,407.6134355513248,660.110156722682,658.2188297002145,0.0,0.0,0
2023-05-26,429.5,87.5,1034.0,5,26,1,0,456.0,246.0,472.0,507.0,666.0,115.0,598.0,464.0,527.0,0,0,0,0,1,0,0,681.0,410.0,246.0,203.0,0.0,116.0,515.6666666666666,300.85714285714283,281.7142857142857,278.1166666666667,226.78655792868932,234.9509003488019,380.01180560628586,285.76173320495485,0.0,0.0,1
2023-05-26,1231.0,11196.65,1989.0,5,26,1,0,206.5,787.0,0.0,2187.5,3121.25,1357.0,9815.25,7897.15,12199.9,0,0,0,0,1,0,0,355.0,449.0,787.0,1337.0,192.0,214.0,336.8333333333333,330.2857142857143,444.6428571428572,330.8583333333333,245.48656737570136,322.97740875499613,317.2486959351199,331.6063376234889,0.0,0.0,2
2023-05-26,0.0,0.0,0.0,5,26,1,0,0.0,0.0,0.0,0.0,0.0,0.0,0.0,0.0,0.0,0,0,0,0,1,0,0,0.0,0.0,0.0,0.0,0.0,0.0,0.0,0.0,0.0,0.0,0.0,0.0,0.0,0.0,0.0,0.0,3
2023-05-26,15740.0,12641.14,2920.0,5,26,1,0,16128.0,15563.0,15319.0,2580.0,1405.0,545.0,3359.0,9856.3,2924.0,0,0,0,0,1,0,0,16616.0,18165.0,15563.0,16108.0,16143.0,16737.0,16969.666666666668,16609.714285714286,16406.5,16450.969999999998,1055.8124382492967,997.9151436352536,16524.368483087994,16052.561444739456,0.0,0.0,4
2023-05-26,0.0,726.7,254.0,5,26,1,0,0.0,238.0,0.0,396.5,434.0,371.0,207.0,558.0,0.0,0,0,0,0,1,0,0,0.0,170.0,238.0,18.0,992.0,138.0,56.66666666666666,72.0,49.07142857142857,147.25,94.83494433312396,223.3854234586339,46.070238357020415,99.9483792643759,0.0,0.0,5
2023-05-26,0.0,43.0,6.0,5,26,1,0,25.0,6.0,0.0,0.0,35.0,31.0,75.0,79.0,63.0,0,0,0,0,1,0,0,41.0,0.0,6.0,0.0,37.0,5.0,22.0,17.571428571428573,29.071428571428573,30.03333333333333,16.64188633996701,39.55134884428467,25.50554603484456,28.0024843734273,0.0,0.0,6
2023-05-26,0.0,0.0,17640.0,5,26,1,0,0.0,0.0,0.0,29640.0,11600.0,0.0,0.0,0.0,2880.0,0,0,0,0,1,0,0,0.0,0.0,0.0,0.0,0.0,0.0,0.0,0.0,0.0,0.0,0.0,0.0,0.0071448251982425,48.60619639418966,0.0,0.0,7
2023-05-26,645.0,0.0,70.0,5,26,1,0,550.0,250.0,35.0,405.0,50.0,105.0,0.0,0.0,0.0,0,0,0,0,1,0,0,605.0,110.0,250.0,0.0,110.0,0.0,421.6666666666667,233.57142857142856,186.42857142857144,146.16666666666666,250.2118150306902,177.48085537034268,304.1125561524593,170.93178176522144,0.0,0.0,8
2023-05-27,409.0,1189.0,287.5,5,27,1,0,928.0,635.0,1340.0,40.0,750.0,1345.0,1703.0,1838.0,4883.0,0,0,0,0,0,1,0,718.0,276.0,635.0,303.0,981.0,1059.5,640.6666666666666,670.0,694.4928571428571,702.4150000000001,381.9131663960629,408.1608593371338,727.0826175420115,675.6240664937492,0.0,0.0,0
2023-05-27,86.0,203.0,633.5,5,27,1,0,429.5,56.0,717.5,1034.0,105.0,75.0,87.5,0.0,604.5,0,0,0,0,0,1,0,456.0,681.0,56.0,361.0,100.0,165.0,522.1666666666666,327.07142857142856,297.8928571428572,276.7,229.9718150432475,233.8671742088098,392.3838542047144,295.0351697723771,0.0,0.0,1
2023-05-27,319.0,7775.95,3410.5,5,27,1,0,1231.0,60.0,0.0,1989.0,1025.0,4138.0,11196.65,9793.35,12051.95,0,0,0,0,0,1,0,206.5,355.0,60.0,75.0,108.0,126.0,597.5,393.7142857142857,437.07142857142856,371.89166666666665,394.99323381787787,356.0023992759456,545.68652195134,389.6317351961671,0.0,0.0,2
2023-05-27,0.0,0.0,0.0,5,27,1,0,0.0,0.0,0.0,0.0,0.0,0.0,0.0,0.0,0.0,0,0,0,0,0,1,0,0.0,0.0,0.0,0.0,0.0,0.0,0.0,0.0,0.0,0.0,0.0,0.0,0.0,0.0,0.0,0.0,3
2023-05-27,15220.0,2929.0,2634.5,5,27,1,0,15740.0,17144.0,15588.0,2920.0,3295.8,2601.0,12641.14,1415.0,2776.0,0,0,0,0,0,1,0,16128.0,16616.0,17144.0,18809.0,17194.0,16970.0,16161.333333333334,16635.0,16380.214285714286,16465.003333333334,1028.3284170601114,984.3152461389724,16328.276362315995,16032.39619024014,0.0,0.0,4
2023-05-27,75.0,111.0,240.5,5,27,1,0,0.0,41.0,230.0,254.0,346.0,115.0,726.7,963.0,1201.5,0,0,0,0,0,1,0,0.0,0.0,41.0,138.0,330.0,78.5,0.0,38.0,47.785714285714285,147.25,62.58061467685819,223.3854234586339,34.552678767765315,93.50009673119035,0.0,0.0,5
2023-05-27,15.0,0.0,0.0,5,27,1,0,0.0,16.0,114.0,6.0,6.0,25.0,43.0,41.0,30.0,0,0,0,0,0,1,0,25.0,41.0,16.0,16.0,0.0,70.0,22.0,16.714285714285715,29.071428571428573,30.03333333333333,17.471064513592037,39.55134884428467,19.129159526133417,26.19587247836748,0.0,0.0,6
2023-05-27,0.0,26500.0,4200.0,5,27,1,0,0.0,0.0,0.0,17640.0,0.0,0.0,0.0,27700.0,15200.0,0,0,0,0,0,1,0,0.0,0.0,0.0,0.0,0.0,0.0,0.0,0.0,0.0,0.0,0.0,0.0,0.0053586188986819,45.47031275585485,0.0,0.0,7
2023-05-27,55.0,585.0,0.0,5,27,1,0,645.0,0.0,195.0,70.0,580.0,20.0,0.0,40.0,20.0,0,0,0,0,0,1,0,550.0,605.0,0.0,625.0,105.0,70.0,600.0,290.0,232.5,166.5,295.0564917661248,198.0558524498965,389.3344171143445,201.5168281029491,0.0,0.0,8
2023-05-28,1116.0,1198.0,187.0,5,28,0,0,409.0,154.0,1238.75,287.5,303.0,264.0,1189.0,1268.0,2828.0,0,0,0,0,0,0,1,928.0,718.0,154.0,522.0,702.5,649.0,685.0,637.7142857142857,702.0642857142857,671.3816666666667,394.703565681772,393.1284348533311,647.5619631565086,658.4225138167332,0.0,0.0,0
2023-05-28,365.0,523.0,420.0,5,28,0,0,86.0,75.0,116.0,633.5,311.0,277.0,203.0,551.0,444.0,0,0,0,0,0,0,1,429.5,456.0,75.0,30.0,80.0,222.0,323.8333333333333,331.35714285714283,278.25,255.65,224.2875227406616,220.88306900352,315.7878906535358,281.54902978706247,0.0,0.0,1
2023-05-28,0.0,5709.25,1498.0,5,28,0,0,319.0,107.5,214.0,3410.5,1338.0,1406.25,7775.95,9067.4,6785.65,0,0,0,0,0,0,1,1231.0,206.5,107.5,895.2,242.0,588.0,585.5,430.7142857142857,454.5,382.525,369.85400916474873,349.2107171277773,489.01489146350497,385.0748490544789,0.0,0.0,2
2023-05-28,0.0,0.0,0.0,5,28,0,0,0.0,0.0,0.0,0.0,0.0,0.0,0.0,0.0,0.0,0,0,0,0,0,0,1,0.0,0.0,0.0,0.0,0.0,0.0,0.0,0.0,0.0,0.0,0.0,0.0,0.0,0.0,0.0,0.0,3
2023-05-28,18189.0,1555.0,975.0,5,28,0,0,15220.0,17443.0,16737.0,2634.5,505.0,745.0,2929.0,3394.66,10442.8,0,0,0,0,0,0,1,15740.0,16128.0,17443.0,14960.0,14995.0,16038.1,15696.0,16360.142857142857,16123.857142857143,16452.736666666668,1122.428532033921,997.8218162002046,16051.207271736996,15979.983532805292,0.0,0.0,4
2023-05-28,93.0,748.0,471.0,5,28,0,0,75.0,55.0,138.0,240.5,119.5,706.0,111.0,810.5,462.0,0,0,0,0,0,0,1,0.0,0.0,55.0,27.0,85.0,210.0,25.0,42.85714285714285,43.285714285714285,142.08333333333334,64.15197729202316,223.1979206480412,44.66450907582399,92.30654210337164,0.0,0.0,5
2023-05-28,0.0,75.0,158.0,5,28,0,0,15.0,35.0,5.0,0.0,43.0,30.0,0.0,43.0,100.0,0,0,0,0,0,0,1,0.0,25.0,35.0,0.0,0.0,0.0,13.333333333333334,16.571428571428573,29.0,26.73333333333333,17.481963494386072,36.30040688793838,18.096869644600066,25.473558124924416,0.0,0.0,6
2023-05-28,0.0,13600.0,3200.0,5,28,0,0,0.0,0.0,0.0,4200.0,0.0,2520.0,26500.0,3500.0,1800.0,0,0,0,0,0,0,1,0.0,0.0,0.0,0.0,0.0,0.0,0.0,0.0,0.0,0.0,0.0,0.0,0.0040189641740114,42.53674419096099,0.0,0.0,7
2023-05-28,40.0,170.0,170.0,5,28,0,0,55.0,120.0,0.0,0.0,80.0,60.0,585.0,0.0,0.0,0,0,0,0,0,0,1,645.0,550.0,120.0,20.0,140.0,60.0,416.6666666666667,297.85714285714283,191.78571428571428,161.83333333333334,286.6597452099081,199.0082450784273,305.7508128357584,192.06412951566207,0.0,0.0,8
2023-05-29,366.0,1905.5,691.0,5,29,0,0,1116.0,690.0,1059.5,187.0,739.0,382.0,1198.0,1920.0,2706.0,1,0,0,0,0,0,0,409.0,928.0,690.0,1574.0,1199.0,497.0,817.6666666666666,775.1428571428571,744.4928571428571,667.2900000000001,364.5355165922013,387.6198549681339,764.6714723673814,687.9436419575891,0.0,0.0,0
2023-05-29,381.0,3587.0,180.0,5,29,0,0,365.0,182.0,165.0,420.0,158.0,416.5,523.0,336.0,551.5,1,0,0,0,0,0,0,86.0,429.5,182.0,258.0,70.0,238.0,293.5,372.7857142857143,302.17857142857144,263.95,193.7472273227104,220.1315574519176,328.09091799015187,286.9329633491875,0.0,0.0,1
2023-05-29,545.0,5109.25,1228.5,5,29,0,0,0.0,347.0,126.0,1498.0,1326.75,1489.5,5709.25,6965.2,7226.15,1,0,0,0,0,0,0,319.0,1231.0,347.0,639.8,174.25,425.0,516.6666666666666,415.3571428571428,390.5571428571429,375.39166666666665,387.3302546800032,354.91105201438,366.7611685976288,360.23131040580284,0.0,0.0,2
2023-05-29,0.0,0.0,0.0,5,29,0,0,0.0,0.0,0.0,0.0,0.0,0.0,0.0,0.0,0.0,1,0,0,0,0,0,0,0.0,0.0,0.0,0.0,0.0,0.0,0.0,0.0,0.0,0.0,0.0,0.0,0.0,0.0,0.0,0.0,3
2023-05-29,16626.0,5071.0,1703.0,5,29,0,0,18189.0,15209.0,16970.0,975.0,565.0,675.0,1555.0,2458.0,850.0,1,0,0,0,0,0,0,15220.0,15740.0,15209.0,16739.0,16255.0,18054.0,16383.0,16466.714285714286,16354.5,16501.136666666665,1268.3132781093902,1046.1313105695856,16585.65545380275,16122.50072423721,0.0,0.0,4
2023-05-29,140.0,190.0,30.0,5,29,0,0,93.0,0.0,78.5,471.0,40.0,495.0,748.0,45.0,499.0,1,0,0,0,0,0,0,75.0,0.0,0.0,0.0,515.0,0.0,56.0,48.285714285714285,48.0,140.58333333333334,66.89971172263368,223.3774478218479,56.74838180686799,92.35128132250895,0.0,0.0,5
2023-05-29,0.0,119.0,47.0,5,29,0,0,0.0,0.0,70.0,158.0,64.0,102.0,75.0,243.0,79.0,1,0,0,0,0,0,0,15.0,0.0,0.0,0.0,0.0,0.0,5.0,11.571428571428571,29.0,26.566666666666663,16.297823401271945,36.41492999357242,13.572652233450048,23.83010276202607,0.0,0.0,6
2023-05-29,0.0,14450.0,4250.0,5,29,0,0,0.0,0.0,0.0,3200.0,0.0,0.0,13600.0,7235.0,15550.0,1,0,0,0,0,0,0,0.0,0.0,0.0,0.0,0.0,0.0,0.0,0.0,0.0,0.0,0.0,0.0,0.0030142231305085,39.7924381141248,0.0,0.0,7
2023-05-29,105.0,40.0,160.0,5,29,0,0,40.0,0.0,70.0,170.0,255.0,60.0,170.0,130.0,0.0,1,0,0,0,0,0,0,55.0,645.0,0.0,0.0,40.0,180.0,246.66666666666663,286.42857142857144,193.2142857142857,163.16666666666666,296.3628728112756,198.01812583932696,239.3131096268188,182.25354051465163,0.0,0.0,8
2023-05-30,915.0,3977.5,796.0,5,30,0,0,366.0,1289.0,649.0,691.0,183.0,450.0,1905.5,2431.0,3242.0,0,1,0,0,0,0,0,1116.0,409.0,1289.0,322.9,244.0,247.9,630.3333333333334,728.8571428571429,658.2071428571428,644.1733333333334,396.3308502465371,384.08606159641306,665.0036042755361,667.1730844119382,0.0,0.0,0
2023-05-30,60.0,292.0,30.0,5,30,0,0,381.0,410.0,222.0,180.0,851.5,506.0,3587.0,663.0,145.0,0,1,0,0,0,0,0,365.0,86.0,410.0,309.0,228.0,67.0,277.3333333333333,401.2142857142857,310.9642857142857,271.15,174.7564631954176,220.3158841143857,341.3181884926139,293.0018044234335,0.0,0.0,1
2023-05-30,100.0,7851.4,1618.75,5,30,0,0,545.0,449.0,588.0,1228.5,864.0,1605.0,5109.25,10548.85,8114.8,0,1,0,0,0,0,0,0.0,319.0,449.0,701.0,0.0,0.0,288.0,443.6428571428572,383.7857142857143,389.35833333333335,388.7334899265513,352.9976331080493,411.3208764482216,372.15187102478336,0.0,0.0,2
2023-05-30,0.0,0.0,0.0,5,30,0,0,0.0,0.0,0.0,0.0,0.0,0.0,0.0,0.0,0.0,0,1,0,0,0,0,0,0.0,0.0,0.0,0.0,0.0,0.0,0.0,0.0,0.0,0.0,0.0,0.0,0.0,0.0,0.0,0.0,3
2023-05-30,16011.0,1740.0,1030.0,5,30,0,0,16626.0,18165.0,16038.1,1703.0,3516.5,50.0,5071.0,5856.0,897.0,0,1,0,0,0,0,0,18189.0,15220.0,18165.0,15700.0,16239.0,18136.0,16678.333333333332,16669.14285714286,16346.42857142857,16489.67,1140.788970927795,1042.694525686487,16595.74159035206,16154.984548479972,0.0,0.0,4
2023-05-30,0.0,250.0,362.0,5,30,0,0,140.0,170.0,210.0,30.0,383.0,802.0,190.0,648.0,329.0,0,1,0,0,0,0,0,93.0,75.0,170.0,0.0,210.0,394.0,102.66666666666669,68.28571428571429,58.0,142.63333333333333,70.8677507420558,223.07003436115116,77.561286355151,95.42539220492772,0.0,0.0,5
2023-05-30,0.0,18670.0,0.0,5,30,0,0,0.0,0.0,0.0,4250.0,16990.0,3600.0,14450.0,20000.0,14000.0,0,1,0,0,0,0,0,0.0,0.0,0.0,0.0,0.0,0.0,0.0,0.0,0.0,0.0,0.0,0.0,0.0022606673478814,37.22518404224578,0.0,0.0,7
2023-05-30,505.0,0.0,0.0,5,30,0,0,105.0,110.0,60.0,160.0,85.0,420.0,40.0,65.0,0.0,0,1,0,0,0,0,0,40.0,55.0,110.0,0.0,0.0,0.0,66.66666666666667,301.42857142857144,200.7142857142857,164.33333333333334,281.7462553095468,197.5528446689179,205.7348322201141,177.26944112660962,0.0,0.0,8
2023-05-31,1055.0,1914.0,1110.0,5,31,0,0,915.0,276.0,497.0,796.0,641.0,40.0,3977.5,2028.0,1182.0,0,0,1,0,0,0,0,366.0,1116.0,276.0,1451.0,362.0,477.9,799.0,675.4285714285714,700.5,653.0400000000001,327.4588305639137,387.2585446620811,727.5027032066521,683.1619176756842,0.0,0.0,0
2023-05-31,463.0,100.0,328.0,5,31,0,0,60.0,681.0,238.0,30.0,92.0,319.0,292.0,575.0,769.0,0,0,1,0,0,0,0,381.0,365.0,681.0,351.0,586.0,298.0,268.6666666666667,351.2142857142857,293.17857142857144,265.75,216.82901426832004,223.52407684863496,270.9886413694604,277.96942994450234,0.0,0.0,1
2023-05-31,409.5,11576.6,2911.75,5,31,0,0,100.0,355.0,425.0,1618.75,3313.0,460.0,7851.4,11244.1,9728.9,0,0,1,0,0,0,0,545.0,0.0,355.0,265.0,652.0,30.0,215.0,393.7857142857143,340.85714285714283,373.0916666666666,409.74462139472274,354.7677307379977,333.4906573361662,354.593685797378,0.0,0.0,2
2023-05-31,0.0,0.0,0.0,5,31,0,0,0.0,0.0,0.0,0.0,0.0,0.0,0.0,0.0,0.0,0,0,1,0,0,0,0,0.0,0.0,0.0,0.0,0.0,0.0,0.0,0.0,0.0,0.0,0.0,0.0,0.0,0.0,0.0,0.0,3
2023-05-31,15478.0,3057.0,1457.0,5,31,0,0,16011.0,16616.0,18054.0,1030.0,1470.0,741.0,1740.0,4050.0,2410.0,0,0,1,0,0,0,0,16626.0,18189.0,16616.0,15795.0,16080.0,16469.0,16942.0,16361.42857142857,16368.642857142857,16488.766666666666,943.4991356899236,1043.1108871968129,16449.556192764045,16145.695222771588,0.0,0.0,4
2023-05-31,0.0,80.0,510.0,5,31,0,0,0.0,0.0,0.0,362.0,275.0,926.0,250.0,145.0,300.0,0,0,1,0,0,0,0,140.0,93.0,0.0,0.0,0.0,0.0,77.66666666666667,44.0,58.0,135.63333333333333,58.1979381078064,224.1753444459746,58.17096476636325,89.26891528848078,0.0,0.0,5
2023-05-31,45.0,15.0,0.0,5,31,0,0,0.0,0.0,0.0,47.0,0.0,50.0,119.0,66.0,72.0,0,0,1,0,0,0,0,0.0,15.0,0.0,69.0,0.0,128.0,5.0,11.571428571428571,29.0,24.23333333333333,16.297823401271945,35.772926898012884,10.179489175087536,22.292676777379228,0.0,0.0,6
2023-05-31,0.0,3600.0,22070.0,5,31,0,0,0.0,0.0,0.0,0.0,0.0,0.0,18670.0,11300.0,9000.0,0,0,1,0,0,0,0,0.0,0.0,0.0,0.0,0.0,0.0,0.0,0.0,0.0,0.0,0.0,0.0,0.001695500510911,34.8235592653267,0.0,0.0,7
2023-05-31,445.0,0.0,105.0,5,31,0,0,505.0,605.0,180.0,0.0,0.0,300.0,0.0,75.0,0.0,0,0,1,0,0,0,0,105.0,40.0,605.0,125.0,245.0,365.0,216.66666666666663,357.85714285714283,236.78571428571428,179.16666666666666,276.5239161274773,205.97574067624183,280.5511241650856,198.4133481506993,0.0,0.0,8
2023-06-01,827.0,3296.0,236.5,6,1,0,0,1055.0,718.0,247.9,1110.0,575.0,430.0,1914.0,2135.0,2688.5,0,0,0,1,0,0,0,915.0,366.0,718.0,114.0,648.0,554.0,778.6666666666666,786.7142857142857,672.2142857142857,671.64,300.3374292834171,392.8652832188416,809.3770274049891,707.1514713740271,0.0,0.0,0
2023-06-01,383.0,337.0,539.0,6,1,0,0,463.0,456.0,67.0,328.0,507.0,770.0,100.0,598.0,589.5,0,0,0,1,0,0,0,60.0,381.0,456.0,326.0,1010.0,30.0,301.3333333333333,320.07142857142856,301.17857142857144,273.25,172.74123918244197,226.31815986075577,318.99148102709535,289.90688607711513,0.0,0.0,1
2023-06-01,42.5,11265.4,2888.25,6,1,0,0,409.5,206.5,0.0,2911.75,2187.5,1886.5,11576.6,9815.25,11612.25,0,0,0,1,0,0,0,100.0,545.0,206.5,0.0,385.0,564.5,351.5,401.57142857142856,351.17857142857144,372.575,409.4024536414248,354.7008075659414,352.49299300212465,358.1360286491601,0.0,0.0,2
2023-06-01,0.0,0.0,0.0,6,1,0,0,0.0,0.0,0.0,0.0,0.0,0.0,0.0,0.0,0.0,0,0,0,1,0,0,0,0.0,0.0,0.0,0.0,0.0,0.0,0.0,0.0,0.0,0.0,0.0,0.0,0.0,0.0,0.0,0.0,3
2023-06-01,17390.0,4669.0,2145.0,6,1,0,0,15478.0,16128.0,18136.0,1457.0,2580.0,470.5,3057.0,3359.0,2847.0,0,0,0,1,0,0,0,16011.0,16626.0,16128.0,15312.0,16293.0,17328.0,16038.333333333334,16198.857142857143,16346.0,16402.9,989.2570324190202,1015.4807032241964,16206.667144573034,16102.618111625035,0.0,0.0,4
2023-06-01,0.0,95.0,55.0,6,1,0,0,0.0,0.0,394.0,510.0,396.5,527.5,80.0,207.0,1386.0,0,0,0,1,0,0,0,0.0,140.0,0.0,0.0,0.0,548.0,46.66666666666666,44.0,58.0,135.63333333333333,58.1979381078064,224.1753444459746,43.628223574772434,83.50963043115945,0.0,0.0,5
2023-06-01,33.0,35.0,0.0,6,1,0,0,45.0,41.0,0.0,0.0,45.0,0.0,15.0,0.0,37.0,0,0,0,1,0,0,0,0.0,0.0,41.0,99.0,53.0,9.0,15.0,18.0,27.285714285714285,25.73333333333333,19.52775802116907,35.665044543626315,18.88461688131565,23.75766537238702,0.0,0.0,6
2023-06-01,5300.0,16400.0,0.0,6,1,0,0,0.0,0.0,0.0,22070.0,29640.0,9660.0,3600.0,0.0,0.0,0,0,0,1,0,0,0,0.0,0.0,0.0,0.0,0.0,0.0,0.0,0.0,0.0,0.0,0.0,0.0,0.0012716253831833,32.5768780224024,0.0,0.0,7
2023-06-01,70.0,55.0,175.0,6,1,0,0,445.0,550.0,0.0,105.0,405.0,145.0,0.0,0.0,70.0,0,0,0,1,0,0,0,505.0,105.0,550.0,205.0,70.0,160.0,351.6666666666667,335.0,259.6428571428572,188.0,258.7308769100947,211.61774255840945,321.6633431238142,214.32216439904133,0.0,0.0,8
2023-06-02,176.0,2026.0,782.0,6,2,1,0,827.0,928.0,477.9,236.5,40.0,55.0,3296.0,1703.0,1379.0,0,0,0,0,1,0,0,1055.0,915.0,928.0,746.0,812.0,337.0,932.3333333333334,802.2857142857143,723.1428571428571,690.9433333333334,299.0037426107544,385.4846199206945,813.7827705537418,714.8836345111866,0.0,0.0,0
2023-06-02,456.5,415.5,358.5,6,2,1,0,383.0,429.5,298.0,539.0,1034.0,136.0,337.0,87.5,357.0,0,0,0,0,1,0,0,463.0,60.0,429.5,246.0,203.0,0.0,302.0,309.6428571428572,305.25,283.78333333333336,165.20661666675488,223.7266529269256,334.99361077032154,295.91289342697866,0.0,0.0,1
2023-06-02,869.0,15405.15,1520.0,6,2,1,0,42.5,1231.0,30.0,2888.25,1989.0,1089.0,11265.4,11196.65,8939.0,0,0,0,0,1,0,0,409.5,100.0,1231.0,787.0,1337.0,192.0,184.0,378.1428571428572,354.2142857142857,373.9916666666667,426.7511681575218,353.2433170618384,274.9947447515935,337.7724138976014,0.0,0.0,2
2023-06-02,0.0,0.0,0.0,6,2,1,0,0.0,0.0,0.0,0.0,0.0,0.0,0.0,0.0,0.0,0,0,0,0,1,0,0,0.0,0.0,0.0,0.0,0.0,0.0,0.0,0.0,0.0,0.0,0.0,0.0,0.0,0.0,0.0,0.0,3
2023-06-02,14185.0,14397.36,1625.0,6,2,1,0,17390.0,15740.0,16469.0,2145.0,2920.0,775.0,4669.0,12641.14,1200.0,0,0,0,0,1,0,0,15478.0,16011.0,15740.0,15563.0,16108.0,16143.0,16293.0,16379.142857142857,16494.428571428572,16378.033333333333,1084.593384418245,980.0951918346964,16502.500358429774,16185.675007649228,0.0,0.0,4
2023-06-02,340.0,533.9,10.0,6,2,1,0,0.0,0.0,0.0,55.0,254.0,515.0,95.0,726.7,1760.0,0,0,0,0,1,0,0,0.0,0.0,0.0,238.0,18.0,992.0,0.0,44.0,58.0,122.5,58.1979381078064,220.019709148506,32.72116768107932,78.12191233882659,0.0,0.0,5
2023-06-02,0.0,95.0,0.0,6,2,1,0,33.0,25.0,128.0,0.0,0.0,50.0,35.0,75.0,130.0,0,0,0,0,1,0,0,45.0,0.0,25.0,100.0,6.0,72.0,26.0,16.857142857142858,22.571428571428573,26.83333333333333,18.142294704442897,35.351518850785894,22.41346266098674,24.353945025781407,0.0,0.0,6
2023-06-02,14620.0,6659.0,0.0,6,2,1,0,5300.0,0.0,0.0,0.0,17640.0,15580.0,16400.0,0.0,12100.0,0,0,0,0,1,0,0,0.0,0.0,0.0,0.0,0.0,0.0,1766.6666666666667,757.1428571428571,378.57142857142856,176.66666666666666,2003.211706948904,967.6431849257926,1325.0009537190374,372.4106278274087,0.0,0.0,7
2023-06-02,40.0,0.0,135.0,6,2,1,0,70.0,645.0,365.0,175.0,70.0,0.0,55.0,0.0,0.0,0,0,0,0,1,0,0,445.0,505.0,645.0,250.0,0.0,110.0,340.0,266.42857142857144,250.0,190.33333333333331,255.84360922437037,209.85189084674465,258.7475073428606,205.011057018458,0.0,0.0,8
2023-06-03,682.0,1797.0,598.0,6,3,1,0,176.0,409.0,554.0,782.0,287.5,639.0,2026.0,1189.0,2907.0,0,0,0,0,0,1,0,827.0,1055.0,409.0,635.0,303.0,981.0,686.0,694.8571428571429,682.4285714285714,680.88,372.3938007770041,395.059769725003,654.3370779153063,680.1169484136908,0.0,0.0,0
2023-06-03,35.0,339.0,170.0,6,3,1,0,456.5,86.0,30.0,358.5,633.5,306.0,415.5,203.0,253.0,0,0,0,0,0,1,0,383.0,463.0,86.0,56.0,361.0,100.0,434.1666666666667,313.5,320.2857142857143,289.06666666666666,168.7485802409408,225.93456228913183,365.3702080777412,306.2733519155607,0.0,0.0,1
2023-06-03,0.0,10215.7,357.0,6,3,1,0,869.0,319.0,564.5,1520.0,3410.5,1766.5,15405.15,7775.95,15721.7,0,0,0,0,0,1,0,42.5,409.5,319.0,60.0,75.0,108.0,440.3333333333333,326.42857142857144,360.07142857142856,401.9583333333333,312.9308268307109,358.2468490328337,423.4960585636951,372.0451613880787,0.0,0.0,2
2023-06-03,0.0,0.0,0.0,6,3,1,0,0.0,0.0,0.0,0.0,0.0,0.0,0.0,0.0,0.0,0,0,0,0,0,1,0,0.0,0.0,0.0,0.0,0.0,0.0,0.0,0.0,0.0,0.0,0.0,0.0,0.0,0.0,0.0,0.0,3
2023-06-03,16080.0,1093.0,9519.5,6,3,1,0,14185.0,15220.0,17328.0,1625.0,2634.5,1192.0,14397.36,2929.0,2295.0,0,0,0,0,0,1,0,17390.0,15478.0,15220.0,17144.0,18809.0,17194.0,15684.333333333334,16157.0,16396.0,16301.9,1361.2729336911127,1058.3696424217871,15923.12526882233,16056.59920070412,0.0,0.0,4
2023-06-03,223.0,701.0,420.0,6,3,1,0,340.0,75.0,548.0,10.0,240.5,511.0,533.9,111.0,659.0,0,0,0,0,0,1,0,0.0,0.0,75.0,41.0,138.0,330.0,113.33333333333331,92.57142857142856,65.28571428571429,133.83333333333334,122.12542342861742,222.23769246917385,109.54087576080948,95.01727283309584,0.0,0.0,5
2023-06-03,187.0,12.0,12.0,6,3,1,0,0.0,0.0,9.0,0.0,6.0,37.0,95.0,43.0,24.0,0,0,0,0,0,1,0,33.0,45.0,0.0,6.0,0.0,37.0,26.0,13.285714285714286,15.428571428571429,22.566666666666663,18.723552776421155,30.046726063357312,16.810096995740054,22.78272276605357,0.0,0.0,6
2023-06-03,0.0,24150.0,0.0,6,3,1,0,14620.0,0.0,0.0,0.0,4200.0,22100.0,6659.0,26500.0,4400.0,0,0,0,0,0,1,0,5300.0,0.0,0.0,0.0,0.0,0.0,6640.0,2845.714285714286,1422.857142857143,664.0,5554.994320857754,2807.671264773439,4648.750715289278,1291.6099421611243,0.0,0.0,7
2023-06-03,125.0,110.0,355.0,6,3,1,0,40.0,55.0,160.0,135.0,0.0,0.0,0.0,585.0,225.0,0,0,0,0,0,1,0,70.0,445.0,55.0,0.0,625.0,105.0,185.0,180.0,235.0,179.5,203.4698994937579,208.91076299834756,204.06063050714545,194.36518237210592,0.0,0.0,8
2023-06-04,879.0,1697.5,960.0,6,4,0,0,682.0,1116.0,337.0,598.0,187.0,676.0,1797.0,1198.0,2104.75,0,0,0,0,0,0,1,176.0,827.0,1116.0,154.0,522.0,702.5,561.6666666666666,733.8571428571429,685.7857142857143,685.1466666666668,351.1568636053452,394.33274128656205,661.2528084364797,680.2384356128076,0.0,0.0,0
2023-06-04,190.0,2220.0,0.0,6,4,0,0,35.0,365.0,0.0,170.0,420.0,345.5,339.0,523.0,195.0,0,0,0,0,0,0,1,456.5,383.0,365.0,75.0,30.0,80.0,291.5,306.2142857142857,318.7857142857143,289.2333333333333,180.87331135882005,225.7386241580771,282.77765605830587,288.77184534036326,0.0,0.0,1
2023-06-04,0.0,5232.5,406.0,6,4,0,0,0.0,0.0,192.0,357.0,1498.0,3643.71,10215.7,5709.25,11740.09,0,0,0,0,0,0,1,869.0,42.5,0.0,107.5,895.2,242.0,303.8333333333333,280.85714285714283,355.7857142857143,383.14166666666665,336.53067149539703,364.1907439040732,317.6220439227713,348.0422477501382,0.0,0.0,2
2023-06-04,0.0,0.0,0.0,6,4,0,0,0.0,0.0,0.0,0.0,0.0,0.0,0.0,0.0,0.0,0,0,0,0,0,0,1,0.0,0.0,0.0,0.0,0.0,0.0,0.0,0.0,0.0,0.0,0.0,0.0,0.0,0.0,0.0,0.0,3
2023-06-04,15315.0,1165.0,875.0,6,4,0,0,16080.0,18189.0,16143.0,9519.5,975.0,855.0,1093.0,1555.0,10583.04,0,0,0,0,0,0,1,14185.0,17390.0,18189.0,17443.0,14960.0,14995.0,15885.0,16279.857142857143,16320.0,16260.3,1300.0440285584514,1041.032052572245,15962.343951616747,16058.10892969095,0.0,0.0,4
2023-06-04,195.0,458.5,1013.0,6,4,0,0,223.0,93.0,992.0,420.0,471.0,313.0,701.0,748.0,565.0,0,0,0,0,0,0,1,340.0,0.0,93.0,55.0,27.0,85.0,187.66666666666663,113.71428571428572,78.28571428571429,123.0,131.0606911392764,208.87168144663585,137.9056568206071,103.27422297289613,0.0,0.0,5
2023-06-04,25.0,9.0,22.0,6,4,0,0,187.0,15.0,72.0,12.0,0.0,6.0,12.0,0.0,12.0,0,0,0,0,0,0,1,0.0,33.0,15.0,16.0,16.0,0.0,73.33333333333333,40.0,28.357142857142858,28.5,67.21606950722423,42.33670454492339,59.35757274680504,33.37738581340496,0.0,0.0,6
2023-06-04,0.0,8200.0,0.0,6,4,0,0,0.0,0.0,0.0,0.0,3200.0,6400.0,24150.0,13600.0,42350.0,0,0,0,0,0,0,1,14620.0,5300.0,0.0,0.0,0.0,0.0,6640.0,2845.714285714286,1422.857142857143,664.0,5554.994320857754,2807.671264773439,3486.5630364669582,1208.28026847331,0.0,0.0,7
2023-06-04,55.0,0.0,90.0,6,4,0,0,125.0,40.0,110.0,355.0,170.0,475.0,110.0,170.0,185.0,0,0,0,0,0,0,1,40.0,70.0,40.0,120.0,20.0,140.0,78.33333333333333,190.0,243.92857142857144,178.33333333333334,197.9478045681065,209.12103958091424,184.29547288035909,189.89000931584104,0.0,0.0,8
2023-06-05,964.0,1434.0,377.0,6,5,0,0,879.0,366.0,981.0,960.0,691.0,743.0,1697.5,1905.5,953.5,1,0,0,0,0,0,0,682.0,176.0,366.0,690.0,1574.0,1199.0,579.0,700.0,737.5714285714286,703.2133333333334,318.0345893138044,390.2268082603469,715.6896063273598,693.0617623474652,0.0,0.0,0
2023-06-05,87.5,426.0,0.0,6,5,0,0,190.0,381.0,100.0,0.0,180.0,545.0,2220.0,3587.0,320.0,1,0,0,0,0,0,0,35.0,456.5,381.0,182.0,258.0,70.0,227.16666666666663,281.2142857142857,327.0,295.56666666666666,183.46931104475755,219.9347761203908,259.5832420437294,282.3994682216302,0.0,0.0,1
2023-06-05,205.0,11805.4,2988.25,6,5,0,0,0.0,545.0,108.0,406.0,1228.5,1801.0,5232.5,5109.25,5682.7,1,0,0,0,0,0,0,0.0,869.0,545.0,347.0,639.8,174.25,289.6666666666667,280.85714285714283,348.10714285714283,376.7416666666667,336.53067149539703,369.3165001130427,238.2165329420785,325.5879091856132,0.0,0.0,2
2023-06-05,0.0,0.0,0.0,6,5,0,0,0.0,0.0,0.0,0.0,0.0,0.0,0.0,0.0,0.0,1,0,0,0,0,0,0,0.0,0.0,0.0,0.0,0.0,0.0,0.0,0.0,0.0,0.0,0.0,0.0,0.0,0.0,0.0,0.0,3
2023-06-05,15237.0,3523.0,550.0,6,5,0,0,15315.0,16626.0,17194.0,875.0,1703.0,482.0,1165.0,5071.0,1551.5,1,0,0,0,0,0,0,16080.0,14185.0,16626.0,15209.0,16739.0,16255.0,15193.333333333334,15869.285714285714,16168.0,16232.7,1020.3616539060588,1055.1297403473852,15800.50796371256,16010.166418097986,0.0,0.0,4
2023-06-05,0.0,46.0,587.0,6,5,0,0,195.0,140.0,330.0,1013.0,30.0,506.0,458.5,190.0,220.0,1,0,0,0,0,0,0,223.0,340.0,140.0,0.0,0.0,515.0,252.66666666666663,128.28571428571428,88.28571428571429,96.43333333333334,134.01083822551368,130.5219451315358,152.17924261545534,109.19201503916088,0.0,0.0,5
2023-06-05,16.0,0.0,0.0,6,5,0,0,25.0,0.0,37.0,22.0,158.0,46.0,9.0,75.0,6.0,1,0,0,0,0,0,0,187.0,0.0,0.0,35.0,0.0,0.0,70.66666666666667,41.42857142857143,29.0,26.933333333333334,66.70046762169198,41.53347908684595,50.76817956010378,32.836909309314315,0.0,0.0,6
2023-06-05,0.0,15450.0,0.0,6,5,0,0,0.0,0.0,0.0,0.0,4250.0,0.0,8200.0,14450.0,87440.0,1,0,0,0,0,0,0,0.0,14620.0,0.0,0.0,0.0,0.0,4873.333333333333,2845.714285714286,1422.857142857143,664.0,5554.994320857754,2807.671264773439,2614.922277350219,1130.3267027653544,0.0,0.0,7
2023-06-05,105.0,0.0,295.0,6,5,0,0,55.0,105.0,105.0,90.0,160.0,195.0,0.0,40.0,280.0,1,0,0,0,0,0,0,125.0,40.0,105.0,0.0,0.0,40.0,73.33333333333333,192.14285714285717,239.28571428571428,176.5,196.1261741595857,209.9800893680982,151.97160466026932,181.18742806965776,0.0,0.0,8
2023-06-06,875.0,1905.0,632.0,6,6,0,0,964.0,915.0,702.5,377.0,796.0,108.0,1434.0,3977.5,3071.0,0,1,0,0,0,0,0,879.0,682.0,915.0,1289.0,322.9,244.0,841.6666666666666,785.4285714285714,757.1428571428571,702.6466666666668,292.6686733850286,389.8216442154676,777.7672047455198,710.5416486476288,0.0,0.0,0
2023-06-06,292.5,245.0,725.5,6,6,0,0,87.5,60.0,80.0,0.0,30.0,202.0,426.0,292.0,60.0,0,1,0,0,0,0,0,190.0,35.0,60.0,410.0,309.0,228.0,104.16666666666669,239.28571428571428,320.25,295.15,190.2752079539125,220.32953963207643,216.56243153279704,269.825308981525,0.0,0.0,1
2023-06-06,0.0,10927.4,1799.5,6,6,0,0,205.0,100.0,242.0,2988.25,1618.75,312.0,11805.4,7851.4,11943.3,0,1,0,0,0,0,0,0.0,0.0,100.0,449.0,701.0,0.0,68.33333333333333,232.28571428571428,337.9642857142857,379.975,315.96042172278175,367.3016764304522,229.9123997065589,317.80804407686395,0.0,0.0,2
2023-06-06,0.0,0.0,0.0,6,6,0,0,0.0,0.0,0.0,0.0,0.0,0.0,0.0,0.0,0.0,0,1,0,0,0,0,0,0.0,0.0,0.0,0.0,0.0,0.0,0.0,0.0,0.0,0.0,0.0,0.0,0.0,0.0,0.0,0.0,3
2023-06-06,14980.0,3048.0,1255.0,6,6,0,0,15237.0,16011.0,14995.0,550.0,1030.0,265.0,3523.0,1740.0,2059.0,0,1,0,0,0,0,0,15315.0,16080.0,16011.0,18165.0,15700.0,16239.0,15544.0,15670.857142857143,16170.0,16167.466666666667,983.0546659217256,1054.1432780105074,15659.63097278442,15960.284713704568,0.0,0.0,4
2023-06-06,0.0,48.0,130.0,6,6,0,0,0.0,0.0,85.0,587.0,362.0,811.0,46.0,250.0,47.0,0,1,0,0,0,0,0,195.0,223.0,0.0,170.0,0.0,210.0,139.33333333333334,108.28571428571428,88.28571428571429,85.43333333333334,142.16975098535602,123.89642040230969,114.1344319615915,102.14736890760211,0.0,0.0,5
2023-06-06,0.0,114.0,125.0,6,6,0,0,16.0,0.0,0.0,0.0,47.0,84.0,0.0,119.0,91.0,0,1,0,0,0,0,0,25.0,187.0,0.0,0.0,0.0,0.0,76.0,43.71428571428572,27.642857142857142,26.23333333333333,65.3036861790468,41.53493198155792,42.07613467007784,31.750657095810165,0.0,0.0,6
2023-06-06,0.0,14250.0,16030.0,6,6,0,0,0.0,0.0,0.0,0.0,0.0,20100.0,15450.0,18670.0,96220.0,0,1,0,0,0,0,0,0.0,0.0,0.0,0.0,0.0,0.0,0.0,2845.714285714286,1422.857142857143,664.0,5554.994320857754,2807.671264773439,1961.191708012664,1057.402399361138,0.0,0.0,7
2023-06-06,145.0,45.0,115.0,6,6,0,0,105.0,505.0,140.0,295.0,0.0,365.0,0.0,0.0,35.0,0,1,0,0,0,0,0,55.0,125.0,505.0,110.0,0.0,0.0,95.0,192.14285714285717,246.78571428571428,176.5,196.1261741595857,209.9800893680982,140.22870349520198,176.27211012967987,0.0,0.0,8
2023-06-07,406.0,3526.5,460.0,6,7,0,0,875.0,1055.0,1199.0,632.0,1110.0,316.0,1905.0,1914.0,3662.5,0,0,1,0,0,0,0,964.0,879.0,1055.0,276.0,1451.0,362.0,906.0,779.7142857142857,727.5714285714286,708.3966666666668,290.0963715076508,391.0895606779404,802.0754035591399,721.1518648639109,0.0,0.0,0
2023-06-07,347.0,588.0,880.5,6,7,0,0,292.5,463.0,70.0,725.5,328.0,96.0,245.0,100.0,125.0,0,0,1,0,0,0,0,87.5,190.0,463.0,681.0,351.0,586.0,190.0,272.5,311.85714285714283,302.2333333333333,173.29839391446544,216.5577383124152,235.5468236495978,271.2881922730395,0.0,0.0,1
2023-06-07,587.0,9163.4,2528.75,6,7,0,0,0.0,409.5,174.25,1799.5,2911.75,952.5,10927.4,11576.6,5575.3,0,0,1,0,0,0,0,205.0,0.0,409.5,355.0,265.0,652.0,68.33333333333333,218.0,305.8928571428572,371.90833333333336,325.0678134379553,373.0488037969935,172.43429977991917,297.30429929771145,0.0,0.0,2
2023-06-07,0.0,0.0,0.0,6,7,0,0,0.0,0.0,0.0,0.0,0.0,0.0,0.0,0.0,0.0,0,0,1,0,0,0,0,0.0,0.0,0.0,0.0,0.0,0.0,0.0,0.0,0.0,0.0,0.0,0.0,0.0,0.0,0.0,0.0,3
2023-06-07,14849.0,1018.0,491.0,6,7,0,0,14980.0,15478.0,16255.0,1255.0,1457.0,777.0,3048.0,3057.0,3297.0,0,0,1,0,0,0,0,15237.0,15315.0,15478.0,16616.0,15795.0,16080.0,15177.333333333334,15523.57142857143,15942.5,16166.966666666667,1000.6759144269848,1054.7219762223892,15489.723229588317,15897.040538626854,0.0,0.0,4
2023-06-07,0.0,433.0,40.0,6,7,0,0,0.0,0.0,515.0,130.0,510.0,52.0,48.0,80.0,163.0,0,0,1,0,0,0,0,0.0,195.0,0.0,0.0,0.0,0.0,65.0,108.28571428571428,76.14285714285714,82.6,142.16975098535602,124.87472343002104,85.60082397119362,95.5572160748536,0.0,0.0,5
2023-06-07,0.0,2500.0,0.0,6,7,0,0,0.0,0.0,0.0,16030.0,22070.0,3500.0,14250.0,3600.0,0.0,0,0,1,0,0,0,0,0.0,0.0,0.0,0.0,0.0,0.0,0.0,2845.714285714286,1422.857142857143,664.0,5554.994320857754,2807.671264773439,1470.893781009498,989.1828897249358,0.0,0.0,7
2023-06-07,220.0,0.0,45.0,6,7,0,0,145.0,445.0,40.0,115.0,105.0,0.0,45.0,0.0,140.0,0,0,1,0,0,0,0,105.0,55.0,445.0,605.0,125.0,245.0,101.66666666666669,140.71428571428572,249.28571428571428,176.66666666666666,139.41630020160744,209.9521018172271,141.42152762140148,174.25455463744245,0.0,0.0,8
2023-06-08,372.0,3886.5,677.0,6,8,0,0,406.0,827.0,244.0,460.0,236.5,899.0,3526.5,3296.0,3249.0,0,0,0,1,0,0,0,875.0,964.0,827.0,718.0,114.0,648.0,748.3333333333334,687.0,736.8571428571429,681.9633333333334,291.1597499655476,383.5123866033025,703.0565526693549,700.8194864855941,0.0,0.0,0
2023-06-08,221.0,834.5,335.0,6,8,0,0,347.0,383.0,228.0,880.5,539.0,467.0,588.0,337.0,90.0,0,0,0,1,0,0,0,292.5,87.5,383.0,456.0,326.0,1010.0,242.33333333333331,255.92857142857144,288.0,311.46666666666664,156.807586065276,212.1754695648332,263.41011773719833,276.1728250296176,0.0,0.0,1
2023-06-08,1059.0,13039.75,1872.5,6,8,0,0,587.0,42.5,0.0,2528.75,2888.25,682.25,9163.4,11265.4,13656.5,0,0,0,1,0,0,0,0.0,205.0,42.5,206.5,0.0,385.0,264.0,243.3571428571429,322.4642857142857,385.6666666666667,348.5690646875348,373.1189024993224,276.07572483493936,315.99434450431073,0.0,0.0,2
2023-06-08,0.0,0.0,0.0,6,8,0,0,0.0,0.0,0.0,0.0,0.0,0.0,0.0,0.0,0.0,0,0,0,1,0,0,0,0.0,0.0,0.0,0.0,0.0,0.0,0.0,0.0,0.0,0.0,0.0,0.0,0.0,0.0,0.0,0.0,3
2023-06-08,14617.0,1507.0,1140.0,6,8,0,0,14849.0,17390.0,16239.0,491.0,2145.0,2885.0,1018.0,4669.0,1060.0,0,0,0,1,0,0,0,14980.0,15237.0,17390.0,16128.0,15312.0,16293.0,15022.0,15433.714285714286,15816.285714285714,16120.1,1033.163703434859,1081.57144135681,15329.542422191236,15829.425020005769,0.0,0.0,4
2023-06-08,0.0,205.0,78.0,6,8,0,0,0.0,0.0,210.0,40.0,55.0,60.0,433.0,95.0,874.0,0,0,0,1,0,0,0,0.0,0.0,0.0,0.0,0.0,0.0,0.0,108.28571428571428,76.14285714285714,65.43333333333334,142.16975098535602,95.27263359771152,64.20061797839521,89.392234392605,0.0,0.0,5
2023-06-08,0.0,0.0,6.0,6,8,0,0,0.0,45.0,0.0,125.0,0.0,44.0,114.0,15.0,12.0,0,0,0,1,0,0,0,16.0,25.0,45.0,0.0,69.0,0.0,13.666666666666666,43.71428571428572,27.642857142857142,26.23333333333333,65.3036861790468,41.53493198155792,31.557101002558376,29.702227605757894,0.0,0.0,6
2023-06-08,0.0,9680.0,0.0,6,8,0,0,0.0,5300.0,0.0,0.0,0.0,0.0,2500.0,16400.0,7200.0,0,0,0,1,0,0,0,0.0,0.0,5300.0,0.0,0.0,0.0,0.0,2845.714285714286,1422.857142857143,664.0,5554.994320857754,2807.671264773439,1103.1703357571237,925.36463877494,0.0,0.0,7
2023-06-08,385.0,35.0,40.0,6,8,0,0,220.0,70.0,0.0,45.0,175.0,170.0,0.0,55.0,0.0,0,0,0,1,0,0,0,145.0,105.0,70.0,550.0,205.0,70.0,156.66666666666666,108.57142857142856,221.78571428571428,182.66666666666663,62.029179001652274,208.47861600973212,161.0661457160511,177.20587369309132,0.0,0.0,8
2023-06-09,773.0,2106.0,552.0,6,9,1,0,372.0,176.0,362.0,677.0,782.0,420.0,3886.5,2026.0,2664.5,0,0,0,0,1,0,0,406.0,875.0,176.0,928.0,746.0,812.0,551.0,622.0,712.1428571428571,686.23,305.1485976809772,379.1592342684463,620.2924145020162,679.6053260671687,0.0,0.0,0
2023-06-09,445.0,126.0,615.0,6,9,1,0,221.0,456.5,586.0,335.0,358.5,537.0,834.5,415.5,317.0,0,0,0,0,1,0,0,347.0,292.5,456.5,429.5,246.0,203.0,286.8333333333333,232.78571428571428,271.2142857142857,311.2333333333333,146.54659587279622,212.27425060817987,252.80758830289875,272.61328793093264,0.0,0.0,1
2023-06-09,692.0,10851.7,2217.5,6,9,1,0,1059.0,869.0,652.0,1872.5,1520.0,2875.5,13039.75,15405.15,13639.15,0,0,0,0,1,0,0,587.0,0.0,869.0,1231.0,787.0,1337.0,548.6666666666666,388.57142857142856,383.3571428571428,420.9666666666666,448.39003004930765,385.27061902649336,471.8067936262045,363.9301932459681,0.0,0.0,2
2023-06-09,0.0,0.0,0.0,6,9,1,0,0.0,0.0,0.0,0.0,0.0,0.0,0.0,0.0,0.0,0,0,0,0,1,0,0,0.0,0.0,0.0,0.0,0.0,0.0,0.0,0.0,0.0,0.0,0.0,0.0,0.0,0.0,0.0,0.0,3
2023-06-09,15211.0,18900.9,595.0,6,9,1,0,14617.0,14185.0,16080.0,1140.0,1625.0,1350.0,1507.0,14397.36,2693.0,0,0,0,0,1,0,0,14849.0,14980.0,14185.0,15740.0,15563.0,16108.0,14815.333333333334,15037.57142857143,15708.357142857143,16066.033333333333,598.0562563122911,1115.4337793396712,15151.406816643426,15751.204050973138,0.0,0.0,4
2023-06-09,0.0,684.0,142.0,6,9,1,0,0.0,340.0,0.0,78.0,10.0,24.0,205.0,533.9,701.7,0,0,0,0,1,0,0,0.0,0.0,340.0,0.0,238.0,18.0,0.0,108.28571428571428,76.14285714285714,58.43333333333333,142.16975098535602,91.94101682444436,48.150463483796415,83.62499346404985,0.0,0.0,5
2023-06-09,25.0,24.0,12.0,6,9,1,0,0.0,33.0,0.0,6.0,0.0,15.0,0.0,35.0,78.0,0,0,0,0,1,0,0,0.0,16.0,33.0,41.0,99.0,53.0,5.333333333333333,37.285714285714285,27.642857142857142,26.23333333333333,67.33922652192723,41.53493198155792,23.667825751918784,27.785954856999325,0.0,0.0,6
2023-06-09,0.0,14400.0,12220.0,6,9,1,0,0.0,14620.0,0.0,0.0,0.0,0.0,9680.0,6659.0,15350.0,0,0,0,0,1,0,0,0.0,0.0,14620.0,0.0,0.0,0.0,0.0,2088.5714285714284,1422.857142857143,664.0,5525.840595394902,2807.671264773439,827.3777518178427,865.6636943378471,0.0,0.0,7
2023-06-09,430.0,0.0,85.0,6,9,1,0,385.0,40.0,245.0,40.0,135.0,95.0,35.0,0.0,0.0,0,0,0,0,1,0,0,220.0,145.0,40.0,645.0,250.0,0.0,250.0,153.57142857142858,210.0,195.5,118.20583339082302,208.696075008942,217.04960928703832,190.6119463580532,0.0,0.0,8
2023-06-10,147.0,2300.0,471.0,6,10,1,0,773.0,682.0,648.0,552.0,598.0,626.0,2106.0,1797.0,2341.0,0,0,0,0,0,1,0,372.0,406.0,682.0,409.0,635.0,303.0,517.0,707.2857142857143,701.0714285714286,699.9300000000001,235.1111186125366,374.43581757459935,658.4693108765122,685.630788901545,0.0,0.0,0
2023-06-10,0.0,2716.5,467.0,6,10,1,0,445.0,35.0,1010.0,615.0,170.0,423.0,126.0,339.0,93.0,0,0,0,0,0,1,0,221.0,347.0,35.0,86.0,56.0,361.0,337.6666666666667,231.14285714285717,272.32142857142856,306.53333333333336,143.6566259887656,207.48780326984792,300.8556912271741,283.7350112902273,0.0,0.0,1
2023-06-10,105.0,17438.55,1024.0,6,10,1,0,692.0,0.0,385.0,2217.5,357.0,3276.5,10851.7,10215.7,11604.5,0,0,0,0,0,1,0,1059.0,587.0,0.0,319.0,60.0,75.0,779.3333333333334,363.2857142857143,344.85714285714283,422.3,420.9321854668573,386.1659184233172,526.8550952196533,385.0959872300992,0.0,0.0,2
2023-06-10,0.0,0.0,0.0,6,10,1,0,0.0,0.0,0.0,0.0,0.0,0.0,0.0,0.0,0.0,0,0,0,0,0,1,0,0.0,0.0,0.0,0.0,0.0,0.0,0.0,0.0,0.0,0.0,0.0,0.0,0.0,0.0,0.0,0.0,3
2023-06-10,15107.0,2960.0,4644.8,6,10,1,0,15211.0,16080.0,16293.0,595.0,9519.5,1120.0,18900.9,1093.0,1499.0,0,0,0,0,0,1,0,14617.0,14849.0,16080.0,15220.0,17144.0,18809.0,14892.333333333334,15184.142857142857,15670.57142857143,16037.066666666668,465.26781841981375,1126.289266859854,15166.305112482569,15716.352176716808,0.0,0.0,4
2023-06-10,0.0,326.0,118.0,6,10,1,0,0.0,223.0,0.0,142.0,420.0,373.0,684.0,701.0,1799.0,0,0,0,0,0,1,0,0.0,0.0,223.0,75.0,41.0,138.0,0.0,59.71428571428572,76.14285714285714,58.43333333333333,102.30137549696722,91.94101682444436,36.11284761284731,78.22983259540148,0.0,0.0,5
2023-06-10,160.0,0.0,25.0,6,10,1,0,25.0,0.0,0.0,12.0,0.0,41.0,24.0,95.0,15.0,0,0,0,0,0,1,0,0.0,0.0,0.0,25.0,100.0,6.0,8.333333333333334,36.142857142857146,26.5,27.066666666666663,67.49179844353576,41.2401991143169,24.000869313939088,27.606215833967116,0.0,0.0,6
2023-06-10,0.0,17950.0,0.0,6,10,1,0,0.0,0.0,0.0,12220.0,0.0,0.0,14400.0,24150.0,24600.0,0,0,0,0,0,1,0,0.0,0.0,0.0,0.0,0.0,0.0,0.0,0.0,1422.857142857143,664.0,0.0,2807.671264773439,620.5333138633821,809.8144237354054,0.0,0.0,7
2023-06-10,70.0,0.0,90.0,6,10,1,0,430.0,125.0,70.0,85.0,355.0,35.0,0.0,110.0,0.0,0,0,0,0,0,1,0,385.0,220.0,125.0,55.0,0.0,625.0,345.0,209.28571428571428,194.64285714285717,201.66666666666663,144.69590444067416,212.9000628971471,270.2872069652788,206.05633691559817,0.0,0.0,8
2023-06-11,473.0,2043.0,592.0,6,11,0,0,147.0,879.0,812.0,471.0,960.0,353.0,2300.0,1697.5,2505.0,0,0,0,0,0,0,1,773.0,372.0,879.0,1116.0,154.0,522.0,430.6666666666667,630.8571428571429,682.3571428571429,683.23,317.29451543291714,387.7668790874762,530.6019831573841,650.880415424026,0.0,0.0,0
2023-06-11,65.0,434.0,248.5,6,11,0,0,0.0,190.0,203.0,467.0,0.0,404.0,2716.5,2220.0,482.0,0,0,0,0,0,0,1,445.0,221.0,190.0,365.0,75.0,30.0,222.0,226.14285714285717,266.17857142857144,272.8666666666667,151.9886822227544,167.49456673294645,225.64176842038057,265.4295266908578,0.0,0.0,1
2023-06-11,0.0,7061.6,1392.0,6,11,0,0,105.0,0.0,1337.0,1024.0,406.0,2462.0,17438.55,5232.5,9345.9,0,0,0,0,0,0,1,692.0,1059.0,0.0,0.0,107.5,895.2,618.6666666666666,378.2857142857143,329.57142857142856,412.9666666666666,407.4848521870533,390.4583534093314,421.39132141474,367.0252783765444,0.0,0.0,2
2023-06-11,0.0,0.0,0.0,6,11,0,0,0.0,0.0,0.0,0.0,0.0,0.0,0.0,0.0,0.0,0,0,0,0,0,0,1,0.0,0.0,0.0,0.0,0.0,0.0,0.0,0.0,0.0,0.0,0.0,0.0,0.0,0.0,0.0,0.0,3
2023-06-11,15257.0,1645.0,500.0,6,11,0,0,15107.0,15315.0,16108.0,4644.8,875.0,278.0,2960.0,1165.0,10231.96,0,0,0,0,0,0,1,15211.0,14617.0,15315.0,18189.0,17443.0,14960.0,14978.333333333334,15045.142857142857,15662.5,15997.533333333333,247.3152027753188,1137.7523739231865,15151.478834361926,15677.03913305766,0.0,0.0,4
2023-06-11,96.0,91.75,40.0,6,11,0,0,0.0,195.0,18.0,118.0,1013.0,480.0,326.0,458.5,322.0,0,0,0,0,0,0,1,0.0,0.0,195.0,93.0,55.0,27.0,0.0,27.857142857142858,70.78571428571429,58.43333333333333,73.70307223679978,91.94101682444436,27.084635709635485,73.1827466215046,0.0,0.0,5
2023-06-11,0.0,64.0,47.0,6,11,0,0,160.0,187.0,53.0,25.0,12.0,0.0,0.0,12.0,74.0,0,0,0,0,0,0,1,25.0,0.0,187.0,0.0,6.0,0.0,61.66666666666666,59.0,36.142857142857146,32.4,79.27588956717335,47.491269615111065,58.00065198545431,36.14775029629182,0.0,0.0,6
2023-06-11,0.0,8420.0,0.0,6,11,0,0,0.0,0.0,0.0,0.0,0.0,0.0,17950.0,8200.0,40050.0,0,0,0,0,0,0,1,0.0,0.0,0.0,0.0,0.0,0.0,0.0,0.0,1422.857142857143,664.0,0.0,2807.671264773439,465.39998539753657,757.5683318815084,0.0,0.0,7
2023-06-11,35.0,0.0,70.0,6,11,0,0,70.0,55.0,0.0,90.0,90.0,35.0,0.0,0.0,125.0,0,0,0,0,0,0,1,430.0,385.0,55.0,40.0,120.0,20.0,295.0,201.42857142857144,195.7142857142857,201.66666666666663,151.3746534737096,212.9000628971471,220.21540522395907,197.27850872749508,0.0,0.0,8
2023-06-12,466.0,1706.0,295.0,6,12,0,0,473.0,964.0,303.0,592.0,377.0,619.0,2043.0,1434.0,2667.5,1,0,0,0,0,0,0,147.0,773.0,964.0,366.0,690.0,1574.0,464.3333333333333,572.8571428571429,636.4285714285714,671.9300000000001,301.06778227470585,388.8229657879508,516.2014873680381,639.4042595902179,0.0,0.0,0
2023-06-12,182.0,278.0,380.0,6,12,0,0,65.0,87.5,361.0,248.5,0.0,97.0,434.0,426.0,167.5,1,0,0,0,0,0,0,0.0,445.0,87.5,381.0,182.0,258.0,170.0,208.28571428571428,244.75,268.26666666666665,163.82507366671516,171.3305805047422,185.48132631528543,252.498589484996,0.0,0.0,1
2023-06-12,215.0,9076.25,1695.75,6,12,0,0,0.0,205.0,75.0,1392.0,2988.25,1542.45,7061.6,11805.4,8155.6,1,0,0,0,0,0,0,105.0,692.0,205.0,545.0,347.0,639.8,265.6666666666667,378.2857142857143,329.57142857142856,368.4,407.4848521870533,356.14760016522393,316.04349106105497,343.34622815870284,0.0,0.0,2
2023-06-12,0.0,0.0,0.0,6,12,0,0,0.0,0.0,0.0,0.0,0.0,0.0,0.0,0.0,0.0,1,0,0,0,0,0,0,0.0,0.0,0.0,0.0,0.0,0.0,0.0,0.0,0.0,0.0,0.0,0.0,0.0,0.0,0.0,0.0,3
2023-06-12,14587.0,2550.0,512.0,6,12,0,0,15257.0,15237.0,18809.0,500.0,550.0,825.0,1645.0,3523.0,1571.0,1,0,0,0,0,0,0,15107.0,15211.0,15237.0,16626.0,15209.0,16739.0,15191.666666666666,15036.857142857143,15453.07142857143,15969.166666666666,237.54608575417592,1145.48559446484,15177.859125771443,15649.939834150711,0.0,0.0,4
2023-06-12,0.0,556.0,305.0,6,12,0,0,96.0,0.0,138.0,40.0,587.0,600.0,91.75,46.0,369.0,1,0,0,0,0,0,0,0.0,0.0,0.0,140.0,0.0,0.0,32.0,13.714285714285714,71.0,61.03333333333333,36.28458940888684,91.86102071301458,44.313476782226616,74.65482748463334,0.0,0.0,5
2023-06-12,0.0,57.0,6.0,6,12,0,0,0.0,25.0,6.0,47.0,22.0,16.0,64.0,9.0,79.0,1,0,0,0,0,0,0,160.0,25.0,25.0,15.0,16.0,16.0,61.66666666666666,32.285714285714285,36.142857142857146,30.633333333333333,57.45930236760126,47.68393305154648,43.500488989090734,33.81563737395041,0.0,0.0,6
2023-06-12,115.0,0.0,220.0,6,12,0,0,35.0,105.0,625.0,70.0,295.0,335.0,0.0,0.0,190.0,1,0,0,0,0,0,0,70.0,430.0,105.0,105.0,0.0,0.0,178.33333333333334,198.57142857142856,195.3571428571429,202.83333333333331,154.750182706254,211.8501557840993,173.9115539179693,186.8089275192696,0.0,0.0,8
2023-06-13,702.0,997.0,595.0,6,13,0,0,466.0,875.0,522.0,295.0,632.0,630.9,1706.0,1905.0,2310.0,0,1,0,0,0,0,0,473.0,147.0,875.0,915.0,1289.0,322.9,362.0,501.7142857142857,643.5714285714286,677.3633333333333,247.26754355401815,384.6058371742501,503.65111552602855,628.2168880037523,0.0,0.0,0
2023-06-13,125.0,371.0,814.0,6,13,0,0,182.0,292.5,30.0,380.0,725.5,181.0,278.0,245.0,388.0,0,1,0,0,0,0,0,65.0,0.0,292.5,60.0,410.0,309.0,82.33333333333333,221.78571428571428,230.53571428571428,262.3,155.91553726907608,171.10647018137865,184.61099473646408,247.95029338918985,0.0,0.0,1
2023-06-13,248.0,8673.7,979.0,6,13,0,0,215.0,0.0,895.2,1695.75,1799.5,839.0,9076.25,10927.4,7485.55,0,1,0,0,0,0,0,0.0,105.0,0.0,100.0,449.0,701.0,106.66666666666669,379.7142857142857,306.0,373.06666666666666,406.7930326696506,353.07452308340606,290.7826182957912,335.0658263420124,0.0,0.0,2
2023-06-13,0.0,0.0,0.0,6,13,0,0,0.0,0.0,0.0,0.0,0.0,0.0,0.0,0.0,0.0,0,1,0,0,0,0,0,0.0,0.0,0.0,0.0,0.0,0.0,0.0,0.0,0.0,0.0,0.0,0.0,0.0,0.0,0.0,0.0,3
2023-06-13,11226.0,1240.0,855.0,6,13,0,0,14587.0,14980.0,14960.0,512.0,1255.0,1212.5,2550.0,3048.0,1323.0,0,1,0,0,0,0,0,15257.0,15107.0,14980.0,16011.0,18165.0,15700.0,14983.666666666666,14944.0,15307.42857142857,15828.433333333332,270.9630971183815,1038.957291722342,15030.144344328584,15581.36307065712,0.0,0.0,4
2023-06-13,0.0,245.0,381.0,6,13,0,0,0.0,0.0,27.0,305.0,130.0,244.0,556.0,48.0,1085.0,0,1,0,0,0,0,0,96.0,0.0,0.0,0.0,170.0,0.0,32.0,13.714285714285714,61.0,56.43333333333333,36.28458940888684,91.32763427139297,33.23510758666996,69.83838700175377,0.0,0.0,5
2023-06-13,180.0,0.0,35.0,6,13,0,0,115.0,145.0,20.0,220.0,115.0,395.0,0.0,45.0,0.0,0,1,0,0,0,0,0,35.0,70.0,145.0,505.0,110.0,0.0,73.33333333333333,200.0,196.07142857142856,185.83333333333331,153.7855649922968,196.72790299317472,159.18366543847696,182.17609348576832,0.0,0.0,8
2023-06-14,390.0,2069.5,770.0,6,14,0,0,702.0,406.0,1574.0,595.0,460.0,364.0,997.0,3526.5,2294.9,0,0,1,0,0,0,0,466.0,473.0,406.0,1055.0,276.0,1451.0,547.0,477.0,628.3571428571429,683.3633333333333,209.5009944288257,383.50098006738347,553.2383366445214,632.9770887777038,0.0,0.0,0
2023-06-14,150.0,258.0,357.0,6,14,0,0,125.0,347.0,258.0,814.0,880.5,191.0,371.0,588.0,367.0,0,0,1,0,0,0,0,182.0,65.0,347.0,463.0,681.0,351.0,124.0,197.8571428571429,235.17857142857144,265.46666666666664,156.10725860918856,167.50012523584266,169.70824605234804,240.0180163963389,0.0,0.0,1
2023-06-14,0.0,11450.9,1729.0,6,14,0,0,248.0,587.0,639.8,979.0,2528.75,1680.0,8673.7,9163.4,8010.45,0,0,1,0,0,0,0,215.0,0.0,587.0,409.5,355.0,265.0,154.33333333333334,415.1428571428572,316.57142857142856,351.4933333333333,377.99092959638966,339.5861141441743,280.0869637218434,329.44867625543094,0.0,0.0,2
2023-06-14,0.0,0.0,0.0,6,14,0,0,0.0,0.0,0.0,0.0,0.0,0.0,0.0,0.0,0.0,0,0,1,0,0,0,0,0.0,0.0,0.0,0.0,0.0,0.0,0.0,0.0,0.0,0.0,0.0,0.0,0.0,0.0,0.0,0.0,3
2023-06-14,12428.0,491.5,195.0,6,14,0,0,11226.0,14849.0,16739.0,855.0,491.0,994.0,1240.0,1018.0,2842.0,0,0,1,0,0,0,0,14587.0,15257.0,14849.0,15478.0,16616.0,15795.0,13690.0,14407.714285714286,14965.642857142857,15703.966666666667,1428.842038655269,1329.596684592061,14079.108258246437,15300.371904808277,0.0,0.0,4
2023-06-14,407.0,298.75,130.0,6,14,0,0,0.0,0.0,0.0,381.0,40.0,222.0,245.0,433.0,396.0,0,0,1,0,0,0,0,0.0,96.0,0.0,0.0,0.0,0.0,32.0,13.714285714285714,61.0,55.53333333333333,36.28458940888684,91.7597061795701,24.926330690002477,65.33268461454385,0.0,0.0,5
2023-06-14,6.0,84.0,0.0,6,14,0,0,0.0,16.0,0.0,6.0,0.0,16.0,57.0,0.0,52.0,0,0,1,0,0,0,0,0.0,160.0,16.0,0.0,35.0,0.0,53.333333333333336,28.714285714285715,35.07142857142857,30.433333333333334,58.7500759877928,47.80324857907298,32.62536674181805,31.63398334982458,0.0,0.0,6
2023-06-14,0.0,28100.0,0.0,6,14,0,0,0.0,0.0,0.0,0.0,0.0,0.0,8420.0,15450.0,46920.0,0,0,1,0,0,0,0,0.0,0.0,0.0,0.0,0.0,0.0,0.0,0.0,1422.857142857143,664.0,0.0,2807.671264773439,349.04998904815244,708.6929556310885,0.0,0.0,7
2023-06-14,280.0,0.0,140.0,6,14,0,0,180.0,220.0,0.0,35.0,45.0,0.0,0.0,0.0,320.0,0,0,1,0,0,0,0,115.0,35.0,220.0,445.0,605.0,125.0,110.0,205.0,172.85714285714286,191.16666666666663,152.26074127408313,194.23005970228712,164.38774907885772,182.03570035765424,0.0,0.0,8
2023-06-15,276.0,2869.0,754.0,6,15,0,0,390.0,372.0,322.9,770.0,677.0,616.0,2069.5,3886.5,4976.0,0,0,0,1,0,0,0,702.0,466.0,372.0,827.0,718.0,114.0,519.3333333333334,474.7142857142857,580.8571428571429,643.8966666666668,210.48967851632284,347.96040647071374,512.428752483391,617.301147566239,0.0,0.0,0
2023-06-15,214.0,810.0,517.0,6,15,0,0,150.0,221.0,309.0,357.0,335.0,540.5,258.0,834.5,1024.0,0,0,0,1,0,0,0,125.0,182.0,221.0,383.0,456.0,326.0,152.33333333333334,169.71428571428572,212.82142857142856,261.8666666666667,141.84465009969406,168.82152039099284,164.78118453926103,234.2104024352848,0.0,0.0,1
2023-06-15,370.0,11975.4,3845.75,6,15,0,0,0.0,1059.0,701.0,1729.0,1872.5,1929.25,11450.9,13039.75,10605.9,0,0,0,1,0,0,0,248.0,215.0,1059.0,42.5,206.5,0.0,154.33333333333334,331.2857142857143,287.32142857142856,330.1666666666667,398.0886477012016,340.9431728696686,210.06522279138252,308.19392294862894,0.0,0.0,2
2023-06-15,0.0,0.0,0.0,6,15,0,0,0.0,0.0,0.0,0.0,0.0,0.0,0.0,0.0,0.0,0,0,0,1,0,0,0,0.0,0.0,0.0,0.0,0.0,0.0,0.0,0.0,0.0,0.0,0.0,0.0,0.0,0.0,0.0,0.0,3
2023-06-15,11611.0,5149.0,485.0,6,15,0,0,12428.0,14617.0,15700.0,195.0,1140.0,485.0,491.5,1507.0,7537.0,0,0,0,1,0,0,0,11226.0,14587.0,14617.0,17390.0,16128.0,15312.0,12747.0,14061.857142857143,14747.785714285714,15560.266666666666,1588.3299855058804,1442.0790291925148,13666.331193684828,15115.057588369033,0.0,0.0,4
2023-06-15,401.0,120.0,412.5,6,15,0,0,407.0,0.0,0.0,130.0,78.0,375.0,298.75,205.0,1430.7,0,0,0,1,0,0,0,0.0,0.0,0.0,0.0,0.0,0.0,135.66666666666666,71.85714285714286,90.07142857142857,69.1,152.0530922314404,111.277642826866,120.44474801750184,87.37573722005715,0.0,0.0,5
2023-06-15,28.0,32.0,0.0,6,15,0,0,6.0,0.0,16.0,0.0,125.0,6.0,84.0,114.0,0.0,0,0,0,1,0,0,0,0.0,0.0,0.0,0.0,0.0,0.0,2.0,27.285714285714285,35.5,30.633333333333333,59.23038152196974,47.68393305154648,25.96902505636353,29.98017797241654,0.0,0.0,6
2023-06-15,0.0,22100.0,12970.0,6,15,0,0,0.0,0.0,0.0,0.0,16030.0,0.0,28100.0,14250.0,15725.0,0,0,0,1,0,0,0,0.0,0.0,0.0,0.0,0.0,0.0,0.0,0.0,1422.857142857143,664.0,0.0,2807.671264773439,261.78749178611434,662.9708294613408,0.0,0.0,7
2023-06-15,150.0,70.0,45.0,6,15,0,0,280.0,385.0,0.0,140.0,40.0,585.0,0.0,35.0,0.0,0,0,0,1,0,0,0,180.0,115.0,385.0,70.0,550.0,205.0,191.66666666666663,213.57142857142856,161.07142857142858,200.5,154.9116491669332,191.43446704398292,193.2908118091433,188.35597775393464,0.0,0.0,8
2023-06-16,761.0,1999.5,723.0,6,16,1,0,276.0,773.0,1451.0,754.0,552.0,472.0,2869.0,2106.0,2361.0,0,0,0,0,1,0,0,390.0,702.0,773.0,176.0,928.0,746.0,456.0,461.0,541.5,642.3333333333334,221.15454626422112,349.5540344331699,453.32156436254326,595.2817186909978,0.0,0.0,0
2023-06-16,342.0,30.0,273.0,6,16,1,0,214.0,445.0,351.0,517.0,615.0,1264.0,810.0,126.0,542.0,0,0,0,0,1,0,0,150.0,125.0,445.0,456.5,429.5,246.0,163.0,168.71428571428572,200.75,258.7,141.44694445352283,168.79791018480827,177.08588840444577,232.9065055039761,0.0,0.0,1
2023-06-16,410.0,7791.2,2207.0,6,16,1,0,370.0,692.0,265.0,3845.75,2217.5,687.75,11975.4,10851.7,12520.7,0,0,0,0,1,0,0,0.0,248.0,692.0,869.0,1231.0,787.0,206.0,232.8571428571429,310.7142857142857,319.1333333333333,243.2285814972057,333.8099018524055,250.0489170935369,312.1814117906529,0.0,0.0,2
2023-06-16,0.0,0.0,0.0,6,16,1,0,0.0,0.0,0.0,0.0,0.0,0.0,0.0,0.0,0.0,0,0,0,0,1,0,0,0.0,0.0,0.0,0.0,0.0,0.0,0.0,0.0,0.0,0.0,0.0,0.0,0.0,0.0,0.0,0.0,3
2023-06-16,11707.0,12925.0,165.0,6,16,1,0,11611.0,15211.0,15795.0,485.0,595.0,4530.0,5149.0,18900.9,2890.0,0,0,0,0,1,0,0,12428.0,11226.0,15211.0,14185.0,15740.0,15563.0,11755.0,13632.42857142857,14335.0,15423.966666666667,1804.827217689894,1611.68167652202,13152.49839526362,14888.989356861355,0.0,0.0,4
2023-06-16,511.0,23.0,284.0,6,16,1,0,401.0,0.0,0.0,412.5,142.0,219.0,120.0,684.0,648.0,0,0,0,0,1,0,0,407.0,0.0,0.0,340.0,0.0,238.0,269.3333333333333,129.14285714285714,118.71428571428572,82.46666666666667,191.01520757209244,125.82438043814793,190.5835610131264,107.60956062521475,0.0,0.0,5
2023-06-16,0.0,108.0,42.0,6,16,1,0,28.0,0.0,0.0,0.0,6.0,0.0,32.0,0.0,21.0,0,0,0,0,1,0,0,6.0,0.0,0.0,45.0,0.0,69.0,11.333333333333334,31.285714285714285,37.5,31.03333333333333,58.01354521636673,47.60721716753439,26.47676879227265,29.85242455484128,0.0,0.0,6
2023-06-16,0.0,10000.0,1850.0,6,16,1,0,0.0,0.0,0.0,12970.0,0.0,0.0,22100.0,2500.0,17200.0,0,0,0,0,1,0,0,0.0,0.0,0.0,0.0,0.0,0.0,0.0,0.0,1422.857142857143,664.0,0.0,2807.671264773439,196.34061883958577,620.1985178831899,0.0,0.0,7
2023-06-16,70.0,0.0,35.0,6,16,1,0,150.0,430.0,125.0,45.0,85.0,40.0,70.0,0.0,0.0,0,0,0,0,1,0,0,280.0,180.0,430.0,40.0,645.0,250.0,203.33333333333331,180.0,166.78571428571428,205.5,135.8614490329515,187.9441865059393,182.46810885685747,185.8813985440034,0.0,0.0,8
2023-06-17,518.0,2233.0,40.0,6,17,1,0,761.0,147.0,114.0,723.0,471.0,190.0,1999.5,2300.0,2945.5,0,0,0,0,0,1,0,276.0,390.0,147.0,682.0,409.0,635.0,475.6666666666667,459.2857142857143,583.2857142857143,619.3333333333334,218.36186654703465,315.55767092270287,530.2411732719074,605.9732207109334,0.0,0.0,0
2023-06-17,322.0,187.5,474.5,6,17,1,0,342.0,0.0,326.0,273.0,467.0,1114.0,30.0,2716.5,367.0,0,0,0,0,0,1,0,214.0,150.0,0.0,35.0,86.0,56.0,235.33333333333331,154.0,192.57142857142856,258.4,109.71326264403898,168.63613144159288,218.31441630333435,239.94479547146156,0.0,0.0,1
2023-06-17,0.0,10303.65,2819.5,6,17,1,0,410.0,105.0,0.0,2207.0,1024.0,1174.5,7791.2,17438.55,14779.3,0,0,0,0,0,1,0,370.0,0.0,105.0,0.0,319.0,60.0,260.0,192.57142857142856,277.92857142857144,323.96666666666664,165.41247145933616,334.0487248511998,290.0366878201527,318.4922884493204,0.0,0.0,2
2023-06-17,0.0,0.0,0.0,6,17,1,0,0.0,0.0,0.0,0.0,0.0,0.0,0.0,0.0,0.0,0,0,0,0,0,1,0,0.0,0.0,0.0,0.0,0.0,0.0,0.0,0.0,0.0,0.0,0.0,0.0,0.0,0.0,0.0,0.0,3
2023-06-17,11508.0,1962.0,8578.2,6,17,1,0,11707.0,15107.0,15312.0,165.0,4644.8,1415.0,12925.0,2960.0,2523.0,0,0,0,0,0,1,0,11611.0,12428.0,15107.0,16080.0,15220.0,17144.0,11915.333333333334,13131.857142857143,14158.0,15287.7,1779.7842967216825,1746.416373112642,12791.123796447717,14683.699720934816,0.0,0.0,4
2023-06-17,180.0,1225.0,416.0,6,17,1,0,511.0,0.0,0.0,284.0,118.0,631.0,23.0,326.0,761.0,0,0,0,0,0,1,0,401.0,407.0,0.0,223.0,75.0,41.0,439.6666666666667,202.14285714285717,130.92857142857142,99.5,227.57960407399477,147.06994582686616,270.6876707598448,133.6347502622977,0.0,0.0,5
2023-06-17,52.0,81.0,0.0,6,17,1,0,0.0,25.0,0.0,42.0,12.0,0.0,108.0,24.0,58.0,0,0,0,0,0,1,0,28.0,6.0,25.0,33.0,41.0,99.0,11.333333333333334,31.285714285714285,34.285714285714285,31.03333333333333,58.01354521636673,47.60721716753439,19.857576594204488,27.926461680335397,0.0,0.0,6
2023-06-17,0.0,25250.0,0.0,6,17,1,0,0.0,0.0,0.0,1850.0,0.0,0.0,10000.0,9680.0,42470.0,0,0,0,0,0,1,0,0.0,0.0,0.0,5300.0,0.0,0.0,0.0,0.0,1422.857142857143,664.0,0.0,2807.671264773439,147.25546412968933,580.1857102778229,0.0,0.0,7
2023-06-17,0.0,0.0,125.0,6,17,1,0,70.0,70.0,205.0,35.0,90.0,50.0,0.0,0.0,0.0,0,0,0,0,0,1,0,150.0,280.0,70.0,125.0,55.0,0.0,166.66666666666666,128.57142857142858,168.92857142857142,203.66666666666663,83.50220983674029,189.02167971504971,154.3510816426431,178.40517928309998,0.0,0.0,8
2023-06-18,160.0,2529.0,877.0,6,18,0,0,518.0,473.0,746.0,40.0,592.0,598.0,2233.0,2043.0,1102.5,0,0,0,0,0,0,1,761.0,276.0,473.0,879.0,1116.0,154.0,518.3333333333334,512.2857142857143,571.5714285714286,632.8,169.48619834243618,301.5585263718904,527.1808799539306,600.2975290521636,0.0,0.0,0
2023-06-18,207.0,215.0,852.5,6,18,0,0,322.0,65.0,246.0,474.5,248.5,666.0,187.5,434.0,464.0,0,0,0,0,0,0,1,342.0,214.0,65.0,190.0,365.0,75.0,292.6666666666667,200.0,213.07142857142856,258.26666666666665,101.58576015695584,168.5824127394594,244.23581222750076,245.23867963459307,0.0,0.0,1
2023-06-18,0.0,11674.15,846.0,6,18,0,0,0.0,0.0,787.0,2819.5,1392.0,3121.25,10303.65,7061.6,7897.15,0,0,0,0,0,0,1,410.0,370.0,0.0,0.0,0.0,107.5,260.0,177.57142857142858,277.92857142857144,323.96666666666664,178.88903184456476,334.0487248511998,217.5275158651145,297.94439887194494,0.0,0.0,2
2023-06-18,0.0,0.0,0.0,6,18,0,0,0.0,0.0,0.0,0.0,0.0,0.0,0.0,0.0,0.0,0,0,0,0,0,0,1,0.0,0.0,0.0,0.0,0.0,0.0,0.0,0.0,0.0,0.0,0.0,0.0,0.0,0.0,0.0,0.0,3
2023-06-18,11907.0,2172.5,1330.0,6,18,0,0,11508.0,15257.0,15563.0,8578.2,500.0,1405.0,1962.0,1645.0,9856.3,0,0,0,0,0,0,1,11707.0,11611.0,15257.0,15315.0,18189.0,17443.0,11608.666666666666,12617.714285714286,13831.42857142857,15160.9,1627.4271836537512,1877.7492827759445,12470.342847335784,14478.81586797128,0.0,0.0,4
2023-06-18,197.0,1575.0,427.0,6,18,0,0,180.0,96.0,238.0,416.0,40.0,434.0,1225.0,91.75,558.0,0,0,0,0,0,0,1,511.0,401.0,96.0,195.0,93.0,55.0,364.0,227.8571428571429,127.85714285714286,105.5,210.45777769062423,146.54144994411732,248.0157530698836,136.62605669698817,0.0,0.0,5
2023-06-18,0.0,41.0,32.0,6,18,0,0,52.0,160.0,69.0,0.0,25.0,16.0,81.0,0.0,118.0,0,0,0,0,0,0,1,0.0,28.0,160.0,0.0,25.0,100.0,26.666666666666668,35.142857142857146,35.642857142857146,32.766666666666666,58.42210931781611,47.38447536638056,27.89318244565337,29.479593184829888,0.0,0.0,6
2023-06-18,0.0,0.0,34745.0,6,18,0,0,0.0,0.0,0.0,0.0,12220.0,0.0,25250.0,14400.0,15550.0,0,0,0,0,0,0,1,0.0,0.0,0.0,14620.0,0.0,0.0,0.0,0.0,1044.2857142857142,664.0,0.0,2807.671264773439,110.441598097267,542.7543741308666,0.0,0.0,7
2023-06-18,45.0,0.0,35.0,6,18,0,0,0.0,35.0,250.0,125.0,70.0,50.0,0.0,0.0,0.0,0,0,0,0,0,0,1,70.0,150.0,35.0,55.0,40.0,120.0,73.33333333333333,118.57142857142856,160.0,196.83333333333331,95.07515823960364,192.64261771715925,115.76331123198231,166.89516771644838,0.0,0.0,8
2023-06-19,774.5,1401.5,259.5,6,19,0,0,160.0,466.0,635.0,877.0,295.0,750.0,2529.0,1706.0,1838.0,1,0,0,0,0,0,0,518.0,761.0,466.0,964.0,366.0,690.0,479.6666666666667,467.57142857142856,520.2142857142857,613.2666666666667,216.3791865705955,312.7446830588957,435.3856599654479,571.8912368552499,0.0,0.0,0
2023-06-19,502.0,283.5,652.0,6,19,0,0,207.0,182.0,56.0,852.5,380.0,105.0,215.0,278.0,0.0,1,0,0,0,0,0,0,322.0,342.0,182.0,87.5,381.0,182.0,290.3333333333333,220.28571428571428,214.28571428571428,256.96666666666664,82.52416673458741,168.83045634157875,234.9268591706256,242.77166804526448,0.0,0.0,1
2023-06-19,535.0,8558.45,1462.5,6,19,0,0,0.0,215.0,60.0,846.0,1695.75,1025.0,11674.15,9076.25,9793.35,1,0,0,0,0,0,0,0.0,410.0,215.0,205.0,545.0,347.0,136.66666666666666,177.57142857142858,277.92857142857144,297.7333333333333,178.88903184456476,327.26541304377486,163.14563689883587,278.722179589884,0.0,0.0,2
2023-06-19,0.0,0.0,0.0,6,19,0,0,0.0,0.0,0.0,0.0,0.0,0.0,0.0,0.0,0.0,1,0,0,0,0,0,0,0.0,0.0,0.0,0.0,0.0,0.0,0.0,0.0,0.0,0.0,0.0,0.0,0.0,0.0,0.0,0.0,3
2023-06-19,12650.0,1528.0,2734.0,6,19,0,0,11907.0,14587.0,17144.0,1330.0,512.0,3295.8,2172.5,2550.0,1415.0,1,0,0,0,0,0,0,11508.0,11707.0,14587.0,15237.0,16626.0,15209.0,11707.333333333334,12139.142857142857,13588.0,15039.033333333333,1142.1607342476266,1967.2575429338035,12329.50713550184,14312.892263586038,0.0,0.0,4
2023-06-19,128.0,1421.5,80.0,6,19,0,0,197.0,0.0,41.0,427.0,305.0,346.0,1575.0,556.0,963.0,1,0,0,0,0,0,0,180.0,511.0,0.0,0.0,140.0,0.0,296.0,242.28571428571428,128.0,104.13333333333334,203.2500219645042,145.4502482385086,235.2618148024127,140.52114981331152,0.0,0.0,5
2023-06-19,18.0,54.0,6.0,6,19,0,0,0.0,0.0,99.0,32.0,47.0,16.0,41.0,64.0,41.0,1,0,0,0,0,0,0,52.0,0.0,0.0,187.0,0.0,6.0,17.333333333333332,12.285714285714286,35.642857142857146,30.466666666666665,20.279006268505725,47.239473071700885,20.919886834240025,27.57768394709893,0.0,0.0,6
2023-06-19,0.0,8000.0,4590.0,6,19,0,0,0.0,0.0,0.0,34745.0,0.0,0.0,0.0,17950.0,12600.0,1,0,0,0,0,0,0,0.0,0.0,0.0,0.0,0.0,0.0,0.0,0.0,0.0,664.0,0.0,2807.671264773439,82.83119857295024,507.7379628966172,0.0,0.0,7
2023-06-19,50.0,0.0,35.0,6,19,0,0,45.0,115.0,0.0,35.0,220.0,580.0,0.0,0.0,40.0,1,0,0,0,0,0,0,0.0,70.0,115.0,105.0,105.0,0.0,38.333333333333336,120.0,159.28571428571428,190.0,93.67496997597576,194.32021209227364,98.07248342398674,159.03096334764527,0.0,0.0,8
2023-06-20,5.0,1322.4,498.0,6,20,0,0,774.5,702.0,154.0,259.5,595.0,303.0,1401.5,997.0,1268.0,0,1,0,0,0,0,0,160.0,518.0,702.0,875.0,915.0,1289.0,484.1666666666667,511.6428571428572,506.6785714285714,617.9166666666666,245.4677022688383,314.1130392657738,520.1642449740859,584.9627699613628,0.0,0.0,0
2023-06-20,524.0,919.0,347.0,6,20,0,0,502.0,125.0,75.0,652.0,814.0,311.0,283.5,371.0,551.0,0,1,0,0,0,0,0,207.0,322.0,125.0,292.5,60.0,410.0,343.6666666666667,266.0,243.89285714285717,271.8333333333333,131.73837709642507,170.1552198746036,301.6951443779692,259.49607655847325,0.0,0.0,1
2023-06-20,0.0,13094.35,2287.5,6,20,0,0,535.0,248.0,107.5,1462.5,979.0,1338.0,8558.45,8673.7,9067.4,0,1,0,0,0,0,0,0.0,0.0,248.0,0.0,100.0,449.0,178.33333333333334,223.28571428571428,301.5,313.56666666666666,224.9938623501496,326.8572590842858,256.10922767412694,295.25623251956887,0.0,0.0,2
2023-06-20,0.0,0.0,0.0,6,20,0,0,0.0,0.0,0.0,0.0,0.0,0.0,0.0,0.0,0.0,0,1,0,0,0,0,0,0.0,0.0,0.0,0.0,0.0,0.0,0.0,0.0,0.0,0.0,0.0,0.0,0.0,0.0,0.0,0.0,3
2023-06-20,11145.0,1525.0,1135.0,6,20,0,0,12650.0,11226.0,17443.0,2734.0,855.0,505.0,1528.0,1240.0,3394.66,0,1,0,0,0,0,0,11907.0,11508.0,11226.0,14980.0,16011.0,18165.0,12021.666666666666,11862.42857142857,13403.214285714286,14889.233333333334,509.92837965824367,1972.5387052421115,12409.63035162638,14205.608891741778,0.0,0.0,4
2023-06-20,233.0,360.0,65.0,6,20,0,0,128.0,0.0,55.0,80.0,381.0,119.5,1421.5,245.0,810.5,0,1,0,0,0,0,0,197.0,180.0,0.0,0.0,0.0,170.0,168.33333333333334,260.57142857142856,137.14285714285714,107.03333333333332,182.52018805496297,145.01473963926486,208.44636110180952,139.71333369632367,0.0,0.0,5
2023-06-20,44.0,112.0,0.0,6,20,0,0,18.0,0.0,100.0,6.0,6.0,0.0,54.0,57.0,114.0,0,1,0,0,0,0,0,0.0,52.0,0.0,25.0,15.0,16.0,23.33333333333333,14.857142857142858,23.571428571428573,27.766666666666666,19.59105724072907,45.46896124590498,20.189915125680017,26.95976885373771,0.0,0.0,6
2023-06-20,0.0,28080.0,5270.0,6,20,0,0,0.0,0.0,0.0,4590.0,0.0,11600.0,8000.0,8420.0,0.0,0,1,0,0,0,0,0,0.0,0.0,0.0,0.0,0.0,0.0,0.0,0.0,0.0,664.0,0.0,2807.671264773439,62.12339892971268,474.9806749678032,0.0,0.0,7
2023-06-20,0.0,0.0,260.0,6,20,0,0,50.0,180.0,120.0,35.0,35.0,80.0,0.0,0.0,0.0,0,1,0,0,0,0,0,45.0,0.0,180.0,145.0,505.0,110.0,31.666666666666668,110.71428571428572,155.35714285714286,191.66666666666663,97.40074312809284,192.8432154552668,86.05436256799005,151.9967076477972,0.0,0.0,8
2023-06-21,596.0,1214.5,849.0,6,21,0,0,5.0,390.0,690.0,498.0,770.0,739.0,1322.4,2069.5,1920.0,0,0,1,0,0,0,0,774.5,160.0,390.0,406.0,1055.0,276.0,313.1666666666667,412.07142857142856,444.5357142857143,612.95,292.2830290106137,322.7602491761893,391.3731837305645,547.5458170606298,0.0,0.0,0
2023-06-21,278.0,191.0,177.0,6,21,0,0,524.0,150.0,182.0,347.0,357.0,158.0,919.0,258.0,336.0,0,0,1,0,0,0,0,502.0,207.0,150.0,347.0,463.0,681.0,411.0,323.0,260.42857142857144,286.8,146.09928131240036,171.9819356993534,357.2713582834769,276.5608458127653,0.0,0.0,1
2023-06-21,755.0,13466.9,1500.5,6,21,0,0,0.0,0.0,347.0,2287.5,1729.0,1326.75,13094.35,11450.9,6965.2,0,0,1,0,0,0,0,535.0,0.0,0.0,587.0,409.5,355.0,178.33333333333334,187.8571428571429,301.5,309.9833333333333,239.51091037878876,329.7705441388135,192.0819207555952,276.207443324758,0.0,0.0,2
2023-06-21,0.0,0.0,0.0,6,21,0,0,0.0,0.0,0.0,0.0,0.0,0.0,0.0,0.0,0.0,0,0,1,0,0,0,0,0.0,0.0,0.0,0.0,0.0,0.0,0.0,0.0,0.0,0.0,0.0,0.0,0.0,0.0,0.0,0.0,3
2023-06-21,8753.0,3573.0,820.0,6,21,0,0,11145.0,12428.0,15209.0,1135.0,195.0,565.0,1525.0,491.5,2458.0,0,0,1,0,0,0,0,12650.0,11907.0,12428.0,14849.0,15478.0,16616.0,11900.666666666666,11850.857142857143,13129.285714285714,14679.3,527.3972028023461,2025.7970615248776,12093.472763719785,14008.15025356489,0.0,0.0,4
2023-06-21,223.5,314.5,0.0,6,21,0,0,233.0,407.0,0.0,65.0,130.0,40.0,360.0,298.75,45.0,0,0,1,0,0,0,0,128.0,197.0,407.0,0.0,0.0,0.0,186.0,293.85714285714283,153.78571428571428,112.96666666666668,144.33113382245767,146.44676173609508,214.58477082635716,145.73182829656085,0.0,0.0,5
2023-06-21,0.0,33500.0,5100.0,6,21,0,0,0.0,0.0,0.0,5270.0,0.0,0.0,28080.0,28100.0,27700.0,0,0,1,0,0,0,0,0.0,0.0,0.0,0.0,0.0,0.0,0.0,0.0,0.0,664.0,0.0,2807.671264773439,46.59254919728451,444.3367604537514,0.0,0.0,7
2023-06-21,20.0,0.0,60.0,6,21,0,0,0.0,280.0,0.0,260.0,140.0,255.0,0.0,0.0,130.0,0,0,1,0,0,0,0,50.0,45.0,280.0,220.0,445.0,605.0,31.666666666666668,85.0,145.0,187.66666666666663,99.79144919948452,195.605749392502,64.54077192599254,142.1904684447135,0.0,0.0,8
2023-06-22,468.9,1695.5,1073.0,6,22,0,0,596.0,276.0,1289.0,849.0,754.0,183.0,1214.5,2869.0,2431.0,0,0,0,1,0,0,0,5.0,774.5,276.0,372.0,827.0,718.0,458.5,441.5,458.1071428571428,609.8166666666667,299.960136240357,322.442576639446,442.5298877979233,550.6718933792989,0.0,0.0,0
2023-06-22,150.0,27.0,300.0,6,22,0,0,278.0,214.0,410.0,177.0,517.0,851.5,191.0,810.0,663.0,0,0,0,1,0,0,0,524.0,502.0,214.0,221.0,383.0,456.0,434.6666666666667,341.2857142857143,255.5,290.0,127.68804993122104,170.85414227063524,337.45351871260766,276.65369447000626,0.0,0.0,1
2023-06-22,0.0,11874.2,3500.0,6,22,0,0,755.0,370.0,449.0,1500.5,3845.75,864.0,13466.9,11975.4,10548.85,0,0,0,1,0,0,0,0.0,535.0,370.0,1059.0,42.5,206.5,430.0,295.7142857142857,313.5,323.5833333333333,302.5231199350524,339.6159363095352,332.81144056669643,307.09728569090265,0.0,0.0,2
2023-06-22,0.0,0.0,0.0,6,22,0,0,0.0,0.0,0.0,0.0,0.0,0.0,0.0,0.0,0.0,0,0,0,1,0,0,0,0.0,0.0,0.0,0.0,0.0,0.0,0.0,0.0,0.0,0.0,0.0,0.0,0.0,0.0,0.0,0.0,3
2023-06-22,10406.0,3840.5,2075.0,6,22,0,0,8753.0,11611.0,18165.0,820.0,485.0,3516.5,3573.0,5149.0,5856.0,0,0,0,1,0,0,0,11145.0,12650.0,11611.0,14617.0,17390.0,16128.0,10849.333333333334,11325.857142857143,12693.857142857143,14464.1,1224.9582888913935,2292.889132919895,11258.354572789838,13669.108301721995,0.0,0.0,4
2023-06-22,16.0,842.75,330.0,6,22,0,0,223.5,401.0,170.0,0.0,412.5,383.0,314.5,120.0,648.0,0,0,0,1,0,0,0,233.0,128.0,401.0,0.0,0.0,0.0,194.83333333333331,267.6428571428572,169.75,120.41666666666669,136.82553193931383,146.18647063050122,216.81357811976784,150.74912969678272,0.0,0.0,5
2023-06-22,32.0,10.0,38.0,6,22,0,0,44.0,6.0,6.0,0.0,0.0,35.0,112.0,84.0,79.0,0,0,0,1,0,0,0,18.0,0.0,6.0,16.0,0.0,35.0,20.666666666666668,21.142857142857142,24.928571428571427,25.9,21.03511802857758,43.50850095294496,26.142436344260013,28.059138605109474,0.0,0.0,6
2023-06-22,5600.0,33740.0,0.0,6,22,0,0,0.0,0.0,0.0,5100.0,12970.0,0.0,33500.0,22100.0,3500.0,0,0,0,1,0,0,0,0.0,0.0,0.0,0.0,0.0,0.0,0.0,0.0,0.0,664.0,0.0,2807.671264773439,34.944411897963384,415.66987268254167,0.0,0.0,7
2023-06-22,55.0,70.0,20.0,6,22,0,0,20.0,150.0,110.0,60.0,45.0,85.0,0.0,70.0,65.0,0,0,0,1,0,0,0,0.0,50.0,150.0,385.0,70.0,550.0,23.33333333333333,47.85714285714285,130.71428571428572,188.33333333333331,52.11023114970958,194.97715751857444,53.40557894449441,134.3072124160223,0.0,0.0,8
2023-06-23,530.0,1375.5,919.0,6,23,1,0,468.9,761.0,276.0,1073.0,723.0,641.0,1695.5,1999.5,2028.0,0,0,0,0,1,0,0,596.0,5.0,761.0,773.0,176.0,928.0,356.6333333333334,469.0571428571429,465.0285714285714,582.4799999999999,290.9470848633414,296.6046915247341,449.1224158484425,545.396287354828,0.0,0.0,0
2023-06-23,140.0,280.0,810.0,6,23,1,0,150.0,342.0,681.0,300.0,273.0,92.0,27.0,30.0,575.0,0,0,0,0,1,0,0,278.0,524.0,342.0,445.0,456.5,429.5,317.3333333333333,332.1428571428572,250.42857142857144,281.3333333333333,140.01717581714547,171.1512405051064,290.5901390344558,268.4824883751672,0.0,0.0,1
2023-06-23,950.0,10466.4,1325.0,6,23,1,0,0.0,410.0,355.0,3500.0,2207.0,3313.0,11874.2,7791.2,11244.1,0,0,0,0,1,0,0,755.0,0.0,410.0,692.0,869.0,1231.0,251.66666666666663,242.8571428571429,237.8571428571429,308.6166666666667,319.2420338716006,343.7665277113416,249.60858042502232,287.2845575818122,0.0,0.0,2
2023-06-23,0.0,0.0,0.0,6,23,1,0,0.0,0.0,0.0,0.0,0.0,0.0,0.0,0.0,0.0,0,0,0,0,1,0,0,0.0,0.0,0.0,0.0,0.0,0.0,0.0,0.0,0.0,0.0,0.0,0.0,0.0,0.0,0.0,0.0,3
2023-06-23,15213.0,9915.32,620.0,6,23,1,0,10406.0,11707.0,16616.0,2075.0,165.0,1470.0,3840.5,12925.0,4050.0,0,0,0,0,1,0,0,8753.0,11145.0,11707.0,15211.0,14185.0,15740.0,10101.333333333334,11153.714285714286,12393.07142857143,14205.466666666667,1262.3084295957503,2298.632693031088,11045.26592959238,13458.585185481868,0.0,0.0,4
2023-06-23,78.0,943.0,70.0,6,23,1,0,16.0,511.0,0.0,330.0,284.0,275.0,842.75,23.0,145.0,0,0,0,0,1,0,0,223.5,233.0,511.0,0.0,340.0,0.0,157.5,212.64285714285717,170.89285714285714,115.28333333333332,150.93727016151288,147.08639751293603,166.61018358982588,142.0556374582806,0.0,0.0,5
2023-06-23,76.0,93.0,18.0,6,23,1,0,32.0,28.0,16.0,38.0,0.0,6.0,10.0,32.0,41.0,0,0,0,0,1,0,0,44.0,18.0,28.0,0.0,0.0,0.0,31.33333333333333,24.857142857142858,26.071428571428573,26.766666666666666,20.194294337993654,43.357124326747694,27.60682725819501,28.31338772736048,0.0,0.0,6
2023-06-23,0.0,15800.0,0.0,6,23,1,0,5600.0,0.0,0.0,0.0,1850.0,0.0,33740.0,10000.0,7235.0,0,0,0,0,1,0,0,0.0,0.0,0.0,0.0,0.0,0.0,1866.6666666666667,800.0,400.0,850.6666666666666,2116.601048851672,2944.810670494365,1426.2083089234725,750.1427841223776,0.0,0.0,7
2023-06-23,140.0,115.0,230.0,6,23,1,0,55.0,70.0,605.0,20.0,35.0,0.0,70.0,0.0,75.0,0,0,0,0,1,0,0,20.0,0.0,70.0,430.0,40.0,645.0,25.0,34.285714285714285,107.14285714285714,186.5,27.753163697821343,195.99502984549875,53.804184208370806,129.19061806660153,0.0,0.0,8
2023-06-24,995.0,1596.0,949.0,6,24,1,0,530.0,518.0,718.0,919.0,40.0,575.0,1375.5,2233.0,2135.0,0,0,0,0,0,1,0,468.9,596.0,518.0,147.0,682.0,409.0,531.6333333333333,436.0571428571429,447.6714285714285,590.9466666666666,264.1847955323629,291.1291676041496,469.3418118863319,544.4029784932262,0.0,0.0,0
2023-06-24,0.0,490.0,195.0,6,24,1,0,140.0,322.0,456.0,810.0,474.5,507.0,280.0,187.5,598.0,0,0,0,0,0,1,0,150.0,278.0,322.0,0.0,35.0,86.0,189.33333333333331,303.2857142857143,228.64285714285717,263.3,157.38563497104172,155.36112547978277,252.94260427584183,260.1932955767693,0.0,0.0,1
2023-06-24,80.0,9948.25,1301.75,6,24,1,0,950.0,0.0,206.5,1325.0,2819.5,2187.5,10466.4,10303.65,9815.25,0,0,0,0,0,1,0,0.0,755.0,0.0,105.0,0.0,319.0,568.3333333333334,320.0,256.2857142857143,328.45,416.7233294805239,363.1522752234935,424.7064353187668,330.04039257653403,0.0,0.0,2
2023-06-24,0.0,0.0,0.0,6,24,1,0,0.0,0.0,0.0,0.0,0.0,0.0,0.0,0.0,0.0,0,0,0,0,0,1,0,0.0,0.0,0.0,0.0,0.0,0.0,0.0,0.0,0.0,0.0,0.0,0.0,0.0,0.0,0.0,0.0,3
2023-06-24,12232.0,1786.0,5594.2,6,24,1,0,15213.0,11508.0,16128.0,620.0,8578.2,2580.0,9915.32,1962.0,3359.0,0,0,0,0,0,1,0,10406.0,8753.0,11508.0,15107.0,16080.0,15220.0,11457.333333333334,11654.57142857143,12393.214285714286,14158.7,1999.008325574011,2261.876656748753,12087.199447194283,13571.773238031426,0.0,0.0,4
2023-06-24,0.0,478.0,258.0,6,24,1,0,78.0,180.0,0.0,70.0,416.0,396.5,943.0,1225.0,207.0,0,0,0,0,0,1,0,16.0,223.5,180.0,0.0,223.0,75.0,105.83333333333331,150.78571428571428,176.46428571428572,117.88333333333334,80.64317347780559,145.66078231887684,144.45763769236942,137.92301568677863,0.0,0.0,5
2023-06-24,81.0,87.0,25.0,6,24,1,0,76.0,0.0,35.0,18.0,42.0,43.0,93.0,108.0,43.0,0,0,0,0,0,1,0,32.0,44.0,0.0,0.0,45.0,0.0,50.66666666666666,31.714285714285715,31.5,28.766666666666666,28.05776354662099,44.21864432280942,39.70512044364626,31.38994335785335,0.0,0.0,6
2023-06-24,0.0,36680.0,8500.0,6,24,1,0,0.0,0.0,0.0,0.0,0.0,16990.0,15800.0,25250.0,20000.0,0,0,0,0,0,1,0,5600.0,0.0,0.0,0.0,5300.0,0.0,1866.6666666666667,800.0,400.0,850.6666666666666,2116.601048851672,2944.810670494365,1069.6562316926045,701.746475469321,0.0,0.0,7
2023-06-24,0.0,0.0,575.0,6,24,1,0,140.0,0.0,550.0,230.0,125.0,405.0,115.0,0.0,0.0,0,0,0,0,0,1,0,55.0,20.0,0.0,70.0,125.0,55.0,71.66666666666667,44.285714285714285,86.42857142857143,171.0,47.99553550666354,179.4455060879832,75.3531381562781,129.88799754617563,0.0,0.0,8
2023-06-25,1066.0,2123.0,565.0,6,25,0,0,995.0,160.0,928.0,949.0,877.0,40.0,1596.0,2529.0,1703.0,0,0,0,0,0,0,1,530.0,468.9,160.0,473.0,879.0,1116.0,664.6333333333333,504.2,508.24285714285713,600.18,339.59779642002025,299.56799285776094,600.756358914749,573.4737540743084,0.0,0.0,0
2023-06-25,65.0,1514.0,132.0,6,25,0,0,0.0,207.0,429.5,195.0,852.5,1034.0,490.0,215.0,87.5,0,0,0,0,0,0,1,140.0,150.0,207.0,65.0,190.0,365.0,96.66666666666669,257.2857142857143,228.64285714285717,248.1,193.8390348422405,158.1398006566472,189.70695320688137,243.40663134601,0.0,0.0,1
2023-06-25,132.75,6145.75,595.5,6,25,0,0,80.0,0.0,1231.0,1301.75,846.0,1989.0,9948.25,11674.15,11196.65,0,0,0,0,0,0,1,950.0,0.0,0.0,0.0,0.0,0.0,343.3333333333333,331.42857142857144,254.5,324.2333333333333,407.4791843938604,365.3448945230013,338.52982648907505,313.90875434579,0.0,0.0,2
2023-06-25,0.0,0.0,0.0,6,25,0,0,0.0,0.0,0.0,0.0,0.0,0.0,0.0,0.0,0.0,0,0,0,0,0,0,1,0.0,0.0,0.0,0.0,0.0,0.0,0.0,0.0,0.0,0.0,0.0,0.0,0.0,0.0,0.0,0.0,3
2023-06-25,13305.0,3666.0,6070.0,6,25,0,0,12232.0,11907.0,15740.0,5594.2,1330.0,2920.0,1786.0,2172.5,12641.14,0,0,0,0,0,0,1,15213.0,10406.0,11907.0,15257.0,15315.0,18189.0,12617.0,11758.0,12187.857142857143,14028.833333333334,2008.8663469728208,2256.748990416794,12123.399585395711,13485.336254932628,0.0,0.0,4
2023-06-25,0.0,112.0,237.0,6,25,0,0,0.0,197.0,0.0,258.0,427.0,254.0,478.0,1575.0,726.7,0,0,0,0,0,0,1,78.0,16.0,197.0,96.0,195.0,93.0,31.33333333333333,125.07142857142856,176.46428571428572,117.88333333333334,96.84542175180889,145.66078231887684,108.34322826927706,129.0247566102123,0.0,0.0,5
2023-06-25,0.0,0.0,73.0,6,25,0,0,81.0,52.0,0.0,25.0,0.0,64.0,87.0,81.0,243.0,0,0,0,0,0,0,1,76.0,32.0,52.0,25.0,33.0,41.0,63.0,43.285714285714285,37.285714285714285,30.3,29.46588018773737,45.22827159779752,50.028840332734696,34.59059217347571,0.0,0.0,6
2023-06-25,0.0,0.0,1850.0,6,25,0,0,0.0,0.0,0.0,8500.0,34745.0,0.0,36680.0,0.0,11300.0,0,0,0,0,0,0,1,0.0,5600.0,0.0,0.0,14620.0,0.0,1866.6666666666667,800.0,400.0,850.6666666666666,2116.601048851672,2944.810670494365,802.2421737694532,656.47250931001,0.0,0.0,7
2023-06-25,105.0,0.0,470.0,6,25,0,0,0.0,45.0,645.0,575.0,35.0,70.0,0.0,0.0,0.0,0,0,0,0,0,0,1,140.0,55.0,45.0,35.0,55.0,40.0,65.0,44.285714285714285,81.42857142857143,152.66666666666666,47.995535506663536,167.0573581723961,56.51485361720858,121.50812673674494,0.0,0.0,8
2023-06-26,716.0,3030.7,1049.0,6,26,0,0,1066.0,774.5,409.0,565.0,259.5,287.5,2123.0,1401.5,1189.0,1,0,0,0,0,0,0,995.0,530.0,774.5,466.0,964.0,366.0,863.6666666666666,633.6285714285714,550.6,604.78,358.6649537487867,305.77070561744966,717.0672691860617,605.249640908224,0.0,0.0,0
2023-06-26,91.0,326.0,190.0,6,26,0,0,65.0,502.0,86.0,132.0,652.0,633.5,1514.0,283.5,203.0,1,0,0,0,0,0,0,0.0,140.0,502.0,182.0,87.5,381.0,68.33333333333333,237.0,228.64285714285717,235.95,206.96457023687225,157.7239704739547,158.53021490516102,231.89652609788035,0.0,0.0,1
2023-06-26,845.0,6024.05,1511.5,6,26,0,0,132.75,535.0,319.0,595.5,1462.5,3410.5,6145.75,8558.45,7775.95,1,0,0,0,0,0,0,80.0,950.0,535.0,215.0,205.0,545.0,387.5833333333333,350.3928571428572,263.98214285714283,287.625,392.2895363849804,324.0404851116281,287.0848698668063,302.22109277509384,0.0,0.0,2
2023-06-26,0.0,0.0,0.0,6,26,0,0,0.0,0.0,0.0,0.0,0.0,0.0,0.0,0.0,0.0,1,0,0,0,0,0,0,0.0,0.0,0.0,0.0,0.0,0.0,0.0,0.0,0.0,0.0,0.0,0.0,0.0,0.0,0.0,0.0,3
2023-06-26,12306.0,3203.0,1907.0,6,26,0,0,13305.0,12650.0,15220.0,6070.0,2734.0,2634.5,3666.0,1528.0,2929.0,1,0,0,0,0,0,0,12232.0,15213.0,12650.0,14587.0,15237.0,16626.0,13583.333333333334,11957.714285714286,12048.42857142857,13947.666666666666,2093.843014991454,2236.783147865436,12418.799689046784,13473.7016578402,0.0,0.0,4
2023-06-26,32.0,657.0,301.0,6,26,0,0,0.0,128.0,75.0,237.0,80.0,240.5,112.0,1421.5,111.0,1,0,0,0,0,0,0,0.0,78.0,128.0,0.0,0.0,140.0,26.0,96.92857142857144,169.60714285714286,117.88333333333334,100.99440107064883,145.66078231887684,81.2574212019578,120.70057876439216,0.0,0.0,5
2023-06-26,53.0,96.0,62.0,6,26,0,0,0.0,0.0,0.0,73.0,32.0,0.0,0.0,41.0,66.0,1,0,0,0,0,0,0,81.0,76.0,0.0,160.0,0.0,25.0,52.333333333333336,35.857142857142854,35.5,30.3,33.218612109421265,45.22827159779752,37.52163024955102,32.35894106550954,0.0,0.0,6
2023-06-26,0.0,2775.0,0.0,6,26,0,0,0.0,0.0,0.0,1850.0,4590.0,29640.0,0.0,8000.0,0.0,1,0,0,0,0,0,0,0.0,0.0,0.0,0.0,0.0,0.0,0.0,800.0,400.0,850.6666666666666,2116.601048851672,2944.810670494365,601.6816303270899,614.1194441932352,0.0,0.0,7
2023-06-26,210.0,160.0,300.0,6,26,0,0,105.0,50.0,55.0,470.0,35.0,0.0,0.0,0.0,585.0,1,0,0,0,0,0,0,0.0,140.0,50.0,115.0,105.0,105.0,81.66666666666667,52.85714285714285,86.42857142857143,134.66666666666666,53.217880990723664,138.89920268218654,68.63614021290644,120.44308630211624,0.0,0.0,8
2023-06-27,812.0,1130.0,499.0,6,27,0,0,716.0,5.0,1116.0,1049.0,498.0,187.0,3030.7,1322.4,1198.0,0,1,0,0,0,0,0,1066.0,995.0,5.0,702.0,875.0,915.0,925.6666666666666,625.2714285714285,568.4571428571428,615.0133333333332,355.50309288052506,304.125340237726,716.8004518895463,612.394825365758,0.0,0.0,0
2023-06-27,76.0,177.0,623.0,6,27,0,0,91.0,524.0,365.0,190.0,347.0,420.0,326.0,919.0,523.0,0,1,0,0,0,0,0,65.0,0.0,524.0,125.0,292.5,60.0,52.0,178.28571428571428,222.14285714285717,236.11666666666667,175.10255498394255,157.56261389952422,141.64766117887075,222.80642763995257,0.0,0.0,1
2023-06-27,229.0,5940.55,4513.75,6,27,0,0,845.0,0.0,0.0,1511.5,2287.5,1498.0,6024.05,13094.35,5709.25,0,1,0,0,0,0,0,132.75,80.0,0.0,248.0,0.0,100.0,352.5833333333333,394.6785714285714,308.98214285714283,305.15833333333336,432.083005005156,339.65118062083394,426.56365240010473,337.2390867896039,0.0,0.0,2
2023-06-27,0.0,0.0,0.0,6,27,0,0,0.0,0.0,0.0,0.0,0.0,0.0,0.0,0.0,0.0,0,1,0,0,0,0,0,0.0,0.0,0.0,0.0,0.0,0.0,0.0,0.0,0.0,0.0,0.0,0.0,0.0,0.0,0.0,0.0,3
2023-06-27,8285.0,3147.0,0.0,6,27,0,0,12306.0,11145.0,18189.0,1907.0,1135.0,975.0,3203.0,1525.0,1555.0,0,1,0,0,0,0,0,13305.0,12232.0,11145.0,11226.0,14980.0,16011.0,12614.333333333334,11908.57142857143,11885.5,13850.533333333333,2078.870274703919,2242.888819685756,12390.599766785088,13398.3660670118,0.0,0.0,4
2023-06-27,160.0,902.0,454.0,6,27,0,0,32.0,233.0,93.0,301.0,65.0,471.0,657.0,360.0,748.0,0,1,0,0,0,0,0,0.0,0.0,233.0,0.0,0.0,0.0,10.666666666666666,83.21428571428571,171.89285714285714,116.45,102.5775548641358,146.307443773201,68.94306590146834,114.97796077959268,0.0,0.0,5
2023-06-27,32.0,48.0,130.0,6,27,0,0,53.0,18.0,41.0,62.0,6.0,45.0,96.0,54.0,0.0,0,1,0,0,0,0,0,0.0,81.0,18.0,0.0,187.0,0.0,44.66666666666666,43.42857142857143,27.857142857142858,32.06666666666667,29.51754925947804,45.03862965188372,41.391222687163264,33.690622287089575,0.0,0.0,6
2023-06-27,0.0,220.0,20.0,6,27,0,0,210.0,0.0,40.0,300.0,260.0,170.0,160.0,0.0,170.0,0,1,0,0,0,0,0,105.0,0.0,0.0,180.0,145.0,505.0,105.0,75.71428571428571,93.21428571428572,139.83333333333334,79.60467801520667,138.71630273215249,103.97710515967984,126.22095170197971,0.0,0.0,8
2023-06-28,1648.0,2160.0,921.0,6,28,0,1,812.0,596.0,366.0,499.0,849.0,691.0,1130.0,1214.5,1905.5,0,0,1,0,0,0,0,716.0,1066.0,596.0,390.0,406.0,1055.0,864.6666666666666,740.5571428571428,576.3142857142857,604.8799999999999,229.2705960006132,291.66643843669226,740.6003389171597,625.2725785679672,0.0,0.0,0
2023-06-28,0.0,366.0,76.0,6,28,0,1,76.0,278.0,381.0,623.0,177.0,180.0,177.0,191.0,3587.0,0,0,1,0,0,0,0,91.0,65.0,278.0,150.0,347.0,463.0,77.33333333333333,114.28571428571428,218.64285714285717,226.4833333333333,87.78518152420686,158.24421781305102,125.23574588415306,213.3350452115685,0.0,0.0,1
2023-06-28,75.0,6967.75,2683.5,6,28,0,1,229.0,755.0,545.0,4513.75,1500.5,1228.5,5940.55,13466.9,5109.25,0,0,1,0,0,0,0,845.0,132.75,755.0,0.0,587.0,409.5,402.25,427.3928571428572,307.625,312.7916666666667,405.04340963713526,335.09932960843554,377.17273930007855,330.25591989995206,0.0,0.0,2
2023-06-28,0.0,0.0,0.0,6,28,0,1,0.0,0.0,0.0,0.0,0.0,0.0,0.0,0.0,0.0,0,0,1,0,0,0,0,0.0,0.0,0.0,0.0,0.0,0.0,0.0,0.0,0.0,0.0,0.0,0.0,0.0,0.0,0.0,0.0,3
2023-06-28,11931.0,4148.7,700.0,6,28,0,1,8285.0,8753.0,16626.0,0.0,820.0,1703.0,3147.0,3573.0,5071.0,0,0,1,0,0,0,0,12306.0,13305.0,8753.0,12428.0,14849.0,15478.0,11298.666666666666,11500.0,11675.42857142857,13520.4,2493.6226659219965,2310.166326300452,11364.199825088815,13068.471482043298,0.0,0.0,4
2023-06-28,0.0,439.0,303.0,6,28,0,1,160.0,223.5,140.0,454.0,0.0,30.0,902.0,314.5,190.0,0,0,1,0,0,0,0,32.0,0.0,223.5,407.0,0.0,0.0,64.0,72.78571428571429,183.32142857142856,118.68333333333334,87.39939794932683,146.44844234189694,91.70729942610126,117.88260847123188,0.0,0.0,5
2023-06-28,64.0,80.0,16.0,6,28,0,1,32.0,44.0,25.0,130.0,0.0,0.0,48.0,112.0,75.0,0,0,1,0,0,0,0,53.0,0.0,44.0,0.0,25.0,15.0,28.33333333333333,45.42857142857143,30.142857142857142,31.766666666666666,27.93956061964908,45.00703648690205,39.04341701537245,33.58154988147089,0.0,0.0,6
2023-06-28,175.0,0.0,0.0,6,28,0,1,0.0,20.0,105.0,20.0,60.0,160.0,220.0,0.0,40.0,0,0,1,0,0,0,0,210.0,105.0,20.0,280.0,220.0,445.0,105.0,75.71428571428571,80.35714285714286,138.5,79.60467801520667,139.8962053662003,77.98282886975989,118.07766449540038,0.0,0.0,8
2023-06-29,1373.0,3887.5,880.0,6,29,0,1,1648.0,468.9,915.0,921.0,1073.0,796.0,2160.0,1695.5,3977.5,0,0,0,1,0,0,0,812.0,716.0,468.9,276.0,372.0,827.0,1058.6666666666667,890.842857142857,666.1714285714286,647.6133333333332,399.9677564385364,344.57678062679497,967.4502541878696,691.2549928539049,1.0,0.0,0
2023-06-29,62.0,925.0,175.0,6,29,0,1,0.0,150.0,60.0,76.0,300.0,30.0,366.0,27.0,292.0,0,0,0,1,0,0,0,76.0,91.0,150.0,214.0,221.0,383.0,55.66666666666666,74.57142857142857,207.92857142857144,213.78333333333333,59.79926739477858,160.6856367276636,93.9268094131148,199.5714939075964,1.0,0.0,1
2023-06-29,0.0,7331.65,479.0,6,29,0,1,75.0,0.0,100.0,2683.5,3500.0,1618.75,6967.75,11874.2,7851.4,0,0,0,1,0,0,0,229.0,845.0,0.0,370.0,1059.0,42.5,383.0,330.25,312.98214285714283,297.125,394.79068821338734,334.85540336657704,301.6295544750589,313.78779603543904,1.0,0.0,2
2023-06-29,0.0,0.0,0.0,6,29,0,1,0.0,0.0,0.0,0.0,0.0,0.0,0.0,0.0,0.0,0,0,0,1,0,0,0,0.0,0.0,0.0,0.0,0.0,0.0,0.0,0.0,0.0,0.0,0.0,0.0,0.0,0.0,1.0,0.0,3
2023-06-29,10881.0,963.7,775.0,6,29,0,1,11931.0,10406.0,16011.0,700.0,2075.0,1030.0,4148.7,3840.5,1740.0,0,0,0,1,0,0,0,8285.0,12306.0,10406.0,11611.0,14617.0,17390.0,10840.666666666666,11954.0,11639.92857142857,13363.9,2179.673675882072,2250.7918813394467,11505.899868816612,12995.08622513728,1.0,0.0,4
2023-06-29,0.0,339.0,124.0,6,29,0,1,0.0,16.0,0.0,303.0,330.0,362.0,439.0,842.75,250.0,0,0,0,1,0,0,0,160.0,32.0,16.0,401.0,0.0,0.0,64.0,40.85714285714285,154.25,114.01666666666668,59.552297944548094,147.9684544277841,68.78047456957594,110.27727889244272,1.0,0.0,5
2023-06-29,0.0,66.0,21.0,6,29,0,1,64.0,32.0,0.0,16.0,38.0,6.0,80.0,10.0,43.0,0,0,0,1,0,0,0,32.0,53.0,32.0,6.0,16.0,0.0,49.66666666666666,48.285714285714285,34.714285714285715,33.06666666666667,28.779126033257047,45.36665442076738,45.28256276152933,35.54403053427922,1.0,0.0,6
2023-06-29,165.0,0.0,370.0,6,29,0,1,175.0,55.0,505.0,0.0,20.0,0.0,0.0,70.0,0.0,0,0,0,1,0,0,0,0.0,210.0,55.0,150.0,385.0,70.0,128.33333333333334,97.85714285714286,72.85714285714286,140.83333333333334,83.00889223737511,139.90195663844156,102.23712165231991,121.75007323763262,1.0,0.0,8
2023-06-30,1935.0,2915.0,379.0,6,30,1,1,1373.0,530.0,1055.0,880.0,919.0,1110.0,3887.5,1375.5,1914.0,0,0,0,0,1,0,0,1648.0,812.0,530.0,761.0,773.0,176.0,1277.6666666666667,1020.0,744.5285714285714,662.8799999999999,386.7630626968749,366.2936276475096,1068.8376906409023,735.2385417020402,1.0,0.0,0
2023-06-30,0.0,457.5,75.0,6,30,1,1,62.0,140.0,463.0,175.0,810.0,328.0,925.0,280.0,100.0,0,0,0,0,1,0,0,0.0,76.0,140.0,342.0,445.0,456.5,46.0,62.0,197.07142857142856,213.85,49.695740930853546,160.6200351439855,85.94510705983609,190.6959136554934,1.0,0.0,1
2023-06-30,0.0,8772.15,1115.0,6,30,1,1,0.0,950.0,409.5,479.0,1325.0,2911.75,7331.65,10466.4,11576.6,0,0,0,0,1,0,0,75.0,229.0,950.0,410.0,692.0,869.0,101.33333333333331,330.25,286.55357142857144,293.7916666666667,394.79068821338734,337.37361671557403,226.22216585629417,293.5434220976688,1.0,0.0,2
2023-06-30,0.0,0.0,0.0,6,30,1,1,0.0,0.0,0.0,0.0,0.0,0.0,0.0,0.0,0.0,0,0,0,0,1,0,0,0.0,0.0,0.0,0.0,0.0,0.0,0.0,0.0,0.0,0.0,0.0,0.0,0.0,0.0,1.0,0.0,3
2023-06-30,10693.0,7591.16,405.0,6,30,1,1,10881.0,15213.0,15478.0,775.0,620.0,1457.0,963.7,9915.32,3057.0,0,0,0,0,1,0,0,11931.0,8285.0,15213.0,11707.0,15211.0,14185.0,10365.666666666666,12021.857142857143,11587.785714285714,13192.9,2130.28389567926,2237.580918976036,11349.67490161246,12858.693565451003,1.0,0.0,4
2023-06-30,0.0,475.0,39.0,6,30,1,1,0.0,78.0,0.0,124.0,70.0,510.0,339.0,943.0,80.0,0,0,0,0,1,0,0,0.0,160.0,78.0,511.0,0.0,340.0,53.333333333333336,38.57142857142857,125.60714285714286,114.01666666666668,60.95587787587908,147.9684544277841,51.58535592718196,103.1626157380916,1.0,0.0,5
2023-06-30,136.0,68.0,6.0,6,30,1,1,0.0,76.0,15.0,21.0,18.0,0.0,66.0,93.0,0.0,0,0,0,0,1,0,0,64.0,32.0,76.0,28.0,0.0,0.0,32.0,43.71428571428572,34.285714285714285,33.06666666666667,33.88566208941613,45.36665442076738,33.961922071147,33.25086727400315,1.0,0.0,6
2023-06-30,35.0,0.0,525.0,6,30,1,1,165.0,140.0,445.0,370.0,230.0,105.0,0.0,115.0,0.0,0,0,0,0,1,0,0,175.0,0.0,140.0,70.0,430.0,40.0,113.33333333333331,113.57142857142856,73.92857142857143,129.5,83.95009855633887,122.01151726303384,117.92784123923994,124.54039109326922,1.0,0.0,8
2023-07-01,448.0,2619.0,1214.0,7,1,1,0,1935.0,995.0,827.0,379.0,949.0,236.5,2915.0,1596.0,3296.0,0,0,0,0,0,1,0,1373.0,1648.0,995.0,518.0,147.0,682.0,1652.0,1220.7142857142858,828.3857142857142,692.2133333333333,449.56190314783663,428.69800859662575,1285.3782679806768,812.6425067535215,1.0,0.0,0
2023-07-01,111.0,377.0,225.0,7,1,1,0,0.0,0.0,383.0,75.0,195.0,539.0,457.5,490.0,337.0,0,0,0,0,0,1,0,62.0,0.0,0.0,322.0,0.0,35.0,20.666666666666668,42.0,172.64285714285714,198.41666666666663,40.36913012026032,158.07849879603853,64.45883029487706,178.39295148417125,1.0,0.0,1
2023-07-01,0.0,11297.1,1208.0,7,1,1,0,0.0,80.0,42.5,1115.0,1301.75,2888.25,8772.15,9948.25,11265.4,0,0,0,0,0,1,0,0.0,75.0,80.0,0.0,105.0,0.0,25.0,194.53571428571428,257.2678571428572,280.14166666666665,297.5467900379784,340.79740216837416,169.66662439222063,274.605136801045,1.0,0.0,2
2023-07-01,0.0,0.0,0.0,7,1,1,0,0.0,0.0,0.0,0.0,0.0,0.0,0.0,0.0,0.0,0,0,0,0,0,1,0,0.0,0.0,0.0,0.0,0.0,0.0,0.0,0.0,0.0,0.0,0.0,0.0,0.0,0.0,1.0,0.0,3
2023-07-01,11359.0,826.9,2695.45,7,1,1,0,10693.0,12232.0,17390.0,405.0,5594.2,2145.0,7591.16,1786.0,4669.0,0,0,0,0,0,1,0,10881.0,11931.0,12232.0,11508.0,15107.0,16080.0,11168.333333333334,11376.142857142857,11515.357142857143,13033.4,1627.4979189511737,2239.618911548491,11185.506176209345,12718.971399938038,1.0,0.0,4
2023-07-01,0.0,402.0,181.5,7,1,1,0,0.0,0.0,0.0,39.0,258.0,55.0,475.0,478.0,95.0,0,0,0,0,0,1,0,0.0,0.0,0.0,180.0,0.0,223.0,0.0,27.428571428571427,89.10714285714286,114.01666666666668,59.662543087091805,147.9684544277841,38.68901694538647,96.50696310982762,1.0,0.0,5
2023-07-01,48.0,77.0,0.0,7,1,1,0,136.0,81.0,0.0,6.0,25.0,158.0,68.0,87.0,75.0,0,0,0,0,0,1,0,0.0,64.0,81.0,0.0,0.0,45.0,66.66666666666667,52.285714285714285,42.0,37.1,48.044126542565984,48.94285901207511,59.47144155336025,39.879843578906176,1.0,0.0,6
2023-07-01,0.0,7925.0,0.0,7,1,1,0,0.0,0.0,0.0,0.0,5270.0,17640.0,2775.0,28080.0,0.0,0,0,0,0,0,1,0,0.0,0.0,0.0,0.0,0.0,0.0,0.0,800.0,400.0,850.6666666666666,2116.601048851672,2944.810670494365,451.2612227453175,574.4988348904458,0.0,0.0,7
2023-07-01,80.0,0.0,225.0,7,1,1,0,35.0,0.0,70.0,525.0,575.0,175.0,0.0,0.0,55.0,0,0,0,0,0,1,0,165.0,175.0,0.0,0.0,70.0,125.0,125.0,98.57142857142856,71.42857142857143,115.83333333333331,87.7360760897079,107.5597935819994,97.19588092942996,118.76359166789705,1.0,0.0,8
2023-07-02,619.0,2287.5,879.0,7,2,0,0,448.0,1066.0,176.0,1214.0,565.0,782.0,2619.0,2123.0,2026.0,0,0,0,0,0,0,1,1935.0,1373.0,1066.0,160.0,473.0,879.0,1252.0,1142.571428571429,823.3857142857142,679.5799999999999,534.794620124666,430.1708629258202,1076.0337009855075,789.1171837371653,0.0,0.0,0
2023-07-02,0.0,110.0,391.0,7,2,0,0,111.0,65.0,456.5,225.0,132.0,358.5,377.0,1514.0,415.5,0,0,0,0,0,0,1,0.0,62.0,65.0,207.0,65.0,190.0,57.66666666666666,57.85714285714285,157.57142857142858,189.35,42.846347846804505,154.89485588395215,76.09412272115779,174.04501913035375,0.0,0.0,1
2023-07-02,432.0,10906.55,1491.05,7,2,0,0,0.0,132.75,869.0,1208.0,595.5,1520.0,11297.1,6145.75,15405.15,0,0,0,0,0,0,1,0.0,0.0,132.75,0.0,0.0,0.0,0.0,183.1071428571429,257.2678571428572,278.725,304.14250556355364,341.9058548454327,127.24996829416548,256.8886763622679,0.0,0.0,2
2023-07-02,0.0,0.0,0.0,7,2,0,0,0.0,0.0,0.0,0.0,0.0,0.0,0.0,0.0,0.0,0,0,0,0,0,0,1,0.0,0.0,0.0,0.0,0.0,0.0,0.0,0.0,0.0,0.0,0.0,0.0,0.0,0.0,0.0,0.0,3
2023-07-02,13542.0,656.4,0.0,7,2,0,0,11359.0,13305.0,14185.0,2695.45,6070.0,1625.0,826.9,3666.0,14397.36,0,0,0,0,0,0,1,10693.0,10881.0,13305.0,11907.0,15257.0,15315.0,10977.666666666666,11251.42857142857,11504.714285714286,12832.366666666669,1583.8467789049366,2101.494648451764,11228.879632157008,12631.231309619456,0.0,0.0,4
2023-07-02,0.0,472.0,125.0,7,2,0,0,0.0,0.0,340.0,181.5,237.0,10.0,402.0,112.0,533.9,0,0,0,0,0,0,1,0.0,0.0,0.0,197.0,96.0,195.0,0.0,27.428571428571427,76.25,114.01666666666668,59.662543087091805,147.9684544277841,29.016762709039853,90.28070742532262,0.0,0.0,5
2023-07-02,73.0,88.0,80.0,7,2,0,0,48.0,0.0,0.0,0.0,73.0,47.0,77.0,0.0,119.0,0,0,0,0,0,0,1,136.0,0.0,0.0,52.0,25.0,33.0,61.333333333333336,47.57142857142857,45.42857142857143,38.7,46.34600717378337,48.470502939132096,56.60358116502019,40.40372463833158,0.0,0.0,6
2023-07-02,0.0,0.0,90.0,7,2,0,0,80.0,105.0,40.0,225.0,470.0,135.0,0.0,0.0,0.0,0,0,0,0,0,0,1,35.0,165.0,105.0,45.0,35.0,55.0,93.33333333333331,110.0,77.14285714285714,116.16666666666669,77.35200923914837,107.42827064294276,92.89691069707249,116.26271478609722,0.0,0.0,8
2023-07-03,1030.0,2781.0,696.0,7,3,0,0,619.0,716.0,682.0,879.0,1049.0,598.0,2287.5,3030.7,1797.0,1,0,0,0,0,0,0,448.0,1935.0,716.0,774.5,466.0,964.0,1000.6666666666666,1078.7142857142858,856.1714285714286,694.3466666666666,570.927816303052,419.7658483039072,961.7752757391306,778.1418815605741,0.0,0.0,0
2023-07-03,0.0,523.0,47.0,7,3,0,0,0.0,91.0,35.0,391.0,190.0,170.0,110.0,326.0,339.0,1,0,0,0,0,0,0,111.0,0.0,91.0,502.0,182.0,87.5,37.0,48.57142857142857,142.78571428571428,174.13333333333333,47.79768872674589,150.09398971020255,57.07059204086834,162.81630821871804,0.0,0.0,1
2023-07-03,150.0,7230.3,1354.5,7,3,0,0,432.0,845.0,0.0,1491.05,1511.5,357.0,10906.55,6024.05,10215.7,1,0,0,0,0,0,0,0.0,0.0,845.0,535.0,215.0,205.0,144.0,225.8571428571429,288.125,264.15833333333336,316.6582956287048,324.77004121307147,203.4374762206241,268.18618111308933,0.0,0.0,2
2023-07-03,0.0,0.0,0.0,7,3,0,0,0.0,0.0,0.0,0.0,0.0,0.0,0.0,0.0,0.0,1,0,0,0,0,0,0,0.0,0.0,0.0,0.0,0.0,0.0,0.0,0.0,0.0,0.0,0.0,0.0,0.0,0.0,0.0,0.0,3
2023-07-03,12550.0,1053.9,400.0,7,3,0,0,13542.0,12306.0,16080.0,0.0,1907.0,9519.5,656.4,3203.0,1093.0,1,0,0,0,0,0,0,11359.0,10693.0,12306.0,12650.0,14587.0,15237.0,11864.666666666666,11285.285714285714,11621.5,12810.933333333332,1636.7122241743748,2090.4734150069244,11807.159724117755,12689.990579966588,0.0,0.0,4
2023-07-03,121.2,556.0,176.0,7,3,0,0,0.0,32.0,223.0,125.0,301.0,420.0,472.0,657.0,701.0,1,0,0,0,0,0,0,0.0,0.0,32.0,128.0,0.0,0.0,0.0,27.428571428571427,62.17857142857143,102.68333333333334,59.662543087091805,143.00027027544624,21.76257203177989,84.45614565594697,0.0,0.0,5
2023-07-03,0.0,63.0,6.0,7,3,0,0,73.0,53.0,45.0,80.0,62.0,0.0,88.0,96.0,15.0,1,0,0,0,0,0,0,48.0,136.0,53.0,0.0,160.0,0.0,85.66666666666667,58.0,46.92857142857143,41.13333333333333,41.85291706281254,48.29273760874533,60.70268587376514,42.506710145536,0.0,0.0,6
2023-07-03,0.0,1440.0,0.0,7,3,0,0,0.0,0.0,0.0,0.0,5100.0,4200.0,7925.0,33500.0,26500.0,1,0,0,0,0,0,0,0.0,0.0,0.0,0.0,0.0,0.0,0.0,800.0,400.0,850.6666666666666,2116.601048851672,2944.810670494365,338.44591705898813,537.4343939297719,0.0,0.0,7
2023-07-03,275.0,0.0,0.0,7,3,0,0,0.0,210.0,125.0,90.0,300.0,355.0,0.0,160.0,110.0,1,0,0,0,0,0,0,80.0,35.0,210.0,50.0,115.0,105.0,38.333333333333336,95.0,73.92857142857143,114.83333333333331,87.9393730551526,108.6475108283454,69.67268302280435,108.76189447731676,0.0,0.0,8
2023-07-04,1070.0,2351.5,931.0,7,4,0,0,1030.0,812.0,879.0,696.0,499.0,960.0,2781.0,1130.0,1697.5,0,1,0,0,0,0,0,619.0,448.0,812.0,5.0,702.0,875.0,699.0,1123.571428571429,874.4214285714286,705.9466666666666,549.6177026330386,424.19788707901273,978.831456804348,794.390792427634,0.0,0.0,0
2023-07-04,145.0,523.0,0.0,7,4,0,0,0.0,76.0,190.0,47.0,623.0,0.0,523.0,177.0,2220.0,0,1,0,0,0,0,0,0.0,111.0,76.0,524.0,125.0,292.5,37.0,35.57142857142857,106.92857142857144,172.96666666666667,46.69709892079902,151.34357654330591,42.80294403065125,152.31203026912334,0.0,0.0,1
2023-07-04,402.0,12339.5,2591.5,7,4,0,0,150.0,229.0,0.0,1354.5,4513.75,406.0,7230.3,5940.55,5232.5,0,1,0,0,0,0,0,432.0,0.0,229.0,0.0,248.0,0.0,194.0,126.57142857142856,260.625,269.15833333333336,160.75224948437202,321.7031352905144,190.07810716546803,260.5612662025674,0.0,0.0,2
2023-07-04,0.0,0.0,0.0,7,4,0,0,0.0,0.0,0.0,0.0,0.0,0.0,0.0,0.0,0.0,0,1,0,0,0,0,0,0.0,0.0,0.0,0.0,0.0,0.0,0.0,0.0,0.0,0.0,0.0,0.0,0.0,0.0,0.0,0.0,3
2023-07-04,13802.0,1113.9,432.0,7,4,0,0,12550.0,8285.0,15315.0,400.0,0.0,875.0,1053.9,3147.0,1165.0,0,1,0,0,0,0,0,13542.0,11359.0,8285.0,11145.0,11226.0,14980.0,12483.666666666666,11320.142857142857,11614.357142857143,12693.266666666666,1664.43688461205,1997.3967529026097,11992.869793088315,12680.958929646164,0.0,0.0,4
2023-07-04,0.0,584.5,360.0,7,4,0,0,121.2,160.0,195.0,176.0,454.0,1013.0,556.0,902.0,458.5,0,1,0,0,0,0,0,0.0,0.0,160.0,233.0,0.0,0.0,40.4,40.17142857142857,61.69285714285714,99.29,69.51406846305107,141.24380572319805,46.62192902383492,86.82671690395038,0.0,0.0,5
2023-07-04,24.0,18.0,9.0,7,4,0,0,0.0,32.0,33.0,6.0,130.0,0.0,63.0,48.0,35.0,0,1,0,0,0,0,0,73.0,48.0,32.0,18.0,0.0,187.0,40.333333333333336,50.42857142857143,46.92857142857143,39.63333333333333,47.34221915252508,48.863979634769066,45.527014405323854,39.764341749049805,0.0,0.0,6
2023-07-04,1440.0,0.0,0.0,7,4,0,0,0.0,5600.0,0.0,0.0,0.0,3200.0,1440.0,33740.0,13600.0,0,1,0,0,0,0,0,0.0,0.0,5600.0,0.0,0.0,0.0,0.0,800.0,400.0,850.6666666666666,2116.601048851672,2944.810670494365,253.8344377942411,502.76120722462537,0.0,0.0,7
2023-07-04,0.0,0.0,165.0,7,4,0,0,275.0,0.0,55.0,0.0,20.0,90.0,0.0,220.0,0.0,0,1,0,0,0,0,0,0.0,80.0,0.0,0.0,180.0,145.0,118.33333333333331,104.28571428571428,90.0,119.83333333333331,104.06042200842448,112.5142392010386,121.00451226710328,119.48693354329632,0.0,0.0,8
2023-07-05,1577.0,1437.5,818.0,7,5,0,0,1070.0,1648.0,964.0,931.0,921.0,377.0,2351.5,2160.0,1434.0,0,0,1,0,0,0,0,1030.0,619.0,1648.0,596.0,390.0,406.0,906.3333333333334,1160.428571428571,950.4928571428572,712.3133333333333,533.6605841240471,428.2982732285698,1001.6235926032608,812.1720316258511,0.0,1.0,0
2023-07-05,0.0,724.0,517.0,7,5,0,0,145.0,0.0,87.5,0.0,76.0,0.0,523.0,366.0,426.0,0,0,1,0,0,0,0,0.0,0.0,0.0,278.0,150.0,347.0,48.333333333333336,45.42857142857143,79.85714285714286,171.46666666666667,61.56800344025207,151.3919287543229,68.35220802298844,151.8402863807928,0.0,1.0,1
2023-07-05,188.0,11234.2,1499.0,7,5,0,0,402.0,75.0,205.0,2591.5,2683.5,2988.25,12339.5,6967.75,11805.4,0,0,1,0,0,0,0,150.0,432.0,75.0,755.0,0.0,587.0,328.0,151.28571428571428,289.3392857142857,282.55833333333334,189.79876561392987,318.4611820883769,243.05858037410104,269.6863458024018,0.0,1.0,2
2023-07-05,0.0,0.0,0.0,7,5,0,0,0.0,0.0,0.0,0.0,0.0,0.0,0.0,0.0,0.0,0,0,1,0,0,0,0,0.0,0.0,0.0,0.0,0.0,0.0,0.0,0.0,0.0,0.0,0.0,0.0,0.0,0.0,0.0,1.0,3
2023-07-05,11394.0,3411.5,854.0,7,5,0,0,13802.0,11931.0,15237.0,432.0,700.0,550.0,1113.9,4148.7,3523.0,0,0,1,0,0,0,0,12550.0,13542.0,11931.0,8753.0,12428.0,14849.0,13298.0,12108.285714285714,11804.142857142857,12642.833333333334,1239.7203601734138,1947.391873556924,12445.152344816235,12753.284159991572,0.0,1.0,4
2023-07-05,38.0,286.0,67.5,7,5,0,0,0.0,0.0,0.0,360.0,303.0,587.0,584.5,439.0,46.0,0,0,1,0,0,0,0,121.2,0.0,0.0,223.5,407.0,0.0,40.4,17.314285714285713,45.05,92.79,45.80929412871878,141.17428297113426,34.96644676787619,81.22499323272778,0.0,1.0,5
2023-07-05,0.0,73.0,0.0,7,5,0,0,24.0,64.0,0.0,9.0,16.0,0.0,18.0,80.0,95.0,0,0,1,0,0,0,0,0.0,73.0,64.0,44.0,0.0,25.0,32.333333333333336,49.285714285714285,47.35714285714285,39.333333333333336,47.9538468589479,48.933687242291846,40.14526080399289,38.7472874426595,0.0,1.0,6
2023-07-05,0.0,2640.0,0.0,7,5,0,0,1440.0,0.0,0.0,0.0,0.0,4250.0,0.0,15800.0,14450.0,0,0,1,0,0,0,0,0.0,0.0,0.0,0.0,0.0,0.0,480.0,205.7142857142857,502.8571428571428,898.6666666666666,544.268841133283,2942.201537124449,550.3758283456808,563.2282261133593,0.0,0.0,7
2023-07-05,50.0,20.0,320.0,7,5,0,0,0.0,175.0,105.0,165.0,0.0,295.0,0.0,0.0,0.0,0,0,1,0,0,0,0,275.0,0.0,175.0,20.0,280.0,220.0,91.66666666666669,104.28571428571428,90.0,118.0,104.06042200842448,114.04475830371052,90.75338420032745,111.77809912114816,0.0,1.0,8
2023-07-06,1531.0,3471.0,390.5,7,6,0,0,1577.0,1373.0,875.0,818.0,880.0,632.0,1437.5,3887.5,1905.0,0,0,0,1,0,0,0,1070.0,1030.0,1373.0,468.9,276.0,372.0,1225.6666666666667,1150.2857142857142,1020.5642857142856,732.7466666666666,523.4258031742145,454.5385737080031,1145.4676944524458,861.5157715209575,0.0,1.0,0
2023-07-06,176.0,449.0,813.0,7,6,0,0,0.0,62.0,292.5,517.0,175.0,725.5,724.0,925.0,245.0,0,0,0,1,0,0,0,145.0,0.0,62.0,150.0,214.0,221.0,48.333333333333336,45.42857142857143,60.0,168.55,61.56800344025207,153.88768575680822,51.264156017241326,142.04413887235458,0.0,1.0,1
2023-07-06,501.0,10760.0,2042.5,7,6,0,0,188.0,0.0,0.0,1499.0,479.0,1799.5,11234.2,7331.65,10927.4,0,0,0,1,0,0,0,402.0,150.0,0.0,0.0,370.0,1059.0,246.66666666666663,167.42857142857142,248.8392857142857,281.9916666666667,187.01413239187508,318.6190331575152,229.2939352805758,264.4162589764404,0.0,1.0,2
2023-07-06,0.0,0.0,0.0,7,6,0,0,0.0,0.0,0.0,0.0,0.0,0.0,0.0,0.0,0.0,0,0,0,1,0,0,0,0.0,0.0,0.0,0.0,0.0,0.0,0.0,0.0,0.0,0.0,0.0,0.0,0.0,0.0,0.0,1.0,3
2023-07-06,11399.0,1335.9,1976.0,7,6,0,0,11394.0,10881.0,14980.0,854.0,775.0,1255.0,3411.5,963.7,3048.0,0,0,0,1,0,0,0,13802.0,12550.0,10881.0,10406.0,11611.0,14617.0,12582.0,12031.57142857143,11992.785714285714,12514.733333333334,1268.7932399387273,1896.596896682554,12182.36425861218,12665.588407734052,0.0,1.0,4
2023-07-06,0.0,300.0,120.5,7,6,0,0,38.0,0.0,0.0,67.5,124.0,130.0,286.0,339.0,48.0,0,0,0,1,0,0,0,0.0,121.2,0.0,16.0,401.0,0.0,53.06666666666666,22.74285714285714,31.8,94.05666666666666,45.66686826510985,140.48180562850044,35.724835075907144,78.43628399190665,0.0,1.0,5
2023-07-06,25.0,53.0,52.0,7,6,0,0,0.0,0.0,187.0,0.0,21.0,12.0,73.0,66.0,12.0,0,0,0,1,0,0,0,24.0,0.0,0.0,32.0,6.0,16.0,8.0,40.142857142857146,44.21428571428572,39.333333333333336,50.7031510244632,48.933687242291846,30.108945602994662,36.24746244635889,0.0,1.0,6
2023-07-06,0.0,11900.0,7140.0,7,6,0,0,0.0,0.0,0.0,0.0,8500.0,0.0,2640.0,36680.0,18670.0,0,0,0,1,0,0,0,1440.0,0.0,0.0,0.0,0.0,5300.0,480.0,205.7142857142857,502.8571428571428,898.6666666666666,544.268841133283,2942.201537124449,412.7818712592606,526.89092120282,0.0,0.0,7
2023-07-06,245.0,0.0,35.0,7,6,0,0,50.0,165.0,145.0,320.0,370.0,115.0,20.0,0.0,45.0,0,0,0,1,0,0,0,0.0,275.0,165.0,55.0,150.0,385.0,108.33333333333331,86.42857142857143,92.14285714285714,116.16666666666669,100.56980518170292,114.7011358911178,80.56503815024558,107.79241530688054,0.0,1.0,8
2023-07-07,1125.0,3995.5,102.0,7,7,1,0,1531.0,1935.0,406.0,390.5,379.0,460.0,3471.0,2915.0,3526.5,0,0,0,0,1,0,0,1577.0,1070.0,1935.0,530.0,761.0,773.0,1392.6666666666667,1172.857142857143,1096.428571428571,754.6133333333332,537.8387083415216,476.8496464645154,1241.8507708393345,904.7083023905732,0.0,1.0,0
2023-07-07,116.0,509.0,377.0,7,7,1,0,176.0,0.0,347.0,813.0,75.0,880.5,449.0,457.5,588.0,0,0,0,0,1,0,0,0.0,145.0,0.0,140.0,342.0,445.0,107.0,61.71428571428572,61.85714285714285,164.66666666666666,79.22691942707736,152.11164985953067,82.448117012931,144.2348395902672,0.0,1.0,1
2023-07-07,170.0,8907.95,2396.0,7,7,1,0,501.0,0.0,587.0,2042.5,1115.0,2528.75,10760.0,8772.15,9163.4,0,0,0,0,1,0,0,188.0,402.0,0.0,950.0,410.0,692.0,363.6666666666667,239.0,284.625,298.69166666666666,207.0531332774272,316.45140229483536,297.22045146043183,279.6797261392508,0.0,1.0,2
2023-07-07,0.0,0.0,0.0,7,7,1,0,0.0,0.0,0.0,0.0,0.0,0.0,0.0,0.0,0.0,0,0,0,0,1,0,0,0.0,0.0,0.0,0.0,0.0,0.0,0.0,0.0,0.0,0.0,0.0,0.0,0.0,0.0,0.0,1.0,3
2023-07-07,15352.5,7228.46,972.0,7,7,1,0,11399.0,10693.0,14849.0,1976.0,405.0,491.0,1335.9,7591.16,1018.0,0,0,0,0,1,0,0,11394.0,13802.0,10693.0,15213.0,11707.0,15211.0,12198.333333333334,12105.57142857143,12063.714285714286,12395.366666666669,1203.9530523990045,1848.1601565795013,11986.523193959134,12583.87302658992,0.0,1.0,4
2023-07-07,240.5,638.0,216.0,7,7,1,0,0.0,0.0,0.0,120.5,39.0,40.0,300.0,475.0,433.0,0,0,0,0,1,0,0,38.0,0.0,0.0,78.0,511.0,0.0,12.666666666666666,22.74285714285714,30.65714285714285,94.05666666666666,45.66686826510985,140.48180562850044,26.79362630693036,73.37587857307396,0.0,1.0,5
2023-07-07,51.0,124.0,0.0,7,7,1,0,25.0,136.0,25.0,52.0,6.0,22.0,53.0,68.0,9.0,0,0,0,0,1,0,0,0.0,24.0,136.0,76.0,28.0,0.0,16.333333333333332,43.71428571428572,43.71428571428572,33.93333333333333,48.22417887918287,40.243168907010286,28.831709202246,35.52181970788412,0.0,1.0,6
2023-07-07,0.0,11900.0,0.0,7,7,1,0,0.0,0.0,0.0,7140.0,1850.0,22070.0,11900.0,0.0,3600.0,0,0,0,0,1,0,0,0.0,1440.0,0.0,0.0,0.0,14620.0,480.0,205.7142857142857,502.8571428571428,898.6666666666666,544.268841133283,2942.201537124449,309.5864034444454,492.8979585445736,0.0,0.0,7
2023-07-07,125.0,0.0,230.0,7,7,1,0,245.0,35.0,220.0,35.0,525.0,45.0,0.0,0.0,0.0,0,0,0,0,1,0,0,50.0,0.0,35.0,140.0,70.0,430.0,98.33333333333331,97.85714285714286,105.71428571428572,119.5,114.55919659202176,116.99801059316626,121.6737786126842,116.64451754514631,0.0,1.0,8
2023-07-08,589.0,1420.0,1057.5,7,8,1,0,1125.0,448.0,372.0,102.0,1214.0,677.0,3995.5,2619.0,3886.5,0,0,0,0,0,1,0,1531.0,1577.0,448.0,995.0,518.0,147.0,1411.0,1057.142857142857,1138.928571428571,778.5799999999999,420.97562422363154,476.7926234675862,1212.6380781295009,918.9206699782784,0.0,0.0,0
2023-07-08,270.0,966.5,762.0,7,8,1,0,116.0,111.0,221.0,377.0,225.0,335.0,509.0,377.0,834.5,0,0,0,0,0,1,0,176.0,0.0,111.0,0.0,322.0,0.0,97.33333333333331,78.28571428571429,60.142857142857146,156.96666666666667,76.24240789681691,148.36406371591067,90.83608775969824,142.41323703605642,0.0,0.0,1
2023-07-08,10.0,7955.1,515.0,7,8,1,0,170.0,0.0,1059.0,2396.0,1208.0,1872.5,8907.95,11297.1,13039.75,0,0,0,0,0,1,0,501.0,188.0,0.0,80.0,0.0,105.0,286.3333333333333,263.2857142857143,228.91071428571428,284.7916666666667,182.9104646958126,312.4843036287866,265.4153385953239,272.6036147754281,0.0,0.0,2
2023-07-08,0.0,0.0,0.0,7,8,1,0,0.0,0.0,0.0,0.0,0.0,0.0,0.0,0.0,0.0,0,0,0,0,0,1,0,0.0,0.0,0.0,0.0,0.0,0.0,0.0,0.0,0.0,0.0,0.0,0.0,0.0,0.0,0.0,0.0,3
2023-07-08,14709.0,1509.5,4037.2,7,8,1,0,15352.5,11359.0,14617.0,972.0,2695.45,1140.0,7228.46,826.9,1507.0,0,0,0,0,0,1,0,11399.0,11394.0,11359.0,12232.0,11508.0,15107.0,12715.166666666666,12771.214285714286,12073.67857142857,12412.15,1535.287265659157,1873.3250318618368,12828.017395469353,12762.494121648637,0.0,0.0,4
2023-07-08,117.0,258.5,48.0,7,8,1,0,240.5,0.0,0.0,216.0,181.5,78.0,638.0,402.0,205.0,0,0,0,0,0,1,0,0.0,38.0,0.0,0.0,180.0,0.0,92.83333333333331,57.1,42.26428571428572,102.07333333333332,92.33166665162446,141.78541078913506,80.22021973019777,84.15807995545629,0.0,0.0,5
2023-07-08,0.0,21.0,151.0,7,8,1,0,51.0,48.0,16.0,0.0,0.0,0.0,124.0,77.0,0.0,0,0,0,0,0,1,0,25.0,0.0,48.0,81.0,0.0,0.0,25.33333333333333,31.571428571428573,41.92857142857143,34.8,27.257152840169876,40.32403236541325,34.373781901684495,36.520411984794826,0.0,0.0,6
2023-07-08,0.0,26400.0,0.0,7,8,1,0,0.0,0.0,5300.0,0.0,0.0,0.0,11900.0,2775.0,16400.0,0,0,0,0,0,1,0,0.0,0.0,0.0,0.0,0.0,0.0,0.0,205.7142857142857,502.8571428571428,898.6666666666666,544.268841133283,2942.201537124449,232.18980258333409,461.0980902513753,0.0,0.0,7
2023-07-08,35.0,305.0,245.0,7,8,1,0,125.0,80.0,385.0,230.0,225.0,40.0,0.0,0.0,35.0,0,0,0,0,0,1,0,245.0,50.0,80.0,0.0,0.0,70.0,140.0,110.71428571428572,104.64285714285714,116.33333333333331,111.333903619868,115.45960133410262,122.50533395951314,117.18358092933045,0.0,0.0,8
2023-07-09,426.0,1723.0,855.0,7,9,0,0,589.0,619.0,773.0,1057.5,879.0,552.0,1420.0,2287.5,2106.0,0,0,0,0,0,0,1,1125.0,1531.0,619.0,1066.0,160.0,473.0,1081.6666666666667,1077.2857142857142,1109.928571428571,785.8133333333333,389.1412401197088,472.0340656419161,1056.7285585971256,897.6354654635508,0.0,0.0,0
2023-07-09,202.0,304.0,311.0,7,9,0,0,270.0,0.0,445.0,762.0,391.0,615.0,966.5,110.0,126.0,0,0,0,0,0,0,1,116.0,176.0,0.0,65.0,207.0,65.0,187.33333333333331,101.0,79.42857142857143,158.6,105.6330125166048,149.35969081843757,135.6270658197737,150.64464109824632,0.0,0.0,1
2023-07-09,0.0,6213.95,463.0,7,9,0,0,10.0,432.0,692.0,515.0,1491.05,2217.5,7955.1,10906.55,10851.7,0,0,0,0,0,0,1,170.0,501.0,432.0,132.75,0.0,0.0,227.0,264.7142857142857,223.91071428571428,249.825,180.5350513388045,279.8508619906261,201.5615039464929,255.66144608023924,0.0,0.0,2
2023-07-09,0.0,0.0,0.0,7,9,0,0,0.0,0.0,0.0,0.0,0.0,0.0,0.0,0.0,0.0,0,0,0,0,0,0,1,0.0,0.0,0.0,0.0,0.0,0.0,0.0,0.0,0.0,0.0,0.0,0.0,0.0,0.0,0.0,0.0,3
2023-07-09,15729.0,1737.0,155.0,7,9,0,0,14709.0,13542.0,15211.0,4037.2,0.0,595.0,1509.5,656.4,18900.9,0,0,0,0,0,0,1,15352.5,11399.0,13542.0,13305.0,11907.0,15257.0,13820.166666666666,13249.785714285714,12250.607142857143,12415.216666666667,1543.8097858097155,1877.13031019078,13298.263046602013,12888.075146058403,0.0,0.0,4
2023-07-09,78.0,174.5,280.0,7,9,0,0,117.0,0.0,0.0,48.0,125.0,142.0,258.5,472.0,684.0,0,0,0,0,0,0,1,240.5,0.0,0.0,0.0,197.0,96.0,119.16666666666669,73.81428571428572,50.621428571428574,105.97333333333331,90.85047107879038,140.4840791895908,89.41516479764833,86.27691350671718,0.0,0.0,5
2023-07-09,179.0,67.0,0.0,7,9,0,0,0.0,73.0,0.0,151.0,80.0,125.0,21.0,88.0,114.0,0,0,0,0,0,0,1,51.0,25.0,73.0,0.0,52.0,25.0,25.33333333333333,24.714285714285715,36.142857142857146,34.266666666666666,28.44711049013757,40.68544883771636,25.78033642626337,34.16425637287258,0.0,0.0,6
2023-07-09,0.0,27200.0,0.0,7,9,0,0,0.0,0.0,14620.0,0.0,0.0,0.0,26400.0,7925.0,6659.0,0,0,0,0,0,0,1,0.0,0.0,0.0,0.0,0.0,0.0,0.0,205.7142857142857,502.8571428571428,722.0,544.268841133283,2825.618516360621,174.14235193750054,431.3498263641898,0.0,0.0,7
2023-07-09,150.0,0.0,185.0,7,9,0,0,35.0,0.0,430.0,245.0,90.0,85.0,305.0,0.0,0.0,0,0,0,0,0,0,1,125.0,245.0,0.0,105.0,45.0,35.0,135.0,104.28571428571428,107.14285714285714,104.66666666666669,114.65268464034352,104.54279220634427,100.62900046963486,111.88141441776074,0.0,0.0,8
2023-07-10,604.0,1741.0,618.0,7,10,0,0,426.0,1030.0,147.0,855.0,696.0,471.0,1723.0,2781.0,2300.0,1,0,0,0,0,0,0,589.0,1125.0,1030.0,716.0,774.5,466.0,713.3333333333334,1049.7142857142858,1064.2142857142858,774.2466666666666,431.5498095182503,476.5883221204746,899.0464189478441,867.2073709175153,0.0,0.0,0
2023-07-10,511.5,682.25,335.0,7,10,0,0,202.0,0.0,0.0,311.0,47.0,467.0,304.0,523.0,2716.5,1,0,0,0,0,0,0,270.0,116.0,0.0,91.0,502.0,182.0,196.0,129.85714285714286,89.21428571428571,150.5,100.92972566994015,139.55983761763994,152.22029936483028,153.9578900596498,0.0,0.0,1
2023-07-10,523.0,6449.35,915.0,7,10,0,0,0.0,150.0,105.0,463.0,1354.5,1024.0,6213.95,7230.3,17438.55,1,0,0,0,0,0,0,10.0,170.0,150.0,845.0,535.0,215.0,60.0,203.0,214.42857142857144,226.75833333333333,187.52155431665284,270.5110304600805,151.1711279598697,239.1671592363529,0.0,0.0,2
2023-07-10,14949.0,3012.0,2647.0,7,10,0,0,15729.0,12550.0,15107.0,155.0,400.0,4644.8,1737.0,1053.9,2960.0,1,0,0,0,0,0,0,14709.0,15352.5,12550.0,12306.0,12650.0,14587.0,15263.5,13562.214285714286,12423.75,12432.483333333334,1810.98154456688,1905.8959269056515,13905.94728495151,13071.360620506248,0.0,0.0,4
2023-07-10,98.2,1569.0,382.0,7,10,0,0,78.0,121.2,0.0,280.0,176.0,118.0,174.5,556.0,326.0,1,0,0,0,0,0,0,117.0,240.5,121.2,32.0,128.0,0.0,145.16666666666666,84.95714285714287,56.19285714285714,108.57333333333332,84.87508187807275,139.1708053345649,86.56137359823624,85.74291908692898,0.0,0.0,5
2023-07-10,0.0,34.0,0.0,7,10,0,0,179.0,0.0,0.0,0.0,6.0,6.0,67.0,63.0,0.0,1,0,0,0,0,0,0,0.0,51.0,0.0,53.0,0.0,160.0,76.66666666666667,39.85714285714285,48.92857142857143,40.23333333333333,64.19093542297222,47.961682502866246,64.08525231969753,43.50849789720338,0.0,0.0,6
2023-07-10,0.0,0.0,9000.0,7,10,0,0,0.0,0.0,0.0,0.0,0.0,0.0,27200.0,1440.0,24150.0,1,0,0,0,0,0,0,0.0,0.0,0.0,0.0,0.0,0.0,0.0,205.7142857142857,502.8571428571428,234.66666666666663,544.268841133283,1046.8597815843575,130.6067639531254,403.5208053084357,0.0,0.0,7
2023-07-10,0.0,0.0,255.0,7,10,0,0,150.0,275.0,70.0,185.0,0.0,90.0,0.0,0.0,0.0,1,0,0,0,0,0,0,35.0,125.0,275.0,210.0,50.0,115.0,103.33333333333331,125.71428571428572,110.35714285714286,95.33333333333331,105.57100972917736,85.20698260739846,112.97175035222614,114.34067800371166,0.0,0.0,8
2023-07-11,90.0,2445.0,853.0,7,11,0,0,604.0,1070.0,473.0,618.0,931.0,592.0,1741.0,2351.5,2043.0,0,1,0,0,0,0,0,426.0,589.0,1070.0,812.0,5.0,702.0,539.6666666666666,988.8571428571428,1056.2142857142858,789.4799999999999,463.6375842442128,462.9567771587768,825.284814210883,850.2262502131596,0.0,0.0,0
2023-07-11,716.0,847.0,173.0,7,11,0,0,511.5,145.0,65.0,335.0,0.0,248.5,682.25,523.0,434.0,0,1,0,0,0,0,0,202.0,270.0,145.0,76.0,524.0,125.0,327.8333333333333,202.92857142857144,119.25,167.55,159.44341435428507,151.29113005884622,242.04022452362275,177.02512295902724,0.0,0.0,1
2023-07-11,334.5,7883.3,1249.0,7,11,0,0,523.0,402.0,0.0,915.0,2591.5,1392.0,6449.35,12339.5,7061.6,0,1,0,0,0,0,0,0.0,10.0,402.0,229.0,0.0,248.0,177.66666666666666,256.2857142857143,191.42857142857144,240.69166666666663,220.11414787613748,274.75507653787446,244.12834596990228,257.47895541465266,0.0,0.0,2
2023-07-11,0.0,0.0,0.0,7,11,0,0,0.0,0.0,0.0,0.0,0.0,0.0,0.0,0.0,0.0,0,1,0,0,0,0,0,0.0,0.0,0.0,0.0,0.0,0.0,0.0,0.0,0.0,0.0,0.0,0.0,0.0,0.0,0.0,0.0,3
2023-07-11,13442.0,2499.0,915.0,7,11,0,0,14949.0,13802.0,15257.0,2647.0,432.0,500.0,3012.0,1113.9,1645.0,0,1,0,0,0,0,0,15729.0,14709.0,13802.0,8285.0,11145.0,11226.0,15129.0,13904.92857142857,12612.535714285714,12427.216666666667,1814.494889047884,1898.454215495724,14166.710463713633,13192.498644989715,0.0,0.0,4
2023-07-11,93.0,102.5,235.0,7,11,0,0,98.2,0.0,96.0,382.0,360.0,40.0,1569.0,584.5,91.75,0,1,0,0,0,0,0,78.0,117.0,0.0,160.0,233.0,0.0,97.73333333333332,81.67142857142858,60.92142857142857,111.84666666666666,83.67490094179423,137.67589059299672,89.47103019867718,86.54660172648195,0.0,0.0,5
2023-07-11,0.0,371.0,0.0,7,11,0,0,0.0,24.0,25.0,0.0,9.0,12.0,34.0,18.0,24.0,0,1,0,0,0,0,0,179.0,0.0,24.0,32.0,18.0,0.0,59.66666666666666,39.85714285714285,45.142857142857146,40.23333333333333,64.19093542297222,47.961682502866246,48.06393923977315,40.70149803286768,0.0,0.0,6
2023-07-11,0.0,0.0,15640.0,7,11,0,0,0.0,1440.0,0.0,9000.0,0.0,0.0,0.0,0.0,8200.0,0,1,0,0,0,0,0,0.0,0.0,1440.0,5600.0,0.0,0.0,0.0,205.7142857142857,502.8571428571428,234.66666666666663,544.268841133283,1046.8597815843575,97.95507296484404,377.487204965956,0.0,0.0,7
2023-07-11,20.0,0.0,355.0,7,11,0,0,0.0,0.0,35.0,255.0,165.0,70.0,0.0,0.0,0.0,0,1,0,0,0,0,0,150.0,35.0,0.0,0.0,0.0,180.0,61.66666666666666,86.42857142857143,95.35714285714286,93.0,90.90811687789866,86.86692160405795,84.7288127641696,106.96386006798834,0.0,0.0,8
2023-07-12,1018.0,2978.0,290.0,7,12,0,0,90.0,1577.0,466.0,853.0,818.0,295.0,2445.0,1437.5,1706.0,0,0,1,0,0,0,0,604.0,426.0,1577.0,1648.0,596.0,390.0,373.3333333333333,848.8571428571429,1004.6428571428572,776.7133333333333,570.6602692120266,477.0514103238288,641.4636106581622,801.1793953606976,0.0,0.0,0
2023-07-12,420.0,105.0,441.5,7,12,0,0,716.0,0.0,182.0,173.0,517.0,380.0,847.0,724.0,278.0,0,0,1,0,0,0,0,511.5,202.0,0.0,0.0,278.0,150.0,476.5,284.5,164.96428571428572,189.25,246.92863341459585,180.03212117611784,360.530168392717,211.79769567134807,0.0,0.0,1
2023-07-12,30.0,9690.8,1254.75,7,12,0,0,334.5,188.0,215.0,1249.0,1499.0,1695.75,7883.3,11234.2,9076.25,0,0,1,0,0,0,0,523.0,0.0,188.0,75.0,755.0,0.0,285.8333333333333,246.64285714285717,198.9642857142857,251.84166666666667,214.0620459675408,271.4176105648131,266.7212594774267,262.44805506532026,0.0,0.0,2
2023-07-12,0.0,0.0,0.0,7,12,0,0,0.0,0.0,0.0,0.0,0.0,0.0,0.0,0.0,0.0,0,0,1,0,0,0,0,0.0,0.0,0.0,0.0,0.0,0.0,0.0,0.0,0.0,0.0,0.0,0.0,0.0,0.0,0.0,0.0,3
2023-07-12,16227.0,1170.0,975.0,7,12,0,0,13442.0,11394.0,14587.0,915.0,854.0,512.0,2499.0,3411.5,2550.0,0,0,1,0,0,0,0,14949.0,15729.0,11394.0,11931.0,8753.0,12428.0,14706.666666666666,13853.5,12980.892857142857,12366.716666666667,1822.9803665060704,1832.9552907773443,13985.532847785224,13208.595506603286,0.0,0.0,4
2023-07-12,0.0,334.0,417.0,7,12,0,0,93.0,38.0,0.0,235.0,67.5,305.0,102.5,286.0,556.0,0,0,1,0,0,0,0,98.2,78.0,38.0,0.0,223.5,407.0,89.73333333333333,94.95714285714288,56.135714285714286,111.74666666666668,75.53308010717038,137.6888865205339,90.35327264900788,86.9629500021928,0.0,0.0,5
2023-07-12,61.0,57.0,80.0,7,12,0,0,0.0,0.0,160.0,0.0,0.0,25.0,371.0,73.0,0.0,0,0,1,0,0,0,0,0.0,179.0,0.0,64.0,44.0,0.0,59.66666666666666,36.42857142857143,42.85714285714285,39.4,65.79984078718616,48.450187715376,36.04795442982986,38.075594933972994,0.0,0.0,6
2023-07-12,0.0,3000.0,14430.0,7,12,0,0,0.0,0.0,0.0,15640.0,0.0,0.0,0.0,2640.0,15450.0,0,0,1,0,0,0,0,0.0,0.0,0.0,0.0,0.0,0.0,0.0,0.0,102.85714285714286,234.66666666666663,0.0,1046.8597815843575,73.46630472363304,353.133191742346,0.0,0.0,7
2023-07-12,0.0,0.0,75.0,7,12,0,0,20.0,50.0,115.0,355.0,320.0,220.0,0.0,20.0,0.0,0,0,1,0,0,0,0,0.0,150.0,50.0,175.0,20.0,280.0,56.66666666666666,89.28571428571429,96.78571428571428,92.5,88.00703435088622,87.25458193679889,68.5466095731272,101.35328845069878,0.0,0.0,8
2023-07-13,334.5,1660.0,745.0,7,13,0,0,1018.0,1531.0,702.0,290.0,390.5,595.0,2978.0,3471.0,997.0,0,0,0,1,0,0,0,90.0,604.0,1531.0,1373.0,468.9,276.0,570.6666666666666,769.0,959.6428571428572,795.1133333333332,484.37175805366667,475.2960266187171,735.5977079936217,815.167821466459,0.0,0.0,0
2023-07-13,746.0,486.0,198.0,7,13,0,0,420.0,176.0,125.0,441.5,813.0,814.0,105.0,449.0,371.0,0,0,0,1,0,0,0,716.0,511.5,176.0,62.0,150.0,214.0,549.1666666666666,344.5,194.9642857142857,197.1833333333333,215.27598565562272,184.8802260613766,375.39762629453776,225.23010240222885,0.0,0.0,1
2023-07-13,0.0,5898.3,1002.0,7,13,0,0,30.0,501.0,248.0,1254.75,2042.5,979.0,9690.8,10760.0,8673.7,0,0,0,1,0,0,0,334.5,523.0,501.0,0.0,0.0,370.0,295.8333333333333,224.07142857142856,195.75,245.675,229.079394637796,274.3690972187294,207.54094460807005,247.45140635142863,0.0,0.0,2
2023-07-13,0.0,0.0,0.0,7,13,0,0,0.0,0.0,0.0,0.0,0.0,0.0,0.0,0.0,0.0,0,0,0,1,0,0,0,0.0,0.0,0.0,0.0,0.0,0.0,0.0,0.0,0.0,0.0,0.0,0.0,0.0,0.0,0.0,0.0,3
2023-07-13,16223.0,2446.0,1660.0,7,13,0,0,16227.0,11399.0,11226.0,975.0,1976.0,855.0,1170.0,1335.9,1240.0,0,0,0,1,0,0,0,13442.0,14949.0,11399.0,10881.0,10406.0,11611.0,14872.666666666666,14543.92857142857,13287.75,12421.383333333331,1642.5115531955623,1923.6684050197985,14545.899635838918,13403.331280370816,0.0,0.0,4
2023-07-13,0.0,839.0,693.0,7,13,0,0,0.0,0.0,0.0,417.0,120.5,381.0,334.0,300.0,245.0,0,0,0,1,0,0,0,93.0,98.2,0.0,0.0,16.0,401.0,63.73333333333333,89.52857142857144,56.135714285714286,111.74666666666668,81.4431645236055,137.6888865205339,67.76495448675593,81.35243709882553,0.0,0.0,5
2023-07-13,16.0,139.0,25.0,7,13,0,0,61.0,25.0,0.0,80.0,52.0,47.0,57.0,53.0,64.0,0,0,0,1,0,0,0,0.0,0.0,25.0,0.0,32.0,6.0,20.33333333333333,45.142857142857146,42.642857142857146,36.1,64.19093542297222,43.01992321126861,42.28596582237239,39.55458880920055,0.0,0.0,6
2023-07-13,0.0,0.0,14800.0,7,13,0,0,0.0,0.0,0.0,14430.0,7140.0,16030.0,3000.0,11900.0,14250.0,0,0,0,1,0,0,0,0.0,0.0,0.0,0.0,0.0,0.0,0.0,0.0,102.85714285714286,234.66666666666663,0.0,1046.8597815843575,55.09972854272478,330.3504051783237,0.0,0.0,7
2023-07-13,70.0,0.0,265.0,7,13,0,0,0.0,245.0,180.0,75.0,35.0,35.0,0.0,0.0,0.0,0,0,0,1,0,0,0,20.0,0.0,245.0,165.0,55.0,150.0,6.666666666666667,82.14285714285714,84.28571428571429,88.66666666666667,93.57960705807024,88.74540622723418,51.4099571798454,94.81436661516985,0.0,0.0,8
2023-07-14,315.0,2536.0,764.0,7,14,1,0,334.5,1125.0,390.0,745.0,102.0,770.0,1660.0,3995.5,2069.5,0,0,0,0,1,0,0,1018.0,90.0,1125.0,1935.0,530.0,761.0,480.8333333333333,598.0714285714286,885.4642857142857,782.8633333333332,367.7241299048586,482.4604950655033,635.3232809952162,784.1569942750747,0.0,0.0,0
2023-07-14,40.0,565.0,341.0,7,14,1,0,746.0,116.0,150.0,198.0,377.0,357.0,486.0,509.0,258.0,0,0,0,0,1,0,0,420.0,716.0,116.0,0.0,140.0,342.0,627.3333333333334,425.9285714285714,243.82142857142856,217.88333333333333,246.46102270802496,209.6281471021276,468.0482197209033,258.8281603117625,0.0,0.0,1
2023-07-14,1077.5,11657.45,1344.5,7,14,1,0,0.0,170.0,0.0,1002.0,2396.0,1729.0,5898.3,8907.95,11450.9,0,0,0,0,1,0,0,30.0,334.5,170.0,0.0,950.0,410.0,121.5,152.5,195.75,237.40833333333333,205.1525854902477,278.00857778980946,155.65570845605254,231.48679949004617,0.0,0.0,2
2023-07-14,0.0,0.0,0.0,7,14,1,0,0.0,0.0,0.0,0.0,0.0,0.0,0.0,0.0,0.0,0,0,0,0,1,0,0,0.0,0.0,0.0,0.0,0.0,0.0,0.0,0.0,0.0,0.0,0.0,0.0,0.0,0.0,0.0,0.0,3
2023-07-14,14726.0,9442.2,915.0,7,14,1,0,16223.0,15352.5,12428.0,1660.0,972.0,195.0,2446.0,7228.46,491.5,0,0,0,0,1,0,0,16227.0,13442.0,15352.5,10693.0,15213.0,11707.0,15297.333333333334,15233.07142857143,13669.32142857143,12587.95,982.458244599182,2029.995058385392,14965.174726879188,13585.245391314636,0.0,0.0,4
2023-07-14,60.5,1207.0,60.0,7,14,1,0,0.0,240.5,407.0,693.0,216.0,130.0,839.0,638.0,298.75,0,0,0,0,1,0,0,0.0,93.0,240.5,0.0,78.0,511.0,31.0,89.52857142857144,56.135714285714286,111.74666666666668,81.4431645236055,137.6888865205339,50.823715865066944,76.10389276986905,0.0,0.0,5
2023-07-14,16.0,0.0,155.0,7,14,1,0,16.0,51.0,0.0,25.0,0.0,6.0,139.0,124.0,57.0,0,0,0,0,1,0,0,61.0,0.0,51.0,136.0,76.0,28.0,25.666666666666668,43.85714285714285,43.785714285714285,36.63333333333333,64.7493335137605,42.6545735376426,35.71447436677929,38.03493791828439,0.0,0.0,6
2023-07-14,0.0,14860.0,10400.0,7,14,1,0,0.0,0.0,0.0,14800.0,0.0,0.0,0.0,11900.0,2500.0,0,0,0,0,1,0,0,0.0,0.0,0.0,0.0,0.0,0.0,0.0,0.0,102.85714285714286,234.66666666666663,0.0,1046.8597815843575,41.32479640704359,309.03747581198024,0.0,0.0,7
2023-07-14,130.0,250.0,95.0,7,14,1,0,70.0,125.0,280.0,265.0,230.0,140.0,0.0,0.0,0.0,0,0,0,0,1,0,0,0.0,20.0,125.0,35.0,140.0,70.0,30.0,57.142857142857146,77.5,85.0,60.267261901822216,87.09883407113874,56.05746788488405,93.2134397367718,0.0,0.0,8
2023-07-15,1271.0,3310.0,279.5,7,15,1,0,315.0,589.0,276.0,764.0,1057.5,754.0,2536.0,1420.0,2869.0,0,0,0,0,0,1,0,334.5,1018.0,589.0,448.0,995.0,518.0,555.8333333333334,482.3571428571428,769.75,780.3633333333332,294.4127932973403,484.75527952049015,555.2424607464122,753.8888010960377,0.0,0.0,0
2023-07-15,75.0,322.5,107.5,7,15,1,0,40.0,270.0,214.0,341.0,762.0,517.0,565.0,966.5,810.0,0,0,0,0,0,1,0,746.0,420.0,270.0,111.0,0.0,322.0,402.0,415.07142857142856,246.67857142857144,214.21666666666667,263.47618940039393,211.807153803404,361.0361647906775,244.7102144851972,0.0,0.0,1
2023-07-15,108.0,8461.5,1100.0,7,15,1,0,1077.5,10.0,370.0,1344.5,515.0,3845.75,11657.45,7955.1,11975.4,0,0,0,0,0,1,0,0.0,30.0,10.0,0.0,80.0,0.0,369.1666666666667,282.1428571428572,272.7142857142857,273.325,406.2415859934532,313.6033841384741,386.1167813420394,286.06829629714,0.0,0.0,2
2023-07-15,0.0,0.0,0.0,7,15,1,0,0.0,0.0,0.0,0.0,0.0,0.0,0.0,0.0,0.0,0,0,0,0,0,1,0,0.0,0.0,0.0,0.0,0.0,0.0,0.0,0.0,0.0,0.0,0.0,0.0,0.0,0.0,0.0,0.0,3
2023-07-15,14985.0,3272.0,3161.3,7,15,1,0,14726.0,14709.0,11611.0,915.0,4037.2,485.0,9442.2,1509.5,5149.0,0,0,0,0,0,1,0,16223.0,16227.0,14709.0,11359.0,12232.0,11508.0,15725.333333333334,15143.57142857143,13957.392857142857,12664.55,998.1759793314194,2066.7746417613434,14905.38104515939,13658.842462842724,0.0,0.0,4
2023-07-15,90.0,40.0,492.0,7,15,1,0,60.5,117.0,401.0,60.0,48.0,412.5,1207.0,258.5,120.0,0,0,0,0,0,1,0,0.0,0.0,117.0,0.0,0.0,180.0,20.166666666666668,63.81428571428571,60.457142857142856,100.19666666666669,46.93905369630704,126.1141067428237,53.242786898800205,75.09719001052267,0.0,0.0,5
2023-07-15,25.0,6.0,51.0,7,15,1,0,16.0,0.0,6.0,155.0,151.0,0.0,0.0,21.0,84.0,0,0,0,0,0,1,0,16.0,61.0,0.0,48.0,81.0,0.0,31.0,38.85714285714285,35.214285714285715,37.16666666666666,65.45336398645112,42.279108180113575,30.78585577508447,36.61332902033055,0.0,0.0,6
2023-07-15,280.0,0.0,650.0,7,15,1,0,130.0,35.0,150.0,95.0,245.0,45.0,250.0,305.0,70.0,0,0,0,0,0,1,0,70.0,0.0,35.0,80.0,0.0,0.0,66.66666666666667,57.85714285714285,84.28571428571429,80.0,61.22752260062053,79.491921081588,74.54310091366304,95.58676620536716,0.0,0.0,8
2023-07-16,644.0,2112.0,217.0,7,16,0,0,1271.0,426.0,761.0,279.5,855.0,723.0,3310.0,1723.0,1999.5,0,0,0,0,0,0,1,315.0,334.5,426.0,619.0,1066.0,160.0,640.1666666666666,579.7857142857143,828.5357142857143,813.53,421.1515816922743,483.0929047152389,734.1818455598092,787.2508139285515,0.0,0.0,0
2023-07-16,1035.0,755.0,76.0,7,16,0,0,75.0,202.0,342.0,107.5,311.0,273.0,322.5,304.0,30.0,0,0,0,0,0,0,1,40.0,746.0,202.0,0.0,65.0,207.0,287.0,387.2142857142857,244.1071428571429,209.58333333333331,290.31274187544363,213.32693394676255,289.5271235930081,233.76116838937804,0.0,0.0,1
2023-07-16,0.0,4369.8,1670.0,7,16,0,0,108.0,0.0,410.0,1100.0,463.0,2207.0,8461.5,6213.95,7791.2,0,0,0,0,0,0,1,1077.5,0.0,0.0,432.0,132.75,0.0,395.1666666666667,296.1428571428572,280.42857142857144,264.59166666666664,396.8806195702635,314.4652582322209,316.5875860065296,274.5800191166793,0.0,0.0,2
2023-07-16,0.0,0.0,0.0,7,16,0,0,0.0,0.0,0.0,0.0,0.0,0.0,0.0,0.0,0.0,0,0,0,0,0,0,1,0.0,0.0,0.0,0.0,0.0,0.0,0.0,0.0,0.0,0.0,0.0,0.0,0.0,0.0,0.0,0.0,3
2023-07-16,15318.0,1685.0,2035.0,7,16,0,0,14985.0,15729.0,11707.0,3161.3,155.0,165.0,3272.0,1737.0,12925.0,0,0,0,0,0,0,1,14726.0,16223.0,15729.0,13542.0,13305.0,11907.0,15311.333333333334,15183.0,14216.392857142857,12777.016666666666,983.4922470461844,2099.016380820827,14925.285783869544,13744.401013627064,0.0,0.0,4
2023-07-16,48.0,605.0,10.0,7,16,0,0,90.0,78.0,511.0,492.0,280.0,284.0,40.0,174.5,23.0,0,0,0,0,0,0,1,60.5,0.0,78.0,0.0,0.0,197.0,50.16666666666666,59.957142857142856,66.88571428571429,89.83,42.7638420920785,112.59257692810144,62.43209017410015,76.05866162274702,0.0,0.0,5
2023-07-16,0.0,6.0,9.0,7,16,0,0,25.0,179.0,28.0,51.0,0.0,0.0,6.0,67.0,32.0,0,0,0,0,0,0,1,16.0,16.0,179.0,73.0,0.0,52.0,19.0,42.42857142857143,33.57142857142857,37.8,63.636617191826325,41.93706286066431,29.339391831313357,35.86408198676084,0.0,0.0,6
2023-07-16,440.0,0.0,150.0,7,16,0,0,280.0,150.0,70.0,650.0,185.0,35.0,0.0,0.0,0.0,0,0,0,0,0,0,1,130.0,70.0,150.0,0.0,105.0,45.0,160.0,92.85714285714286,98.57142857142856,84.33333333333333,102.26017238956146,86.65959299160883,125.90732568524729,107.48439419211768,0.0,0.0,8
2023-07-17,773.0,2603.5,720.0,7,17,0,0,644.0,604.0,518.0,217.0,618.0,40.0,2112.0,1741.0,2233.0,1,0,0,0,0,0,0,1271.0,315.0,604.0,1030.0,716.0,774.5,743.3333333333334,610.9285714285714,830.3214285714286,809.6299999999999,415.9118925697509,484.0030137765958,711.6363841698569,778.008825933161,0.0,0.0,0
2023-07-17,116.0,273.0,227.0,7,17,0,0,1035.0,511.5,322.0,76.0,335.0,474.5,755.0,682.25,187.5,1,0,0,0,0,0,0,75.0,40.0,511.5,0.0,91.0,502.0,383.3333333333333,506.2142857142857,318.0357142857143,232.6833333333333,363.2914185084815,260.47127326329536,475.8953426947561,285.4539962352246,0.0,0.0,1
2023-07-17,125.0,6705.35,1441.0,7,17,0,0,0.0,523.0,0.0,1670.0,915.0,2819.5,4369.8,6449.35,10303.65,1,0,0,0,0,0,0,108.0,1077.5,523.0,150.0,845.0,535.0,395.1666666666667,296.1428571428572,249.57142857142856,250.925,396.8806195702635,316.8283225839811,237.4406895048972,256.86517917366774,0.0,0.0,2
2023-07-17,0.0,0.0,0.0,7,17,0,0,0.0,0.0,0.0,0.0,0.0,0.0,0.0,0.0,0.0,1,0,0,0,0,0,0,0.0,0.0,0.0,0.0,0.0,0.0,0.0,0.0,0.0,0.0,0.0,0.0,0.0,0.0,0.0,0.0,3
2023-07-17,15056.0,1596.0,1522.0,7,17,0,0,15318.0,14949.0,11508.0,2035.0,2647.0,8578.2,1685.0,3012.0,1962.0,1,0,0,0,0,0,0,14985.0,14726.0,14949.0,12550.0,12306.0,12650.0,15009.666666666666,15124.285714285714,14343.25,12897.383333333331,957.3852784686652,2138.7011837002983,15023.464337902158,13845.923528876932,0.0,0.0,4
2023-07-17,0.0,512.5,458.0,7,17,0,0,48.0,98.2,180.0,10.0,382.0,416.0,605.0,1569.0,1225.0,1,0,0,0,0,0,0,90.0,60.5,98.2,121.2,32.0,128.0,66.16666666666667,55.67142857142857,70.31428571428572,74.39666666666668,42.15316177487856,79.83938827133092,58.82406763057512,74.2484253890214,0.0,0.0,5
2023-07-17,18.0,74.0,50.0,7,17,0,0,0.0,0.0,0.0,9.0,0.0,42.0,6.0,34.0,108.0,1,0,0,0,0,0,0,25.0,16.0,0.0,0.0,53.0,0.0,13.666666666666666,16.857142857142858,28.357142857142858,36.86666666666667,21.866477931821954,42.47086898856294,22.004543873485016,33.55027024567949,0.0,0.0,6
2023-07-17,0.0,0.0,16375.0,7,17,0,0,0.0,0.0,0.0,10400.0,0.0,0.0,14860.0,26400.0,9680.0,1,0,0,0,0,0,0,0.0,0.0,0.0,0.0,0.0,0.0,0.0,0.0,102.85714285714286,234.66666666666663,0.0,1046.8597815843575,30.99359730528269,289.0995741466912,0.0,0.0,7
2023-07-17,0.0,0.0,380.0,7,17,0,0,440.0,0.0,0.0,150.0,255.0,125.0,0.0,0.0,0.0,1,0,0,0,0,0,0,280.0,130.0,0.0,275.0,210.0,50.0,283.3333333333333,134.28571428571428,130.0,96.66666666666669,167.31777578977693,108.20106868403772,204.43049426393543,128.93701392165846,0.0,0.0,8
2023-07-18,204.0,3499.2,627.5,7,18,0,0,773.0,90.0,160.0,720.0,853.0,877.0,2603.5,2445.0,2529.0,0,1,0,0,0,0,0,644.0,1271.0,90.0,1070.0,812.0,5.0,896.0,635.0714285714286,811.9642857142857,818.1299999999999,420.3243220589137,480.9342489650599,726.9772881273927,777.6856758729571,0.0,0.0,0
2023-07-18,716.0,652.0,515.0,7,18,0,0,116.0,716.0,207.0,227.0,173.0,852.5,273.0,847.0,215.0,0,1,0,0,0,0,0,1035.0,75.0,716.0,145.0,76.0,524.0,408.6666666666667,449.7142857142857,326.32142857142856,225.81666666666663,391.9560835458117,260.7506565381139,385.9215070210671,274.5214803490811,0.0,0.0,1
2023-07-18,265.0,6621.1,1614.5,7,18,0,0,125.0,334.5,0.0,1441.0,1249.0,846.0,6705.35,7883.3,11674.15,0,1,0,0,0,0,0,0.0,108.0,334.5,402.0,229.0,0.0,77.66666666666667,239.28571428571428,247.78571428571428,255.09166666666667,387.358991240991,314.2258308493884,209.3305171286729,248.3577482592376,0.0,0.0,2
2023-07-18,0.0,0.0,0.0,7,18,0,0,0.0,0.0,0.0,0.0,0.0,0.0,0.0,0.0,0.0,0,1,0,0,0,0,0,0.0,0.0,0.0,0.0,0.0,0.0,0.0,0.0,0.0,0.0,0.0,0.0,0.0,0.0,0.0,0.0,3
2023-07-18,14795.0,1530.0,1110.0,7,18,0,0,15056.0,13442.0,11907.0,1522.0,915.0,1330.0,1596.0,2499.0,2172.5,0,1,0,0,0,0,0,15318.0,14985.0,13442.0,13802.0,8285.0,11145.0,15119.666666666666,15139.57142857143,14522.25,13015.65,954.9713533474384,2157.240171552244,15031.59825342662,13923.99297862681,0.0,0.0,4
2023-07-18,0.0,1106.0,767.0,7,18,0,0,0.0,93.0,197.0,458.0,235.0,427.0,512.5,102.5,1575.0,0,1,0,0,0,0,0,48.0,90.0,93.0,0.0,160.0,233.0,46.0,41.642857142857146,61.65714285714285,68.39666666666668,41.98086298711468,78.37978048263372,44.118050722931336,69.45820439618132,0.0,0.0,5
2023-07-18,9.0,34.0,0.0,7,18,0,0,18.0,0.0,52.0,50.0,0.0,0.0,74.0,371.0,81.0,0,1,0,0,0,0,0,0.0,25.0,0.0,24.0,32.0,18.0,14.333333333333334,19.428571428571427,29.642857142857142,37.46666666666667,20.573908580668707,42.057213357547816,21.00340790511376,32.54702700402275,0.0,0.0,6
2023-07-18,0.0,0.0,14500.0,7,18,0,0,0.0,0.0,0.0,16375.0,0.0,12220.0,0.0,27200.0,14400.0,0,1,0,0,0,0,0,0.0,0.0,0.0,0.0,0.0,0.0,0.0,0.0,102.85714285714286,234.66666666666663,0.0,1046.8597815843575,23.24519797896202,270.4479887178725,0.0,0.0,7
2023-07-18,275.0,310.0,0.0,7,18,0,0,0.0,20.0,45.0,380.0,355.0,35.0,0.0,0.0,0.0,0,1,0,0,0,0,0,440.0,280.0,20.0,0.0,0.0,0.0,240.0,134.28571428571428,110.35714285714286,96.66666666666669,167.31777578977693,108.20106868403772,153.3228706979516,120.6184968944547,0.0,0.0,8
2023-07-19,136.0,2256.5,1624.0,7,19,0,0,204.0,1018.0,774.5,627.5,290.0,259.5,3499.2,2978.0,1401.5,0,0,1,0,0,0,0,773.0,644.0,1018.0,1577.0,1648.0,596.0,540.3333333333334,651.3571428571429,750.1071428571429,819.5966666666666,397.26111420216114,478.9208713587126,596.2329660955445,740.6736967843792,0.0,0.0,0
2023-07-19,0.0,305.0,262.5,7,19,0,0,716.0,420.0,502.0,515.0,441.5,652.0,652.0,105.0,283.5,0,0,1,0,0,0,0,116.0,1035.0,420.0,0.0,0.0,278.0,622.3333333333334,449.7142857142857,367.1071428571428,242.78333333333333,391.9560835458117,275.62004341726185,468.4411302658003,303.0039654878501,0.0,0.0,1
2023-07-19,21.5,8094.9,693.0,7,19,0,0,265.0,30.0,535.0,1614.5,1254.75,1462.5,6621.1,9690.8,8558.45,0,0,1,0,0,0,0,125.0,0.0,30.0,188.0,75.0,755.0,130.0,229.3571428571429,238.0,263.925,385.3974911574753,310.510363742306,223.24788784650468,249.431441919932,0.0,0.0,2
2023-07-19,0.0,0.0,0.0,7,19,0,0,0.0,0.0,0.0,0.0,0.0,0.0,0.0,0.0,0.0,0,0,1,0,0,0,0,0.0,0.0,0.0,0.0,0.0,0.0,0.0,0.0,0.0,0.0,0.0,0.0,0.0,0.0,0.0,0.0,3
2023-07-19,14747.0,2030.0,551.0,7,19,0,0,14795.0,16227.0,12650.0,1110.0,975.0,2734.0,1530.0,1170.0,1528.0,0,0,1,0,0,0,0,15056.0,15318.0,16227.0,11394.0,11931.0,8753.0,15056.333333333334,15332.857142857143,14593.17857142857,13111.916666666666,638.655731092345,2170.4586599473305,14972.448690069965,13980.186980005725,0.0,0.0,4
2023-07-19,30.0,162.5,45.0,7,19,0,0,0.0,0.0,128.0,767.0,417.0,80.0,1106.0,334.0,1421.5,0,0,1,0,0,0,0,0.0,48.0,0.0,38.0,0.0,223.5,16.0,28.357142857142858,61.65714285714285,61.830000000000005,37.49523779285708,75.43070878353399,33.0885380421985,64.97702991900833,0.0,0.0,5
2023-07-19,25.0,6.0,34.0,7,19,0,0,9.0,61.0,0.0,0.0,80.0,32.0,34.0,57.0,41.0,0,0,1,0,0,0,0,18.0,0.0,61.0,0.0,64.0,44.0,9.0,20.714285714285715,28.571428571428573,36.03333333333333,19.40544842489933,42.27698757197488,18.00255592883532,31.02786397150516,0.0,0.0,6
2023-07-19,0.0,2500.0,12025.0,7,19,0,0,0.0,0.0,0.0,14500.0,9000.0,0.0,0.0,0.0,17950.0,0,0,1,0,0,0,0,0.0,0.0,0.0,0.0,0.0,0.0,0.0,0.0,102.85714285714286,234.66666666666663,0.0,1046.8597815843575,17.433898484221515,252.9997313812356,0.0,0.0,7
2023-07-19,17.5,0.0,585.0,7,19,0,0,275.0,0.0,50.0,0.0,75.0,35.0,310.0,0.0,0.0,0,0,1,0,0,0,0,0.0,440.0,0.0,50.0,175.0,20.0,238.33333333333331,170.71428571428572,130.0,104.33333333333331,166.04288029071907,112.4778394521166,183.7421530234637,130.578593869006,0.0,0.0,8
2023-07-20,738.9,1422.5,648.0,7,20,0,0,136.0,334.5,5.0,1624.0,745.0,498.0,2256.5,1660.0,1322.4,0,0,0,1,0,0,0,204.0,773.0,334.5,1531.0,1373.0,468.9,371.0,525.3571428571429,647.1785714285714,798.3133333333333,401.4416431527033,494.9145560065155,481.1747245716584,701.6624905402257,0.0,0.0,0
2023-07-20,330.0,544.0,0.0,7,20,0,0,0.0,746.0,524.0,262.5,198.0,347.0,305.0,486.0,919.0,0,0,0,1,0,0,0,716.0,116.0,746.0,176.0,62.0,150.0,277.3333333333333,389.7142857142857,367.1071428571428,226.05,427.7728035167398,274.576550157787,351.3308476993502,283.4553225531501,0.0,0.0,1
2023-07-20,175.0,10422.2,2181.5,7,20,0,0,21.5,0.0,0.0,693.0,1002.0,2287.5,8094.9,5898.3,13094.35,0,0,0,1,0,0,0,265.0,125.0,0.0,501.0,0.0,0.0,137.16666666666666,228.14285714285717,226.1071428571429,246.8083333333333,386.14296945191546,309.20268491589025,172.8109158848785,234.726187602517,0.0,0.0,2
2023-07-20,0.0,0.0,0.0,7,20,0,0,0.0,0.0,0.0,0.0,0.0,0.0,0.0,0.0,0.0,0,0,0,1,0,0,0,0.0,0.0,0.0,0.0,0.0,0.0,0.0,0.0,0.0,0.0,0.0,0.0,0.0,0.0,0.0,0.0,3
2023-07-20,14988.0,2384.5,1291.0,7,20,0,0,14747.0,16223.0,11145.0,551.0,1660.0,1135.0,2030.0,2446.0,1525.0,0,0,0,1,0,0,0,14795.0,15056.0,16223.0,11399.0,10881.0,10406.0,14866.0,15121.42857142857,14832.67857142857,13181.816666666668,528.8524864089264,2188.75955455226,14916.086517552472,14029.658787747292,0.0,0.0,4
2023-07-20,91.0,753.0,59.0,7,20,0,0,30.0,0.0,233.0,45.0,693.0,65.0,162.5,839.0,360.0,0,0,0,1,0,0,0,0.0,0.0,0.0,0.0,0.0,16.0,10.0,32.642857142857146,61.08571428571428,58.56333333333334,35.36796371213498,74.58355871024902,32.316403531648874,62.72044734358845,0.0,0.0,5
2023-07-20,32.0,26.0,0.0,7,20,0,0,25.0,16.0,18.0,34.0,25.0,6.0,6.0,139.0,54.0,0,0,0,1,0,0,0,9.0,18.0,16.0,25.0,0.0,32.0,17.333333333333332,15.571428571428571,30.357142857142858,36.86666666666667,8.84792146697255,41.7857700026294,19.75191694662649,30.638969521730637,0.0,0.0,6
2023-07-20,0.0,8500.0,11200.0,7,20,0,0,0.0,0.0,0.0,12025.0,15640.0,0.0,2500.0,0.0,8420.0,0,0,0,1,0,0,0,0.0,0.0,0.0,1440.0,5600.0,0.0,0.0,0.0,102.85714285714286,234.66666666666663,0.0,1046.8597815843575,13.075423863166137,236.6771680663172,0.0,0.0,7
2023-07-20,235.0,185.0,475.0,7,20,0,0,17.5,70.0,0.0,585.0,265.0,260.0,0.0,0.0,0.0,0,0,0,1,0,0,0,275.0,0.0,70.0,245.0,165.0,55.0,97.5,173.21428571428572,127.67857142857144,103.25,163.1507118032426,113.173558353287,142.18161476759775,123.2832007161669,0.0,0.0,8
2023-07-21,1301.9,2727.5,929.0,7,21,1,0,738.9,315.0,596.0,648.0,764.0,849.0,1422.5,2536.0,1214.5,0,0,0,0,1,0,0,136.0,204.0,315.0,1125.0,1935.0,530.0,359.6333333333334,583.1285714285715,590.6,822.7766666666666,398.4854021344889,471.95493551918656,545.6060434287438,704.0649105053724,0.0,0.0,0
2023-07-21,202.0,499.0,292.0,7,21,1,0,330.0,40.0,278.0,0.0,341.0,177.0,544.0,565.0,191.0,0,0,0,0,1,0,0,0.0,716.0,40.0,116.0,0.0,140.0,348.6666666666667,330.2857142857143,378.1071428571428,219.58333333333331,397.8780023599,269.55602332844217,345.99813577451266,286.45820496907595,0.0,0.0,1
2023-07-21,0.0,13108.35,941.25,7,21,1,0,175.0,1077.5,755.0,2181.5,1344.5,1500.5,10422.2,11657.45,13466.9,0,0,0,0,1,0,0,21.5,265.0,1077.5,170.0,0.0,950.0,153.83333333333334,253.14285714285717,202.82142857142856,252.64166666666668,374.3969277702604,306.0202810732662,173.35818691365887,230.87288517654815,0.0,0.0,2
2023-07-21,0.0,0.0,0.0,7,21,1,0,0.0,0.0,0.0,0.0,0.0,0.0,0.0,0.0,0.0,0,0,0,0,1,0,0,0.0,0.0,0.0,0.0,0.0,0.0,0.0,0.0,0.0,0.0,0.0,0.0,0.0,0.0,0.0,0.0,3
2023-07-21,14832.0,17607.18,708.0,7,21,1,0,14988.0,14726.0,8753.0,1291.0,915.0,820.0,2384.5,9442.2,3573.0,0,0,0,0,1,0,0,14747.0,14795.0,14726.0,15352.5,10693.0,15213.0,14843.333333333334,14945.0,15089.035714285714,13309.916666666666,209.9857137996492,2177.872823633112,14934.064888164354,14091.487253053918,0.0,0.0,4
2023-07-21,0.0,241.0,82.0,7,21,1,0,91.0,60.5,223.5,59.0,60.0,0.0,753.0,1207.0,314.5,0,0,0,0,1,0,0,30.0,0.0,60.5,240.5,0.0,78.0,40.333333333333336,45.642857142857146,67.58571428571427,53.830000000000005,37.99639707230448,67.27974614532532,46.98730264873666,64.54493461174404,0.0,0.0,5
2023-07-21,9.0,0.0,9.0,7,21,1,0,32.0,16.0,44.0,0.0,155.0,0.0,26.0,0.0,112.0,0,0,0,0,1,0,0,25.0,9.0,16.0,51.0,136.0,76.0,22.0,17.857142857142858,30.857142857142858,37.333333333333336,10.823255385643288,41.64574187227253,22.813937709969867,30.72677793968349,0.0,0.0,6
2023-07-21,0.0,0.0,8800.0,7,21,1,0,0.0,0.0,0.0,11200.0,14430.0,0.0,8500.0,3000.0,28100.0,0,0,0,0,1,0,0,0.0,0.0,0.0,0.0,0.0,0.0,0.0,0.0,0.0,234.66666666666663,0.0,1046.8597815843575,9.806567897374602,221.40767335236123,0.0,0.0,7
2023-07-21,80.0,335.0,235.0,7,21,1,0,235.0,130.0,20.0,475.0,95.0,60.0,185.0,250.0,0.0,0,0,0,0,1,0,0,17.5,275.0,130.0,125.0,35.0,140.0,175.83333333333334,196.78571428571428,126.96428571428572,111.08333333333331,157.57745638861138,113.91104237391858,165.38621107569833,130.49073615383355,0.0,0.0,8
2023-07-22,536.5,1344.5,781.0,7,22,1,0,1301.9,1271.0,468.9,929.0,279.5,1073.0,2727.5,3310.0,1695.5,0,0,0,0,0,1,0,738.9,136.0,1271.0,589.0,448.0,995.0,725.6,724.1142857142858,603.2357142857144,846.3066666666666,457.9563895851924,477.8191859236939,734.6795325715578,742.6349162792194,0.0,0.0,0
2023-07-22,344.0,201.0,203.0,7,22,1,0,202.0,75.0,150.0,292.0,107.5,300.0,499.0,322.5,27.0,0,0,0,0,0,1,0,330.0,0.0,75.0,270.0,111.0,0.0,177.33333333333334,353.42857142857144,384.25,217.05,382.59720209068297,269.3451301544749,309.99860183088447,281.0092885194582,0.0,0.0,1
2023-07-22,397.0,10632.2,869.0,7,22,1,0,0.0,108.0,0.0,941.25,1100.0,3500.0,13108.35,8461.5,11874.2,0,0,0,0,0,1,0,175.0,21.5,108.0,10.0,0.0,80.0,65.5,99.21428571428572,190.67857142857144,227.475,99.74712073658176,294.09516661424743,130.01864018524415,215.9778603264483,0.0,0.0,2
2023-07-22,0.0,0.0,0.0,7,22,1,0,0.0,0.0,0.0,0.0,0.0,0.0,0.0,0.0,0.0,0,0,0,0,0,1,0,0.0,0.0,0.0,0.0,0.0,0.0,0.0,0.0,0.0,0.0,0.0,0.0,0.0,0.0,0.0,0.0,3
2023-07-22,15368.0,2363.5,2486.8,7,22,1,0,14832.0,14985.0,10406.0,708.0,3161.3,2075.0,17607.18,3272.0,3840.5,0,0,0,0,0,1,0,14988.0,14747.0,14985.0,14709.0,11359.0,12232.0,14855.666666666666,14960.142857142857,15051.857142857143,13512.55,194.8361949358776,2016.058044927616,14908.548666123264,14139.262268985924,0.0,0.0,4
2023-07-22,50.0,0.0,370.0,7,22,1,0,0.0,90.0,16.0,82.0,492.0,330.0,241.0,40.0,842.75,0,0,0,0,0,1,0,91.0,30.0,90.0,117.0,0.0,0.0,40.333333333333336,37.0,50.40714285714286,46.38,40.82891132518768,59.80285081429939,35.240476986552494,60.380745281954106,0.0,0.0,5
2023-07-22,85.0,0.0,16.0,7,22,1,0,9.0,25.0,32.0,9.0,51.0,38.0,0.0,6.0,10.0,0,0,0,0,0,1,0,32.0,25.0,25.0,0.0,48.0,81.0,22.0,16.857142857142858,27.857142857142858,36.16666666666666,11.33473380702828,41.94173572233627,19.3604532824774,29.325050330671655,0.0,0.0,6
2023-07-22,80.0,35.0,0.0,7,22,1,0,80.0,280.0,55.0,235.0,650.0,20.0,335.0,0.0,70.0,0,0,0,0,0,1,0,235.0,17.5,280.0,35.0,80.0,0.0,110.83333333333331,189.64285714285717,123.75,113.08333333333331,162.17550017540512,112.77778603514318,144.03965830677373,127.23326930519912,0.0,0.0,8
2023-07-23,1187.0,1712.0,1525.0,7,23,0,0,536.5,644.0,530.0,781.0,217.0,919.0,1344.5,2112.0,1375.5,0,0,0,0,0,0,1,1301.9,738.9,644.0,426.0,619.0,1066.0,859.1,619.1857142857143,599.4857142857144,848.5600000000001,391.0220429787018,476.13443885321817,685.1346494286684,729.3358894224956,0.0,0.0,0
2023-07-23,287.0,735.0,111.0,7,23,0,0,344.0,1035.0,140.0,203.0,76.0,810.0,201.0,755.0,280.0,0,0,0,0,0,0,1,202.0,330.0,1035.0,202.0,0.0,65.0,292.0,391.8571428571428,389.5357142857143,223.51666666666668,362.9767800523096,270.0078697235391,318.4989513731633,285.0732053891706,0.0,0.0,1
2023-07-23,196.5,5825.8,1056.0,7,23,0,0,397.0,0.0,950.0,869.0,1670.0,1325.0,10632.2,4369.8,10466.4,0,0,0,0,0,0,1,0.0,175.0,0.0,0.0,432.0,132.75,190.66666666666663,140.5,218.32142857142856,240.70833333333331,150.75614968108854,292.4337390563983,196.7639801389331,227.65670804732264,0.0,0.0,2
2023-07-23,0.0,0.0,0.0,7,23,0,0,0.0,0.0,0.0,0.0,0.0,0.0,0.0,0.0,0.0,0,0,0,0,0,0,1,0.0,0.0,0.0,0.0,0.0,0.0,0.0,0.0,0.0,0.0,0.0,0.0,0.0,0.0,0.0,0.0,3
2023-07-23,16316.0,4597.0,2295.0,7,23,0,0,15368.0,15318.0,15213.0,2486.8,2035.0,620.0,2363.5,1685.0,9915.32,0,0,0,0,0,0,1,14832.0,14988.0,15318.0,15729.0,13542.0,13305.0,15062.666666666666,15014.857142857143,15098.92857142857,13677.95,249.17893742668588,1955.024809570098,15023.411499592448,14218.535670986834,0.0,0.0,4
2023-07-23,148.0,434.5,241.0,7,23,0,0,50.0,48.0,78.0,370.0,10.0,70.0,0.0,605.0,943.0,0,0,0,0,0,0,1,0.0,91.0,48.0,78.0,0.0,0.0,47.0,31.285714285714285,45.621428571428574,47.513333333333335,34.48049828388218,59.52880342138348,38.93035773991437,59.71101977989255,0.0,0.0,5
2023-07-23,137.0,25.0,0.0,7,23,0,0,85.0,0.0,76.0,16.0,9.0,18.0,0.0,6.0,93.0,0,0,0,0,0,0,1,9.0,32.0,0.0,179.0,73.0,0.0,42.0,25.428571428571427,33.92857142857143,37.93333333333333,28.383429102542323,42.8662179773089,35.77033996185805,32.91698256740252,0.0,0.0,6
2023-07-23,105.0,205.0,685.0,7,23,0,0,80.0,440.0,140.0,0.0,150.0,230.0,35.0,0.0,115.0,0,0,0,0,0,0,1,80.0,235.0,440.0,150.0,0.0,105.0,131.66666666666666,161.07142857142858,126.96428571428572,113.91666666666669,161.21838929731007,112.42561397724695,128.0297437300803,124.18596160808951,0.0,0.0,8
2023-07-24,172.0,2823.5,1319.0,7,24,0,0,1187.0,773.0,995.0,1525.0,720.0,949.0,1712.0,2603.5,1596.0,1,0,0,0,0,0,0,536.5,1301.9,773.0,604.0,1030.0,716.0,1008.4666666666668,696.7571428571429,653.8428571428573,870.4600000000002,446.6664410091822,476.08637915171767,810.6009870715013,758.8626062339475,0.0,0.0,0
2023-07-24,210.0,407.0,660.0,7,24,0,0,287.0,116.0,0.0,111.0,227.0,195.0,735.0,273.0,490.0,1,0,0,0,0,0,0,344.0,202.0,116.0,511.5,0.0,91.0,277.6666666666667,285.0,395.6071428571428,228.41666666666663,226.5487438352576,269.7737264926796,310.62421352987246,285.1975147189015,0.0,0.0,1
2023-07-24,316.5,5528.9,840.5,7,24,0,0,196.5,125.0,80.0,1056.0,1441.0,1301.75,5825.8,6705.35,9948.25,1,0,0,0,0,0,0,397.0,0.0,125.0,523.0,150.0,845.0,197.83333333333331,168.57142857142858,232.3571428571429,215.59166666666667,137.98805158763736,259.96959771962884,196.69798510419983,225.6465978507212,0.0,0.0,2
2023-07-24,0.0,0.0,0.0,7,24,0,0,0.0,0.0,0.0,0.0,0.0,0.0,0.0,0.0,0.0,1,0,0,0,0,0,0,0.0,0.0,0.0,0.0,0.0,0.0,0.0,0.0,0.0,0.0,0.0,0.0,0.0,0.0,0.0,0.0,3
2023-07-24,14832.0,3887.0,5351.0,7,24,0,0,16316.0,15056.0,12232.0,2295.0,1522.0,5594.2,4597.0,1596.0,1786.0,1,0,0,0,0,0,0,15368.0,14832.0,15056.0,14949.0,12550.0,12306.0,15505.333333333334,15157.42857142857,15140.857142857143,13714.716666666667,552.468960558785,1994.8547077131132,15346.558624694337,14353.855950278006,0.0,0.0,4
2023-07-24,0.0,1376.5,157.5,7,24,0,0,148.0,0.0,0.0,241.0,458.0,258.0,434.5,512.5,478.0,1,0,0,0,0,0,0,50.0,0.0,0.0,98.2,121.2,32.0,66.0,45.57142857142857,50.621428571428574,49.84666666666667,56.343757840767815,62.082113217973685,66.19776830493578,65.40708301989949,0.0,0.0,5
2023-07-24,68.0,6.0,0.0,7,24,0,0,137.0,18.0,81.0,0.0,50.0,25.0,25.0,74.0,87.0,1,0,0,0,0,0,0,85.0,9.0,18.0,0.0,0.0,53.0,77.0,45.0,30.928571428571427,39.96666666666667,48.225166320777625,46.06179008405043,61.07775497139354,39.632015950150745,0.0,0.0,6
2023-07-24,0.0,0.0,5950.0,7,24,0,0,0.0,0.0,0.0,8800.0,14800.0,12970.0,0.0,0.0,22100.0,1,0,0,0,0,0,0,0.0,0.0,0.0,0.0,0.0,0.0,0.0,0.0,0.0,234.66666666666663,0.0,1046.8597815843575,7.354925923030952,207.12330732962823,0.0,0.0,7
2023-07-24,300.0,0.0,110.0,7,24,0,0,105.0,0.0,0.0,685.0,380.0,575.0,205.0,0.0,0.0,1,0,0,0,0,0,0,80.0,80.0,0.0,0.0,275.0,210.0,88.33333333333333,113.21428571428572,123.75,112.75,104.29040269956808,112.32716608808104,122.27230779756022,122.94815763337408,0.0,0.0,8
2023-07-25,297.0,3460.0,176.0,7,25,0,0,172.0,204.0,1066.0,1319.0,627.5,565.0,2823.5,3499.2,2123.0,0,1,0,0,0,0,0,1187.0,536.5,204.0,90.0,1070.0,812.0,631.8333333333334,610.9,622.9857142857144,843.0266666666668,485.630586625952,492.10482127940656,650.9507403036259,721.0005026059509,0.0,0.0,0
2023-07-25,571.0,480.5,339.5,7,25,0,0,210.0,716.0,65.0,660.0,515.0,132.0,407.0,652.0,1514.0,0,1,0,0,0,0,0,287.0,344.0,716.0,716.0,145.0,76.0,280.3333333333333,298.42857142857144,374.07142857142856,235.41666666666663,217.4655966222831,266.3451896645991,285.4681601474043,280.3460621563918,0.0,0.0,1
2023-07-25,309.5,7320.55,1093.0,7,25,0,0,316.5,265.0,132.75,840.5,1614.5,595.5,5528.9,6621.1,6145.75,0,1,0,0,0,0,0,196.5,397.0,265.0,334.5,402.0,229.0,303.3333333333333,195.92857142857144,217.6071428571429,223.475,146.62293720385563,259.3010860616641,226.64848882814988,231.5081076668037,0.0,0.0,2
2023-07-25,0.0,0.0,0.0,7,25,0,0,0.0,0.0,0.0,0.0,0.0,0.0,0.0,0.0,0.0,0,1,0,0,0,0,0,0.0,0.0,0.0,0.0,0.0,0.0,0.0,0.0,0.0,0.0,0.0,0.0,0.0,0.0,0.0,0.0,3
2023-07-25,14652.0,4626.0,3197.0,7,25,0,0,14832.0,14795.0,13305.0,5351.0,1110.0,6070.0,3887.0,1530.0,3666.0,0,1,0,0,0,0,0,16316.0,15368.0,14795.0,13442.0,13802.0,8285.0,15505.333333333334,15125.42857142857,15132.5,13801.383333333331,565.6529728678504,1984.6692927127413,15217.918968520751,14384.703953485878,0.0,0.0,4
2023-07-25,0.0,749.0,57.0,7,25,0,0,0.0,0.0,0.0,157.5,767.0,237.0,1376.5,1106.0,112.0,0,1,0,0,0,0,0,148.0,50.0,0.0,93.0,0.0,160.0,66.0,45.57142857142857,43.60714285714285,49.84666666666667,56.343757840767815,62.082113217973685,49.64832622870183,61.18727121216404,0.0,0.0,5
2023-07-25,0.0,0.0,12.0,7,25,0,0,68.0,9.0,0.0,0.0,0.0,73.0,6.0,34.0,0.0,0,1,0,0,0,0,0,137.0,85.0,9.0,0.0,24.0,32.0,96.66666666666669,52.142857142857146,35.785714285714285,39.53333333333333,47.25261393626305,45.72235047909647,62.80831622854515,41.46220846949586,0.0,0.0,6
2023-07-25,0.0,0.0,5850.0,7,25,0,0,0.0,0.0,0.0,5950.0,10400.0,1850.0,0.0,14860.0,10000.0,0,1,0,0,0,0,0,0.0,0.0,0.0,0.0,0.0,0.0,0.0,0.0,0.0,234.66666666666663,0.0,1046.8597815843575,5.516194442273214,193.76051330836196,0.0,0.0,7
2023-07-25,0.0,0.0,490.0,7,25,0,0,300.0,275.0,105.0,110.0,0.0,470.0,0.0,310.0,0.0,0,1,0,0,0,0,0,105.0,80.0,275.0,20.0,0.0,0.0,161.66666666666666,156.07142857142858,145.17857142857142,122.75,111.41006409186,115.25898498897898,166.70423084817017,134.37085714089832,0.0,0.0,8
2023-07-26,852.0,2206.0,1175.5,7,26,0,0,297.0,136.0,716.0,176.0,1624.0,1049.0,3460.0,2256.5,3030.7,0,0,1,0,0,0,0,172.0,1187.0,136.0,1018.0,1577.0,1648.0,552.0,624.1857142857143,637.7714285714286,817.3933333333334,473.77076534463134,500.0539101511668,562.4630552277195,693.6456314700831,0.0,0.0,0
2023-07-26,78.0,784.0,181.0,7,26,0,0,571.0,0.0,91.0,339.5,262.5,190.0,480.5,305.0,326.0,0,0,1,0,0,0,0,210.0,287.0,0.0,420.0,0.0,0.0,356.0,277.7142857142857,363.7142857142857,252.28333333333333,173.52878174884395,271.1592509353426,356.8511201105532,299.0979291140439,0.0,0.0,1
2023-07-26,64.5,8170.55,1278.0,7,26,0,0,309.5,21.5,845.0,1093.0,693.0,1511.5,7320.55,8094.9,6024.05,0,0,1,0,0,0,0,316.5,196.5,21.5,30.0,188.0,75.0,274.1666666666667,202.28571428571428,215.82142857142856,229.36666666666667,151.01568824211003,259.17657851467715,247.3613666211124,236.5398426560422,0.0,0.0,2
2023-07-26,0.0,0.0,0.0,7,26,0,0,0.0,0.0,0.0,0.0,0.0,0.0,0.0,0.0,0.0,0,0,1,0,0,0,0,0.0,0.0,0.0,0.0,0.0,0.0,0.0,0.0,0.0,0.0,0.0,0.0,0.0,0.0,0.0,0.0,3
2023-07-26,16877.0,4661.0,2160.0,7,26,0,0,14652.0,14747.0,12306.0,3197.0,551.0,1907.0,4626.0,2030.0,3203.0,0,0,1,0,0,0,0,14832.0,16316.0,14747.0,16227.0,11394.0,11931.0,15266.666666666666,15105.0,15218.92857142857,13846.283333333333,581.9235344956853,1988.2857444132349,15076.439226390565,14401.948859712596,0.0,0.0,4
2023-07-26,0.0,416.0,30.0,7,26,0,0,0.0,30.0,32.0,57.0,45.0,301.0,749.0,162.5,657.0,0,0,1,0,0,0,0,0.0,148.0,30.0,0.0,38.0,0.0,49.333333333333336,45.57142857142857,36.96428571428572,49.84666666666667,56.343757840767815,62.082113217973685,37.23624467152638,57.239705327508304,0.0,0.0,5
2023-07-26,406.0,157.0,0.0,7,26,0,0,0.0,25.0,53.0,12.0,34.0,62.0,0.0,6.0,96.0,0,0,1,0,0,0,0,68.0,137.0,25.0,61.0,0.0,64.0,68.33333333333333,50.85714285714285,35.785714285714285,39.53333333333333,48.7217561650801,45.72235047909647,47.106237171408864,38.78722727791549,0.0,0.0,6
2023-07-26,0.0,0.0,5900.0,7,26,0,0,0.0,0.0,0.0,5850.0,16375.0,0.0,0.0,0.0,25250.0,0,0,1,0,0,0,0,0.0,0.0,0.0,0.0,0.0,0.0,0.0,0.0,0.0,234.66666666666663,0.0,1046.8597815843575,4.137145831704911,181.2598350304031,0.0,0.0,7
2023-07-26,815.0,0.0,345.0,7,26,0,0,0.0,17.5,210.0,490.0,585.0,300.0,0.0,0.0,160.0,0,0,1,0,0,0,0,300.0,105.0,17.5,0.0,50.0,175.0,135.0,116.78571428571428,143.75,119.25,110.96841034834227,117.391090392109,125.02817313612763,125.70176958342104,0.0,0.0,8
2023-07-27,170.0,2250.0,760.0,7,27,0,0,852.0,738.9,812.0,1175.5,648.0,499.0,2206.0,1422.5,1130.0,0,0,0,1,0,0,0,297.0,172.0,738.9,334.5,1531.0,1373.0,440.3333333333333,726.4714285714286,625.9142857142858,821.9266666666667,425.6543813717323,499.71936809630927,634.8472914207896,703.862042342981,0.0,0.0,0
2023-07-27,249.0,201.0,43.0,7,27,0,0,78.0,330.0,76.0,181.0,0.0,623.0,784.0,544.0,177.0,0,0,0,1,0,0,0,571.0,210.0,330.0,746.0,176.0,62.0,286.3333333333333,288.85714285714283,339.2857142857143,251.85,154.14541681091058,271.4361279412233,287.1383400829149,284.83354659055726,0.0,0.0,1
2023-07-27,409.0,9426.4,1580.0,7,27,0,0,64.5,175.0,229.0,1278.0,2181.5,4513.75,8170.55,10422.2,5940.55,0,0,0,1,0,0,0,309.5,316.5,175.0,0.0,501.0,0.0,230.16666666666663,208.42857142857144,218.28571428571428,203.35,143.1035256295914,233.1103834282567,201.6460249658343,225.4404979685556,0.0,0.0,2
2023-07-27,0.0,0.0,0.0,7,27,0,0,0.0,0.0,0.0,0.0,0.0,0.0,0.0,0.0,0.0,0,0,0,1,0,0,0,0.0,0.0,0.0,0.0,0.0,0.0,0.0,0.0,0.0,0.0,0.0,0.0,0.0,0.0,0.0,0.0,3
2023-07-27,15079.0,3635.0,2651.0,7,27,0,0,16877.0,14988.0,8285.0,2160.0,1291.0,0.0,4661.0,2384.5,3147.0,0,0,0,1,0,0,0,14652.0,14832.0,14988.0,16223.0,11399.0,10881.0,15453.666666666666,15409.285714285714,15265.357142857143,13998.65,855.9109599885535,2040.634017221482,15526.579419792924,14561.629578440816,0.0,0.0,4
2023-07-27,0.0,149.0,199.0,7,27,0,0,0.0,91.0,160.0,30.0,59.0,454.0,416.0,753.0,902.0,0,0,0,1,0,0,0,0.0,0.0,91.0,0.0,0.0,0.0,0.0,41.285714285714285,36.96428571428572,48.78,58.81245413944907,62.67142779663691,27.927183503644784,53.54682111283035,0.0,0.0,5
2023-07-27,170.0,57.0,12.0,7,27,0,0,406.0,32.0,32.0,0.0,0.0,130.0,157.0,26.0,48.0,0,0,0,1,0,0,0,0.0,68.0,32.0,16.0,25.0,0.0,158.0,105.28571428571428,60.42857142857143,51.3,140.80922588821403,81.06793660151705,136.82967787855665,62.47837390514674,0.0,0.0,6
2023-07-27,0.0,0.0,5510.0,7,27,0,0,0.0,0.0,0.0,5900.0,14500.0,34745.0,0.0,0.0,0.0,0,0,0,1,0,0,0,0.0,0.0,0.0,0.0,0.0,0.0,0.0,0.0,0.0,234.66666666666663,0.0,1046.8597815843575,3.102859373778683,169.56565212521582,0.0,0.0,7
2023-07-27,0.0,0.0,885.0,7,27,0,0,815.0,235.0,0.0,345.0,475.0,20.0,0.0,185.0,220.0,0,0,0,1,0,0,0,0.0,300.0,235.0,70.0,245.0,165.0,371.6666666666667,230.7142857142857,201.9642857142857,139.41666666666666,277.0894646654242,172.53395884295654,297.5211298520957,170.1726231586842,0.0,0.0,8
2023-07-28,870.4,2031.0,85.5,7,28,1,0,170.0,1301.9,1648.0,760.0,929.0,921.0,2250.0,2727.5,2160.0,0,0,0,0,1,0,0,852.0,297.0,1301.9,315.0,1125.0,1935.0,439.6666666666667,645.2,614.1642857142858,800.5266666666668,474.40499224467095,513.7097999597755,518.6354685655922,669.4193299337564,0.0,0.0,0
2023-07-28,211.0,462.0,208.0,7,28,1,0,249.0,202.0,0.0,43.0,292.0,76.0,201.0,499.0,366.0,0,0,0,0,1,0,0,78.0,571.0,202.0,40.0,116.0,0.0,299.3333333333333,277.2857142857143,303.7857142857143,257.6166666666667,153.58137287847742,269.40143368450055,277.60375506218617,282.52170487503747,0.0,0.0,1
2023-07-28,1020.5,7091.55,2704.25,7,28,1,0,409.0,0.0,75.0,1580.0,941.25,2683.5,9426.4,13108.35,6967.75,0,0,0,0,1,0,0,64.5,309.5,0.0,1077.5,170.0,0.0,261.0,241.8571428571429,247.5,209.35,160.29184692452776,236.0907974809105,253.48451872437573,237.2830464867133,0.0,0.0,2
2023-07-28,0.0,0.0,0.0,7,28,1,0,0.0,0.0,0.0,0.0,0.0,0.0,0.0,0.0,0.0,0,0,0,0,1,0,0,0.0,0.0,0.0,0.0,0.0,0.0,0.0,0.0,0.0,0.0,0.0,0.0,0.0,0.0,0.0,0.0,3
2023-07-28,18530.0,17676.239999999998,510.0,7,28,1,0,15079.0,14832.0,11931.0,2651.0,708.0,700.0,3635.0,17607.18,4148.7,0,0,0,0,1,0,0,16877.0,14652.0,14832.0,14726.0,15352.5,10693.0,15536.0,15422.285714285714,15183.642857142857,14225.116666666669,849.1098700571836,1739.442774843174,15414.684564844694,14595.0083153156,0.0,0.0,4
2023-07-28,0.0,270.0,210.0,7,28,1,0,0.0,0.0,0.0,199.0,82.0,303.0,149.0,241.0,439.0,0,0,0,0,1,0,0,0.0,0.0,0.0,60.5,240.5,0.0,0.0,28.285714285714285,36.96428571428572,43.44666666666667,55.98128939123145,59.61363957173404,20.945387627733588,50.09218749264775,0.0,0.0,5
2023-07-28,0.0,9.0,71.0,7,28,1,0,170.0,9.0,64.0,12.0,9.0,16.0,57.0,0.0,80.0,0,0,0,0,1,0,0,406.0,0.0,9.0,16.0,51.0,136.0,192.0,125.0,71.42857142857143,55.9,138.479842095038,83.8041024425827,145.1222584089175,69.4152530080405,0.0,0.0,6
2023-07-28,0.0,0.0,4760.0,7,28,1,0,0.0,0.0,0.0,5510.0,12025.0,4590.0,0.0,2500.0,8000.0,0,0,0,0,1,0,0,0.0,0.0,0.0,0.0,0.0,0.0,0.0,0.0,0.0,234.66666666666663,0.0,1046.8597815843575,2.3271445303340124,158.62593263326642,0.0,0.0,7
2023-07-28,50.0,0.0,115.0,7,28,1,0,0.0,80.0,175.0,885.0,235.0,0.0,0.0,335.0,0.0,0,0,0,0,1,0,0,815.0,0.0,80.0,130.0,125.0,35.0,271.6666666666667,197.14285714285717,196.9642857142857,139.41666666666666,290.3999704840598,172.53395884295654,223.14084738907175,159.1937442452207,0.0,0.0,8
2023-07-29,621.0,1732.0,915.0,7,29,1,0,870.4,536.5,1373.0,85.5,781.0,880.0,2031.0,1344.5,3887.5,0,0,0,0,0,1,0,170.0,852.0,536.5,1271.0,589.0,448.0,630.8000000000001,583.5571428571428,653.8357142857143,774.6066666666667,396.4891417476764,488.4723137838349,606.5766014241941,682.3858247767399,0.0,0.0,0
2023-07-29,100.0,550.0,446.0,7,29,1,0,211.0,344.0,62.0,208.0,203.0,175.0,462.0,201.0,925.0,0,0,0,0,0,1,0,249.0,78.0,344.0,75.0,270.0,111.0,179.33333333333334,278.57142857142856,316.0,264.65,152.88215193721015,265.164852757546,260.95281629663964,277.9074013347125,0.0,0.0,1
2023-07-29,83.0,7366.45,1524.0,7,29,1,0,1020.5,397.0,0.0,2704.25,869.0,479.0,7091.55,10632.2,7331.65,0,0,0,0,0,1,0,409.0,64.5,397.0,108.0,10.0,0.0,498.0,387.6428571428572,243.42857142857144,240.86666666666667,303.6380403108436,277.08721810430285,445.2383890432818,287.81317251982864,0.0,0.0,2
2023-07-29,0.0,0.0,0.0,7,29,1,0,0.0,0.0,0.0,0.0,0.0,0.0,0.0,0.0,0.0,0,0,0,0,0,1,0,0.0,0.0,0.0,0.0,0.0,0.0,0.0,0.0,0.0,0.0,0.0,0.0,0.0,0.0,0.0,0.0,3
2023-07-29,18525.6,3860.0,5990.2,7,29,1,0,18530.0,15368.0,10881.0,510.0,2486.8,775.0,17676.239999999998,2363.5,963.7,0,0,0,0,0,1,0,15079.0,16877.0,15368.0,14985.0,14709.0,11359.0,16828.666666666668,15950.57142857143,15455.357142857143,14445.083333333334,1395.3360237045345,1852.879055561998,16193.513423633522,14848.878746585564,0.0,0.0,4
2023-07-29,0.0,493.5,0.0,7,29,1,0,0.0,50.0,0.0,210.0,370.0,124.0,270.0,0.0,339.0,0,0,0,0,0,1,0,0.0,0.0,50.0,90.0,117.0,0.0,0.0,28.285714285714285,32.642857142857146,43.44666666666667,55.98128939123145,59.61363957173404,15.709040720800193,46.86043346086403,0.0,0.0,5
2023-07-29,16.0,172.0,0.0,7,29,1,0,0.0,85.0,0.0,71.0,16.0,21.0,9.0,0.0,66.0,0,0,0,0,0,1,0,170.0,406.0,85.0,25.0,0.0,48.0,192.0,123.71428571428572,70.28571428571429,53.766666666666666,139.77209340650975,84.40325346455727,108.84169380668811,64.93684958816692,0.0,0.0,6
2023-07-29,290.0,0.0,585.0,7,29,1,0,50.0,80.0,165.0,115.0,0.0,370.0,0.0,35.0,0.0,0,0,0,0,0,1,0,0.0,815.0,80.0,280.0,35.0,80.0,288.3333333333333,192.8571428571429,191.25,135.25,292.6297026228589,173.15324834894992,179.85563554180385,152.14898655198067,0.0,0.0,8
2023-07-30,959.0,1443.0,1241.0,7,30,0,0,621.0,1187.0,1935.0,915.0,1525.0,379.0,1732.0,1712.0,2915.0,0,0,0,0,0,0,1,870.4,170.0,1187.0,644.0,426.0,619.0,553.8000000000001,595.6285714285714,607.407142857143,749.5400000000001,396.1038151557643,475.83759660710666,610.1824510681456,678.4254489846921,0.0,0.0,0
2023-07-30,265.0,165.0,20.0,7,30,0,0,100.0,287.0,0.0,446.0,111.0,75.0,550.0,735.0,457.5,0,0,0,0,0,0,1,211.0,249.0,287.0,1035.0,202.0,0.0,186.66666666666663,243.7142857142857,317.7857142857143,265.9166666666667,162.96187108821266,264.252624798021,220.71461222247973,266.4295044744085,0.0,0.0,1
2023-07-30,140.0,3521.9,493.0,7,30,0,0,83.0,196.5,0.0,1524.0,1056.0,1115.0,7366.45,5825.8,8772.15,0,0,0,0,0,0,1,1020.5,409.0,196.5,0.0,0.0,432.0,504.1666666666667,342.7857142857143,241.64285714285717,243.63333333333333,324.50242129847265,275.0058285693711,354.67879178246136,274.5994194540333,0.0,0.0,2
2023-07-30,0.0,0.0,0.0,7,30,0,0,0.0,0.0,0.0,0.0,0.0,0.0,0.0,0.0,0.0,0,0,0,0,0,0,1,0.0,0.0,0.0,0.0,0.0,0.0,0.0,0.0,0.0,0.0,0.0,0.0,0.0,0.0,0.0,0.0,3
2023-07-30,16151.0,5225.0,2100.0,7,30,0,0,18525.6,16316.0,10693.0,5990.2,2295.0,405.0,3860.0,4597.0,7591.16,0,0,0,0,0,0,1,18530.0,15079.0,16316.0,15318.0,15729.0,13542.0,17378.2,16401.657142857144,15708.25714285714,14699.903333333334,1660.7633855721615,1871.396236353185,16776.53506772514,15086.086569386494,0.0,0.0,4
2023-07-30,0.0,343.0,0.0,7,30,0,0,0.0,148.0,0.0,0.0,241.0,39.0,493.5,434.5,475.0,0,0,0,0,0,0,1,0.0,0.0,148.0,48.0,78.0,0.0,0.0,21.142857142857142,26.214285714285715,43.44666666666667,55.938742005366,59.61363957173404,11.781780540600144,43.83717968919539,0.0,0.0,5
2023-07-30,34.0,60.0,0.0,7,30,0,0,16.0,137.0,136.0,0.0,0.0,6.0,172.0,25.0,68.0,0,0,0,0,0,0,1,0.0,170.0,137.0,0.0,179.0,73.0,62.0,113.85714285714286,69.64285714285714,54.3,145.28182792011367,84.1018061227192,85.6312703550161,61.779633485704544,0.0,0.0,6
2023-07-30,0.0,0.0,2000.0,7,30,0,0,0.0,0.0,0.0,4760.0,11200.0,5270.0,0.0,8500.0,28080.0,0,0,0,0,0,0,1,0.0,0.0,0.0,0.0,1440.0,5600.0,0.0,0.0,0.0,234.66666666666663,0.0,1046.8597815843575,1.7453583977505094,148.39200149563632,0.0,0.0,7
2023-07-30,230.0,150.0,905.0,7,30,0,0,290.0,105.0,35.0,585.0,685.0,525.0,0.0,205.0,0.0,0,0,0,0,0,0,1,50.0,0.0,105.0,440.0,150.0,0.0,113.33333333333331,222.8571428571429,191.9642857142857,139.41666666666666,289.88298131684587,175.383426424414,207.3917266563529,161.04260032282065,0.0,0.0,8
2023-07-31,553.0,1635.5,1114.0,7,31,0,0,959.0,172.0,448.0,1241.0,1319.0,1214.0,1443.0,2823.5,2619.0,1,0,0,0,0,0,0,621.0,870.4,172.0,773.0,604.0,1030.0,816.8000000000001,563.0571428571428,629.907142857143,717.0066666666667,345.51452867254227,422.3508379284342,697.3868383011093,696.5270329211637,0.0,0.0,0
2023-07-31,177.0,448.0,215.0,7,31,0,0,265.0,210.0,111.0,20.0,660.0,225.0,165.0,407.0,377.0,1,0,0,0,0,0,0,100.0,211.0,210.0,116.0,511.5,0.0,192.0,240.57142857142856,262.7857142857143,274.75,162.1982913420654,259.44253067709985,231.7859591668598,266.3372783792853,0.0,0.0,1
2023-07-31,260.0,5428.3,1517.0,7,31,0,0,140.0,316.5,0.0,493.0,840.5,1208.0,3521.9,5528.9,11297.1,1,0,0,0,0,0,0,83.0,1020.5,316.5,125.0,523.0,150.0,414.5,334.7142857142857,251.64285714285717,248.3,329.41296993577043,271.8992777507495,301.00909383684603,265.91558594086985,0.0,0.0,2
2023-07-31,0.0,0.0,0.0,7,31,0,0,0.0,0.0,0.0,0.0,0.0,0.0,0.0,0.0,0.0,1,0,0,0,0,0,0,0.0,0.0,0.0,0.0,0.0,0.0,0.0,0.0,0.0,0.0,0.0,0.0,0.0,0.0,0.0,0.0,3
2023-07-31,14721.0,3915.0,1865.0,7,31,0,0,16151.0,14832.0,11359.0,2100.0,5351.0,2695.45,5225.0,3887.0,826.9,1,0,0,0,0,0,0,18525.6,18530.0,14832.0,15056.0,14949.0,12550.0,17735.533333333333,16378.085714285717,15767.75714285714,14881.836666666668,1663.3506700117498,1728.254126125942,16620.151300793856,15154.79066168414,0.0,0.0,4
2023-07-31,118.0,755.0,0.0,7,31,0,0,0.0,0.0,0.0,0.0,157.5,181.5,343.0,1376.5,402.0,1,0,0,0,0,0,0,0.0,0.0,0.0,0.0,98.2,121.2,0.0,0.0,22.785714285714285,43.44666666666667,0.0,59.61363957173404,8.836335405450107,41.00897454795698,0.0,0.0,5
2023-07-31,120.0,92.0,0.0,7,31,0,0,34.0,68.0,48.0,0.0,0.0,0.0,60.0,6.0,77.0,1,0,0,0,0,0,0,16.0,0.0,68.0,18.0,0.0,0.0,16.666666666666668,99.14285714285714,72.07142857142857,50.9,147.7423755183648,82.7357030049551,72.72345276626207,59.987399067272,0.0,0.0,6
2023-07-31,7200.0,0.0,6000.0,7,31,0,0,0.0,0.0,0.0,2000.0,8800.0,5100.0,0.0,0.0,33500.0,1,0,0,0,0,0,0,0.0,0.0,0.0,0.0,0.0,0.0,0.0,0.0,0.0,234.66666666666663,0.0,1046.8597815843575,1.309018798312882,138.81832397978883,0.0,0.0,7
2023-07-31,45.0,35.0,840.0,7,31,0,0,230.0,300.0,80.0,905.0,110.0,225.0,150.0,0.0,0.0,1,0,0,0,0,0,0,290.0,50.0,300.0,0.0,0.0,275.0,190.0,240.7142857142857,176.96428571428572,145.91666666666666,285.2254747188115,174.99320594365028,213.04379499226468,165.49146481812255,0.0,0.0,8
2023-08-01,749.0,1647.0,319.0,8,1,0,0,553.0,297.0,619.0,1114.0,176.0,879.0,1635.5,3460.0,2287.5,0,1,0,0,0,0,0,959.0,621.0,297.0,204.0,90.0,1070.0,711.0,617.4857142857143,614.1928571428572,720.5066666666667,300.7545811708238,420.4756247257452,661.2901287258319,687.2672243456047,0.0,0.0,0
2023-08-01,243.0,90.0,435.0,8,1,0,0,177.0,571.0,0.0,215.0,339.5,391.0,448.0,480.5,110.0,0,1,0,0,0,0,0,265.0,100.0,571.0,716.0,716.0,145.0,180.66666666666663,235.8571428571429,267.1428571428572,276.95,163.7074917563111,258.2833364670507,218.0894693751449,260.5735829999766,0.0,0.0,1
2023-08-01,886.5,6013.45,729.0,8,1,0,0,260.0,309.5,432.0,1517.0,1093.0,1491.05,5428.3,7320.55,10906.55,0,1,0,0,0,0,0,140.0,83.0,309.5,265.0,334.5,402.0,161.0,326.6428571428572,261.2857142857143,256.96666666666664,330.62361710935926,267.82508230679883,290.75682037763454,265.5339352350073,0.0,0.0,2
2023-08-01,0.0,0.0,0.0,8,1,0,0,0.0,0.0,0.0,0.0,0.0,0.0,0.0,0.0,0.0,0,1,0,0,0,0,0,0.0,0.0,0.0,0.0,0.0,0.0,0.0,0.0,0.0,0.0,0.0,0.0,0.0,0.0,0.0,0.0,3
2023-08-01,12789.0,2900.0,490.0,8,1,0,0,14721.0,14652.0,13542.0,1865.0,3197.0,0.0,3915.0,4626.0,656.4,0,1,0,0,0,0,0,16151.0,18525.6,14652.0,14795.0,13442.0,13802.0,16465.866666666665,16362.228571428572,15743.82857142857,14993.903333333334,1680.982083698173,1595.8753897606648,16145.363475595392,15126.80416738194,0.0,0.0,4
2023-08-01,0.0,236.0,60.0,8,1,0,0,118.0,0.0,0.0,0.0,57.0,125.0,755.0,749.0,472.0,0,1,0,0,0,0,0,0.0,0.0,0.0,0.0,93.0,0.0,39.333333333333336,16.857142857142858,31.214285714285715,47.38,44.5998078150893,60.53390272657508,36.12725155408758,45.97613748034685,0.0,0.0,5
2023-08-01,48.0,25.0,0.0,8,1,0,0,120.0,0.0,73.0,0.0,12.0,80.0,92.0,0.0,88.0,0,1,0,0,0,0,0,34.0,16.0,0.0,9.0,0.0,24.0,56.66666666666666,106.57142857142856,79.35714285714286,53.3,147.22189278190152,83.68749340089077,84.54258957469655,63.85917977260929,0.0,0.0,6
2023-08-01,0.0,0.0,6240.0,8,1,0,0,7200.0,0.0,5600.0,6000.0,5950.0,0.0,0.0,0.0,33740.0,0,1,0,0,0,0,0,0.0,0.0,0.0,0.0,0.0,0.0,2400.0,1028.571428571429,514.2857142857143,474.6666666666667,2721.3442056664358,1645.4152255184144,1800.9817640987346,594.378432110125,0.0,0.0,7
2023-08-01,95.0,120.0,300.0,8,1,0,0,45.0,0.0,0.0,840.0,490.0,90.0,35.0,0.0,0.0,0,1,0,0,0,0,0,230.0,290.0,0.0,275.0,20.0,0.0,188.33333333333331,204.28571428571428,180.17857142857144,144.75,292.58088014867167,175.5635630054609,171.0328462441985,157.7178219266308,0.0,0.0,8
2023-08-02,520.0,3336.0,380.0,8,2,0,0,749.0,852.0,1030.0,319.0,1175.5,696.0,1647.0,2206.0,2781.0,0,0,1,0,0,0,0,553.0,959.0,852.0,136.0,1018.0,1577.0,753.6666666666666,682.0571428571428,653.1214285714286,724.84,267.11999087265843,420.0631197233626,683.2175965443739,691.2499840652432,0.0,0.0,0
2023-08-02,290.0,547.0,399.5,8,2,0,0,243.0,78.0,0.0,435.0,181.0,47.0,90.0,784.0,523.0,0,0,1,0,0,0,0,177.0,265.0,78.0,0.0,420.0,0.0,228.33333333333331,189.0,233.3571428571429,285.05,74.34379597518405,253.05588690356865,224.31710203135864,259.43980345159105,0.0,0.0,1
2023-08-02,519.0,5926.0,1782.5,8,2,0,0,886.5,64.5,150.0,729.0,1278.0,1354.5,6013.45,8170.55,7230.3,0,0,1,0,0,0,0,260.0,140.0,64.5,21.5,30.0,188.0,428.8333333333333,409.07142857142856,305.67857142857144,272.1166666666667,391.887890917312,290.00403336473784,439.6926152832259,305.5962619940391,0.0,0.0,2
2023-08-02,0.0,0.0,0.0,8,2,0,0,0.0,0.0,0.0,0.0,0.0,0.0,0.0,0.0,0.0,0,0,1,0,0,0,0,0.0,0.0,0.0,0.0,0.0,0.0,0.0,0.0,0.0,0.0,0.0,0.0,0.0,0.0,0.0,0.0,3
2023-08-02,12422.0,3036.0,1480.0,8,2,0,0,12789.0,16877.0,12550.0,490.0,2160.0,400.0,2900.0,4661.0,1053.9,0,0,1,0,0,0,0,14721.0,16151.0,16877.0,14747.0,16227.0,11394.0,14553.666666666666,16096.085714285717,15600.542857142857,14968.803333333335,2093.6993221158896,1625.15150115696,15306.272606696544,14975.978092066976,0.0,0.0,4
2023-08-02,0.0,147.0,799.0,8,2,0,0,0.0,0.0,121.2,60.0,30.0,176.0,236.0,416.0,556.0,0,0,1,0,0,0,0,118.0,0.0,0.0,30.0,0.0,38.0,39.333333333333336,16.857142857142858,31.214285714285715,47.38,44.5998078150893,60.53390272657508,27.095438665565684,43.00993506225996,0.0,0.0,5
2023-08-02,34.0,20.0,75.0,8,2,0,0,48.0,406.0,0.0,0.0,0.0,6.0,25.0,157.0,63.0,0,0,1,0,0,0,0,120.0,34.0,406.0,25.0,61.0,0.0,67.33333333333333,113.42857142857144,82.14285714285714,52.46666666666667,142.47205239725335,83.60899693104858,75.40694218102242,62.83600688405385,0.0,0.0,6
2023-08-02,7200.0,0.0,6000.0,8,2,0,0,0.0,0.0,0.0,6240.0,5850.0,0.0,0.0,0.0,15800.0,0,0,1,0,0,0,0,7200.0,0.0,0.0,0.0,0.0,0.0,2400.0,1028.571428571429,514.2857142857143,288.0,2721.3442056664358,1331.6476700844628,1350.736323074051,556.031436490117,0.0,0.0,7
2023-08-02,105.0,0.0,0.0,8,2,0,0,95.0,815.0,275.0,300.0,345.0,0.0,120.0,0.0,0.0,0,0,1,0,0,0,0,45.0,230.0,815.0,17.5,0.0,50.0,123.33333333333331,217.8571428571429,167.32142857142858,147.91666666666666,283.5909193253717,173.7096310500378,152.0246346831489,153.6715108345901,0.0,0.0,8
2023-08-03,392.0,3275.0,429.5,8,3,0,0,520.0,170.0,1070.0,380.0,760.0,931.0,3336.0,2250.0,2351.5,0,0,0,1,0,0,0,749.0,553.0,170.0,738.9,334.5,1531.0,607.3333333333334,634.6285714285714,680.5500000000001,707.84,261.3280806080458,417.60006077420616,642.4131974082804,680.2015979965179,0.0,0.0,0
2023-08-03,261.0,188.0,404.0,8,3,0,0,290.0,249.0,145.0,399.5,43.0,0.0,547.0,201.0,523.0,0,0,0,1,0,0,0,243.0,177.0,249.0,330.0,746.0,176.0,236.66666666666663,219.28571428571428,254.07142857142856,294.71666666666664,64.05912447552834,247.2642619342412,240.73782652351895,261.4114290353594,0.0,0.0,1
2023-08-03,86.25,6528.6,877.0,8,3,0,0,519.0,409.0,402.0,1782.5,1580.0,2591.5,5926.0,9426.4,12339.5,0,0,0,1,0,0,0,886.5,260.0,409.0,175.0,0.0,501.0,555.1666666666666,474.0,341.2142857142857,284.4166666666667,361.7783621685151,292.4609046473157,459.5194614624194,319.36424509119786,0.0,0.0,2
2023-08-03,0.0,0.0,0.0,8,3,0,0,0.0,0.0,0.0,0.0,0.0,0.0,0.0,0.0,0.0,0,0,0,1,0,0,0,0.0,0.0,0.0,0.0,0.0,0.0,0.0,0.0,0.0,0.0,0.0,0.0,0.0,0.0,0.0,0.0,3
2023-08-03,13964.0,1315.0,1513.5,8,3,0,0,12422.0,15079.0,13802.0,1480.0,2651.0,432.0,3036.0,3635.0,1113.9,0,0,0,1,0,0,0,12789.0,14721.0,15079.0,14988.0,16223.0,11399.0,13310.666666666666,15459.657142857144,15434.471428571427,14964.536666666669,2461.545941650715,1631.8749124821372,14585.20445502241,14811.205311933623,0.0,0.0,4
2023-08-03,0.0,848.0,160.0,8,3,0,0,0.0,0.0,0.0,799.0,199.0,360.0,147.0,149.0,584.5,0,0,0,1,0,0,0,0.0,118.0,0.0,91.0,0.0,0.0,39.333333333333336,16.857142857142858,29.071428571428573,43.34,44.5998078150893,59.47241377311089,20.321578999174264,40.23510054211416,0.0,0.0,5
2023-08-03,25.0,30.0,11.0,8,3,0,0,34.0,170.0,24.0,75.0,12.0,9.0,20.0,57.0,18.0,0,0,0,1,0,0,0,48.0,120.0,170.0,32.0,16.0,25.0,67.33333333333333,60.285714285714285,82.78571428571429,53.6,61.55137227204137,83.102180559797,65.05520663576681,60.97561934314716,0.0,0.0,6
2023-08-03,0.0,0.0,6480.0,8,3,0,0,7200.0,0.0,0.0,6000.0,5900.0,8500.0,0.0,0.0,36680.0,0,0,0,1,0,0,0,0.0,7200.0,0.0,0.0,0.0,0.0,4800.0,2057.1428571428573,1028.571428571429,528.0,3513.240262614719,1832.5606731264463,2813.052242305538,984.6745696197868,0.0,0.0,7
2023-08-03,35.0,20.0,890.0,8,3,0,0,105.0,0.0,0.0,0.0,885.0,165.0,0.0,0.0,0.0,0,0,0,1,0,0,0,95.0,45.0,0.0,235.0,70.0,245.0,81.66666666666667,116.42857142857144,173.57142857142858,142.25,105.42431272854328,172.18718513332504,140.26847601236167,150.53141336139075,0.0,0.0,8
2023-08-04,305.0,2733.5,1962.0,8,4,1,0,392.0,870.4,1577.0,429.5,85.5,818.0,3275.0,2031.0,1437.5,0,0,0,0,1,0,0,520.0,749.0,870.4,1301.9,315.0,1125.0,553.6666666666666,666.342857142857,655.7714285714286,685.24,202.36210825434307,415.6663429839553,579.8098980562104,661.6079465128715,0.0,0.0,0
2023-08-04,1078.0,937.5,290.0,8,4,1,0,261.0,211.0,0.0,404.0,208.0,517.0,188.0,462.0,724.0,0,0,0,0,1,0,0,290.0,243.0,211.0,202.0,40.0,116.0,264.6666666666667,221.0,249.14285714285717,298.5833333333333,65.13831437794354,245.7446138369772,245.80336989263924,261.3848852266265,0.0,0.0,1
2023-08-04,259.5,9559.5,1101.5,8,4,1,0,86.25,1020.5,188.0,877.0,2704.25,1499.0,6528.6,7091.55,11234.2,0,0,0,0,1,0,0,519.0,886.5,1020.5,0.0,1077.5,170.0,497.25,427.8928571428572,334.875,273.89166666666665,390.842142504033,293.76209940843364,366.20209609681456,304.3246163756367,0.0,0.0,2
2023-08-04,0.0,0.0,0.0,8,4,1,0,0.0,0.0,0.0,0.0,0.0,0.0,0.0,0.0,0.0,0,0,0,0,1,0,0,0.0,0.0,0.0,0.0,0.0,0.0,0.0,0.0,0.0,0.0,0.0,0.0,0.0,0.0,0.0,0.0,3
2023-08-04,14589.0,19085.48,505.0,8,4,1,0,13964.0,18530.0,11394.0,1513.5,510.0,854.0,1315.0,17676.239999999998,3411.5,0,0,0,0,1,0,0,12422.0,12789.0,18530.0,14832.0,14726.0,15352.5,13058.333333333334,15300.371428571429,15361.32857142857,14969.936666666668,2525.5275816577905,1628.159141269344,14429.903341266809,14756.5469047121,0.0,0.0,4
2023-08-04,0.0,245.0,143.5,8,4,1,0,0.0,0.0,38.0,160.0,210.0,67.5,848.0,270.0,286.0,0,0,0,0,1,0,0,0.0,0.0,0.0,0.0,60.5,240.5,0.0,16.857142857142858,22.571428571428573,43.34,44.5998078150893,59.47241377311089,15.241184249380698,37.639287603913246,0.0,0.0,5
2023-08-04,32.0,59.0,26.0,8,4,1,0,25.0,0.0,0.0,11.0,71.0,0.0,30.0,9.0,73.0,0,0,0,0,1,0,0,34.0,48.0,0.0,9.0,16.0,51.0,35.666666666666664,39.57142857142857,82.28571428571429,53.63333333333333,38.59126474068594,83.09009789268569,55.04140497682511,58.65461164358928,0.0,0.0,6
2023-08-04,0.0,2000.0,3750.0,8,4,1,0,0.0,0.0,0.0,6480.0,5510.0,1850.0,0.0,0.0,0.0,0,0,0,0,1,0,0,7200.0,0.0,0.0,0.0,0.0,0.0,2400.0,2057.1428571428573,1028.571428571429,528.0,3513.240262614719,1832.5606731264463,2109.789181729154,921.1471780314135,0.0,0.0,7
2023-08-04,95.0,0.0,245.0,8,4,1,0,35.0,50.0,50.0,890.0,115.0,320.0,20.0,0.0,20.0,0,0,0,0,1,0,0,105.0,95.0,50.0,80.0,130.0,125.0,78.33333333333333,121.42857142857144,159.28571428571428,143.41666666666666,99.65416389169276,171.3064446788438,113.95135700927123,143.0777737896881,0.0,0.0,8
2023-08-05,502.0,2337.0,90.0,8,5,1,0,305.0,621.0,1531.0,1962.0,915.0,390.5,2733.5,1732.0,3471.0,0,0,0,0,0,1,0,392.0,520.0,621.0,536.5,1271.0,589.0,405.6666666666667,585.5714285714286,584.5642857142857,642.84,219.4552780126708,385.3341815207624,511.1074235421578,638.6009822217185,0.0,0.0,0
2023-08-05,192.0,722.0,784.0,8,5,1,0,1078.0,100.0,176.0,290.0,446.0,813.0,937.5,550.0,449.0,0,0,0,0,0,1,0,261.0,290.0,100.0,344.0,75.0,270.0,543.0,344.85714285714283,311.7142857142857,334.51666666666665,329.75315443092086,277.35973414761696,453.8525274194794,314.0697313410377,0.0,0.0,1
2023-08-05,0.0,10053.1,2113.5,8,5,1,0,259.5,83.0,501.0,1101.5,1524.0,2042.5,9559.5,7366.45,10760.0,0,0,0,0,0,1,0,86.25,519.0,83.0,397.0,108.0,10.0,288.25,319.17857142857144,353.4107142857143,276.275,291.8295276600463,293.33094724571566,339.5265720726109,301.4327056417247,0.0,0.0,2
2023-08-05,0.0,0.0,0.0,8,5,1,0,0.0,0.0,0.0,0.0,0.0,0.0,0.0,0.0,0.0,0,0,0,0,0,1,0,0.0,0.0,0.0,0.0,0.0,0.0,0.0,0.0,0.0,0.0,0.0,0.0,0.0,0.0,0.0,0.0,3
2023-08-05,13875.0,1785.0,8510.0,8,5,1,0,14589.0,18525.6,11399.0,505.0,5990.2,1976.0,19085.48,3860.0,1335.9,0,0,0,0,0,1,0,13964.0,12422.0,18525.6,15368.0,14985.0,14709.0,13658.333333333334,14737.371428571429,15343.971428571427,15076.436666666668,2086.724027204901,1484.3283130840905,14469.677505950103,14745.73742698874,0.0,0.0,4
2023-08-05,39.0,0.0,124.0,8,5,1,0,0.0,0.0,0.0,143.5,0.0,120.5,245.0,493.5,300.0,0,0,0,0,0,1,0,0.0,0.0,0.0,50.0,90.0,117.0,0.0,16.857142857142858,22.571428571428573,42.07333333333333,44.5998078150893,59.99246466092274,11.430888187035524,35.21094646817691,0.0,0.0,5
2023-08-05,122.0,9.0,0.0,8,5,1,0,32.0,16.0,25.0,26.0,0.0,52.0,59.0,172.0,53.0,0,0,0,0,0,1,0,25.0,34.0,16.0,85.0,25.0,0.0,30.33333333333333,44.142857142857146,83.92857142857143,54.7,34.83498515108319,82.58168370019237,49.28105373261883,56.93495927948675,0.0,0.0,6
2023-08-05,275.0,125.0,520.0,8,5,1,0,95.0,290.0,245.0,245.0,585.0,35.0,0.0,0.0,0.0,0,0,0,0,0,1,0,35.0,105.0,290.0,80.0,280.0,35.0,78.33333333333333,127.85714285714286,160.35714285714286,144.91666666666666,95.64940942739533,170.6560406062508,109.21351775695344,139.97598193228887,0.0,0.0,8
2023-08-06,836.0,2405.0,402.0,8,6,0,0,502.0,959.0,1125.0,90.0,1241.0,102.0,2337.0,1443.0,3995.5,0,0,0,0,0,0,1,305.0,392.0,959.0,1187.0,644.0,426.0,399.6666666666667,568.5714285714286,582.1,608.5400000000001,220.8580668988237,347.48870147844,508.8305676566183,629.7880156267689,0.0,0.0,0
2023-08-06,204.0,790.0,536.0,8,6,0,0,192.0,265.0,116.0,784.0,20.0,377.0,722.0,165.0,509.0,0,0,0,0,0,0,1,1078.0,261.0,265.0,287.0,1035.0,202.0,510.3333333333333,358.0,300.85714285714283,335.05,320.05832801746186,277.0596335037664,388.3893955646096,306.1942648029063,0.0,0.0,1
2023-08-06,176.0,10512.95,776.0,8,6,0,0,0.0,140.0,170.0,2113.5,493.0,2396.0,10053.1,3521.9,8907.95,0,0,0,0,0,0,1,259.5,86.25,140.0,196.5,0.0,0.0,115.25,307.32142857142856,325.05357142857144,259.575,304.4386471539913,294.3554117137517,254.6449290544582,281.9854343100005,0.0,0.0,2
2023-08-06,0.0,0.0,0.0,8,6,0,0,0.0,0.0,0.0,0.0,0.0,0.0,0.0,0.0,0.0,0,0,0,0,0,0,1,0.0,0.0,0.0,0.0,0.0,0.0,0.0,0.0,0.0,0.0,0.0,0.0,0.0,0.0,0.0,0.0,3
2023-08-06,16364.0,1205.0,635.0,8,6,0,0,13875.0,16151.0,15352.5,8510.0,2100.0,972.0,1785.0,5225.0,7228.46,0,0,0,0,0,0,1,14589.0,13964.0,16151.0,16316.0,15318.0,15729.0,14142.666666666666,14073.0,15237.32857142857,15158.97,1253.647079524358,1334.0273840828115,14321.008129462578,14689.56081879592,0.0,0.0,4
2023-08-06,0.0,52.5,307.5,8,6,0,0,39.0,0.0,240.5,124.0,0.0,216.0,0.0,343.0,638.0,0,0,0,0,0,0,1,0.0,0.0,0.0,148.0,48.0,78.0,13.0,22.428571428571427,21.785714285714285,43.37333333333333,44.578982876303456,59.46959775777346,18.323166140276644,35.45540153474614,0.0,0.0,5
2023-08-06,15.0,76.0,22.0,8,6,0,0,122.0,34.0,51.0,0.0,0.0,0.0,9.0,60.0,124.0,0,0,0,0,0,0,1,32.0,25.0,34.0,137.0,0.0,179.0,59.66666666666666,59.285714285714285,86.57142857142857,57.93333333333333,42.71110037493871,83.27475642396838,67.46079029946412,61.13270384210051,0.0,0.0,6
2023-08-06,0.0,6000.0,0.0,8,6,0,0,0.0,0.0,0.0,3750.0,4760.0,0.0,2000.0,0.0,2775.0,0,0,0,0,0,0,1,0.0,7200.0,0.0,0.0,0.0,0.0,2400.0,2057.1428571428573,1028.571428571429,528.0,3513.240262614719,1832.5606731264463,1582.3418862968654,861.7183278358385,0.0,0.0,7
2023-08-06,560.0,495.0,510.0,8,6,0,0,275.0,230.0,125.0,520.0,905.0,230.0,125.0,150.0,0.0,0,0,0,0,0,0,1,95.0,35.0,230.0,105.0,440.0,150.0,135.0,125.71428571428572,174.28571428571428,145.91666666666666,91.48900532434524,171.34921406566056,150.66013831771508,148.68720890439928,0.0,0.0,8
2023-08-07,689.0,3158.0,552.0,8,7,0,0,836.0,553.0,589.0,402.0,1114.0,1057.5,2405.0,1635.5,1420.0,1,0,0,0,0,0,0,502.0,305.0,553.0,172.0,773.0,604.0,547.6666666666666,551.0,557.0285714285714,598.9066666666666,186.90104333577045,336.50980508677634,590.6229257424637,643.0920146185904,0.0,0.0,0
2023-08-07,437.0,385.0,540.0,8,7,0,0,204.0,177.0,270.0,536.0,215.0,762.0,790.0,448.0,966.5,1,0,0,0,0,0,0,192.0,1078.0,177.0,210.0,116.0,511.5,491.3333333333333,349.2857142857143,294.92857142857144,337.9833333333333,323.8207911204971,275.11955029409114,342.2920466734572,299.60108642852526,0.0,0.0,1
2023-08-07,829.5,7225.5,678.0,8,7,0,0,176.0,260.0,10.0,776.0,1517.0,515.0,10512.95,5428.3,7955.1,1,0,0,0,0,0,0,0.0,259.5,260.0,316.5,125.0,523.0,145.16666666666666,312.4642857142857,323.5892857142857,259.775,301.4302167919437,294.29448327811195,234.98369679084365,275.1476643545167,0.0,0.0,2
2023-08-07,0.0,0.0,0.0,8,7,0,0,0.0,0.0,0.0,0.0,0.0,0.0,0.0,0.0,0.0,1,0,0,0,0,0,0,0.0,0.0,0.0,0.0,0.0,0.0,0.0,0.0,0.0,0.0,0.0,0.0,0.0,0.0,0.0,0.0,3
2023-08-07,15337.0,2618.0,2066.0,8,7,0,0,16364.0,14721.0,14709.0,635.0,1865.0,4037.2,1205.0,3915.0,1509.5,1,0,0,0,0,0,0,13875.0,14589.0,14721.0,14832.0,15056.0,14949.0,14942.666666666666,14103.42857142857,15240.75714285714,15192.686666666668,1313.6400898702195,1351.752142842108,14831.756097096932,14797.589153067152,0.0,0.0,4
2023-08-07,49.0,40.0,101.0,8,7,0,0,0.0,118.0,117.0,307.5,0.0,48.0,52.5,755.0,258.5,1,0,0,0,0,0,0,39.0,0.0,118.0,0.0,0.0,98.2,13.0,22.428571428571427,11.214285714285714,35.35666666666666,44.578982876303456,46.8514430155976,13.742374605207484,33.16795627443994,0.0,0.0,5
2023-08-07,50.0,25.0,0.0,8,7,0,0,15.0,120.0,0.0,22.0,0.0,151.0,76.0,92.0,21.0,1,0,0,0,0,0,0,122.0,32.0,120.0,68.0,18.0,0.0,56.333333333333336,56.57142857142857,77.85714285714286,56.73333333333333,45.1215290183342,83.63670755460615,54.34559272459809,58.15640036841661,0.0,0.0,6
2023-08-07,0.0,0.0,2960.0,8,7,0,0,0.0,0.0,0.0,0.0,2000.0,0.0,6000.0,0.0,7925.0,1,0,0,0,0,0,0,0.0,0.0,0.0,0.0,0.0,1440.0,0.0,2057.1428571428573,1028.571428571429,528.0,3513.240262614719,1832.5606731264463,1186.756414722649,806.1235970077199,0.0,0.0,7
2023-08-07,235.0,340.0,70.0,8,7,0,0,560.0,45.0,35.0,510.0,840.0,245.0,495.0,35.0,305.0,1,0,0,0,0,0,0,275.0,95.0,45.0,300.0,0.0,0.0,310.0,172.85714285714286,206.78571428571428,160.41666666666666,188.14571354088696,187.1912208436057,252.9951037382863,175.22351800734128,0.0,0.0,8
2023-08-08,482.0,428.5,745.0,8,8,0,0,689.0,749.0,426.0,552.0,319.0,855.0,3158.0,1647.0,1723.0,0,1,0,0,0,0,0,836.0,502.0,749.0,297.0,204.0,90.0,675.6666666666666,570.4285714285714,593.9571428571428,602.24,194.07460519334296,336.9033398673766,615.2171943068478,646.0538201270685,0.0,0.0,0
2023-08-08,515.0,433.0,425.0,8,8,0,0,437.0,243.0,202.0,540.0,435.0,311.0,385.0,90.0,304.0,0,1,0,0,0,0,0,204.0,192.0,243.0,571.0,716.0,716.0,277.6666666666667,386.4285714285714,311.1428571428572,343.55,315.5718920430318,275.3859470408506,365.9690350050929,308.46553246539463,0.0,0.0,1
2023-08-08,716.0,6894.9,754.0,8,8,0,0,829.5,886.5,0.0,678.0,729.0,463.0,7225.5,6013.45,6213.95,0,1,0,0,0,0,0,176.0,0.0,886.5,309.5,265.0,334.5,335.1666666666667,393.82142857142856,360.23214285714283,287.09166666666664,356.6981892500798,308.0237933273126,383.6127725931327,310.9123311703543,0.0,0.0,2
2023-08-08,0.0,0.0,0.0,8,8,0,0,0.0,0.0,0.0,0.0,0.0,0.0,0.0,0.0,0.0,0,1,0,0,0,0,0,0.0,0.0,0.0,0.0,0.0,0.0,0.0,0.0,0.0,0.0,0.0,0.0,0.0,0.0,0.0,0.0,3
2023-08-08,15781.0,1110.0,1149.0,8,8,0,0,15337.0,12789.0,15729.0,2066.0,490.0,155.0,2618.0,2900.0,1737.0,0,1,0,0,0,0,0,16364.0,13875.0,12789.0,14652.0,14795.0,13442.0,15192.0,14191.42857142857,15276.82857142857,15213.62,1380.8208738696844,1348.8629851433109,14958.0670728227,14832.389852869272,0.0,0.0,4
2023-08-08,166.0,318.5,29.0,8,8,0,0,49.0,0.0,78.0,101.0,60.0,280.0,40.0,236.0,174.5,0,1,0,0,0,0,0,0.0,39.0,0.0,0.0,0.0,93.0,29.33333333333333,12.571428571428571,14.714285714285714,33.09,21.6630033533155,44.343116326182496,22.55678095390561,34.189378450282526,0.0,0.0,5
2023-08-08,63.0,17.0,0.0,8,8,0,0,50.0,48.0,179.0,0.0,0.0,0.0,25.0,25.0,67.0,0,1,0,0,0,0,0,15.0,122.0,48.0,0.0,9.0,0.0,62.333333333333336,46.57142857142857,76.57142857142857,58.4,35.43941846238981,82.96264219514708,53.25919454344857,57.63018098980909,0.0,0.0,6
2023-08-08,0.0,375.0,130.0,8,8,0,0,235.0,95.0,150.0,70.0,300.0,185.0,340.0,120.0,0.0,0,1,0,0,0,0,0,560.0,275.0,95.0,0.0,275.0,20.0,356.6666666666667,200.0,202.14285714285717,167.08333333333334,180.161964169281,186.1289913924793,248.49632780371476,179.08006523267412,0.0,0.0,8
2023-08-09,1109.0,1140.0,585.0,8,9,0,0,482.0,520.0,604.0,745.0,380.0,618.0,428.5,3336.0,1741.0,0,0,1,0,0,0,0,689.0,836.0,520.0,852.0,136.0,1018.0,669.0,532.2857142857143,607.1714285714286,604.1066666666667,178.76307810965224,336.0472328596735,581.9128957301358,635.4697026995158,0.0,0.0,0
2023-08-09,127.0,345.0,1248.0,8,9,0,0,515.0,290.0,511.5,425.0,399.5,335.0,433.0,547.0,682.25,0,0,1,0,0,0,0,437.0,204.0,290.0,78.0,0.0,420.0,385.3333333333333,425.2857142857143,307.1428571428572,353.9833333333333,311.68986417362265,275.767158259849,403.2267762538197,321.790336822466,0.0,0.0,1
2023-08-09,674.0,7627.0,1951.0,8,9,0,0,716.0,519.0,523.0,754.0,1782.5,915.0,6894.9,5926.0,6449.35,0,0,1,0,0,0,0,829.5,176.0,519.0,64.5,21.5,30.0,573.8333333333334,369.4642857142857,389.2678571428572,310.9583333333333,321.53681841313,312.7152092293133,466.7095794448495,337.0470194819444,0.0,0.0,2
2023-08-09,0.0,0.0,0.0,8,9,0,0,0.0,0.0,0.0,0.0,0.0,0.0,0.0,0.0,0.0,0,0,1,0,0,0,0,0.0,0.0,0.0,0.0,0.0,0.0,0.0,0.0,0.0,0.0,0.0,0.0,0.0,0.0,0.0,0.0,3
2023-08-09,16399.0,4090.0,938.0,8,9,0,0,15781.0,12422.0,14949.0,1149.0,1480.0,2647.0,1110.0,3036.0,3012.0,0,0,1,0,0,0,0,15337.0,16364.0,12422.0,16877.0,14747.0,16227.0,15827.333333333334,14618.857142857143,15357.471428571427,15215.353333333334,1336.728771862029,1349.5813222379013,15163.800304617023,14893.59050752287,0.0,0.0,4
2023-08-09,158.0,170.0,18.0,8,9,0,0,166.0,0.0,98.2,29.0,799.0,382.0,318.5,147.0,1569.0,0,0,1,0,0,0,0,49.0,0.0,0.0,0.0,30.0,0.0,71.66666666666667,36.285714285714285,26.571428571428573,36.02333333333333,60.91172379138629,49.97001641214455,58.41758571542921,42.69328951800623,0.0,0.0,5
2023-08-09,76.0,0.0,106.0,8,9,0,0,63.0,34.0,0.0,0.0,75.0,0.0,17.0,20.0,34.0,0,0,1,0,0,0,0,50.0,15.0,34.0,406.0,25.0,61.0,42.66666666666666,48.71428571428572,81.07142857142857,54.53333333333333,35.98941643369742,79.79055917421141,55.694395907586426,57.97662092595044,0.0,0.0,6
2023-08-09,8450.0,0.0,0.0,8,9,0,0,0.0,7200.0,0.0,2960.0,6000.0,0.0,0.0,0.0,1440.0,0,0,1,0,0,0,0,0.0,0.0,7200.0,0.0,0.0,0.0,0.0,2057.1428571428573,1028.571428571429,528.0,3513.240262614719,1832.5606731264463,890.0673110419867,754.1156230072219,0.0,0.0,7
2023-08-09,70.0,595.0,435.0,8,9,0,0,0.0,105.0,0.0,130.0,0.0,255.0,375.0,0.0,0.0,0,0,1,0,0,0,0,235.0,560.0,105.0,815.0,17.5,0.0,265.0,186.42857142857144,202.14285714285717,162.08333333333334,192.54251231252545,188.60202961451043,186.37224585278605,167.52651263701773,0.0,0.0,8
2023-08-10,711.5,3287.0,685.0,8,10,0,0,1109.0,392.0,90.0,585.0,429.5,853.0,1140.0,3275.0,2445.0,0,0,0,1,0,0,0,482.0,689.0,392.0,170.0,738.9,334.5,760.0,616.4285714285714,625.5285714285714,620.94,281.25484122817386,348.4607023804094,713.6846717976018,666.0200444608373,0.0,0.0,0
2023-08-10,323.0,1051.0,738.0,8,10,0,0,127.0,261.0,716.0,1248.0,404.0,173.0,345.0,188.0,847.0,0,0,0,1,0,0,0,515.0,437.0,261.0,249.0,330.0,746.0,359.6666666666667,402.0,310.6428571428572,341.1666666666667,329.0845889230709,277.12565099027114,334.1700821903648,309.2232183177908,0.0,0.0,1
2023-08-10,290.0,10023.2,1657.5,8,10,0,0,674.0,86.25,334.5,1951.0,877.0,1249.0,7627.0,6528.6,7883.3,0,0,0,1,0,0,0,716.0,829.5,86.25,409.0,175.0,0.0,739.8333333333334,391.6071428571428,432.8035714285714,315.9916666666667,338.44361473832373,317.4255715323571,518.5321845836371,358.7859214508513,0.0,0.0,2
2023-08-10,0.0,0.0,0.0,8,10,0,0,0.0,0.0,0.0,0.0,0.0,0.0,0.0,0.0,0.0,0,0,0,1,0,0,0,0.0,0.0,0.0,0.0,0.0,0.0,0.0,0.0,0.0,0.0,0.0,0.0,0.0,0.0,0.0,0.0,3
2023-08-10,15614.0,1148.5,2019.0,8,10,0,0,16399.0,13964.0,13442.0,938.0,1513.5,915.0,4090.0,1315.0,2499.0,0,0,0,1,0,0,0,15781.0,15337.0,13964.0,15079.0,14988.0,16223.0,15839.0,15187.0,15323.32857142857,15263.686666666668,1064.9167416594744,1365.5832985700288,15472.600228462768,14990.713700585911,0.0,0.0,4
2023-08-10,30.0,146.0,350.5,8,10,0,0,158.0,0.0,93.0,18.0,160.0,235.0,170.0,848.0,102.5,0,0,0,1,0,0,0,166.0,49.0,0.0,0.0,91.0,0.0,124.33333333333331,58.85714285714285,37.85714285714285,38.016666666666666,73.24941085412378,53.596912438951335,83.31318928657191,50.13243212974777,0.0,0.0,5
2023-08-10,48.0,89.0,124.0,8,10,0,0,76.0,25.0,0.0,106.0,11.0,0.0,0.0,30.0,371.0,0,0,0,1,0,0,0,63.0,50.0,25.0,170.0,32.0,16.0,63.0,54.71428571428572,57.5,57.06666666666667,36.62291762323272,79.20376747105655,60.77079693068982,59.13941957588913,0.0,0.0,6
2023-08-10,0.0,0.0,6290.0,8,10,0,0,8450.0,0.0,1440.0,0.0,6240.0,0.0,0.0,0.0,0.0,0,0,0,1,0,0,0,0.0,0.0,0.0,0.0,0.0,0.0,2816.6666666666665,2235.714285714286,1632.142857142857,809.6666666666666,3835.222101968616,2330.3788109015345,2780.05048328149,1250.6242924906269,0.0,0.0,7
2023-08-10,105.0,65.0,0.0,8,10,0,0,70.0,35.0,20.0,435.0,890.0,355.0,595.0,20.0,0.0,0,0,0,1,0,0,0,0.0,235.0,35.0,0.0,235.0,70.0,101.66666666666669,181.42857142857144,148.92857142857142,164.41666666666666,195.442111755934,186.9534371004668,157.27918438958957,161.23447956366175,0.0,0.0,8
2023-08-11,1186.0,3364.0,523.0,8,11,1,0,711.5,305.0,1018.0,685.0,1962.0,290.0,3287.0,2733.5,2978.0,0,0,0,0,1,0,0,1109.0,482.0,305.0,870.4,1301.9,315.0,767.5,662.0714285714286,664.2071428571428,641.6566666666666,264.1695207897484,333.980661925552,713.1385038482014,668.9542351407833,0.0,0.0,0
2023-08-11,228.0,110.0,856.0,8,11,1,0,323.0,1078.0,420.0,738.0,290.0,441.5,1051.0,937.5,105.0,0,0,0,0,1,0,0,127.0,515.0,1078.0,211.0,202.0,40.0,321.6666666666667,410.8571428571428,315.92857142857144,328.06666666666666,325.4716723830346,267.9321753256085,331.3775616427736,310.1120429424494,0.0,0.0,1
2023-08-11,496.0,11686.6,5802.5,8,11,1,0,290.0,259.5,30.0,1657.5,1101.5,1254.75,10023.2,9559.5,9690.8,0,0,0,0,1,0,0,674.0,716.0,259.5,1020.5,0.0,1077.5,560.0,420.7142857142857,424.3035714285714,314.5083333333333,315.8097867840252,317.4400736504376,461.3991384377279,354.3481200669254,0.0,0.0,2
2023-08-11,0.0,0.0,0.0,8,11,1,0,0.0,0.0,0.0,0.0,0.0,0.0,0.0,0.0,0.0,0,0,0,0,1,0,0,0.0,0.0,0.0,0.0,0.0,0.0,0.0,0.0,0.0,0.0,0.0,0.0,0.0,0.0,0.0,0.0,3
2023-08-11,14394.0,13087.84,344.0,8,11,1,0,15614.0,14589.0,16227.0,2019.0,505.0,975.0,1148.5,19085.48,1170.0,0,0,0,0,1,0,0,16399.0,15781.0,14589.0,18530.0,14832.0,14726.0,15931.333333333334,15422.714285714286,15361.542857142857,15336.086666666668,922.1313562043132,1322.5711497016152,15507.950171347076,15030.92571990295,0.0,0.0,4
2023-08-11,0.0,605.0,0.0,8,11,1,0,30.0,0.0,0.0,350.5,143.5,417.0,146.0,245.0,334.0,0,0,0,0,1,0,0,158.0,166.0,0.0,0.0,0.0,60.5,118.0,63.142857142857146,40.0,35.916666666666664,70.03910472354873,52.593116655512446,69.98489196492893,48.83356554073179,0.0,0.0,5
2023-08-11,0.0,41.0,0.0,8,11,1,0,48.0,32.0,61.0,124.0,26.0,80.0,89.0,59.0,57.0,0,0,0,0,1,0,0,76.0,63.0,32.0,0.0,9.0,16.0,62.333333333333336,58.0,48.785714285714285,58.66666666666666,34.48187929913325,78.49284322014084,57.578097698017366,58.420747345186605,0.0,0.0,6
2023-08-11,0.0,0.0,2000.0,8,11,1,0,0.0,7200.0,0.0,6290.0,6000.0,0.0,0.0,0.0,2640.0,0,0,0,0,1,0,0,8450.0,0.0,7200.0,0.0,0.0,0.0,2816.6666666666665,2235.714285714286,1632.142857142857,761.6666666666666,3835.222101968616,2331.777601232415,2085.0378624611176,1169.938854265425,0.0,0.0,7
2023-08-11,170.0,0.0,135.0,8,11,1,0,105.0,95.0,0.0,0.0,245.0,75.0,65.0,0.0,0.0,0,0,0,0,1,0,0,70.0,0.0,95.0,50.0,80.0,130.0,58.333333333333336,191.42857142857144,156.42857142857142,167.25,188.3638828994357,185.32630821672728,144.20938829219216,157.60644862407068,0.0,0.0,8
2023-08-12,795.0,3160.0,796.0,8,12,1,0,1186.0,502.0,334.5,523.0,90.0,745.0,3364.0,2337.0,1660.0,0,0,0,0,0,1,0,711.5,1109.0,502.0,621.0,536.5,1271.0,1002.1666666666666,787.9285714285714,686.75,647.2566666666667,275.32835375411673,341.82491755922035,831.353877886151,702.3120264220231,0.0,0.0,0
2023-08-12,136.0,156.0,232.0,8,12,1,0,228.0,192.0,746.0,856.0,784.0,198.0,110.0,722.0,486.0,0,0,0,0,0,1,0,323.0,127.0,192.0,100.0,344.0,75.0,226.0,289.42857142857144,317.1428571428572,321.6666666666667,141.85304266840922,267.953590080039,305.5331712320802,304.814491784872,0.0,0.0,1
2023-08-12,255.5,8172.1,2091.5,8,12,1,0,496.0,0.0,0.0,5802.5,2113.5,1002.0,11686.6,10053.1,5898.3,0,0,0,0,0,1,0,290.0,674.0,0.0,83.0,397.0,108.0,486.6666666666667,454.5,386.8392857142857,330.0416666666667,308.248411728809,314.4252287859966,470.0493538282959,363.4869510303496,0.0,0.0,2
2023-08-12,0.0,0.0,0.0,8,12,1,0,0.0,0.0,0.0,0.0,0.0,0.0,0.0,0.0,0.0,0,0,0,0,0,1,0,0.0,0.0,0.0,0.0,0.0,0.0,0.0,0.0,0.0,0.0,0.0,0.0,0.0,0.0,0.0,0.0,3
2023-08-12,13764.0,1750.0,7670.65,8,12,1,0,14394.0,13875.0,16223.0,344.0,8510.0,1660.0,13087.84,1785.0,2446.0,0,0,0,0,0,1,0,15614.0,16399.0,13875.0,18525.6,15368.0,14985.0,15469.0,15394.857142857143,15066.114285714284,15274.986666666668,953.9128940966136,1322.33392614345,15229.462628510308,14989.833737973728,0.0,0.0,4
2023-08-12,19.0,657.0,455.5,8,12,1,0,0.0,39.0,0.0,0.0,124.0,693.0,605.0,0.0,839.0,0,0,0,0,0,1,0,30.0,158.0,39.0,0.0,50.0,90.0,62.66666666666666,63.142857142857146,40.0,35.916666666666664,70.03910472354873,52.593116655512446,52.488668973696704,45.68301292520071,0.0,0.0,5
2023-08-12,0.0,52.0,85.0,8,12,1,0,0.0,122.0,16.0,0.0,0.0,25.0,41.0,9.0,139.0,0,0,0,0,0,1,0,48.0,76.0,122.0,16.0,85.0,25.0,41.333333333333336,53.42857142857143,48.785714285714285,56.63333333333333,40.15742829937,79.21706683638898,43.18357327351303,54.6516668713036,0.0,0.0,6
2023-08-12,0.0,0.0,2500.0,8,12,1,0,0.0,0.0,0.0,2000.0,6480.0,7140.0,0.0,0.0,11900.0,0,0,0,0,0,1,0,0.0,8450.0,0.0,0.0,0.0,0.0,2816.6666666666665,1207.142857142857,1632.142857142857,761.6666666666666,3193.79979692797,2331.777601232415,1563.7783968458382,1094.458928183785,0.0,0.0,7
2023-08-12,0.0,0.0,110.0,8,12,1,0,170.0,275.0,70.0,135.0,520.0,265.0,0.0,125.0,0.0,0,0,0,0,0,1,0,105.0,70.0,275.0,290.0,80.0,280.0,115.0,202.14285714285717,165.0,172.91666666666666,184.04838908235376,182.6152013979373,150.6570412191441,158.40603258380807,0.0,0.0,8
2023-08-13,352.0,2064.0,320.0,8,13,0,0,795.0,836.0,315.0,796.0,402.0,764.0,3160.0,2405.0,2536.0,0,0,0,0,0,0,1,1186.0,711.5,836.0,959.0,1187.0,644.0,897.5,829.7857142857143,699.1785714285714,662.6066666666667,245.24305242331425,337.60958060982244,822.2654084146133,708.2918956851184,0.0,0.0,0
2023-08-13,254.0,28.0,277.0,8,13,0,0,136.0,204.0,40.0,232.0,536.0,341.0,156.0,790.0,565.0,0,0,0,0,0,0,1,228.0,323.0,204.0,265.0,287.0,1035.0,229.0,281.42857142857144,319.7142857142857,301.3333333333333,149.62938341432871,257.58725784149107,263.14987842406015,293.92323425036415,0.0,0.0,1
2023-08-13,0.0,6664.85,2829.5,8,13,0,0,255.5,176.0,1077.5,2091.5,776.0,1344.5,8172.1,10512.95,11657.45,0,0,0,0,0,0,1,496.0,290.0,176.0,140.0,196.5,0.0,347.1666666666667,491.0,399.1607142857143,338.55833333333334,256.19247321756615,308.5833291816822,416.412015371222,356.52005096387546,0.0,0.0,2
2023-08-13,0.0,0.0,0.0,8,13,0,0,0.0,0.0,0.0,0.0,0.0,0.0,0.0,0.0,0.0,0,0,0,0,0,0,1,0.0,0.0,0.0,0.0,0.0,0.0,0.0,0.0,0.0,0.0,0.0,0.0,0.0,0.0,0.0,0.0,3
2023-08-13,14568.0,1141.0,476.0,8,13,0,0,13764.0,16364.0,14726.0,7670.65,635.0,915.0,1750.0,1205.0,9442.2,0,0,0,0,0,0,1,14394.0,15614.0,16364.0,16151.0,16316.0,15318.0,14590.666666666666,15379.0,14726.0,15193.02,983.8417894492152,1337.6670214503802,14863.09697138273,14910.74769036252,0.0,0.0,4
2023-08-13,0.0,441.0,467.0,8,13,0,0,19.0,0.0,60.5,455.5,307.5,60.0,657.0,52.5,1207.0,0,0,0,0,0,0,1,0.0,30.0,0.0,0.0,148.0,48.0,16.333333333333332,60.285714285714285,41.35714285714285,36.55,71.5791270453298,52.2590282581189,44.11650173027253,43.96152822034905,0.0,0.0,5
2023-08-13,26.0,62.0,0.0,8,13,0,0,0.0,15.0,16.0,85.0,22.0,155.0,52.0,76.0,0.0,0,0,0,0,0,0,1,0.0,48.0,15.0,34.0,137.0,0.0,16.0,36.0,47.642857142857146,56.1,30.827476921300725,79.55321359381686,32.38767995513477,51.1257528796066,0.0,0.0,6
2023-08-13,0.0,6750.0,0.0,8,13,0,0,0.0,0.0,0.0,2500.0,3750.0,0.0,0.0,2000.0,11900.0,0,0,0,0,0,0,1,0.0,0.0,0.0,0.0,0.0,0.0,0.0,1207.142857142857,1632.142857142857,761.6666666666666,3193.79979692797,2331.777601232415,1172.8337976343787,1023.8486747525732,0.0,0.0,7
2023-08-13,125.0,0.0,235.0,8,13,0,0,0.0,560.0,130.0,110.0,510.0,95.0,0.0,495.0,250.0,0,0,0,0,0,0,1,170.0,105.0,560.0,230.0,105.0,440.0,91.66666666666669,162.85714285714286,144.28571428571428,170.58333333333334,194.9328333652633,184.4138937157456,112.99278091435808,148.18628854614303,0.0,0.0,8
2023-08-14,611.0,3869.5,610.0,8,14,0,0,352.0,689.0,1271.0,320.0,552.0,279.5,2064.0,3158.0,3310.0,1,0,0,0,0,0,0,795.0,1186.0,689.0,553.0,172.0,773.0,777.6666666666666,760.6428571428571,655.8214285714286,663.84,304.31353271005844,336.36121347598095,704.6990563109599,685.3053217699496,0.0,0.0,0
2023-08-14,138.0,772.0,52.0,8,14,0,0,254.0,437.0,75.0,277.0,540.0,107.5,28.0,385.0,322.5,1,0,0,0,0,0,0,136.0,228.0,437.0,177.0,210.0,116.0,206.0,288.57142857142856,318.92857142857144,308.46666666666664,146.4773670149039,253.0233372544957,260.8624088180451,291.3475417180826,0.0,0.0,1
2023-08-14,673.5,7321.7,1463.75,8,14,0,0,0.0,829.5,108.0,2829.5,678.0,1100.0,6664.85,7225.5,8461.5,1,0,0,0,0,0,0,255.5,496.0,829.5,260.0,316.5,125.0,250.5,465.8571428571428,389.1607142857143,302.64166666666665,297.5562571858912,281.0922790200978,312.3090115284165,333.5187573533029,0.0,0.0,2
2023-08-14,0.0,0.0,0.0,8,14,0,0,0.0,0.0,0.0,0.0,0.0,0.0,0.0,0.0,0.0,1,0,0,0,0,0,0,0.0,0.0,0.0,0.0,0.0,0.0,0.0,0.0,0.0,0.0,0.0,0.0,0.0,0.0,0.0,0.0,3
2023-08-14,14320.0,2137.0,885.0,8,14,0,0,14568.0,15337.0,14985.0,476.0,2066.0,3161.3,1141.0,2618.0,3272.0,1,0,0,0,0,0,0,13764.0,14394.0,15337.0,14721.0,14832.0,15056.0,14242.0,15122.42857142857,14612.92857142857,15187.753333333334,916.0023393606862,1339.87839045022,14789.322728537049,14888.634936145583,0.0,0.0,4
2023-08-14,91.0,220.0,394.0,8,14,0,0,0.0,49.0,90.0,467.0,101.0,492.0,441.0,40.0,40.0,1,0,0,0,0,0,0,19.0,0.0,49.0,118.0,0.0,0.0,6.333333333333333,60.285714285714285,41.35714285714285,34.53333333333333,71.5791270453298,52.46984903229068,33.087376297704395,41.12530059322976,0.0,0.0,5
2023-08-14,50.0,25.0,34.0,8,14,0,0,26.0,50.0,25.0,0.0,0.0,51.0,62.0,25.0,6.0,1,0,0,0,0,0,0,0.0,0.0,50.0,120.0,68.0,18.0,8.666666666666666,37.57142857142857,47.07142857142857,56.43333333333333,29.843241238495573,79.40020122155227,30.79075996635108,49.50473656479328,0.0,0.0,6
2023-08-14,0.0,0.0,8300.0,8,14,0,0,0.0,0.0,0.0,0.0,0.0,0.0,6750.0,6000.0,26400.0,1,0,0,0,0,0,0,0.0,0.0,0.0,0.0,0.0,0.0,0.0,1207.142857142857,1632.142857142857,761.6666666666666,3193.79979692797,2331.777601232415,879.625348225784,957.7939215427298,0.0,0.0,7
2023-08-14,0.0,0.0,70.0,8,14,0,0,125.0,235.0,280.0,235.0,70.0,650.0,0.0,340.0,0.0,1,0,0,0,0,0,0,0.0,170.0,235.0,45.0,300.0,0.0,98.33333333333331,100.71428571428572,136.78571428571428,170.41666666666666,86.28579312516094,184.45409125744328,115.99458568576856,146.6903989625209,0.0,0.0,8
2023-08-15,332.0,1547.5,1300.0,8,15,0,0,611.0,482.0,644.0,610.0,745.0,217.0,3869.5,428.5,2112.0,0,1,0,0,0,0,0,352.0,795.0,482.0,749.0,297.0,204.0,586.0,749.5,659.9642857142857,641.84,308.76946632290725,316.26352564779324,681.27429223322,680.5114300428561,0.0,0.0,0
2023-08-15,127.0,254.0,290.0,8,15,0,0,138.0,515.0,1035.0,52.0,425.0,76.0,772.0,433.0,755.0,0,1,0,0,0,0,0,254.0,136.0,515.0,243.0,571.0,716.0,176.0,245.8571428571429,316.1428571428572,310.56666666666666,139.4051990558792,251.27422625810465,230.1468066135338,281.4541519298192,0.0,0.0,1
2023-08-15,100.0,7433.3,2017.0,8,15,0,0,673.5,716.0,0.0,1463.75,754.0,1670.0,7321.7,6894.9,4369.8,0,1,0,0,0,0,0,0.0,255.5,716.0,886.5,309.5,265.0,309.6666666666667,443.57142857142856,418.69642857142856,321.4916666666667,270.3828194386971,286.49872482214033,402.6067586463124,355.4530310724446,0.0,0.0,2
2023-08-15,0.0,0.0,0.0,8,15,0,0,0.0,0.0,0.0,0.0,0.0,0.0,0.0,0.0,0.0,0,1,0,0,0,0,0,0.0,0.0,0.0,0.0,0.0,0.0,0.0,0.0,0.0,0.0,0.0,0.0,0.0,0.0,0.0,0.0,3
2023-08-15,14186.0,1946.0,235.0,8,15,0,0,14320.0,15781.0,15318.0,885.0,1149.0,2035.0,2137.0,1110.0,1685.0,0,1,0,0,0,0,0,14568.0,13764.0,15781.0,12789.0,14652.0,14795.0,14217.333333333334,14977.142857142857,14584.285714285714,15165.586666666668,956.073293663778,1348.8193436799193,14671.992046402784,14851.948811232967,0.0,0.0,4
2023-08-15,0.0,328.0,144.0,8,15,0,0,91.0,166.0,48.0,394.0,29.0,10.0,220.0,318.5,605.0,0,1,0,0,0,0,0,0.0,19.0,166.0,0.0,0.0,0.0,36.66666666666666,66.28571428571429,39.42857142857143,34.56666666666667,72.2327586941788,52.50660604305929,47.565532223278296,44.34302313560204,0.0,0.0,5
2023-08-15,40.0,60.0,87.0,8,15,0,0,50.0,63.0,0.0,34.0,0.0,9.0,25.0,17.0,6.0,0,1,0,0,0,0,0,26.0,0.0,63.0,48.0,0.0,9.0,25.33333333333333,37.57142857142857,42.07142857142857,57.266666666666666,29.843241238495573,79.18983448055357,35.59306997476331,49.53668904448404,0.0,0.0,6
2023-08-15,0.0,6500.0,0.0,8,15,0,0,0.0,0.0,0.0,8300.0,2960.0,0.0,0.0,0.0,27200.0,0,1,0,0,0,0,0,0.0,0.0,0.0,0.0,0.0,0.0,0.0,1207.142857142857,1632.142857142857,761.6666666666666,3193.79979692797,2331.777601232415,659.719011169338,896.0007653141666,0.0,0.0,7
2023-08-15,0.0,0.0,215.0,8,15,0,0,0.0,0.0,440.0,70.0,130.0,150.0,0.0,375.0,0.0,0,1,0,0,0,0,0,125.0,0.0,0.0,95.0,0.0,275.0,41.66666666666666,67.14285714285714,133.57142857142858,161.08333333333334,69.39363220408752,185.79707522165023,86.99593926432641,137.2265022552615,0.0,0.0,8
2023-08-16,615.0,1793.0,667.0,8,16,0,0,332.0,1109.0,773.0,1300.0,585.0,720.0,1547.5,1140.0,2603.5,0,0,1,0,0,0,0,611.0,352.0,1109.0,520.0,852.0,136.0,431.6666666666667,728.0714285714286,630.1785714285714,631.44,334.5562270345878,321.2801587614664,593.955719174915,658.0268216529944,0.0,0.0,0
2023-08-16,492.0,529.0,301.0,8,16,0,0,127.0,127.0,116.0,290.0,1248.0,227.0,254.0,345.0,273.0,0,0,1,0,0,0,0,138.0,254.0,127.0,290.0,78.0,0.0,173.0,190.42857142857144,307.85714285714283,280.3,78.30039834478572,212.7354111858525,204.36010496015035,271.489367934347,0.0,0.0,1
2023-08-16,340.0,7344.5,2944.5,8,16,0,0,100.0,674.0,125.0,2017.0,1951.0,1441.0,7433.3,7627.0,6705.35,0,0,1,0,0,0,0,673.5,0.0,674.0,519.0,64.5,21.5,257.8333333333333,355.57142857142856,362.5178571428572,324.825,267.1632504311782,283.1919291752501,326.9550689847343,338.97219035809337,0.0,0.0,2
2023-08-16,0.0,0.0,0.0,8,16,0,0,0.0,0.0,0.0,0.0,0.0,0.0,0.0,0.0,0.0,0,0,1,0,0,0,0,0.0,0.0,0.0,0.0,0.0,0.0,0.0,0.0,0.0,0.0,0.0,0.0,0.0,0.0,0.0,0.0,3
2023-08-16,14948.5,2838.0,800.0,8,16,0,0,14186.0,16399.0,15056.0,235.0,938.0,1522.0,1946.0,4090.0,1596.0,0,0,1,0,0,0,0,14320.0,14568.0,16399.0,12422.0,16877.0,14747.0,14358.0,14749.285714285714,14684.07142857143,15127.853333333334,922.021820834624,1360.1944728435326,14550.49403480209,14808.984371798584,0.0,0.0,4
2023-08-16,0.0,432.0,460.0,8,16,0,0,0.0,158.0,0.0,144.0,18.0,458.0,328.0,170.0,512.5,0,0,1,0,0,0,0,91.0,0.0,158.0,0.0,0.0,30.0,30.33333333333333,42.57142857142857,39.42857142857143,32.96666666666667,60.3043866366211,52.81358454643833,35.67414916745872,41.48218293330513,0.0,0.0,5
2023-08-16,16.0,110.0,12.0,8,16,0,0,40.0,76.0,18.0,87.0,106.0,50.0,60.0,0.0,74.0,0,0,1,0,0,0,0,50.0,26.0,76.0,34.0,406.0,25.0,38.66666666666666,34.285714285714285,41.5,58.6,27.771173818153432,78.52634084749239,36.694802481072486,48.92141878354958,0.0,0.0,6
2023-08-16,0.0,0.0,0.0,8,16,0,0,0.0,8450.0,0.0,0.0,0.0,9000.0,6500.0,0.0,0.0,0,0,1,0,0,0,0,0.0,0.0,8450.0,7200.0,0.0,0.0,0.0,1207.142857142857,1632.142857142857,761.6666666666666,3193.79979692797,2331.777601232415,494.78925837700353,838.1942643261559,0.0,0.0,7
2023-08-16,35.0,0.0,255.0,8,16,0,0,0.0,70.0,0.0,215.0,435.0,380.0,0.0,595.0,0.0,0,0,1,0,0,0,0,0.0,125.0,70.0,105.0,815.0,17.5,41.66666666666666,67.14285714285714,126.78571428571428,146.41666666666666,69.39363220408752,180.30587437278172,65.24695444824481,128.3731795291156,0.0,0.0,8
2023-08-17,680.0,1771.0,915.0,8,17,0,0,615.0,711.5,204.0,667.0,685.0,627.5,1793.0,3287.0,3499.2,0,0,0,1,0,0,0,332.0,611.0,711.5,392.0,170.0,738.9,519.3333333333334,657.5,636.9642857142857,626.1733333333334,289.93778068176323,320.17270009333623,599.2167893811862,655.2508976753818,0.0,0.0,0
2023-08-17,137.0,462.0,555.0,8,17,0,0,492.0,323.0,716.0,301.0,738.0,515.0,529.0,1051.0,652.0,0,0,0,1,0,0,0,127.0,138.0,323.0,261.0,249.0,330.0,252.33333333333331,242.57142857142856,322.2857142857143,292.8333333333333,132.08312678367423,213.79527483139063,276.2700787201128,285.71586032567944,0.0,0.0,1
2023-08-17,318.0,7344.5,908.0,8,17,0,0,340.0,290.0,265.0,2944.5,1657.5,1614.5,7344.5,10023.2,6621.1,0,0,0,1,0,0,0,100.0,673.5,290.0,86.25,409.0,175.0,371.1666666666667,307.85714285714283,349.73214285714283,331.9916666666667,227.7302341012488,280.6698766692644,330.2163017385507,339.03850065757126,0.0,0.0,2
2023-08-17,0.0,0.0,0.0,8,17,0,0,0.0,0.0,0.0,0.0,0.0,0.0,0.0,0.0,0.0,0,0,0,1,0,0,0,0.0,0.0,0.0,0.0,0.0,0.0,0.0,0.0,0.0,0.0,0.0,0.0,0.0,0.0,0.0,0.0,3
2023-08-17,12486.0,2158.0,3227.0,8,17,0,0,14948.5,15614.0,14795.0,800.0,2019.0,1110.0,2838.0,1148.5,1530.0,0,0,0,1,0,0,0,14186.0,14320.0,15614.0,13964.0,15079.0,14988.0,14484.833333333334,14542.07142857143,14864.535714285714,15124.27,594.1815399193298,1360.5318511650344,14649.995526101568,14817.985380069644,0.0,0.0,4
2023-08-17,0.0,246.0,91.0,8,17,0,0,0.0,30.0,0.0,460.0,350.5,767.0,432.0,146.0,1106.0,0,0,0,1,0,0,0,0.0,91.0,30.0,0.0,0.0,91.0,30.33333333333333,20.0,39.42857142857143,32.96666666666667,33.52113760997244,52.81358454643833,26.75561187559404,38.80591306664029,0.0,0.0,5
2023-08-17,22.0,21.0,22.0,8,17,0,0,16.0,48.0,9.0,12.0,124.0,0.0,110.0,89.0,34.0,0,0,0,1,0,0,0,40.0,50.0,48.0,25.0,170.0,32.0,35.333333333333336,25.714285714285715,40.21428571428572,58.53333333333333,21.24236557538005,78.56283816302646,31.521101860804364,46.797456281385095,0.0,0.0,6
2023-08-17,0.0,0.0,4375.0,8,17,0,0,0.0,0.0,0.0,0.0,6290.0,15640.0,0.0,0.0,0.0,0,0,0,1,0,0,0,0.0,0.0,0.0,0.0,0.0,0.0,0.0,0.0,1117.857142857143,761.6666666666666,0.0,2331.777601232415,371.0919437827527,784.1172150147911,0.0,0.0,7
2023-08-17,80.0,100.0,880.0,8,17,0,0,35.0,105.0,275.0,255.0,0.0,0.0,0.0,65.0,310.0,0,0,0,1,0,0,0,0.0,0.0,105.0,35.0,0.0,235.0,11.666666666666666,62.142857142857146,121.78571428571428,147.58333333333334,70.40698017343765,179.4369586412922,57.6852158361836,122.34910343046296,0.0,0.0,8
2023-08-18,508.4,2361.0,575.0,8,18,1,0,680.0,1186.0,136.0,915.0,523.0,1624.0,1771.0,3364.0,2256.5,0,0,0,0,1,0,0,615.0,332.0,1186.0,305.0,870.4,1301.9,542.3333333333334,653.0,657.5357142857143,642.0400000000001,289.2035038976296,310.167954057375,619.4125920358897,656.8476139543894,0.0,0.0,0
2023-08-18,81.0,277.0,428.0,8,18,1,0,137.0,228.0,0.0,555.0,856.0,262.5,462.0,110.0,305.0,0,0,0,0,1,0,0,492.0,127.0,228.0,1078.0,211.0,202.0,252.0,216.0,313.42857142857144,273.53333333333336,131.91537691515128,199.9640887299746,241.4525590400846,276.1212886917646,0.0,0.0,1
2023-08-18,1072.0,8825.4,903.0,8,18,1,0,318.0,496.0,21.5,908.0,5802.5,693.0,7344.5,11686.6,8094.9,0,0,0,0,1,0,0,340.0,100.0,496.0,259.5,1020.5,0.0,252.66666666666663,311.85714285714283,366.2857142857143,333.7583333333333,227.6101774023801,280.4003332931674,327.16222630391303,337.6811780345022,0.0,0.0,2
2023-08-18,0.0,0.0,0.0,8,18,1,0,0.0,0.0,0.0,0.0,0.0,0.0,0.0,0.0,0.0,0,0,0,0,1,0,0,0.0,0.0,0.0,0.0,0.0,0.0,0.0,0.0,0.0,0.0,0.0,0.0,0.0,0.0,0.0,0.0,3
2023-08-18,15410.0,17205.0,907.0,8,18,1,0,12486.0,14394.0,14747.0,3227.0,344.0,551.0,2158.0,13087.84,2030.0,0,0,0,0,1,0,0,14948.5,14186.0,14394.0,14589.0,18530.0,14832.0,13873.5,14095.214285714286,14758.964285714286,15047.303333333335,795.7114142463029,1442.6352138823622,14108.996644576177,14667.534710387732,0.0,0.0,4
2023-08-18,125.0,341.0,130.0,8,18,1,0,0.0,0.0,30.0,91.0,0.0,45.0,246.0,605.0,162.5,0,0,0,0,1,0,0,0.0,0.0,0.0,0.0,0.0,0.0,0.0,15.714285714285714,39.42857142857143,32.96666666666667,33.944632789855575,52.81358454643833,20.06670890669553,36.302305772018336,0.0,0.0,5
2023-08-18,112.0,44.0,6.0,8,18,1,0,22.0,0.0,25.0,22.0,0.0,34.0,21.0,41.0,6.0,0,0,0,0,1,0,0,16.0,40.0,0.0,32.0,0.0,9.0,26.0,22.0,40.0,58.96666666666667,18.832595855767288,78.31566687554233,29.140826395603277,45.19762039226348,0.0,0.0,6
2023-08-18,55.0,130.0,245.0,8,18,1,0,80.0,170.0,17.5,880.0,135.0,585.0,100.0,0.0,0.0,0,0,0,0,1,0,0,35.0,0.0,170.0,95.0,50.0,80.0,38.333333333333336,58.57142857142857,125.0,141.08333333333334,68.47835945965484,178.18975179195405,63.2639118771377,119.6169032091428,0.0,0.0,8
2023-08-19,827.0,2147.0,0.0,8,19,1,0,508.4,795.0,738.9,575.0,796.0,648.0,2361.0,3160.0,1422.5,0,0,0,0,0,1,0,680.0,615.0,795.0,502.0,621.0,536.5,601.1333333333333,556.2,672.0642857142857,654.4533333333334,169.83348707876445,296.3619103141587,591.6594440269173,647.2703485379772,0.0,0.0,0
2023-08-19,216.0,116.0,384.5,8,19,1,0,81.0,136.0,330.0,428.0,232.0,0.0,277.0,156.0,544.0,0,0,0,0,0,1,0,137.0,492.0,136.0,192.0,100.0,344.0,236.66666666666663,195.0,242.2142857142857,276.2333333333333,141.0697227142182,196.66296801509355,201.33941928006345,263.5328184535863,0.0,0.0,1
2023-08-19,879.0,11369.65,827.0,8,19,1,0,1072.0,255.5,175.0,903.0,2091.5,2181.5,8825.4,8172.1,10422.2,0,0,0,0,0,1,0,318.0,340.0,255.5,0.0,83.0,397.0,576.6666666666666,394.1428571428572,424.32142857142856,368.775,366.8220179557695,304.6092207578252,513.3716697279348,385.056585903244,0.0,0.0,2
2023-08-19,0.0,0.0,0.0,8,19,1,0,0.0,0.0,0.0,0.0,0.0,0.0,0.0,0.0,0.0,0,0,0,0,0,1,0,0.0,0.0,0.0,0.0,0.0,0.0,0.0,0.0,0.0,0.0,0.0,0.0,0.0,0.0,0.0,0.0,3
2023-08-19,13815.0,1955.0,9156.4,8,19,1,0,15410.0,13764.0,14988.0,907.0,7670.65,1291.0,17205.0,1750.0,2384.5,0,0,0,0,0,1,0,12486.0,14948.5,13764.0,13875.0,18525.6,15368.0,14281.5,14240.357142857143,14817.607142857143,15069.403333333334,939.0476875663762,1442.9544515676596,14434.247483432133,14715.435696814331,0.0,0.0,4
2023-08-19,121.0,1195.0,163.0,8,19,1,0,125.0,19.0,91.0,130.0,455.5,59.0,341.0,657.0,753.0,0,0,0,0,0,1,0,0.0,0.0,19.0,39.0,0.0,50.0,41.66666666666666,33.57142857142857,48.35714285714285,36.13333333333333,52.24575626420855,55.41363789147872,46.30003168002165,42.02473765769457,0.0,0.0,5
2023-08-19,31.0,148.0,16.0,8,19,1,0,112.0,0.0,32.0,6.0,85.0,0.0,44.0,52.0,26.0,0,0,0,0,0,1,0,22.0,16.0,0.0,122.0,16.0,85.0,50.0,38.0,45.71428571428572,61.86666666666667,36.40512784393606,78.62470145037703,49.855619796702456,49.507451334698096,0.0,0.0,6
2023-08-19,75.0,240.0,105.0,8,19,1,0,55.0,0.0,235.0,245.0,110.0,475.0,130.0,0.0,185.0,0,0,0,0,0,1,0,80.0,35.0,0.0,275.0,290.0,80.0,56.66666666666666,42.142857142857146,122.14285714285714,142.33333333333334,48.0327269384411,177.4228017327893,61.19793390785328,115.4480707440368,0.0,0.0,8
2023-08-20,449.0,1415.0,160.0,8,20,0,0,827.0,352.0,1301.9,0.0,320.0,929.0,2147.0,2064.0,2727.5,0,0,0,0,0,0,1,508.4,680.0,352.0,836.0,959.0,1187.0,671.8000000000001,560.7714285714286,695.2785714285714,657.39,177.58631435901407,297.6611975337756,650.494583020188,658.8658099226238,0.0,0.0,0
2023-08-20,221.0,937.0,190.0,8,20,0,0,216.0,254.0,202.0,384.5,277.0,292.0,116.0,28.0,499.0,0,0,0,0,0,0,1,81.0,137.0,254.0,204.0,265.0,287.0,144.66666666666666,206.42857142857144,243.92857142857144,272.43333333333334,138.71416311112142,196.6896177919068,205.0045644600476,260.4661850049678,0.0,0.0,1
2023-08-20,567.0,8134.5,1105.0,8,20,0,0,879.0,0.0,0.0,827.0,2829.5,941.25,11369.65,6664.85,13108.35,0,0,0,0,0,0,1,1072.0,318.0,0.0,176.0,140.0,196.5,756.3333333333334,483.2142857142857,487.1071428571428,392.2416666666667,401.5965904095445,316.06834760727816,604.7787522959511,416.9239029417444,0.0,0.0,2
2023-08-20,0.0,0.0,0.0,8,20,0,0,0.0,0.0,0.0,0.0,0.0,0.0,0.0,0.0,0.0,0,0,0,0,0,0,1,0.0,0.0,0.0,0.0,0.0,0.0,0.0,0.0,0.0,0.0,0.0,0.0,0.0,0.0,0.0,0.0,3
2023-08-20,15961.0,2345.0,1226.0,8,20,0,0,13815.0,14568.0,14832.0,9156.4,476.0,708.0,1955.0,1141.0,17607.18,0,0,0,0,0,0,1,15410.0,12486.0,14568.0,16364.0,16151.0,16316.0,13903.666666666666,14247.642857142857,14813.32142857143,15030.303333333335,934.924627723411,1461.015776186022,14279.435612574098,14657.343071213409,0.0,0.0,4
2023-08-20,78.0,1054.5,426.0,8,20,0,0,121.0,0.0,0.0,163.0,467.0,82.0,1195.0,441.0,241.0,0,0,0,0,0,0,1,125.0,0.0,0.0,0.0,0.0,148.0,82.0,48.142857142857146,54.21428571428572,37.13333333333333,60.99570632820172,56.693813646175165,64.97502376001623,47.11991587332718,0.0,0.0,5
2023-08-20,25.0,24.0,92.0,8,20,0,0,31.0,26.0,9.0,16.0,0.0,9.0,148.0,62.0,0.0,0,0,0,0,0,0,1,112.0,22.0,26.0,15.0,34.0,137.0,55.0,42.42857142857143,39.21428571428572,61.833333333333336,32.71012658111209,78.6380110481515,45.14171484752684,48.31342221633048,0.0,0.0,6
2023-08-20,185.0,435.0,0.0,8,20,0,0,75.0,125.0,80.0,105.0,235.0,235.0,240.0,0.0,335.0,0,0,0,0,0,0,1,55.0,80.0,125.0,560.0,230.0,105.0,70.0,52.85714285714285,107.85714285714286,137.0,45.35573676110712,176.94534515610695,64.64845043088997,112.83851779280864,0.0,0.0,8
2023-08-21,516.0,1879.0,939.0,8,21,0,0,449.0,611.0,536.5,160.0,610.0,781.0,1415.0,3869.5,1344.5,1,0,0,0,0,0,0,827.0,508.4,611.0,689.0,553.0,172.0,594.8000000000001,574.6285714285715,667.6357142857142,628.9600000000002,161.65013366615332,273.7510051626956,600.120937265141,645.3260802501966,0.0,0.0,0
2023-08-21,265.0,426.5,548.0,8,21,0,0,221.0,138.0,344.0,190.0,52.0,203.0,937.0,772.0,201.0,1,0,0,0,0,0,0,216.0,81.0,138.0,437.0,177.0,210.0,172.66666666666666,201.7142857142857,245.14285714285717,273.06666666666666,137.38233060297276,196.48548833549197,209.00342334503569,257.9199795207764,0.0,0.0,1
2023-08-21,1048.5,6195.1,756.0,8,21,0,0,567.0,673.5,397.0,1105.0,1463.75,869.0,8134.5,7321.7,10632.2,1,0,0,0,0,0,0,879.0,1072.0,673.5,829.5,260.0,316.5,839.3333333333334,564.2142857142857,515.0357142857143,411.14166666666665,340.41051897462194,308.6705341218324,595.3340642219633,426.6062317842125,0.0,0.0,2
2023-08-21,0.0,0.0,0.0,8,21,0,0,0.0,0.0,0.0,0.0,0.0,0.0,0.0,0.0,0.0,1,0,0,0,0,0,0,0.0,0.0,0.0,0.0,0.0,0.0,0.0,0.0,0.0,0.0,0.0,0.0,0.0,0.0,0.0,0.0,3
2023-08-21,14247.0,645.0,1325.0,8,21,0,0,15961.0,14320.0,15368.0,1226.0,885.0,2486.8,2345.0,2137.0,2363.5,1,0,0,0,0,0,0,13815.0,15410.0,14320.0,15337.0,14721.0,14832.0,15062.0,14446.642857142857,14784.535714285714,15067.936666666668,1140.1945270539416,1470.2431172366305,14699.826709430574,14741.449969844803,0.0,0.0,4
2023-08-21,68.0,855.0,607.0,8,21,0,0,78.0,91.0,50.0,426.0,394.0,370.0,1054.5,220.0,0.0,1,0,0,0,0,0,0,121.0,125.0,91.0,49.0,118.0,0.0,108.0,59.285714285714285,59.785714285714285,39.73333333333333,57.77460308738431,56.7206909479187,68.23126782001216,49.11217936537059,0.0,0.0,5
2023-08-21,92.0,240.0,0.0,8,21,0,0,25.0,50.0,85.0,92.0,34.0,16.0,24.0,25.0,0.0,1,0,0,0,0,0,0,31.0,112.0,50.0,50.0,120.0,68.0,56.0,42.285714285714285,39.92857142857143,62.36666666666667,32.795905667802856,78.32095035408992,40.106286135645135,46.80933046043819,0.0,0.0,6
2023-08-21,0.0,0.0,4625.0,8,21,0,0,0.0,0.0,0.0,4375.0,2000.0,14430.0,0.0,0.0,3000.0,1,0,0,0,0,0,0,0.0,0.0,0.0,7200.0,0.0,0.0,0.0,0.0,1117.857142857143,761.6666666666666,0.0,2331.777601232415,278.3189578370645,733.5290075944821,0.0,0.0,7
2023-08-21,220.0,0.0,440.0,8,21,0,0,185.0,0.0,80.0,0.0,70.0,0.0,435.0,0.0,35.0,1,0,0,0,0,0,0,75.0,55.0,0.0,235.0,45.0,300.0,105.0,61.42857142857143,81.07142857142857,140.5,63.35839103296183,176.81741020534196,94.73633782316747,117.4940972900468,0.0,0.0,8
2023-08-22,481.4,1687.0,135.0,8,22,0,0,516.0,332.0,1187.0,939.0,1300.0,1525.0,1879.0,1547.5,1712.0,0,1,0,0,0,0,0,449.0,827.0,332.0,482.0,749.0,297.0,597.3333333333334,561.0571428571428,655.2785714285714,628.2766666666668,162.07495032795487,274.01521941539005,579.0907029488558,636.9824621695387,0.0,0.0,0
2023-08-22,298.0,184.0,1154.0,8,22,0,0,265.0,127.0,287.0,548.0,290.0,111.0,426.5,254.0,735.0,0,1,0,0,0,0,0,221.0,216.0,127.0,515.0,243.0,571.0,234.0,219.8571428571429,232.8571428571429,270.43333333333334,135.94414118971542,196.0309059611621,223.0025675087768,258.37675503556505,0.0,0.0,1
2023-08-22,287.5,7798.4,505.5,8,22,0,0,1048.5,100.0,196.5,756.0,2017.0,1056.0,6195.1,7433.3,5825.8,0,1,0,0,0,0,0,567.0,879.0,100.0,716.0,886.5,309.5,831.5,617.7857142857143,530.6785714285714,432.85833333333335,386.81949463357125,329.8340601813993,708.6255481664725,466.7284103787795,0.0,0.0,2
2023-08-22,0.0,0.0,0.0,8,22,0,0,0.0,0.0,0.0,0.0,0.0,0.0,0.0,0.0,0.0,0,1,0,0,0,0,0,0.0,0.0,0.0,0.0,0.0,0.0,0.0,0.0,0.0,0.0,0.0,0.0,0.0,0.0,0.0,0.0,3
2023-08-22,16358.0,1844.0,325.0,8,22,0,0,14247.0,14186.0,16316.0,1325.0,235.0,2295.0,645.0,1946.0,4597.0,0,1,0,0,0,0,0,15961.0,13815.0,14186.0,15781.0,12789.0,14652.0,14674.333333333334,14436.214285714286,14706.67857142857,15030.570000000002,1141.8784909504118,1476.585540138093,14586.62003207293,14709.549971790302,0.0,0.0,4
2023-08-22,0.0,744.0,352.0,8,22,0,0,68.0,0.0,148.0,607.0,144.0,241.0,855.0,328.0,434.5,0,1,0,0,0,0,0,78.0,121.0,0.0,166.0,0.0,0.0,89.0,56.0,61.142857142857146,40.333333333333336,56.30571315002918,56.92786320595138,68.17345086500913,50.330748438572485,0.0,0.0,5
2023-08-22,12.0,0.0,15.0,8,22,0,0,92.0,40.0,137.0,0.0,87.0,0.0,240.0,60.0,25.0,0,1,0,0,0,0,0,25.0,31.0,40.0,63.0,48.0,0.0,49.333333333333336,48.285714285714285,42.92857142857143,62.6,37.88893543729387,78.40109077355211,53.079714601733855,49.7248575275067,0.0,0.0,6
2023-08-22,0.0,0.0,380.0,8,22,0,0,220.0,0.0,105.0,440.0,215.0,685.0,0.0,0.0,205.0,0,1,0,0,0,0,0,185.0,75.0,0.0,0.0,95.0,0.0,160.0,92.85714285714286,80.0,145.16666666666666,80.14867137894116,177.01297114624967,126.0522533673756,124.10738133585023,0.0,0.0,8
2023-08-23,619.4,1668.4,505.0,8,23,0,0,481.4,615.0,172.0,135.0,667.0,1319.0,1687.0,1793.0,2823.5,0,0,1,0,0,0,0,516.0,449.0,615.0,1109.0,520.0,852.0,482.1333333333334,582.4,655.2357142857143,604.7566666666667,134.34979220924086,253.9516077758792,554.6680272116419,626.9448839650523,0.0,0.0,0
2023-08-23,483.0,312.5,729.0,8,23,0,0,298.0,492.0,210.0,1154.0,301.0,660.0,184.0,529.0,407.0,0,0,1,0,0,0,0,265.0,221.0,492.0,127.0,290.0,78.0,261.3333333333333,244.28571428571428,217.3571428571429,270.8,131.7772290467434,196.07324458318956,241.75192563158257,260.93309342036736,0.0,0.0,1
2023-08-23,43.0,6668.1,845.0,8,23,0,0,287.5,340.0,316.5,505.5,2944.5,840.5,7798.4,7344.5,5528.9,0,0,1,0,0,0,0,1048.5,567.0,340.0,674.0,519.0,64.5,634.3333333333334,644.5714285714286,500.07142857142856,435.89166666666665,349.6999223824417,327.9987626352113,603.3441611248544,455.1652871285357,0.0,0.0,2
2023-08-23,0.0,0.0,0.0,8,23,0,0,0.0,0.0,0.0,0.0,0.0,0.0,0.0,0.0,0.0,0,0,1,0,0,0,0,0.0,0.0,0.0,0.0,0.0,0.0,0.0,0.0,0.0,0.0,0.0,0.0,0.0,0.0,0.0,0.0,3
2023-08-23,15763.0,5314.5,2123.0,8,23,0,0,16358.0,14948.5,14832.0,325.0,800.0,5351.0,1844.0,2838.0,3887.0,0,0,1,0,0,0,0,14247.0,15961.0,14948.5,16399.0,12422.0,16877.0,15522.0,14746.5,14747.892857142857,15031.97,1340.3999092310562,1477.8656812537674,15029.465024054698,14815.90158651351,0.0,0.0,4
2023-08-23,55.0,637.0,571.0,8,23,0,0,0.0,0.0,0.0,352.0,460.0,157.5,744.0,432.0,1376.5,0,0,1,0,0,0,0,68.0,78.0,0.0,158.0,0.0,0.0,48.66666666666666,56.0,49.285714285714285,35.4,56.30571315002918,53.59078665025561,51.13008814875685,47.08360337801943,0.0,0.0,5
2023-08-23,41.0,29.0,25.0,8,23,0,0,12.0,16.0,68.0,15.0,12.0,0.0,0.0,110.0,6.0,0,0,1,0,0,0,0,92.0,25.0,16.0,76.0,34.0,406.0,43.0,44.285714285714285,39.285714285714285,58.43333333333333,40.31010744099744,77.62850673220028,42.80978595130039,47.29099575153853,0.0,0.0,6
2023-08-23,0.0,0.0,10235.0,8,23,0,0,0.0,0.0,0.0,4625.0,2500.0,14800.0,0.0,0.0,0.0,0,0,1,0,0,0,0,0.0,0.0,0.0,0.0,0.0,0.0,0.0,0.0,603.5714285714286,761.6666666666666,0.0,2331.777601232415,208.73921837779835,686.2045554916123,0.0,0.0,7
2023-08-23,230.0,0.0,0.0,8,23,0,0,0.0,35.0,300.0,380.0,255.0,110.0,0.0,0.0,0.0,0,0,1,0,0,0,0,220.0,185.0,35.0,70.0,105.0,815.0,135.0,92.85714285714286,80.0,141.66666666666666,80.14867137894116,178.86294759672427,94.53919002553172,116.10045350773088,0.0,0.0,8
2023-08-24,1158.3,1685.0,43.0,8,24,0,0,619.4,680.0,297.0,505.0,915.0,176.0,1668.4,1771.0,3460.0,0,0,0,1,0,0,0,481.4,516.0,680.0,711.5,392.0,170.0,538.9333333333333,583.0285714285714,620.2642857142857,619.67,134.5378969446351,240.43889631685832,570.8510204087314,626.4581172576296,0.0,0.0,0
2023-08-24,360.0,597.5,447.5,8,24,0,0,483.0,137.0,571.0,729.0,555.0,339.5,312.5,462.0,480.5,0,0,0,1,0,0,0,298.0,265.0,137.0,323.0,261.0,249.0,348.6666666666667,243.0,242.78571428571428,279.9,128.97157309526173,199.46002105685227,302.0639442236869,275.2599906190534,0.0,0.0,1
2023-08-24,300.0,8746.3,1570.5,8,24,0,0,43.0,318.0,309.5,845.0,908.0,1093.0,6668.1,7344.5,7320.55,0,0,0,1,0,0,0,287.5,1048.5,318.0,290.0,86.25,409.0,459.6666666666667,602.1428571428571,455.0,426.775,406.25594501144576,335.15454714823386,463.2581208436408,428.57397828153336,0.0,0.0,2
2023-08-24,0.0,0.0,0.0,8,24,0,0,0.0,0.0,0.0,0.0,0.0,0.0,0.0,0.0,0.0,0,0,0,1,0,0,0,0.0,0.0,0.0,0.0,0.0,0.0,0.0,0.0,0.0,0.0,0.0,0.0,0.0,0.0,0.0,0.0,3
2023-08-24,16654.0,1405.0,800.0,8,24,0,0,15763.0,12486.0,14652.0,2123.0,3227.0,3197.0,5314.5,2158.0,4626.0,0,0,0,1,0,0,0,16358.0,14247.0,12486.0,15614.0,13964.0,15079.0,15456.0,14862.857142857143,14702.464285714286,15063.003333333334,1395.094193781828,1483.2867396621416,15212.848768041024,14877.00470996425,0.0,0.0,4
2023-08-24,0.0,49.0,311.0,8,24,0,0,55.0,0.0,0.0,571.0,91.0,57.0,637.0,246.0,749.0,0,0,0,1,0,0,0,0.0,68.0,0.0,30.0,0.0,0.0,41.0,63.85714285714285,41.92857142857143,37.23333333333333,50.75243367376147,53.2778554847845,52.09756611156764,47.594338643953655,0.0,0.0,5
2023-08-24,0.0,56.0,166.0,8,24,0,0,41.0,22.0,0.0,25.0,22.0,12.0,29.0,21.0,0.0,0,0,0,1,0,0,0,12.0,92.0,22.0,48.0,25.0,170.0,48.333333333333336,47.85714285714285,36.785714285714285,57.53333333333333,38.45095825172873,77.67027271979812,42.35733946347529,46.88512505789088,0.0,0.0,6
2023-08-24,0.0,0.0,10235.0,8,24,0,0,0.0,0.0,0.0,10235.0,0.0,10400.0,0.0,6750.0,14860.0,0,0,0,1,0,0,0,0.0,0.0,0.0,0.0,0.0,0.0,0.0,0.0,603.5714285714286,761.6666666666666,0.0,2331.777601232415,156.55441378334876,641.9332938469921,0.0,0.0,7
2023-08-24,35.0,115.0,105.0,8,24,0,0,230.0,80.0,0.0,0.0,880.0,490.0,0.0,100.0,0.0,0,0,0,1,0,0,0,0.0,220.0,80.0,105.0,35.0,0.0,150.0,120.71428571428572,91.42857142857144,139.33333333333334,89.97354108424359,177.17482761450597,128.4043925191488,123.4488113459418,0.0,0.0,8
2023-08-25,477.0,2258.0,589.5,8,25,1,0,1158.3,508.4,852.0,43.0,575.0,1175.5,1685.0,2361.0,2206.0,0,0,0,0,1,0,0,619.4,481.4,508.4,1186.0,305.0,870.4,753.0333333333333,651.3571428571429,652.1785714285714,648.3799999999999,257.3761440456537,251.73833212697056,717.7132653065485,660.7704967893956,0.0,0.0,0
2023-08-25,334.0,480.0,439.0,8,25,1,0,360.0,81.0,78.0,447.5,428.0,181.0,597.5,277.0,784.0,0,0,0,0,1,0,0,483.0,298.0,81.0,228.0,1078.0,211.0,380.3333333333333,274.85714285714283,245.42857142857144,272.8666666666667,125.9304418735835,192.4378508422435,316.5479581677652,280.72708799846936,0.0,0.0,1
2023-08-25,345.0,13143.55,2358.0,8,25,1,0,300.0,1072.0,64.5,1570.5,903.0,1278.0,8746.3,8825.4,8170.55,0,0,0,0,1,0,0,43.0,287.5,1072.0,496.0,259.5,1020.5,210.16666666666663,599.5714285714286,455.7142857142857,426.4583333333333,408.4054795350887,335.2736407060636,422.44359063273055,420.2788829085313,0.0,0.0,2
2023-08-25,0.0,0.0,0.0,8,25,1,0,0.0,0.0,0.0,0.0,0.0,0.0,0.0,0.0,0.0,0,0,0,0,1,0,0,0.0,0.0,0.0,0.0,0.0,0.0,0.0,0.0,0.0,0.0,0.0,0.0,0.0,0.0,0.0,0.0,3
2023-08-25,16904.0,19946.0,944.0,8,25,1,0,16654.0,15410.0,16877.0,800.0,907.0,2160.0,1405.0,17205.0,4661.0,0,0,0,0,1,0,0,15763.0,16358.0,15410.0,14394.0,14589.0,18530.0,16258.333333333334,15458.285714285714,14776.75,15129.736666666668,1061.031214477315,1508.97080168352,15573.136576030767,14991.649567385912,0.0,0.0,4
2023-08-25,145.0,322.0,155.0,8,25,1,0,0.0,125.0,0.0,311.0,130.0,30.0,49.0,341.0,416.0,0,0,0,0,1,0,0,55.0,0.0,125.0,0.0,0.0,0.0,18.33333333333333,63.85714285714285,39.785714285714285,37.23333333333333,50.75243367376147,53.2778554847845,39.07317458367573,44.52373615079536,0.0,0.0,5
2023-08-25,0.0,39.0,15.0,8,25,1,0,0.0,112.0,406.0,166.0,6.0,0.0,56.0,44.0,157.0,0,0,0,0,1,0,0,41.0,12.0,112.0,0.0,32.0,0.0,17.666666666666668,44.71428571428572,33.357142857142854,57.53333333333333,41.68018828218139,77.67027271979812,31.76800459760647,43.86027827996244,0.0,0.0,6
2023-08-25,0.0,0.0,0.0,8,25,1,0,0.0,0.0,0.0,10235.0,8300.0,16375.0,0.0,0.0,0.0,0,0,0,0,1,0,0,0.0,0.0,0.0,0.0,0.0,0.0,0.0,0.0,603.5714285714286,761.6666666666666,0.0,2331.777601232415,117.41581033751156,600.5182426310572,0.0,0.0,7
2023-08-25,0.0,0.0,445.0,8,25,1,0,35.0,55.0,815.0,105.0,245.0,345.0,115.0,130.0,0.0,0,0,0,0,1,0,0,230.0,0.0,55.0,170.0,95.0,50.0,88.33333333333333,114.28571428571428,86.42857142857143,140.5,94.84322904265792,176.3389662963997,105.05329438936158,117.74243642039718,0.0,0.0,8
2023-08-26,437.9,1998.0,542.0,8,26,1,0,477.0,827.0,170.0,589.5,0.0,760.0,2258.0,2147.0,2250.0,0,0,0,0,0,1,0,1158.3,619.4,827.0,795.0,502.0,621.0,751.5666666666666,646.8714285714286,601.5357142857143,635.88,260.5371676254374,250.58661851605387,657.5349489799114,648.9143357062088,0.0,0.0,0
2023-08-26,352.0,200.0,262.0,8,26,1,0,334.0,216.0,249.0,439.0,384.5,43.0,480.0,116.0,201.0,0,0,0,0,0,1,0,360.0,483.0,216.0,136.0,192.0,100.0,392.3333333333333,311.0,253.0,281.4,93.02687783646094,189.14664991062816,320.9109686258239,284.1640500630843,0.0,0.0,1
2023-08-26,330.0,12203.4,3332.0,8,26,1,0,345.0,879.0,409.0,2358.0,827.0,1580.0,13143.55,11369.65,9426.4,0,0,0,0,0,1,0,300.0,43.0,879.0,255.5,0.0,83.0,229.33333333333331,495.7142857142857,444.9285714285714,435.8083333333333,357.51082234701386,328.67775647368427,403.0826929745479,415.42218078540026,0.0,0.0,2
2023-08-26,0.0,0.0,0.0,8,26,1,0,0.0,0.0,0.0,0.0,0.0,0.0,0.0,0.0,0.0,0,0,0,0,0,1,0,0.0,0.0,0.0,0.0,0.0,0.0,0.0,0.0,0.0,0.0,0.0,0.0,0.0,0.0,0.0,0.0,3
2023-08-26,14858.0,3335.0,13115.0,8,26,1,0,16904.0,13815.0,15079.0,944.0,9156.4,2651.0,19946.0,1955.0,3635.0,0,0,0,0,0,1,0,16654.0,15763.0,13815.0,13764.0,13875.0,18525.6,16440.333333333332,15671.714285714286,14956.035714285714,15130.636666666667,1191.8906149874697,1510.0565238298173,15905.852432023075,15115.027014651338,0.0,0.0,4
2023-08-26,98.0,646.25,701.0,8,26,1,0,145.0,121.0,0.0,155.0,163.0,199.0,322.0,1195.0,149.0,0,0,0,0,0,1,0,0.0,55.0,121.0,19.0,39.0,0.0,66.66666666666667,66.71428571428571,50.142857142857146,42.06666666666667,55.14137673808536,56.27637057466998,65.55488093775679,51.00607575396985,0.0,0.0,5
2023-08-26,60.0,163.0,0.0,8,26,1,0,0.0,31.0,170.0,15.0,16.0,12.0,39.0,148.0,57.0,0,0,0,0,0,1,0,0.0,41.0,31.0,0.0,122.0,16.0,13.666666666666666,28.714285714285715,33.357142857142854,44.0,31.894170239059232,42.0730071546411,23.82600344820485,41.03058290706164,0.0,0.0,6
2023-08-26,0.0,11200.0,0.0,8,26,1,0,0.0,0.0,0.0,0.0,0.0,14500.0,0.0,6500.0,0.0,0,0,0,0,0,1,0,0.0,0.0,0.0,0.0,0.0,0.0,0.0,0.0,603.5714285714286,761.6666666666666,0.0,2331.777601232415,88.06185775313368,561.775130203247,0.0,0.0,7
2023-08-26,20.0,0.0,330.0,8,26,1,0,0.0,75.0,0.0,445.0,105.0,885.0,0.0,240.0,0.0,0,0,0,0,0,1,0,35.0,230.0,75.0,0.0,275.0,290.0,88.33333333333333,106.42857142857144,74.28571428571429,113.33333333333331,102.5391911138648,123.79302340470645,78.7899707920212,110.1461501997264,0.0,0.0,8
2023-08-27,798.9,1187.0,880.0,8,27,0,0,437.9,449.0,870.4,542.0,160.0,85.5,1998.0,1415.0,2031.0,0,0,0,0,0,0,1,477.0,1158.3,449.0,352.0,836.0,959.0,691.0666666666666,591.2857142857143,576.0285714285714,644.8100000000001,257.1873663860084,237.8622831779361,602.6262117349336,635.3005075961308,0.0,0.0,0
2023-08-27,76.0,120.0,311.0,8,27,0,0,352.0,221.0,211.0,262.0,190.0,208.0,200.0,937.0,462.0,0,0,0,0,0,0,1,334.0,360.0,221.0,254.0,204.0,265.0,348.6666666666667,330.42857142857144,268.42857142857144,284.8333333333333,83.60394157944285,189.4727863879379,328.6832264693679,288.54056296224013,0.0,0.0,1
2023-08-27,0.0,9569.35,2462.75,8,27,0,0,330.0,567.0,1020.5,3332.0,1105.0,2704.25,12203.4,8134.5,7091.55,0,0,0,0,0,0,1,345.0,300.0,567.0,0.0,176.0,140.0,325.0,417.2857142857143,450.25,433.175,317.379879789564,329.2159779374478,384.81201973091095,409.91107234763257,0.0,0.0,2
2023-08-27,0.0,0.0,0.0,8,27,0,0,0.0,0.0,0.0,0.0,0.0,0.0,0.0,0.0,0.0,0,0,0,0,0,0,1,0.0,0.0,0.0,0.0,0.0,0.0,0.0,0.0,0.0,0.0,0.0,0.0,0.0,0.0,0.0,0.0,3
2023-08-27,13096.0,3290.0,463.0,8,27,0,0,14858.0,15961.0,18530.0,13115.0,1226.0,510.0,3335.0,2345.0,17676.239999999998,0,0,0,0,0,0,1,16904.0,16654.0,15961.0,14568.0,16364.0,16151.0,16138.666666666666,15820.714285714286,15034.17857142857,15123.27,964.6204286809108,1510.8559668338055,15643.889324017306,15098.444626609316,0.0,0.0,4
2023-08-27,202.0,586.0,220.0,8,27,0,0,98.0,78.0,0.0,701.0,426.0,210.0,646.25,1054.5,270.0,0,0,0,0,0,0,1,145.0,0.0,78.0,0.0,0.0,0.0,81.0,63.42857142857143,55.785714285714285,45.333333333333336,51.96106601054692,56.59373264516799,73.66616070331759,54.0379418343589,0.0,0.0,5
2023-08-27,6.0,0.0,41.0,8,27,0,0,60.0,25.0,0.0,0.0,92.0,71.0,163.0,24.0,9.0,0,0,0,0,0,0,1,0.0,0.0,25.0,26.0,15.0,34.0,20.0,32.857142857142854,37.642857142857146,40.333333333333336,34.051082074967695,34.89425734132046,32.86950258615364,42.25441626789637,0.0,0.0,6
2023-08-27,0.0,0.0,8400.0,8,27,0,0,0.0,0.0,0.0,0.0,0.0,12025.0,11200.0,0.0,2500.0,0,0,0,0,0,0,1,0.0,0.0,0.0,8450.0,7200.0,0.0,0.0,0.0,603.5714285714286,761.6666666666666,0.0,2331.777601232415,66.04639331485026,525.5315734159408,0.0,0.0,7
2023-08-27,0.0,0.0,240.0,8,27,0,0,20.0,185.0,50.0,330.0,0.0,115.0,0.0,435.0,0.0,0,0,0,0,0,0,1,0.0,35.0,185.0,125.0,560.0,230.0,18.33333333333333,98.57142857142856,75.71428571428571,114.0,107.3434629943483,123.2141393588052,64.09247809401589,104.33026954167956,0.0,0.0,8
2023-08-28,494.0,2050.0,1177.0,8,28,0,0,798.9,516.0,621.0,880.0,939.0,915.0,1187.0,1879.0,1732.0,1,0,0,0,0,0,0,437.9,477.0,516.0,611.0,689.0,553.0,571.2666666666667,641.2714285714285,607.9499999999999,642.4266666666666,258.92100284504784,235.8738688854458,651.6946588012001,645.8553135576708,0.0,0.0,0
2023-08-28,117.0,771.5,461.0,8,28,0,0,76.0,265.0,100.0,311.0,548.0,446.0,120.0,426.5,550.0,1,0,0,0,0,0,0,352.0,334.0,265.0,138.0,437.0,177.0,254.0,309.7142857142857,255.7142857142857,280.3333333333333,123.6213496740669,192.85966549466116,265.5124198520259,274.8282685775795,0.0,0.0,1
2023-08-28,188.0,7359.1,1673.0,8,28,0,0,0.0,1048.5,83.0,2462.75,756.0,1524.0,9569.35,6195.1,7366.45,1,0,0,0,0,0,0,330.0,345.0,1048.5,673.5,829.5,260.0,225.0,336.2857142857143,450.25,399.15833333333336,344.0363179887235,319.00100315573866,288.60901479818324,383.4651967123015,0.0,0.0,2
2023-08-28,0.0,0.0,0.0,8,28,0,0,0.0,0.0,0.0,0.0,0.0,0.0,0.0,0.0,0.0,1,0,0,0,0,0,0,0.0,0.0,0.0,0.0,0.0,0.0,0.0,0.0,0.0,0.0,0.0,0.0,0.0,0.0,0.0,0.0,3
2023-08-28,13505.0,1186.0,430.0,8,28,0,0,13096.0,14247.0,18525.6,463.0,1325.0,5990.2,3290.0,645.0,3860.0,1,0,0,0,0,0,0,14858.0,16904.0,14247.0,14320.0,15337.0,14721.0,14952.666666666666,15411.42857142857,14929.035714285714,14942.136666666667,1403.2545334736153,1410.7667595986893,15006.91699301298,14969.254650699038,0.0,0.0,4
2023-08-28,0.0,429.0,351.0,8,28,0,0,202.0,68.0,0.0,220.0,607.0,0.0,586.0,855.0,493.5,1,0,0,0,0,0,0,98.0,145.0,68.0,91.0,49.0,118.0,148.33333333333334,81.14285714285714,70.21428571428571,52.06666666666667,74.1539582477534,62.70122549170014,105.7496205274882,63.583881070851874,0.0,0.0,5
2023-08-28,9.0,0.0,0.0,8,28,0,0,6.0,92.0,16.0,41.0,0.0,0.0,0.0,240.0,172.0,1,0,0,0,0,0,0,60.0,0.0,92.0,50.0,50.0,120.0,22.0,30.142857142857142,36.21428571428572,40.53333333333333,35.507879742523635,34.67159558240554,26.15212693961523,39.91542166996758,0.0,0.0,6
2023-08-28,0.0,0.0,0.0,8,28,0,0,0.0,0.0,0.0,8400.0,4375.0,11200.0,0.0,0.0,8500.0,1,0,0,0,0,0,0,0.0,0.0,0.0,0.0,0.0,0.0,0.0,0.0,0.0,761.6666666666666,0.0,2331.777601232415,49.5347949861377,491.6263106149124,0.0,0.0,7
2023-08-28,0.0,0.0,135.0,8,28,0,0,0.0,220.0,290.0,240.0,440.0,585.0,0.0,0.0,0.0,1,0,0,0,0,0,0,20.0,0.0,220.0,0.0,235.0,45.0,6.666666666666667,72.14285714285714,66.78571428571429,112.33333333333331,105.27175716754633,124.44174189731038,48.06935857051192,97.5992844099583,0.0,0.0,8
2023-08-29,570.0,1908.0,201.0,8,29,0,0,494.0,481.4,959.0,1177.0,135.0,1241.0,2050.0,1687.0,1443.0,0,1,0,0,0,0,0,798.9,437.9,481.4,332.0,482.0,749.0,576.9333333333333,638.1285714285714,599.592857142857,638.1933333333333,260.8215591439581,237.40636765322623,612.2709941009001,636.0581965539501,0.0,0.0,0
2023-08-29,305.0,307.0,718.5,8,29,0,0,117.0,298.0,265.0,461.0,1154.0,20.0,771.5,184.0,165.0,0,1,0,0,0,0,0,76.0,352.0,298.0,127.0,515.0,243.0,181.66666666666663,288.57142857142856,254.2142857142857,280.9,143.58720595612104,192.33579651403844,228.38431488901944,264.64579963709053,0.0,0.0,1
2023-08-29,932.0,7940.6,1596.0,8,29,0,0,188.0,287.5,140.0,1673.0,505.5,493.0,7359.1,7798.4,3521.9,0,1,0,0,0,0,0,0.0,330.0,287.5,100.0,716.0,886.5,172.66666666666666,213.3571428571429,415.57142857142856,402.65833333333336,140.90502542661895,315.9742356594514,263.45676109863746,370.8545388598949,0.0,0.0,2
2023-08-29,0.0,0.0,0.0,8,29,0,0,0.0,0.0,0.0,0.0,0.0,0.0,0.0,0.0,0.0,0,1,0,0,0,0,0,0.0,0.0,0.0,0.0,0.0,0.0,0.0,0.0,0.0,0.0,0.0,0.0,0.0,0.0,0.0,0.0,3
2023-08-29,17267.0,1765.0,148.75,8,29,0,0,13505.0,16358.0,16151.0,430.0,325.0,2100.0,1186.0,1844.0,5225.0,0,1,0,0,0,0,0,13096.0,14858.0,16358.0,14186.0,15781.0,12789.0,13819.666666666666,15305.42857142857,14870.82142857143,14774.783333333333,1528.3249934860887,1260.83662484095,14631.437744759734,14874.786608718458,0.0,0.0,4
2023-08-29,144.0,881.0,6.0,8,29,0,0,0.0,0.0,0.0,351.0,352.0,0.0,429.0,744.0,343.0,0,1,0,0,0,0,0,202.0,98.0,0.0,0.0,166.0,0.0,100.0,71.42857142857143,63.71428571428572,52.06666666666667,80.35723809518186,62.70122549170014,79.31221539561614,59.48169519531304,0.0,0.0,5
2023-08-29,0.0,96.0,84.0,8,29,0,0,9.0,12.0,34.0,0.0,15.0,0.0,0.0,0.0,60.0,0,1,0,0,0,0,0,6.0,60.0,12.0,40.0,63.0,48.0,25.0,18.285714285714285,33.285714285714285,40.3,23.099165105506,34.86540623202512,21.864095204711425,37.92087833642128,0.0,0.0,6
2023-08-29,0.0,4950.0,0.0,8,29,0,0,0.0,0.0,0.0,0.0,4625.0,8800.0,0.0,0.0,0.0,0,1,0,0,0,0,0,0.0,0.0,0.0,0.0,7200.0,0.0,0.0,0.0,0.0,761.6666666666666,0.0,2331.777601232415,37.15109623960328,459.9084841236277,0.0,0.0,7
2023-08-29,35.0,0.0,210.0,8,29,0,0,0.0,0.0,230.0,135.0,380.0,905.0,0.0,0.0,150.0,0,1,0,0,0,0,0,0.0,20.0,0.0,0.0,0.0,95.0,6.666666666666667,40.71428571428572,66.78571428571429,102.66666666666669,84.5787882898036,121.39088568107908,36.052018927883935,91.30255638350938,0.0,0.0,8
2023-08-30,544.0,1390.0,90.0,8,30,0,0,570.0,619.4,553.0,201.0,505.0,1114.0,1908.0,1668.4,1635.5,0,0,1,0,0,0,0,494.0,798.9,619.4,615.0,1109.0,520.0,620.9666666666667,650.7857142857143,616.592857142857,625.2266666666667,254.0090380844173,229.78108762447144,601.703245575675,631.7963774214372,0.0,0.0,0
2023-08-30,1460.5,1223.0,367.5,8,30,0,0,305.0,483.0,177.0,718.5,729.0,215.0,307.0,312.5,448.0,0,0,1,0,0,0,0,117.0,76.0,483.0,492.0,127.0,290.0,166.0,289.57142857142856,266.92857142857144,282.2333333333333,143.6881543979375,192.36041662737532,247.5382361667646,267.2492964346976,0.0,0.0,1
2023-08-30,524.5,8172.9,869.0,8,30,0,0,932.0,43.0,260.0,1596.0,845.0,1517.0,7940.6,6668.1,5428.3,0,0,1,0,0,0,0,188.0,0.0,43.0,340.0,674.0,519.0,373.3333333333333,305.42857142857144,475.0,429.0583333333333,308.4195503654381,326.19309969744864,430.5925708239781,407.0574718366759,0.0,0.0,2
2023-08-30,0.0,0.0,0.0,8,30,0,0,0.0,0.0,0.0,0.0,0.0,0.0,0.0,0.0,0.0,0,0,1,0,0,0,0,0.0,0.0,0.0,0.0,0.0,0.0,0.0,0.0,0.0,0.0,0.0,0.0,0.0,0.0,0.0,0.0,3
2023-08-30,18165.0,2473.5,1556.0,8,30,0,0,17267.0,15763.0,14721.0,148.75,2123.0,1865.0,1765.0,5314.5,3915.0,0,0,1,0,0,0,0,13505.0,13096.0,15763.0,14948.5,16399.0,12422.0,14622.666666666666,15435.285714285714,15090.892857142857,14811.983333333334,1665.15662069024,1318.0081267300757,15290.3283085698,15029.122956543077,0.0,0.0,4
2023-08-30,86.0,1237.0,154.0,8,30,0,0,144.0,55.0,118.0,6.0,571.0,0.0,881.0,637.0,755.0,0,0,1,0,0,0,0,0.0,202.0,55.0,0.0,158.0,0.0,115.33333333333331,92.0,74.0,56.86666666666667,77.40155037206961,64.07470496297319,95.4841615467121,64.93448905367995,0.0,0.0,5
2023-08-30,0.0,88.0,24.0,8,30,0,0,0.0,41.0,120.0,84.0,25.0,0.0,96.0,29.0,92.0,0,0,1,0,0,0,0,9.0,6.0,41.0,16.0,76.0,34.0,5.0,16.571428571428573,30.428571428571427,39.16666666666666,24.068355039048924,35.62165491454001,16.398071403533567,35.47437005665217,0.0,0.0,6
2023-08-30,0.0,425.0,0.0,8,30,0,0,35.0,230.0,45.0,210.0,0.0,840.0,0.0,0.0,35.0,0,0,1,0,0,0,0,0.0,0.0,230.0,35.0,70.0,105.0,11.666666666666666,45.71428571428572,69.28571428571429,96.16666666666669,82.78629976373757,119.54427352798362,35.789014195912955,87.6701333910249,0.0,0.0,8
2023-08-31,470.0,3875.0,856.0,8,31,0,0,544.0,1158.3,749.0,90.0,43.0,319.0,1390.0,1685.0,1647.0,0,0,0,1,0,0,0,570.0,494.0,1158.3,680.0,711.5,392.0,536.0,640.0142857142857,611.5214285714285,624.9266666666666,257.141176714085,229.8844896349308,587.2774341817562,626.1320950071511,0.0,0.0,0
2023-08-31,710.0,235.5,559.0,8,31,0,0,1460.5,360.0,243.0,367.5,447.5,435.0,1223.0,597.5,90.0,0,0,0,1,0,0,0,305.0,117.0,360.0,137.0,323.0,261.0,627.5,429.2142857142857,336.10714285714283,325.01666666666665,469.22559048063937,287.40211177125104,550.7786771250735,344.23321279374943,0.0,0.0,1
2023-08-31,398.5,9512.8,6373.75,8,31,0,0,524.5,300.0,886.5,869.0,1570.5,729.0,8172.9,8746.3,6013.45,0,0,0,1,0,0,0,932.0,188.0,300.0,318.0,290.0,86.25,548.1666666666666,374.2142857142857,488.1785714285714,437.875,293.4674679788285,325.0385968460591,454.0694281179836,414.6344091375356,0.0,0.0,2
2023-08-31,0.0,0.0,0.0,8,31,0,0,0.0,0.0,0.0,0.0,0.0,0.0,0.0,0.0,0.0,0,0,0,1,0,0,0,0.0,0.0,0.0,0.0,0.0,0.0,0.0,0.0,0.0,0.0,0.0,0.0,0.0,0.0,0.0,0.0,3
2023-08-31,16264.0,1062.0,622.5,8,31,0,0,18165.0,16654.0,12789.0,1556.0,800.0,490.0,2473.5,1405.0,2900.0,0,0,0,1,0,0,0,17267.0,13505.0,16654.0,12486.0,15614.0,13964.0,16312.333333333334,15778.42857142857,15320.642857142857,14926.783333333333,1964.526818103431,1452.8959053496192,16008.99623142735,15231.43760450804,0.0,0.0,4
2023-08-31,124.0,85.0,239.0,8,31,0,0,86.0,0.0,0.0,154.0,311.0,60.0,1237.0,49.0,236.0,0,0,0,1,0,0,0,144.0,0.0,0.0,0.0,30.0,0.0,76.66666666666667,96.42857142857144,80.14285714285714,55.8,75.80206053236553,63.28338017913281,93.11312116003408,66.29355427602319,0.0,0.0,5
2023-08-31,101.0,0.0,12.0,8,31,0,0,0.0,0.0,48.0,24.0,166.0,0.0,88.0,56.0,25.0,0,0,0,1,0,0,0,0.0,9.0,0.0,22.0,48.0,25.0,3.0,10.714285714285714,29.285714285714285,35.166666666666664,22.03568534381054,32.86239159904819,12.298553552650176,33.18570102073913,0.0,0.0,6
2023-08-31,0.0,0.0,8900.0,8,31,0,0,0.0,0.0,0.0,0.0,10235.0,5950.0,4950.0,0.0,0.0,0,0,0,1,0,0,0,0.0,0.0,0.0,0.0,0.0,0.0,0.0,0.0,0.0,761.6666666666666,0.0,2331.777601232415,27.863322179702458,430.2369690188776,0.0,0.0,7
2023-08-31,35.0,45.0,0.0,8,31,0,0,0.0,35.0,95.0,0.0,105.0,300.0,425.0,115.0,120.0,0,0,0,1,0,0,0,35.0,0.0,35.0,80.0,105.0,35.0,11.666666666666666,12.857142857142858,66.78571428571429,94.66666666666669,16.79710859472108,120.48703845966853,26.84176064693472,82.01399575289427,0.0,0.0,8
2023-09-01,552.0,2913.0,240.0,9,1,1,0,470.0,477.0,520.0,856.0,589.5,380.0,3875.0,2258.0,3336.0,0,0,0,0,1,0,0,544.0,570.0,477.0,508.4,1186.0,305.0,528.0,541.6857142857143,596.5214285714285,615.6266666666667,122.0209876561033,230.3350527074572,557.9580756363172,616.059056619593,0.0,0.0,0
2023-09-01,35.0,436.0,314.0,9,1,1,0,710.0,334.0,290.0,559.0,439.0,399.5,235.5,480.0,547.0,0,0,0,0,1,0,0,1460.5,305.0,334.0,81.0,228.0,1078.0,825.1666666666666,479.2142857142857,377.0357142857143,340.5833333333333,479.16349481351847,295.34404494598743,590.5840078438051,367.8310700328624,0.0,0.0,1
2023-09-01,466.0,13055.0,2571.75,9,1,1,0,398.5,345.0,519.0,6373.75,2358.0,1782.5,9512.8,13143.55,5926.0,0,0,0,0,1,0,0,524.5,932.0,345.0,1072.0,496.0,259.5,618.3333333333334,388.2857142857143,493.9285714285714,421.60833333333335,291.67188430707216,313.83064071063933,440.1770710884877,413.5934795157591,0.0,0.0,2
2023-09-01,0.0,0.0,0.0,9,1,1,0,0.0,0.0,0.0,0.0,0.0,0.0,0.0,0.0,0.0,0,0,0,0,1,0,0,0.0,0.0,0.0,0.0,0.0,0.0,0.0,0.0,0.0,0.0,0.0,0.0,0.0,0.0,0.0,0.0,3
2023-09-01,14097.0,14802.44,1456.5,9,1,1,0,16264.0,16904.0,12422.0,622.5,944.0,1480.0,1062.0,19946.0,3036.0,0,0,0,0,1,0,0,18165.0,17267.0,16904.0,15410.0,14394.0,14589.0,17232.0,15722.714285714286,15590.5,15042.616666666669,1940.945621278936,1414.601184709558,16072.747173570511,15298.054533249457,0.0,0.0,4
2023-09-01,88.5,40.0,219.0,9,1,1,0,124.0,145.0,0.0,239.0,155.0,799.0,85.0,322.0,147.0,0,0,0,0,1,0,0,86.0,144.0,145.0,125.0,0.0,0.0,118.0,114.14285714285714,89.0,59.93333333333333,62.90317578476899,63.56204318092238,100.83484087002554,70.01655077434427,0.0,0.0,5
2023-09-01,66.0,12.0,128.0,9,1,1,0,101.0,0.0,34.0,12.0,15.0,75.0,0.0,39.0,20.0,0,0,0,0,1,0,0,0.0,0.0,0.0,112.0,0.0,32.0,33.666666666666664,25.142857142857142,34.92857142857143,36.93333333333333,39.776159406645256,34.93534257624416,34.47391516448764,37.56081708391726,0.0,0.0,6
2023-09-01,150.0,70.0,175.0,9,1,1,0,35.0,0.0,105.0,0.0,445.0,0.0,45.0,0.0,0.0,0,0,0,0,1,0,0,0.0,35.0,0.0,55.0,170.0,95.0,23.33333333333333,12.857142857142858,63.57142857142857,92.66666666666669,16.79710859472108,120.97829196362798,28.88132048520104,78.98083473657852,0.0,0.0,8
2023-09-02,1027.0,3785.0,1377.0,9,2,1,0,552.0,437.9,392.0,240.0,542.0,429.5,2913.0,1998.0,3275.0,0,0,0,0,0,1,0,470.0,544.0,437.9,827.0,795.0,502.0,522.0,552.4,599.6357142857142,616.6933333333333,118.64042312803632,229.95071575918368,556.4685567272379,611.9262142570386,0.0,0.0,0
2023-09-02,1063.5,387.0,258.0,9,2,1,0,35.0,352.0,261.0,314.0,262.0,404.0,436.0,200.0,188.0,0,0,0,0,0,1,0,710.0,1460.5,352.0,216.0,136.0,192.0,735.1666666666666,436.5,373.75,332.0833333333333,506.7960635206237,300.47491384568974,451.6880058828539,346.3580977726777,0.0,0.0,1
2023-09-02,694.75,13590.3,1731.0,9,2,1,0,466.0,330.0,86.25,2571.75,3332.0,877.0,13055.0,12203.4,6528.6,0,0,0,0,0,1,0,398.5,524.5,330.0,879.0,255.5,0.0,463.0,405.57142857142856,450.6428571428572,419.8416666666666,292.2639258973854,313.41238177336004,446.63280331636577,416.9745453534521,0.0,0.0,2
2023-09-02,0.0,0.0,0.0,9,2,1,0,0.0,0.0,0.0,0.0,0.0,0.0,0.0,0.0,0.0,0,0,0,0,0,1,0,0.0,0.0,0.0,0.0,0.0,0.0,0.0,0.0,0.0,0.0,0.0,0.0,0.0,0.0,0.0,0.0,3
2023-09-02,16048.0,2639.0,11887.6,9,2,1,0,14097.0,14858.0,13964.0,1456.5,13115.0,1513.5,14802.44,3335.0,1315.0,0,0,0,0,0,1,0,16264.0,18165.0,14858.0,13815.0,13764.0,13875.0,16175.333333333334,15321.714285714286,15496.714285714286,15098.45,1946.1724584669275,1338.6153058549114,15578.810380177883,15220.567144007558,0.0,0.0,4
2023-09-02,112.5,773.0,245.0,9,2,1,0,88.5,98.0,0.0,219.0,701.0,160.0,40.0,646.25,848.0,0,0,0,0,0,1,0,124.0,86.0,98.0,121.0,19.0,39.0,99.5,106.07142857142856,86.39285714285714,62.88333333333333,61.90074620674945,62.7328329771057,97.75113065251917,71.20903136954786,0.0,0.0,5
2023-09-02,0.0,32.0,0.0,9,2,1,0,66.0,60.0,25.0,128.0,0.0,11.0,12.0,163.0,30.0,0,0,0,0,0,1,0,101.0,0.0,60.0,31.0,0.0,122.0,55.66666666666666,34.57142857142857,31.642857142857142,38.0,40.636014990224005,35.328995613157204,42.35543637336573,39.39560307850324,0.0,0.0,6
2023-09-02,0.0,28000.0,0.0,9,2,1,0,0.0,0.0,0.0,8900.0,10235.0,5850.0,0.0,0.0,0.0,0,0,0,0,0,1,0,0.0,0.0,0.0,0.0,0.0,0.0,0.0,0.0,0.0,761.6666666666666,0.0,2331.777601232415,20.89749163477684,402.47974521120807,0.0,0.0,7
2023-09-02,455.0,105.0,310.0,9,2,1,0,150.0,20.0,35.0,175.0,330.0,890.0,70.0,0.0,20.0,0,0,0,0,0,1,0,35.0,0.0,20.0,75.0,0.0,275.0,61.66666666666666,34.285714285714285,70.35714285714286,94.16666666666669,53.41883028082344,121.41467369517484,59.16099036390078,83.56271636647668,0.0,0.0,8
2023-09-03,569.0,2608.0,205.0,9,3,0,0,1027.0,798.9,305.0,1377.0,880.0,1962.0,3785.0,1187.0,2733.5,0,0,0,0,0,0,1,552.0,470.0,798.9,449.0,352.0,836.0,683.0,636.5571428571428,613.9214285714286,637.86,202.9003191811415,237.65131310533428,674.1014175454284,638.7051681759394,0.0,0.0,0
2023-09-03,300.0,2052.0,76.0,9,3,0,0,1063.5,76.0,1078.0,258.0,311.0,290.0,387.0,120.0,937.5,0,0,0,0,0,0,1,35.0,710.0,76.0,221.0,254.0,204.0,602.8333333333334,538.1428571428571,434.2857142857143,358.8333333333333,555.9861145062973,328.35644355332585,604.6410044121404,392.6253172712147,0.0,0.0,1
2023-09-03,0.0,13028.75,1685.5,9,3,0,0,694.75,0.0,259.5,1731.0,2462.75,1101.5,13590.3,9569.35,9559.5,0,0,0,0,0,0,1,466.0,398.5,0.0,567.0,0.0,176.0,519.75,457.6785714285714,437.4821428571428,440.125,308.60339685042203,310.7577554029879,508.6621024872743,434.8955424274229,0.0,0.0,2
2023-09-03,0.0,0.0,0.0,9,3,0,0,0.0,0.0,0.0,0.0,0.0,0.0,0.0,0.0,0.0,0,0,0,0,0,0,1,0.0,0.0,0.0,0.0,0.0,0.0,0.0,0.0,0.0,0.0,0.0,0.0,0.0,0.0,0.0,0.0,3
2023-09-03,13653.0,4851.5,1014.0,9,3,0,0,16048.0,13096.0,14589.0,11887.6,463.0,505.0,2639.0,3290.0,19085.48,0,0,0,0,0,0,1,14097.0,16264.0,13096.0,15961.0,14568.0,16364.0,15469.666666666666,15491.714285714286,15656.214285714286,15167.916666666666,1950.883706963387,1331.7701085872538,15696.107785133414,15273.949908910296,0.0,0.0,4
2023-09-03,121.5,281.0,112.0,9,3,0,0,112.5,202.0,0.0,245.0,220.0,143.5,773.0,586.0,245.0,0,0,0,0,0,0,1,88.5,124.0,202.0,78.0,0.0,0.0,108.33333333333331,108.14285714285714,85.78571428571429,66.63333333333334,61.82819899104466,62.20446448848312,101.43834798938936,73.87296482957703,0.0,0.0,5
2023-09-03,100.0,98.0,37.0,9,3,0,0,0.0,6.0,32.0,0.0,41.0,26.0,32.0,0.0,59.0,0,0,0,0,0,0,1,66.0,101.0,6.0,25.0,26.0,15.0,55.66666666666666,26.0,29.428571428571427,37.16666666666666,40.7062648740952,35.93584641373099,31.766577280024293,36.8539512669869,0.0,0.0,6
2023-09-03,0.0,0.0,723.0,9,3,0,0,0.0,0.0,0.0,0.0,0.0,5900.0,28000.0,0.0,0.0,0,0,0,0,0,0,1,0.0,0.0,0.0,0.0,0.0,0.0,0.0,0.0,0.0,761.6666666666666,0.0,2331.777601232415,15.673118726082633,376.5133100362914,0.0,0.0,7
2023-09-03,125.0,20.0,95.0,9,3,0,0,455.0,0.0,95.0,310.0,240.0,245.0,105.0,0.0,0.0,0,0,0,0,0,0,1,150.0,35.0,0.0,185.0,125.0,560.0,213.33333333333331,96.42857142857144,97.5,108.16666666666669,166.77615451342464,137.50538129490607,158.12074277292558,107.52641208476852,0.0,0.0,8
2023-09-04,364.0,1952.0,360.0,9,4,0,0,569.0,494.0,502.0,205.0,1177.0,90.0,2608.0,2050.0,2337.0,1,0,0,0,0,0,0,1027.0,552.0,494.0,516.0,611.0,689.0,716.0,603.7142857142857,622.4928571428571,646.66,190.46847008163223,229.6540856037243,647.8260631590713,634.2080605516853,0.0,0.0,0
2023-09-04,461.0,431.0,281.0,9,4,0,0,300.0,117.0,192.0,76.0,461.0,784.0,2052.0,771.5,722.0,1,0,0,0,0,0,0,1063.5,35.0,117.0,265.0,138.0,437.0,466.1666666666667,570.1428571428571,439.9285714285714,332.9,530.8313224152687,299.01016013184056,528.4807533091054,386.6494903504913,0.0,0.0,1
2023-09-04,245.0,9298.65,1150.4,9,4,0,0,0.0,188.0,0.0,1685.5,1673.0,2113.5,13028.75,7359.1,10053.1,1,0,0,0,0,0,0,694.75,466.0,188.0,1048.5,673.5,829.5,386.9166666666667,457.6785714285714,396.9821428571428,431.475,308.60339685042203,319.4489351966534,381.4965768654557,406.83776549662144,0.0,0.0,2
2023-09-04,0.0,0.0,0.0,9,4,0,0,0.0,0.0,0.0,0.0,0.0,0.0,0.0,0.0,0.0,1,0,0,0,0,0,0,0.0,0.0,0.0,0.0,0.0,0.0,0.0,0.0,0.0,0.0,0.0,0.0,0.0,0.0,0.0,0.0,3
2023-09-04,13894.0,2215.0,575.0,9,4,0,0,13653.0,13505.0,13875.0,1014.0,430.0,8510.0,4851.5,1186.0,1785.0,1,0,0,0,0,0,0,16048.0,14097.0,13505.0,14247.0,14320.0,15337.0,14599.333333333334,15571.285714285714,15491.357142857143,15136.716666666667,1845.3899962054652,1356.5341466738037,15185.33083885006,15169.372495432212,0.0,0.0,4
2023-09-04,507.0,314.0,297.6,9,4,0,0,121.5,0.0,39.0,112.0,351.0,124.0,281.0,429.0,0.0,1,0,0,0,0,0,0,112.5,88.5,0.0,68.0,91.0,49.0,107.5,96.64285714285714,88.89285714285714,70.68333333333334,47.22262371444664,61.66951453504894,106.45376099204202,76.94567677605593,0.0,0.0,5
2023-09-04,41.0,30.0,63.0,9,4,0,0,100.0,9.0,122.0,37.0,0.0,0.0,98.0,0.0,9.0,1,0,0,0,0,0,0,0.0,66.0,9.0,92.0,50.0,50.0,55.333333333333336,39.42857142857143,34.785714285714285,39.43333333333333,47.88130164917244,37.6999801823174,48.82493296001822,40.92788989492323,0.0,0.0,6
2023-09-04,0.0,6020.0,0.0,9,4,0,0,0.0,0.0,0.0,723.0,0.0,5510.0,0.0,11200.0,0.0,1,0,0,0,0,0,0,0.0,0.0,0.0,0.0,0.0,0.0,0.0,0.0,0.0,761.6666666666666,0.0,2331.777601232415,11.754839044561972,352.2221287436275,0.0,0.0,7
2023-09-04,170.0,710.0,0.0,9,4,0,0,125.0,0.0,275.0,95.0,135.0,520.0,20.0,0.0,125.0,1,0,0,0,0,0,0,455.0,150.0,0.0,220.0,0.0,235.0,243.33333333333331,114.28571428571428,93.21428571428572,109.16666666666669,161.33372687870136,137.5154118844399,149.84055707969418,108.6537403373641,0.0,0.0,8
2023-09-05,219.0,1894.5,122.0,9,5,0,0,364.0,570.0,836.0,360.0,201.0,402.0,1952.0,1908.0,2405.0,0,1,0,0,0,0,0,569.0,1027.0,570.0,481.4,332.0,482.0,653.3333333333334,585.1428571428571,611.6357142857142,642.06,208.4389827354976,233.99265623607457,576.8695473693035,616.7752824515767,0.0,0.0,0
2023-09-05,304.5,475.0,439.0,9,5,0,0,461.0,305.0,204.0,281.0,718.5,536.0,431.0,307.0,790.0,0,1,0,0,0,0,0,300.0,1063.5,305.0,298.0,127.0,515.0,608.1666666666666,619.2857142857143,453.9285714285714,341.8666666666667,496.7158692471027,298.6723476727763,511.610564981829,391.4462974246532,0.0,0.0,1
2023-09-05,40.0,12137.55,2512.0,9,5,0,0,245.0,932.0,176.0,1150.4,1596.0,776.0,9298.65,7940.6,10512.95,0,1,0,0,0,0,0,0.0,694.75,932.0,287.5,100.0,716.0,313.25,465.82142857142856,339.5892857142857,439.64166666666665,300.9589781807797,311.05950536261804,347.3724326490918,396.39661933554913,0.0,0.0,2
2023-09-05,0.0,0.0,0.0,9,5,0,0,0.0,0.0,0.0,0.0,0.0,0.0,0.0,0.0,0.0,0,1,0,0,0,0,0,0.0,0.0,0.0,0.0,0.0,0.0,0.0,0.0,0.0,0.0,0.0,0.0,0.0,0.0,0.0,0.0,3
2023-09-05,14137.0,3105.0,2415.5,9,5,0,0,13894.0,17267.0,16364.0,575.0,148.75,635.0,2215.0,1765.0,1205.0,0,1,0,0,0,0,0,13653.0,16048.0,17267.0,16358.0,14186.0,15781.0,14531.666666666666,15626.857142857143,15466.142857142857,15137.35,1777.40067032088,1355.9290691320514,14862.498129137546,15087.090398952716,0.0,0.0,4
2023-09-05,532.0,175.5,0.0,9,5,0,0,507.0,144.0,0.0,297.6,6.0,307.5,314.0,881.0,52.5,0,1,0,0,0,0,0,121.5,112.5,144.0,0.0,0.0,166.0,247.0,169.07142857142858,120.25,86.28333333333333,150.39487706574002,100.4057873154575,206.59032074403152,104.69111698405234,0.0,0.0,5
2023-09-05,137.0,141.0,16.0,9,5,0,0,41.0,0.0,15.0,63.0,84.0,22.0,30.0,96.0,76.0,0,1,0,0,0,0,0,100.0,0.0,0.0,12.0,40.0,63.0,47.0,44.0,31.142857142857142,36.73333333333333,45.98188048931153,34.33298738805733,46.86869972001367,40.9325421597669,0.0,0.0,6
2023-09-05,0.0,15720.0,300.0,9,5,0,0,0.0,0.0,0.0,0.0,8400.0,4760.0,6020.0,0.0,0.0,0,1,0,0,0,0,0,0.0,0.0,0.0,0.0,8450.0,7200.0,0.0,0.0,0.0,761.6666666666666,0.0,2331.777601232415,8.816129283421478,329.49812043758703,0.0,0.0,7
2023-09-05,35.0,250.0,20.0,9,5,0,0,170.0,35.0,560.0,0.0,210.0,510.0,710.0,0.0,495.0,0,1,0,0,0,0,0,125.0,455.0,35.0,0.0,0.0,0.0,250.0,138.57142857142858,89.64285714285714,105.66666666666669,153.88616695776247,134.45120466839128,154.88041780977062,112.61156354140512,0.0,0.0,8
2023-09-06,484.0,1672.0,180.0,9,6,0,0,219.0,544.0,689.0,122.0,90.0,552.0,1894.5,1390.0,3158.0,0,0,1,0,0,0,0,364.0,569.0,544.0,619.4,615.0,1109.0,384.0,535.0,592.8928571428571,621.4933333333333,250.6365230102472,243.2893650089061,487.4021605269776,591.1123610030879,0.0,0.0,0
2023-09-06,430.0,308.75,526.0,9,6,0,0,304.5,1460.5,437.0,439.0,367.5,540.0,475.0,1223.0,385.0,0,0,1,0,0,0,0,461.0,300.0,1460.5,483.0,492.0,127.0,355.1666666666667,619.2142857142857,454.3928571428572,345.21666666666664,496.7686296743903,297.63448665045206,459.83292373637175,385.8368588811272,0.0,0.0,1
2023-09-06,272.5,10581.25,2478.0,9,6,0,0,40.0,524.5,829.5,2512.0,869.0,678.0,12137.55,8172.9,7225.5,0,0,1,0,0,0,0,245.0,0.0,524.5,43.0,340.0,674.0,95.0,338.3928571428572,321.9107142857143,435.10833333333335,256.1877508595526,315.9862753685105,270.52932448681884,373.4032890558363,0.0,0.0,2
2023-09-06,0.0,0.0,0.0,9,6,0,0,0.0,0.0,0.0,0.0,0.0,0.0,0.0,0.0,0.0,0,0,1,0,0,0,0,0.0,0.0,0.0,0.0,0.0,0.0,0.0,0.0,0.0,0.0,0.0,0.0,0.0,0.0,0.0,0.0,3
2023-09-06,14510.0,1935.0,648.0,9,6,0,0,14137.0,18165.0,15337.0,2415.5,1556.0,2066.0,3105.0,2473.5,2618.0,0,0,1,0,0,0,0,13894.0,13653.0,18165.0,15763.0,14948.5,16399.0,13894.666666666666,15179.714285714286,15307.5,15063.116666666669,1687.452094558106,1347.3918335662397,14681.12359685316,15025.794244181574,0.0,0.0,4
2023-09-06,225.0,189.0,803.1,9,6,0,0,532.0,86.0,49.0,0.0,154.0,101.0,175.5,1237.0,40.0,0,0,1,0,0,0,0,507.0,121.5,86.0,55.0,0.0,158.0,386.8333333333333,224.5,158.25,104.01666666666668,202.19380142163936,127.8661398206882,287.9427405580236,132.2594320173393,0.0,0.0,5
2023-09-06,16.0,117.0,6.0,9,6,0,0,137.0,0.0,50.0,16.0,24.0,0.0,141.0,88.0,25.0,0,0,1,0,0,0,0,41.0,100.0,0.0,41.0,16.0,76.0,92.66666666666669,63.57142857142857,40.07142857142857,40.8,52.78527933321664,38.6267729199178,69.40152479001026,47.13044266558839,0.0,0.0,6
2023-09-06,0.0,1870.0,0.0,9,6,0,0,0.0,0.0,0.0,300.0,0.0,2000.0,15720.0,0.0,0.0,0,0,1,0,0,0,0,0.0,0.0,0.0,0.0,0.0,0.0,0.0,0.0,0.0,761.6666666666666,0.0,2331.777601232415,6.612096962566109,308.2401771835492,0.0,0.0,7
2023-09-06,105.0,70.0,110.0,9,6,0,0,35.0,0.0,235.0,20.0,0.0,70.0,250.0,425.0,340.0,0,0,1,0,0,0,0,170.0,125.0,0.0,230.0,35.0,70.0,110.0,138.57142857142858,92.14285714285714,88.16666666666667,153.88616695776247,103.99339612101168,124.91031335732796,107.60436589357256,0.0,0.0,8
2023-09-07,502.0,2783.0,355.0,9,7,0,0,484.0,470.0,482.0,180.0,856.0,745.0,1672.0,3875.0,428.5,0,0,0,1,0,0,0,219.0,364.0,470.0,1158.3,680.0,711.5,355.6666666666667,526.4285714285714,583.2214285714286,614.66,251.30251168850637,244.2051266089001,486.5516203952332,584.2018860996629,0.0,0.0,0
2023-09-07,531.0,190.0,565.0,9,7,0,0,430.0,710.0,515.0,526.0,559.0,425.0,308.75,235.5,433.0,0,0,0,1,0,0,0,304.5,461.0,710.0,360.0,137.0,323.0,398.5,472.0,450.6071428571428,344.9833333333333,330.91048638566895,297.56278628485984,452.3746928022788,388.68609379202223,0.0,0.0,1
2023-09-07,475.5,11700.35,1587.5,9,7,0,0,272.5,398.5,716.0,2478.0,6373.75,754.0,10581.25,9512.8,6894.9,0,0,0,1,0,0,0,40.0,245.0,398.5,300.0,318.0,290.0,185.83333333333331,302.3928571428572,338.30357142857144,416.5416666666667,243.0456000228685,308.2837648491079,271.0219933651141,366.8933994393307,0.0,0.0,2
2023-09-07,0.0,0.0,0.0,9,7,0,0,0.0,0.0,0.0,0.0,0.0,0.0,0.0,0.0,0.0,0,0,0,1,0,0,0,0.0,0.0,0.0,0.0,0.0,0.0,0.0,0.0,0.0,0.0,0.0,0.0,0.0,0.0,0.0,0.0,3
2023-09-07,16186.0,1160.0,1305.0,9,7,0,0,14510.0,16264.0,15781.0,648.0,622.5,1149.0,1935.0,1062.0,1110.0,0,0,0,1,0,0,0,14137.0,13894.0,16264.0,16654.0,12486.0,15614.0,14180.333333333334,14657.57142857143,15218.0,15035.55,1057.7587716713022,1350.0524405523863,14638.34269763987,14992.51719616986,0.0,0.0,4
2023-09-07,121.0,352.5,0.0,9,7,0,0,225.0,124.0,166.0,803.1,239.0,29.0,189.0,85.0,318.5,0,0,0,1,0,0,0,532.0,507.0,124.0,0.0,0.0,30.0,421.3333333333333,244.3571428571429,170.39285714285714,109.88333333333334,192.9386159476882,129.28454872965287,272.2070554185177,138.24269446783353,0.0,0.0,5
2023-09-07,0.0,65.0,0.0,9,7,0,0,16.0,101.0,63.0,6.0,12.0,0.0,117.0,0.0,17.0,0,0,0,1,0,0,0,137.0,41.0,101.0,0.0,22.0,48.0,64.66666666666667,65.85714285714286,38.285714285714285,39.66666666666666,49.83783225431777,38.84570125183898,56.05114359250769,45.12202700974398,0.0,0.0,6
2023-09-07,0.0,5940.0,0.0,9,7,0,0,0.0,0.0,7200.0,0.0,0.0,6000.0,1870.0,4950.0,0.0,0,0,0,1,0,0,0,0.0,0.0,0.0,0.0,0.0,7200.0,0.0,0.0,0.0,761.6666666666666,0.0,2331.777601232415,4.959072721924581,288.35371413944927,0.0,0.0,7
2023-09-07,0.0,400.0,35.0,9,7,0,0,105.0,35.0,0.0,110.0,0.0,130.0,70.0,45.0,375.0,0,0,0,1,0,0,0,35.0,170.0,35.0,35.0,80.0,105.0,103.33333333333331,153.57142857142858,83.21428571428571,83.83333333333333,142.84940455231987,100.30714325762538,119.93273501799598,107.43634228753562,0.0,0.0,8
2023-09-08,917.0,3014.5,495.0,9,8,1,0,502.0,552.0,1109.0,355.0,240.0,585.0,2783.0,2913.0,1140.0,0,0,0,0,1,0,0,484.0,219.0,552.0,477.0,508.4,1186.0,401.6666666666667,531.0,536.3428571428572,615.3266666666666,250.39435563393363,243.8575360431935,490.4137152964249,578.8985386093622,0.0,0.0,0
2023-09-08,126.0,561.0,823.0,9,8,1,0,531.0,35.0,127.0,565.0,314.0,1248.0,190.0,436.0,345.0,0,0,0,0,1,0,0,430.0,304.5,35.0,334.0,81.0,228.0,421.8333333333333,446.4285714285714,462.82142857142856,345.51666666666665,316.03539208072726,297.8921779984222,472.0310196017091,397.8676361280208,0.0,0.0,1
2023-09-08,573.0,12837.7,1938.5,9,8,1,0,475.5,466.0,674.0,1587.5,2571.75,1951.0,11700.35,13055.0,7627.0,0,0,0,0,1,0,0,272.5,40.0,466.0,345.0,1072.0,496.0,262.6666666666667,313.3928571428572,350.8392857142857,408.525,249.76972132441549,303.3150344597349,322.14149502383555,373.9002768948578,0.0,0.0,2
2023-09-08,0.0,0.0,0.0,9,8,1,0,0.0,0.0,0.0,0.0,0.0,0.0,0.0,0.0,0.0,0,0,0,0,1,0,0,0.0,0.0,0.0,0.0,0.0,0.0,0.0,0.0,0.0,0.0,0.0,0.0,0.0,0.0,0.0,0.0,3
2023-09-08,15882.0,13530.82,677.5,9,8,1,0,16186.0,14097.0,16399.0,1305.0,1456.5,938.0,1160.0,14802.44,4090.0,0,0,0,0,1,0,0,14510.0,14137.0,14097.0,16904.0,15410.0,14394.0,14944.333333333334,14646.42857142857,15184.57142857143,15049.05,1038.246415379115,1359.753757816696,15025.257023229902,15069.516086739546,0.0,0.0,4
2023-09-08,105.5,315.0,275.0,9,8,1,0,121.0,88.5,158.0,0.0,219.0,18.0,352.5,40.0,170.0,0,0,0,0,1,0,0,225.0,532.0,88.5,145.0,125.0,0.0,292.6666666666667,243.92857142857144,179.03571428571428,108.38333333333334,193.25359603627655,128.87140632357588,234.40529156388828,137.130262566683,0.0,0.0,5
2023-09-08,109.0,276.0,60.0,9,8,1,0,0.0,66.0,76.0,0.0,128.0,106.0,65.0,12.0,0.0,0,0,0,0,1,0,0,16.0,137.0,66.0,0.0,112.0,0.0,51.0,51.42857142857143,38.285714285714285,37.56666666666667,52.516210649211686,39.24167676593722,42.03835769438077,42.21092849298631,0.0,0.0,6
2023-09-08,0.0,14830.0,0.0,9,8,1,0,0.0,0.0,0.0,0.0,8900.0,6240.0,5940.0,0.0,0.0,0,0,0,0,1,0,0,0.0,0.0,0.0,0.0,0.0,0.0,0.0,0.0,0.0,521.6666666666666,0.0,1992.0394735968,3.719304541443436,269.7502487110977,0.0,0.0,7
2023-09-08,35.0,0.0,105.0,9,8,1,0,0.0,150.0,70.0,35.0,175.0,435.0,400.0,70.0,595.0,0,0,0,0,1,0,0,105.0,35.0,150.0,0.0,55.0,170.0,46.66666666666666,148.57142857142858,80.71428571428571,83.83333333333333,148.20352800890294,100.30714325762538,89.94955126349699,100.50496536575912,0.0,0.0,8
2023-09-09,527.0,1668.0,267.0,9,9,1,0,917.0,1027.0,711.5,495.0,1377.0,685.0,3014.5,3785.0,3287.0,0,0,0,0,0,1,0,502.0,484.0,1027.0,437.9,827.0,795.0,634.3333333333334,583.1428571428571,567.7714285714286,608.9266666666666,290.3178881682556,232.71953511252224,597.0602864723187,600.7115361184356,0.0,0.0,0
2023-09-09,395.0,381.0,643.0,9,9,1,0,126.0,1063.5,323.0,823.0,258.0,738.0,561.0,387.0,1051.0,0,0,0,0,0,1,0,531.0,430.0,1063.5,352.0,216.0,136.0,362.3333333333333,459.4285714285714,447.9642857142857,345.4833333333333,297.6262237230097,297.9175274483183,385.52326470128185,380.3277886358904,0.0,0.0,1
2023-09-09,0.0,11560.6,3551.0,9,9,1,0,573.0,694.75,290.0,1938.5,1731.0,1657.5,12837.7,13590.3,10023.2,0,0,0,0,0,1,0,475.5,272.5,694.75,330.0,879.0,255.5,440.3333333333333,328.67857142857144,367.125,405.15833333333336,263.55924042667465,300.81700878272875,384.8561212678767,386.745420320996,0.0,0.0,2
2023-09-09,0.0,0.0,0.0,9,9,1,0,0.0,0.0,0.0,0.0,0.0,0.0,0.0,0.0,0.0,0,0,0,0,0,1,0,0.0,0.0,0.0,0.0,0.0,0.0,0.0,0.0,0.0,0.0,0.0,0.0,0.0,0.0,0.0,0.0,3
2023-09-09,15031.0,2492.2,11429.4,9,9,1,0,15882.0,16048.0,15614.0,677.5,11887.6,2019.0,13530.82,2639.0,1148.5,0,0,0,0,0,1,0,16186.0,14510.0,16048.0,14858.0,13815.0,13764.0,15526.0,14901.42857142857,15111.57142857143,15031.816666666668,1098.2807560216938,1345.2535877038056,15239.442767422426,15121.934403724092,0.0,0.0,4
2023-09-09,475.0,1614.0,544.0,9,9,1,0,105.5,112.5,30.0,275.0,245.0,350.5,315.0,773.0,146.0,0,0,0,0,0,1,0,121.0,225.0,112.5,98.0,121.0,19.0,150.5,246.3571428571429,176.21428571428572,106.63333333333334,191.06929682833973,128.53041591814778,202.1789686729162,135.08960046560668,0.0,0.0,5
2023-09-09,0.0,21.0,32.0,9,9,1,0,109.0,0.0,48.0,60.0,0.0,124.0,276.0,32.0,89.0,0,0,0,0,0,1,0,0.0,16.0,0.0,60.0,31.0,0.0,41.66666666666666,57.57142857142857,46.07142857142857,38.66666666666666,56.84146709007759,40.7882110531896,58.77876827078558,46.51990084827752,0.0,0.0,6
2023-09-09,260.0,360.0,320.0,9,9,1,0,35.0,455.0,105.0,105.0,310.0,0.0,0.0,105.0,65.0,0,0,0,0,0,1,0,0.0,105.0,455.0,20.0,75.0,0.0,46.66666666666666,132.14285714285714,83.21428571428571,82.66666666666667,154.26862780166775,100.67644772456376,76.21216344762274,96.27883856796822,0.0,0.0,8
2023-09-10,724.0,2819.0,445.0,9,10,0,0,527.0,569.0,1186.0,267.0,205.0,523.0,1668.0,2608.0,3364.0,0,0,0,0,0,0,1,917.0,502.0,569.0,798.9,449.0,352.0,648.6666666666666,511.7142857142857,574.1357142857144,602.7766666666666,214.528719356106,232.3529637891653,579.545214854239,595.9559531430526,0.0,0.0,0
2023-09-10,365.0,506.5,154.0,9,10,0,0,395.0,300.0,228.0,643.0,76.0,856.0,381.0,2052.0,110.0,0,0,0,0,0,0,1,126.0,531.0,300.0,76.0,221.0,254.0,350.6666666666667,363.9285714285714,451.0357142857143,347.8833333333333,133.47609916243036,298.0201533145186,387.8924485259614,381.274382917446,0.0,0.0,1
2023-09-10,289.0,5870.45,1963.5,9,10,0,0,0.0,0.0,496.0,3551.0,1685.5,5802.5,11560.6,13028.75,11686.6,0,0,0,0,0,0,1,573.0,475.5,0.0,0.0,567.0,0.0,349.5,229.42857142857144,343.55357142857144,395.4916666666667,231.60606435846844,309.1882481159145,288.6420909509075,361.79410288093175,0.0,0.0,2
2023-09-10,0.0,0.0,0.0,9,10,0,0,0.0,0.0,0.0,0.0,0.0,0.0,0.0,0.0,0.0,0,0,0,0,0,0,1,0.0,0.0,0.0,0.0,0.0,0.0,0.0,0.0,0.0,0.0,0.0,0.0,0.0,0.0,0.0,0.0,3
2023-09-10,13610.0,2614.5,0.0,9,10,0,0,15031.0,13653.0,14394.0,11429.4,1014.0,344.0,2492.2,4851.5,13087.84,0,0,0,0,0,0,1,15882.0,16186.0,13653.0,13096.0,15961.0,14568.0,15699.666666666666,14756.142857142857,15123.92857142857,15012.383333333331,982.4909547626582,1340.75689948097,15187.33207556682,15116.067667999958,0.0,0.0,4
2023-09-10,79.0,432.5,371.0,9,10,0,0,475.0,121.5,0.0,544.0,112.0,0.0,1614.0,281.0,605.0,0,0,0,0,0,0,1,105.5,121.0,121.5,202.0,78.0,0.0,233.83333333333331,298.1428571428572,203.14285714285717,121.46666666666668,197.750835288104,144.1147132485533,270.38422650468715,157.019303661374,0.0,0.0,5
2023-09-10,34.0,90.0,48.0,9,10,0,0,0.0,100.0,0.0,32.0,37.0,0.0,21.0,98.0,41.0,0,0,0,0,0,0,1,109.0,0.0,100.0,6.0,25.0,26.0,36.333333333333336,57.57142857142857,41.785714285714285,37.06666666666667,56.84146709007759,41.34708707025684,44.08407620308918,43.5186169225822,0.0,0.0,6
2023-09-10,0.0,0.0,280.0,9,10,0,0,260.0,125.0,170.0,320.0,95.0,135.0,360.0,20.0,0.0,0,0,0,0,0,0,1,35.0,0.0,125.0,0.0,185.0,125.0,98.33333333333331,104.28571428571428,100.35714285714286,87.83333333333333,90.80329341625264,105.7133676123983,122.15912258571706,106.84149414422834,0.0,0.0,8
2023-09-11,1720.5,2908.5,222.0,9,11,0,0,724.0,364.0,795.0,445.0,360.0,796.0,2819.0,1952.0,3160.0,1,0,0,0,0,0,0,527.0,917.0,364.0,494.0,516.0,611.0,722.6666666666666,533.8571428571429,568.7857142857143,587.3766666666667,228.9420804275083,206.20377715416285,615.6589111406793,604.216859391888,0.0,0.0,0
2023-09-11,530.5,162.0,464.5,9,11,0,0,365.0,461.0,136.0,154.0,281.0,232.0,506.5,431.0,156.0,1,0,0,0,0,0,0,395.0,126.0,461.0,117.0,265.0,138.0,295.3333333333333,373.2142857142857,471.6785714285714,352.45,130.51559841096133,297.16822560688547,382.1693363944711,380.2244227292237,0.0,0.0,1
2023-09-11,100.0,10434.4,1577.0,9,11,0,0,289.0,245.0,255.5,1963.5,1150.4,2091.5,5870.45,9298.65,8172.1,1,0,0,0,0,0,0,0.0,573.0,245.0,188.0,1048.5,673.5,287.3333333333333,270.7142857142857,364.19642857142856,388.5916666666666,208.49777319811213,309.17766683500935,288.73156821318065,357.0977091466781,0.0,0.0,2
2023-09-11,0.0,0.0,0.0,9,11,0,0,0.0,0.0,0.0,0.0,0.0,0.0,0.0,0.0,0.0,1,0,0,0,0,0,0,0.0,0.0,0.0,0.0,0.0,0.0,0.0,0.0,0.0,0.0,0.0,0.0,0.0,0.0,0.0,0.0,3
2023-09-11,12430.0,4393.0,860.0,9,11,0,0,13610.0,13894.0,13764.0,0.0,575.0,7670.65,2614.5,2215.0,1750.0,1,0,0,0,0,0,0,15031.0,15882.0,13894.0,13505.0,14247.0,14320.0,14841.0,14750.0,15160.642857142857,14986.25,990.638346387468,1360.7178046772208,14792.999056675117,15018.902011999962,0.0,0.0,4
2023-09-11,19.0,293.0,164.0,9,11,0,0,79.0,507.0,19.0,371.0,297.6,455.5,432.5,314.0,657.0,1,0,0,0,0,0,0,475.0,105.5,507.0,0.0,68.0,91.0,219.83333333333331,292.07142857142856,194.3571428571429,124.1,204.6115076128883,142.53175084871475,222.53816987851536,151.98580019934988,0.0,0.0,5
2023-09-11,0.0,83.0,66.0,9,11,0,0,34.0,41.0,0.0,48.0,63.0,85.0,90.0,30.0,52.0,1,0,0,0,0,0,0,0.0,109.0,41.0,9.0,92.0,50.0,47.66666666666666,48.142857142857146,43.785714285714285,38.2,54.0352618556579,40.75782133529708,41.56305715231689,42.904512604996256,0.0,0.0,6
2023-09-11,0.0,14660.0,0.0,9,11,0,0,0.0,0.0,7200.0,0.0,0.0,6000.0,14830.0,28000.0,0.0,1,0,0,0,0,0,0,0.0,0.0,0.0,0.0,0.0,0.0,0.0,0.0,0.0,521.6666666666666,0.0,1992.0394735968,2.789478406082577,252.3470068587688,0.0,0.0,7
2023-09-11,0.0,175.0,140.0,9,11,0,0,0.0,170.0,0.0,280.0,0.0,110.0,0.0,710.0,0.0,1,0,0,0,0,0,0,260.0,35.0,170.0,0.0,220.0,0.0,98.33333333333331,86.42857142857143,100.35714285714286,82.16666666666667,98.05246409084114,105.7133676123983,91.6193419392878,99.94849452202006,0.0,0.0,8
2023-09-12,1088.5,948.0,1151.0,9,12,0,0,1720.5,219.0,352.0,222.0,122.0,320.0,2908.5,1894.5,2064.0,0,1,0,0,0,0,0,724.0,527.0,219.0,570.0,481.4,332.0,990.5,727.6428571428571,656.3928571428571,618.2266666666667,488.34522576125306,290.3855521880181,891.8691833555094,676.2351265278952,0.0,0.0,0
2023-09-12,248.0,338.5,758.0,9,12,0,0,530.5,304.5,254.0,464.5,439.0,277.0,162.0,475.0,28.0,0,1,0,0,0,0,0,365.0,395.0,304.5,305.0,298.0,127.0,430.1666666666667,383.1428571428572,501.2142857142857,365.6,140.5633647996854,295.9859735726071,419.2520022958533,389.9196212628222,0.0,0.0,1
2023-09-12,391.5,13717.4,1304.0,9,12,0,0,100.0,40.0,0.0,1577.0,2512.0,2829.5,10434.4,12137.55,6664.85,0,1,0,0,0,0,0,289.0,0.0,40.0,932.0,287.5,100.0,129.66666666666666,250.0,357.9107142857143,383.40833333333336,218.44392873229495,312.76849488667807,241.54867615988547,340.51076016947303,0.0,0.0,2
2023-09-12,0.0,0.0,0.0,9,12,0,0,0.0,0.0,0.0,0.0,0.0,0.0,0.0,0.0,0.0,0,1,0,0,0,0,0,0.0,0.0,0.0,0.0,0.0,0.0,0.0,0.0,0.0,0.0,0.0,0.0,0.0,0.0,0.0,0.0,3
2023-09-12,13740.0,3481.5,1030.0,9,12,0,0,12430.0,14137.0,14568.0,860.0,2415.5,476.0,4393.0,3105.0,1141.0,0,1,0,0,0,0,0,13610.0,15031.0,14137.0,17267.0,16358.0,14186.0,13690.333333333334,14540.857142857143,15083.857142857143,14941.783333333333,1305.862732522235,1422.4339975193684,14202.249292506336,14851.8760757419,0.0,0.0,4
2023-09-12,239.0,900.5,310.0,9,12,0,0,19.0,532.0,0.0,164.0,0.0,467.0,293.0,175.5,441.0,0,1,0,0,0,0,0,79.0,475.0,532.0,144.0,0.0,0.0,191.0,222.3571428571429,195.7142857142857,124.1,202.29860649662467,142.53175084871475,171.6536274088865,143.40607115423057,0.0,0.0,5
2023-09-12,18.0,6.0,32.0,9,12,0,0,0.0,137.0,26.0,66.0,16.0,0.0,83.0,141.0,62.0,0,1,0,0,0,0,0,34.0,0.0,137.0,0.0,12.0,40.0,11.333333333333334,42.285714285714285,43.142857142857146,38.2,57.07513844548626,40.75782133529708,31.172292864237665,40.13647953370618,0.0,0.0,6
2023-09-12,0.0,29495.0,0.0,9,12,0,0,0.0,0.0,0.0,0.0,723.0,6480.0,14660.0,0.0,0.0,0,1,0,0,0,0,0,0.0,0.0,0.0,0.0,0.0,0.0,0.0,0.0,0.0,281.6666666666667,0.0,1542.7518703062176,2.092108804561933,236.0665548033644,0.0,0.0,7
2023-09-12,70.0,55.0,280.0,9,12,0,0,0.0,35.0,125.0,140.0,20.0,235.0,175.0,250.0,0.0,0,1,0,0,0,0,0,0.0,260.0,35.0,35.0,0.0,0.0,86.66666666666667,62.142857142857146,100.35714285714286,82.16666666666667,94.90596850115824,105.7133676123983,68.71450645446585,93.50020455285748,0.0,0.0,8
2023-09-13,96.0,1775.9,344.0,9,13,0,0,1088.5,484.0,611.0,1151.0,180.0,610.0,948.0,1672.0,3869.5,0,0,1,0,0,0,0,1720.5,724.0,484.0,544.0,619.4,615.0,1177.6666666666667,851.8571428571429,693.4285714285714,642.7766666666666,446.16558158432167,298.13145640614744,941.026887516632,702.8328603002891,0.0,0.0,0
2023-09-13,233.5,566.0,299.0,9,13,0,0,248.0,430.0,138.0,758.0,526.0,52.0,338.5,308.75,772.0,0,0,1,0,0,0,0,530.5,365.0,430.0,1460.5,483.0,492.0,381.1666666666667,375.07142857142856,497.1428571428572,365.4,147.29291354628126,296.065999165843,376.43900172189,380.7635166652208,0.0,0.0,1
2023-09-13,614.0,12509.2,2701.5,9,13,0,0,391.5,272.5,673.5,1304.0,2478.0,1463.75,13717.4,10581.25,7321.7,0,0,1,0,0,0,0,100.0,289.0,272.5,524.5,43.0,340.0,260.1666666666667,300.2142857142857,319.30357142857144,396.4583333333333,201.89866623772284,304.2715586341878,279.0365071199141,343.80038854563605,0.0,0.0,2
2023-09-13,0.0,0.0,0.0,9,13,0,0,0.0,0.0,0.0,0.0,0.0,0.0,0.0,0.0,0.0,0,0,1,0,0,0,0,0.0,0.0,0.0,0.0,0.0,0.0,0.0,0.0,0.0,0.0,0.0,0.0,0.0,0.0,0.0,0.0,3
2023-09-13,15043.0,1926.0,1005.0,9,13,0,0,13740.0,14510.0,14320.0,1030.0,648.0,885.0,3481.5,1935.0,2137.0,0,0,1,0,0,0,0,12430.0,13610.0,14510.0,18165.0,15763.0,14948.5,13260.0,14484.142857142857,14831.92857142857,14914.183333333332,1334.6298398896122,1437.8858071976065,14086.686969379753,14780.142135371456,0.0,0.0,4
2023-09-13,0.0,681.0,126.0,9,13,0,0,239.0,225.0,91.0,310.0,803.1,394.0,900.5,189.0,220.0,0,0,1,0,0,0,0,19.0,79.0,225.0,86.0,55.0,0.0,112.33333333333331,180.5,202.5,132.06666666666666,151.48294733511543,142.03458377629673,188.4902205566649,149.5734214023447,0.0,0.0,5
2023-09-13,5.0,41.0,0.0,9,13,0,0,18.0,16.0,50.0,32.0,6.0,34.0,6.0,117.0,25.0,0,0,1,0,0,0,0,0.0,34.0,16.0,0.0,41.0,16.0,17.333333333333332,25.285714285714285,44.42857142857143,37.93333333333333,39.03295311107559,40.866421030181854,27.87921964817825,38.70831956378966,0.0,0.0,6
2023-09-13,0.0,27920.0,0.0,9,13,0,0,0.0,0.0,0.0,0.0,0.0,3750.0,29495.0,6020.0,2000.0,0,0,1,0,0,0,0,0.0,0.0,0.0,0.0,0.0,0.0,0.0,0.0,0.0,281.6666666666667,0.0,1542.7518703062176,1.56908160342145,220.83645449346997,0.0,0.0,7
2023-09-13,35.0,0.0,210.0,9,13,0,0,70.0,105.0,0.0,280.0,110.0,70.0,55.0,70.0,0.0,0,0,1,0,0,0,0,0.0,0.0,105.0,0.0,230.0,35.0,23.33333333333333,67.14285714285714,102.85714285714286,80.33333333333333,94.15665770659116,105.42143122211716,69.03587984084939,91.98406232364088,0.0,0.0,8
2023-09-14,807.6,2986.0,785.0,9,14,0,0,96.0,502.0,332.0,344.0,355.0,1300.0,1775.9,2783.0,1547.5,0,0,0,1,0,0,0,1088.5,1720.5,502.0,470.0,1158.3,680.0,968.3333333333334,796.4285714285714,661.4285714285714,625.61,517.8283522374495,314.40708988891106,729.7701656374741,663.6823531841416,0.0,0.0,0
2023-09-14,233.0,298.0,511.5,9,14,0,0,233.5,531.0,127.0,299.0,565.0,290.0,566.0,190.0,254.0,0,0,0,1,0,0,0,248.0,530.5,531.0,710.0,360.0,137.0,337.3333333333333,347.0,409.5,368.5833333333333,153.66657628341486,294.04316136772576,340.7042512914175,371.26264462230336,0.0,0.0,1
2023-09-14,718.5,11021.9,2360.0,9,14,0,0,614.0,475.5,100.0,2701.5,1587.5,2017.0,12509.2,11700.35,7433.3,0,0,0,1,0,0,0,391.5,100.0,475.5,398.5,300.0,318.0,368.5,349.0,325.69642857142856,394.475,232.9561832906208,302.59273550035203,362.7773803399356,361.2326215426919,0.0,0.0,2
2023-09-14,0.0,0.0,0.0,9,14,0,0,0.0,0.0,0.0,0.0,0.0,0.0,0.0,0.0,0.0,0,0,0,1,0,0,0,0.0,0.0,0.0,0.0,0.0,0.0,0.0,0.0,0.0,0.0,0.0,0.0,0.0,0.0,0.0,0.0,3
2023-09-14,15851.0,2816.0,445.0,9,14,0,0,15043.0,16186.0,14186.0,1005.0,1305.0,235.0,1926.0,1160.0,1946.0,0,0,0,1,0,0,0,13740.0,12430.0,16186.0,16264.0,16654.0,12486.0,13737.666666666666,14560.285714285714,14608.92857142857,14938.283333333333,1351.449186896003,1433.6361756720155,14325.765227034815,14797.100707282974,0.0,0.0,4
2023-09-14,0.0,0.0,169.6,9,14,0,0,0.0,121.0,0.0,126.0,0.0,144.0,681.0,352.5,328.0,0,0,0,1,0,0,0,239.0,19.0,121.0,124.0,0.0,0.0,86.0,148.35714285714286,196.3571428571429,129.03333333333333,163.83444750868549,143.90130318197734,141.36766541749867,139.92352324735472,0.0,0.0,5
2023-09-14,0.0,0.0,32.0,9,14,0,0,5.0,0.0,40.0,0.0,0.0,87.0,41.0,65.0,60.0,0,0,0,1,0,0,0,18.0,0.0,0.0,101.0,0.0,22.0,7.666666666666667,23.714285714285715,44.785714285714285,36.43333333333333,39.68506976061349,41.23246405387412,22.159414736133687,36.533589269351616,0.0,0.0,6
2023-09-14,0.0,14050.0,0.0,9,14,0,0,0.0,0.0,0.0,0.0,300.0,0.0,27920.0,15720.0,6000.0,0,0,0,1,0,0,0,0.0,0.0,0.0,0.0,0.0,8450.0,0.0,0.0,0.0,281.6666666666667,0.0,1542.7518703062176,1.1768112025660873,206.58894130034287,0.0,0.0,7
2023-09-14,145.0,35.0,70.0,9,14,0,0,35.0,0.0,0.0,210.0,35.0,215.0,0.0,400.0,0.0,0,0,0,1,0,0,0,70.0,0.0,0.0,35.0,35.0,80.0,35.0,57.142857142857146,105.35714285714286,81.5,93.17801702731629,104.69290065843003,60.52690988063704,88.30767120598662,0.0,0.0,8
2023-09-15,862.0,1240.0,936.0,9,15,1,0,807.6,917.0,615.0,785.0,495.0,667.0,2986.0,3014.5,1793.0,0,0,0,0,1,0,0,96.0,1088.5,917.0,552.0,477.0,508.4,664.0333333333333,840.0857142857143,685.5428571428572,641.4633333333334,501.49313863226274,311.0647127299192,749.2276242281056,672.9673626561325,0.0,0.0,0
2023-09-15,222.0,366.0,638.0,9,15,1,0,233.0,126.0,492.0,511.5,823.0,301.0,298.0,561.0,529.0,0,0,0,0,1,0,0,233.5,248.0,126.0,35.0,334.0,81.0,238.16666666666663,304.42857142857144,375.4285714285714,372.1166666666667,134.24741728472438,291.66737323395523,313.77818846856314,362.3424740015096,0.0,0.0,1
2023-09-15,251.0,11164.65,2989.5,9,15,1,0,718.5,573.0,340.0,2360.0,1938.5,2944.5,11021.9,12837.7,7344.5,0,0,0,0,1,0,0,614.0,391.5,573.0,466.0,345.0,1072.0,574.6666666666666,383.7142857142857,348.55357142857144,415.0916666666666,270.09378882511305,302.9073951133706,451.7080352549517,384.28212983026015,0.0,0.0,2
2023-09-15,0.0,0.0,0.0,9,15,1,0,0.0,0.0,0.0,0.0,0.0,0.0,0.0,0.0,0.0,0,0,0,0,1,0,0,0.0,0.0,0.0,0.0,0.0,0.0,0.0,0.0,0.0,0.0,0.0,0.0,0.0,0.0,0.0,0.0,3
2023-09-15,15169.0,11939.96,1310.0,9,15,1,0,15851.0,15882.0,14948.5,445.0,677.5,800.0,2816.0,13530.82,2838.0,0,0,0,0,1,0,0,15043.0,13740.0,15882.0,14097.0,16904.0,15410.0,14878.0,14512.42857142857,14579.42857142857,14993.783333333333,1288.7625663328815,1435.7358060886882,14707.07392027611,14865.094210038911,0.0,0.0,4
2023-09-15,0.0,566.0,319.0,9,15,1,0,0.0,105.5,0.0,169.6,275.0,460.0,0.0,315.0,432.0,0,0,0,0,1,0,0,0.0,239.0,105.5,88.5,145.0,125.0,79.66666666666667,131.07142857142858,187.5,129.03333333333333,173.3109990189671,143.90130318197734,106.025749063124,130.89619916688022,0.0,0.0,5
2023-09-15,0.0,31.0,0.0,9,15,1,0,0.0,109.0,16.0,32.0,60.0,12.0,0.0,276.0,110.0,0,0,0,0,1,0,0,5.0,18.0,109.0,66.0,0.0,112.0,7.666666666666667,23.714285714285715,37.57142857142857,35.1,39.68506976061349,41.75656050044812,16.619561052100266,34.17658351003861,0.0,0.0,6
2023-09-15,0.0,21550.0,0.0,9,15,1,0,0.0,0.0,0.0,0.0,0.0,2960.0,14050.0,1870.0,0.0,0,0,0,0,1,0,0,0.0,0.0,0.0,0.0,0.0,0.0,0.0,0.0,0.0,281.6666666666667,0.0,1542.7518703062176,0.8826084019245655,193.2606225067724,0.0,0.0,7
2023-09-15,0.0,175.0,70.0,9,15,1,0,145.0,35.0,35.0,70.0,105.0,255.0,35.0,0.0,0.0,0,0,0,0,1,0,0,35.0,70.0,35.0,150.0,0.0,55.0,83.33333333333333,77.85714285714286,113.21428571428572,86.33333333333333,94.46591726019231,104.14622787988642,81.64518241047779,91.9652408056004,0.0,0.0,8
2023-09-16,997.0,2307.0,534.0,9,16,1,0,862.0,527.0,680.0,936.0,267.0,915.0,1240.0,1668.0,1771.0,0,0,0,0,0,1,0,807.6,96.0,527.0,1027.0,437.9,827.0,588.5333333333333,832.2285714285715,707.6857142857143,649.6966666666667,500.5171482719503,313.5986282554153,777.4207181710792,685.1630166783176,0.0,0.0,0
2023-09-16,46.0,159.0,1085.0,9,16,1,0,222.0,395.0,137.0,638.0,643.0,555.0,366.0,381.0,462.0,0,0,0,0,0,1,0,233.0,233.5,395.0,1063.5,352.0,216.0,229.5,318.1428571428572,388.7857142857143,363.1166666666667,116.74427690673348,292.0060723073542,290.8336413514224,353.28812084012185,0.0,0.0,1
2023-09-16,192.0,11898.8,2087.5,9,16,1,0,251.0,0.0,318.0,2989.5,3551.0,908.0,11164.65,11560.6,7344.5,0,0,0,0,0,1,0,718.5,614.0,0.0,694.75,330.0,879.0,527.8333333333334,337.7142857142857,333.19642857142856,412.125,259.70365437405394,304.1016784218156,401.5310264412138,375.68328274443695,0.0,0.0,2
2023-09-16,0.0,0.0,0.0,9,16,1,0,0.0,0.0,0.0,0.0,0.0,0.0,0.0,0.0,0.0,0,0,0,0,0,1,0,0.0,0.0,0.0,0.0,0.0,0.0,0.0,0.0,0.0,0.0,0.0,0.0,0.0,0.0,0.0,0.0,3
2023-09-16,14653.0,2075.0,17443.4,9,16,1,0,15169.0,15031.0,12486.0,1310.0,11429.4,3227.0,11939.96,2492.2,2158.0,0,0,0,0,0,1,0,15851.0,15043.0,15031.0,16048.0,14858.0,13815.0,15354.333333333334,14410.57142857143,14656.0,15001.133333333331,1186.6050813339632,1436.060361168575,14822.555440207085,14884.701035197691,0.0,0.0,4
2023-09-16,322.0,860.0,0.0,9,16,1,0,0.0,475.0,0.0,319.0,544.0,91.0,566.0,1614.0,246.0,0,0,0,0,0,1,0,0.0,0.0,475.0,112.5,98.0,121.0,0.0,116.0,181.17857142857144,129.03333333333333,180.34966038226972,143.90130318197734,79.51931179734301,122.45128309159765,0.0,0.0,5
2023-09-16,0.0,29.0,6.0,9,16,1,0,0.0,0.0,22.0,0.0,32.0,22.0,31.0,21.0,21.0,0,0,0,0,0,1,0,0.0,5.0,0.0,0.0,60.0,31.0,1.6666666666666667,8.142857142857142,32.857142857142854,34.56666666666667,13.171036044145858,42.1096133944481,12.4646707890752,31.97164263842322,0.0,0.0,6
2023-09-16,0.0,13050.0,0.0,9,16,1,0,0.0,0.0,8450.0,0.0,0.0,0.0,21550.0,5940.0,0.0,0,0,0,0,0,1,0,0.0,0.0,0.0,0.0,0.0,0.0,0.0,0.0,0.0,281.6666666666667,0.0,1542.7518703062176,0.6619563014434241,180.79219524827093,0.0,0.0,7
2023-09-16,145.0,20.0,90.0,9,16,1,0,0.0,260.0,80.0,70.0,320.0,880.0,175.0,360.0,100.0,0,0,0,0,0,1,0,145.0,35.0,260.0,455.0,20.0,75.0,60.0,72.85714285714286,102.5,85.16666666666667,97.97351439960448,104.93416107693233,61.23388680785834,86.0319994633036,0.0,0.0,8
2023-09-17,633.5,1788.0,524.0,9,17,0,0,997.0,724.0,508.4,534.0,445.0,575.0,2307.0,2819.0,2361.0,0,0,0,0,0,0,1,862.0,807.6,724.0,569.0,798.9,449.0,888.8666666666667,899.3714285714286,705.5428571428572,660.2633333333334,483.9993963986789,319.9315966581449,832.3155386283095,705.2815317313294,0.0,0.0,0
2023-09-17,101.0,156.0,301.0,9,17,0,0,46.0,365.0,81.0,1085.0,154.0,428.0,159.0,506.5,277.0,0,0,0,0,0,0,1,222.0,233.0,365.0,300.0,76.0,221.0,167.0,268.2857142857143,316.10714285714283,360.0833333333333,148.62140299624167,294.8943143046257,229.62523101356675,333.46308078592045,0.0,0.0,1
2023-09-17,0.0,10818.7,1171.0,9,17,0,0,192.0,289.0,1072.0,2087.5,1963.5,903.0,11898.8,5870.45,8825.4,0,0,0,0,0,0,1,251.0,718.5,289.0,0.0,0.0,567.0,387.1666666666667,365.1428571428572,297.2857142857143,407.925,226.0499049409433,306.3085774379633,349.14826983091035,363.8327483738281,0.0,0.0,2
2023-09-17,0.0,0.0,0.0,9,17,0,0,0.0,0.0,0.0,0.0,0.0,0.0,0.0,0.0,0.0,0,0,0,0,0,0,1,0.0,0.0,0.0,0.0,0.0,0.0,0.0,0.0,0.0,0.0,0.0,0.0,0.0,0.0,0.0,0.0,3
2023-09-17,13620.0,2157.0,1078.0,9,17,0,0,14653.0,13610.0,15410.0,17443.4,0.0,907.0,2075.0,2614.5,17205.0,0,0,0,0,0,0,1,15169.0,15851.0,13610.0,13653.0,13096.0,15961.0,15224.333333333334,14356.57142857143,14556.357142857143,15073.366666666669,1162.0110236342773,1357.5406638561742,14780.166580155312,14869.752581313973,0.0,0.0,4
2023-09-17,30.0,487.0,0.0,9,17,0,0,322.0,79.0,125.0,0.0,371.0,130.0,860.0,432.5,341.0,0,0,0,0,0,0,1,0.0,0.0,79.0,121.5,202.0,78.0,107.33333333333331,94.14285714285714,196.14285714285717,139.76666666666668,132.5184623256054,145.93933159277944,140.13948384800727,135.32539385988167,0.0,0.0,5
2023-09-17,0.0,16.0,0.0,9,17,0,0,0.0,34.0,112.0,6.0,48.0,6.0,29.0,90.0,44.0,0,0,0,0,0,0,1,0.0,0.0,34.0,100.0,6.0,25.0,0.0,8.142857142857142,32.857142857142854,33.833333333333336,13.171036044145858,42.52551634289562,9.3485030918064,29.908956016589464,0.0,0.0,6
2023-09-17,0.0,17500.0,0.0,9,17,0,0,0.0,0.0,0.0,0.0,0.0,6290.0,13050.0,14830.0,0.0,0,0,0,0,0,0,1,0.0,0.0,0.0,0.0,0.0,0.0,0.0,0.0,0.0,0.0,0.0,0.0,0.4964672260825681,169.12818265160828,0.0,0.0,7
2023-09-17,90.0,140.0,45.0,9,17,0,0,145.0,0.0,55.0,90.0,280.0,245.0,20.0,0.0,130.0,0,0,0,0,0,0,1,0.0,145.0,0.0,125.0,0.0,185.0,96.66666666666669,56.42857142857143,80.35714285714286,87.33333333333333,65.68322247184359,105.49336744417954,82.17541510589376,89.83638659470338,0.0,0.0,8
2023-09-18,1110.0,2805.9,1120.0,9,18,0,0,633.5,1720.5,827.0,524.0,222.0,0.0,1788.0,2908.5,2147.0,1,0,0,0,0,0,0,997.0,862.0,1720.5,364.0,494.0,516.0,830.8333333333334,886.4428571428572,710.15,664.4333333333333,490.6279882529559,318.6968458272374,782.611653971232,700.650465168018,0.0,0.0,0
2023-09-18,395.0,640.0,305.0,9,18,0,0,101.0,530.5,216.0,301.0,464.5,384.5,156.0,162.0,116.0,1,0,0,0,0,0,0,46.0,222.0,530.5,461.0,117.0,265.0,123.0,230.57142857142856,301.8928571428572,360.75,153.4080692606668,294.26356793492647,197.46892326017507,318.46546267069976,0.0,0.0,1
2023-09-18,98.0,6783.0,1414.5,9,18,0,0,0.0,100.0,879.0,1171.0,1577.0,827.0,10818.7,10434.4,11369.65,1,0,0,0,0,0,0,192.0,251.0,100.0,245.0,188.0,1048.5,147.66666666666666,323.85714285714283,297.2857142857143,372.19166666666666,265.2644457715285,288.1585088475858,261.8612023731828,340.3596678335812,0.0,0.0,2
2023-09-18,0.0,0.0,0.0,9,18,0,0,0.0,0.0,0.0,0.0,0.0,0.0,0.0,0.0,0.0,1,0,0,0,0,0,0,0.0,0.0,0.0,0.0,0.0,0.0,0.0,0.0,0.0,0.0,0.0,0.0,0.0,0.0,0.0,0.0,3
2023-09-18,15299.0,2938.0,170.0,9,18,0,0,13620.0,12430.0,13815.0,1078.0,860.0,9156.4,2157.0,4393.0,1955.0,1,0,0,0,0,0,0,14653.0,15169.0,12430.0,13894.0,13505.0,14247.0,14480.666666666666,14358.0,14554.0,15013.7,1160.9458787270382,1381.3627991077135,14490.124935116484,14789.12338251952,0.0,0.0,4
2023-09-18,30.0,582.5,0.0,9,18,0,0,30.0,19.0,121.0,0.0,164.0,163.0,487.0,293.0,1195.0,1,0,0,0,0,0,0,322.0,0.0,19.0,507.0,0.0,68.0,117.33333333333331,87.14285714285714,189.6071428571429,136.6,134.7274143983927,147.2951763144922,112.60461288600546,128.53020715924416,0.0,0.0,5
2023-09-18,18.0,32.0,6.0,9,18,0,0,0.0,0.0,31.0,0.0,66.0,16.0,16.0,83.0,148.0,1,0,0,0,0,0,0,0.0,0.0,0.0,41.0,9.0,92.0,0.0,3.2857142857142856,25.714285714285715,30.1,6.750661343263185,40.28377785934044,7.0113773188548,27.979345951003047,0.0,0.0,6
2023-09-18,0.0,2500.0,0.0,9,18,0,0,0.0,0.0,0.0,0.0,0.0,2000.0,17500.0,14660.0,0.0,1,0,0,0,0,0,0,0.0,0.0,0.0,0.0,0.0,0.0,0.0,0.0,0.0,0.0,0.0,0.0,0.372350419561926,158.21668699666583,0.0,0.0,7
2023-09-18,0.0,75.0,0.0,9,18,0,0,90.0,0.0,75.0,45.0,140.0,105.0,140.0,175.0,240.0,1,0,0,0,0,0,0,145.0,0.0,0.0,170.0,0.0,220.0,78.33333333333333,69.28571428571429,77.85714285714286,88.5,61.47008563985747,105.31684542861372,84.13156132942032,89.84694229827092,0.0,0.0,8
2023-09-19,345.0,1570.0,975.9,9,19,0,0,1110.0,1088.5,449.0,1120.0,1151.0,160.0,2805.9,948.0,1415.0,0,1,0,0,0,0,0,633.5,997.0,1088.5,219.0,570.0,481.4,913.5,799.2285714285715,763.4357142857143,673.8666666666667,352.4620769874192,327.73490163106896,864.458740478424,727.060112576533,0.0,0.0,0
2023-09-19,417.0,435.0,555.5,9,19,0,0,395.0,248.0,221.0,305.0,758.0,190.0,640.0,338.5,937.0,0,1,0,0,0,0,0,101.0,46.0,248.0,304.5,305.0,298.0,180.66666666666663,211.2142857142857,297.17857142857144,366.7166666666666,112.29494539784318,293.0395313844584,246.8516924451313,323.4031747564611,0.0,0.0,1
2023-09-19,375.5,14386.35,1644.5,9,19,0,0,98.0,391.5,567.0,1414.5,1304.0,1105.0,6783.0,13717.4,8134.5,0,1,0,0,0,0,0,0.0,192.0,391.5,40.0,932.0,287.5,96.66666666666669,323.57142857142856,286.7857142857143,346.15833333333336,265.5466733255864,275.8072046780118,220.89590177988708,324.72356023141464,0.0,0.0,2
2023-09-19,0.0,0.0,0.0,9,19,0,0,0.0,0.0,0.0,0.0,0.0,0.0,0.0,0.0,0.0,0,1,0,0,0,0,0,0.0,0.0,0.0,0.0,0.0,0.0,0.0,0.0,0.0,0.0,0.0,0.0,0.0,0.0,0.0,0.0,3
2023-09-19,13362.0,3107.0,1908.0,9,19,0,0,15299.0,13740.0,15961.0,170.0,1030.0,1226.0,2938.0,3481.5,2345.0,0,1,0,0,0,0,0,13620.0,14653.0,13740.0,14137.0,17267.0,16358.0,14524.0,14767.857142857143,14654.357142857143,15063.166666666666,824.5391497823344,1363.4115194116714,14692.343701337362,14822.018648163425,0.0,0.0,4
2023-09-19,0.0,386.0,75.0,9,19,0,0,30.0,239.0,78.0,0.0,310.0,426.0,582.5,900.5,1054.5,0,1,0,0,0,0,0,30.0,322.0,239.0,532.0,144.0,0.0,127.33333333333331,88.71428571428571,155.53571428571428,133.56666666666666,133.86151337074,148.55909849997926,91.9534596645041,122.17341960058326,0.0,0.0,5
2023-09-19,0.0,0.0,17295.0,9,19,0,0,0.0,0.0,0.0,0.0,0.0,2500.0,2500.0,29495.0,0.0,0,1,0,0,0,0,0,0.0,0.0,0.0,0.0,0.0,0.0,0.0,0.0,0.0,0.0,0.0,0.0,0.2792628146714445,148.00915880333255,0.0,0.0,7
2023-09-19,70.0,0.0,285.0,9,19,0,0,0.0,70.0,185.0,0.0,280.0,0.0,75.0,55.0,435.0,0,1,0,0,0,0,0,90.0,145.0,70.0,35.0,35.0,0.0,78.33333333333333,69.28571428571429,65.71428571428571,86.0,61.47008563985747,106.53152358453067,63.09867099706524,84.05036537580183,0.0,0.0,8
2023-09-20,1576.0,2781.9,567.5,9,20,0,0,345.0,96.0,516.0,975.9,344.0,939.0,1570.0,1775.9,1879.0,0,0,1,0,0,0,0,1110.0,633.5,96.0,484.0,544.0,619.4,696.1666666666666,693.0142857142857,772.4357142857143,670.4,362.6413307414151,330.7318186417342,734.594055358818,702.4110730554664,0.0,0.0,0
2023-09-20,313.0,538.0,466.0,9,20,0,0,417.0,233.5,265.0,555.5,299.0,548.0,435.0,566.0,426.5,0,0,1,0,0,0,0,395.0,101.0,233.5,430.0,1460.5,483.0,304.3333333333333,235.3571428571429,305.2142857142857,373.25,136.97649259566165,291.8612905663141,289.3887693338485,329.44167961088294,0.0,0.0,1
2023-09-20,685.5,16388.1,2007.5,9,20,0,0,375.5,614.0,1048.5,1644.5,2701.5,756.0,14386.35,12509.2,6195.1,0,0,1,0,0,0,0,98.0,0.0,614.0,272.5,524.5,43.0,157.83333333333334,321.2857142857143,310.75,339.775,264.9326733881108,272.71851686245105,259.5469263349153,327.9994595713234,0.0,0.0,2
2023-09-20,0.0,0.0,0.0,9,20,0,0,0.0,0.0,0.0,0.0,0.0,0.0,0.0,0.0,0.0,0,0,1,0,0,0,0,0.0,0.0,0.0,0.0,0.0,0.0,0.0,0.0,0.0,0.0,0.0,0.0,0.0,0.0,0.0,0.0,3
2023-09-20,14290.0,3107.0,520.0,9,20,0,0,13362.0,15043.0,14247.0,1908.0,1005.0,1325.0,3107.0,1926.0,645.0,0,0,1,0,0,0,0,15299.0,13620.0,15043.0,14510.0,18165.0,15763.0,14093.666666666666,14713.857142857143,14599.0,14976.533333333333,910.9263469259052,1386.7667862839476,14359.757776003022,14727.82389666901,0.0,0.0,4
2023-09-20,0.0,112.0,1010.0,9,20,0,0,0.0,0.0,68.0,75.0,126.0,607.0,386.0,681.0,855.0,0,0,1,0,0,0,0,30.0,30.0,0.0,225.0,86.0,55.0,20.0,54.57142857142857,117.53571428571428,130.96666666666667,118.76988555305492,150.23819784580127,68.96509474837808,114.29126349731985,0.0,0.0,5
2023-09-20,6.0,6.0,0.0,9,20,0,0,18.0,18.0,25.0,6.0,32.0,92.0,32.0,6.0,24.0,0,0,1,0,0,0,0,0.0,0.0,18.0,137.0,0.0,12.0,6.0,5.857142857142857,24.071428571428573,29.666666666666668,8.49369514068266,40.34363884681569,9.7585329891411,27.335517179970594,0.0,0.0,6
2023-09-20,0.0,22885.0,0.0,9,20,0,0,0.0,0.0,0.0,17295.0,0.0,0.0,0.0,27920.0,6750.0,0,0,1,0,0,0,0,0.0,0.0,0.0,0.0,0.0,0.0,0.0,0.0,0.0,0.0,0.0,0.0,0.2094471110035834,138.4601808160208,0.0,0.0,7
2023-09-20,0.0,35.0,205.0,9,20,0,0,70.0,35.0,220.0,285.0,210.0,440.0,0.0,0.0,0.0,0,0,1,0,0,0,0,0.0,90.0,35.0,105.0,0.0,230.0,53.333333333333336,69.28571428571429,68.21428571428571,82.16666666666667,61.47008563985747,104.90293817039463,64.82400324779893,83.14389019026623,0.0,0.0,8
2023-09-21,168.0,3112.6,843.0,9,21,0,0,1576.0,807.6,481.4,567.5,785.0,135.0,2781.9,2986.0,1687.0,0,0,0,1,0,0,0,345.0,1110.0,807.6,502.0,470.0,1158.3,1010.3333333333334,904.4428571428572,850.4357142857143,705.7333333333333,387.16401286424167,368.1707440598848,944.9455415191136,758.7716489873718,0.0,0.0,0
2023-09-21,342.0,777.0,619.5,9,21,0,0,313.0,233.0,298.0,466.0,511.5,1154.0,538.0,298.0,184.0,0,0,0,1,0,0,0,417.0,395.0,233.0,531.0,710.0,360.0,375.0,246.7142857142857,296.85714285714283,374.85,140.05798119078375,291.3785649347739,295.2915770003864,328.3809260876002,0.0,0.0,1
2023-09-21,470.0,14299.0,1200.0,9,21,0,0,685.5,718.5,287.5,2007.5,2360.0,505.5,16388.1,11021.9,7798.4,0,0,0,1,0,0,0,375.5,98.0,718.5,475.5,398.5,300.0,386.3333333333333,331.5,340.25,327.675,279.09854890342945,247.0326408524824,366.0351947511865,351.06401056672195,0.0,0.0,2
2023-09-21,0.0,0.0,0.0,9,21,0,0,0.0,0.0,0.0,0.0,0.0,0.0,0.0,0.0,0.0,0,0,0,1,0,0,0,0.0,0.0,0.0,0.0,0.0,0.0,0.0,0.0,0.0,0.0,0.0,0.0,0.0,0.0,0.0,0.0,3
2023-09-21,17504.0,2150.0,465.0,9,21,0,0,14290.0,15851.0,16358.0,520.0,445.0,325.0,3107.0,2816.0,1844.0,0,0,0,1,0,0,0,13362.0,15299.0,15851.0,16186.0,16264.0,16654.0,14317.0,14606.285714285714,14583.285714285714,14977.966666666667,910.0402398219557,1386.0087695232958,14342.318332002264,14699.577193658106,0.0,0.0,4
2023-09-21,0.0,209.0,79.5,9,21,0,0,0.0,0.0,0.0,1010.0,169.6,352.0,112.0,0.0,744.0,0,0,0,1,0,0,0,0.0,30.0,0.0,121.0,124.0,0.0,10.0,54.57142857142857,101.46428571428572,128.7,118.76988555305492,151.72653485567528,51.72382106128356,106.91763359426696,0.0,0.0,5
2023-09-21,0.0,56.0,23.0,9,21,0,0,6.0,5.0,92.0,0.0,0.0,0.0,6.0,41.0,240.0,0,0,0,1,0,0,0,18.0,0.0,5.0,16.0,0.0,41.0,8.0,4.142857142857143,14.714285714285714,29.03333333333333,6.644009116704793,40.5679364925598,8.818899741855825,25.959032200617653,0.0,0.0,6
2023-09-21,0.0,51680.0,0.0,9,21,0,0,0.0,0.0,0.0,0.0,0.0,8300.0,22885.0,14050.0,0.0,0,0,0,1,0,0,0,0.0,0.0,0.0,0.0,0.0,0.0,0.0,0.0,0.0,0.0,0.0,0.0,0.1570853332526875,129.52726592466462,0.0,0.0,7
2023-09-21,0.0,0.0,210.0,9,21,0,0,0.0,145.0,0.0,205.0,70.0,380.0,35.0,35.0,0.0,0,0,0,1,0,0,0,70.0,0.0,145.0,0.0,35.0,35.0,23.33333333333333,64.28571428571429,60.71428571428572,74.83333333333333,65.98159916652075,102.59968519590538,48.61800243584919,77.77976824250713,0.0,0.0,8
2023-09-22,640.9,1398.5,671.0,9,22,1,0,168.0,862.0,619.4,843.0,936.0,505.0,3112.6,1240.0,1668.4,0,0,0,0,1,0,0,1576.0,345.0,862.0,917.0,552.0,477.0,696.3333333333334,813.0714285714286,826.5785714285714,695.2866666666667,478.522764050244,379.0413913648694,750.7091561393352,720.6573490527028,0.0,0.0,0
2023-09-22,177.0,229.0,374.0,9,22,1,0,342.0,222.0,483.0,619.5,638.0,729.0,777.0,366.0,312.5,0,0,0,0,1,0,0,313.0,417.0,222.0,126.0,35.0,334.0,357.3333333333333,262.2857142857143,283.35714285714283,376.31666666666666,144.2748699366523,291.088992297513,306.96868275028976,329.25957601743244,0.0,0.0,1
2023-09-22,645.0,16751.3,1640.0,9,22,1,0,470.0,251.0,43.0,1200.0,2989.5,845.0,14299.0,11164.65,6668.1,0,0,0,0,1,0,0,685.5,375.5,251.0,573.0,466.0,345.0,510.3333333333333,296.0,339.85714285714283,333.7583333333333,233.7974550759695,248.25326406276295,392.0263960633899,358.7373002075786,0.0,0.0,2
2023-09-22,0.0,0.0,0.0,9,22,1,0,0.0,0.0,0.0,0.0,0.0,0.0,0.0,0.0,0.0,0,0,0,0,1,0,0,0.0,0.0,0.0,0.0,0.0,0.0,0.0,0.0,0.0,0.0,0.0,0.0,0.0,0.0,0.0,0.0,3
2023-09-22,17492.0,9465.48,894.0,9,22,1,0,17504.0,15169.0,15763.0,465.0,1310.0,2123.0,2150.0,11939.96,5314.5,0,0,0,0,1,0,0,14290.0,13362.0,15169.0,15882.0,14097.0,16904.0,15052.0,14842.42857142857,14677.42857142857,15016.166666666666,1379.9836783023625,1440.092958765209,15132.7387490017,14880.507697293067,0.0,0.0,4
2023-09-22,62.0,278.0,166.0,9,22,1,0,0.0,0.0,55.0,79.5,319.0,571.0,209.0,566.0,637.0,0,0,0,0,1,0,0,0.0,0.0,0.0,105.5,88.5,145.0,0.0,54.57142857142857,92.82142857142856,128.7,118.76988555305492,151.72653485567528,38.79286579596267,100.01972174947554,0.0,0.0,5
2023-09-22,88.0,59.0,0.0,9,22,1,0,0.0,0.0,12.0,23.0,32.0,15.0,56.0,0.0,0.0,0,0,0,0,1,0,0,6.0,18.0,0.0,0.0,101.0,0.0,8.0,3.4285714285714284,13.571428571428571,25.966666666666665,6.80336051416604,39.09447737110112,6.614174806391869,24.284255929610065,0.0,0.0,6
2023-09-22,0.0,79510.0,0.0,9,22,1,0,0.0,0.0,0.0,0.0,0.0,0.0,51680.0,21550.0,6500.0,0,0,0,0,1,0,0,0.0,0.0,0.0,0.0,0.0,0.0,0.0,0.0,0.0,0.0,0.0,0.0,0.1178139999395156,121.17066812307336,0.0,0.0,7
2023-09-23,2310.46,890.9,1665.0,9,23,1,0,640.9,997.0,1158.3,671.0,534.0,43.0,1398.5,2307.0,1685.0,0,0,0,0,0,1,0,168.0,1576.0,997.0,527.0,1027.0,437.9,794.9666666666667,781.4857142857143,806.8571428571429,696.0033333333333,482.039004053169,378.9132659223665,723.2568671045013,715.5117136299478,0.0,0.0,0
2023-09-23,117.0,191.0,200.0,9,23,1,0,177.0,46.0,360.0,374.0,1085.0,447.5,229.0,159.0,597.5,0,0,0,0,0,1,0,342.0,313.0,46.0,395.0,1063.5,352.0,277.3333333333333,255.8571428571429,287.0,366.1166666666667,147.33909706459235,292.5792460682832,274.47651206271735,319.4363775646949,0.0,0.0,1
2023-09-23,452.0,12341.95,366.0,9,23,1,0,645.0,192.0,300.0,1640.0,2087.5,1570.5,16751.3,11898.8,8746.3,0,0,0,0,0,1,0,470.0,685.5,192.0,0.0,694.75,330.0,600.1666666666666,352.2857142857143,345.0,353.825,266.32277677392034,248.27068401868004,455.2697970475424,377.20586148450906,0.0,0.0,2
2023-09-23,0.0,0.0,0.0,9,23,1,0,0.0,0.0,0.0,0.0,0.0,0.0,0.0,0.0,0.0,0,0,0,0,0,1,0,0.0,0.0,0.0,0.0,0.0,0.0,0.0,0.0,0.0,0.0,0.0,0.0,0.0,0.0,0.0,0.0,3
2023-09-23,16899.0,951.0,11371.8,9,23,1,0,17492.0,14653.0,16654.0,894.0,17443.4,800.0,9465.48,2075.0,1405.0,0,0,0,0,0,1,0,17504.0,14290.0,14653.0,15031.0,16048.0,14858.0,16428.666666666668,15174.285714285714,14792.42857142857,15073.8,1711.1791952028886,1504.183898331608,15722.554061751274,15048.991071661258,0.0,0.0,4
2023-09-23,225.0,651.5,117.0,9,23,1,0,62.0,322.0,0.0,166.0,0.0,311.0,278.0,860.0,49.0,0,0,0,0,0,1,0,0.0,0.0,322.0,475.0,112.5,98.0,20.666666666666668,63.42857142857143,89.71428571428571,128.93333333333334,116.30829311626536,151.61462792982394,44.594649346972005,97.56683647531582,0.0,0.0,5
2023-09-23,25.0,0.0,0.0,9,23,1,0,88.0,0.0,41.0,0.0,0.0,25.0,59.0,31.0,29.0,0,0,0,0,0,1,0,0.0,6.0,0.0,109.0,66.0,0.0,31.33333333333333,16.0,19.857142857142858,28.5,32.43454948045368,40.591956057225445,26.9606311047939,28.394949095441675,0.0,0.0,6
2023-09-23,0.0,7050.0,0.0,9,23,1,0,0.0,0.0,0.0,0.0,0.0,0.0,79510.0,13050.0,0.0,0,0,0,0,0,1,0,0.0,0.0,0.0,0.0,0.0,0.0,0.0,0.0,0.0,0.0,0.0,0.0,0.0883604999546367,113.35320566352024,0.0,0.0,7
2023-09-23,125.0,0.0,220.0,9,23,1,0,0.0,0.0,230.0,210.0,70.0,0.0,0.0,175.0,0.0,0,0,0,0,0,1,0,0.0,70.0,0.0,35.0,150.0,0.0,23.33333333333333,43.57142857142857,60.71428571428572,74.83333333333333,58.787348817176365,102.59968519590538,36.4635018268869,72.76171867847442,0.0,0.0,8
2023-09-24,1256.0,1484.0,153.0,9,24,0,0,2310.46,633.5,477.0,1665.0,524.0,589.5,890.9,1788.0,2258.0,0,0,0,0,0,0,1,640.9,168.0,633.5,724.0,569.0,798.9,1039.7866666666666,969.1228571428572,934.2471428571428,734.4086666666667,757.0812028158821,473.8756442921849,1120.057650328376,818.411603073177,0.0,0.0,0
2023-09-24,245.0,26.0,542.25,9,24,0,0,117.0,101.0,334.0,200.0,301.0,439.0,191.0,156.0,480.0,0,0,0,0,0,0,1,177.0,342.0,101.0,365.0,300.0,76.0,212.0,266.0,267.1428571428572,358.01666666666665,132.14512224570825,296.096980947859,235.107384047038,306.3759661089082,0.0,0.0,1
2023-09-24,229.5,11059.05,1488.0,9,24,0,0,452.0,0.0,345.0,366.0,1171.0,2358.0,12341.95,10818.7,13143.55,0,0,0,0,0,0,1,645.0,470.0,0.0,289.0,0.0,0.0,522.3333333333334,389.4285714285714,377.2857142857143,358.89166666666665,258.2509161925388,248.68500436029103,454.4523477856568,382.0312897758311,0.0,0.0,2
2023-09-24,0.0,0.0,0.0,9,24,0,0,0.0,0.0,0.0,0.0,0.0,0.0,0.0,0.0,0.0,0,0,0,0,0,0,1,0.0,0.0,0.0,0.0,0.0,0.0,0.0,0.0,0.0,0.0,0.0,0.0,0.0,0.0,0.0,0.0,3
2023-09-24,15163.0,940.0,1985.0,9,24,0,0,16899.0,13620.0,16904.0,11371.8,1078.0,944.0,951.0,2157.0,19946.0,0,0,0,0,0,0,1,17492.0,17504.0,13620.0,13610.0,13653.0,13096.0,17298.333333333332,15495.142857142857,14925.857142857143,15081.966666666667,1805.1343836005983,1513.6941449209246,16016.665546313456,15168.34648639279,0.0,0.0,4
2023-09-24,0.0,635.0,1044.0,9,24,0,0,225.0,30.0,145.0,117.0,0.0,155.0,651.5,487.0,322.0,0,0,0,0,0,0,1,62.0,0.0,30.0,79.0,121.5,202.0,95.66666666666669,49.57142857142857,71.85714285714286,136.43333333333334,80.69253815741433,150.57823795996066,89.695987010229,105.7883308962632,0.0,0.0,5
2023-09-24,0.0,129.0,0.0,9,24,0,0,25.0,0.0,0.0,0.0,6.0,166.0,0.0,29.0,56.0,0,0,0,0,0,0,1,88.0,0.0,0.0,0.0,0.0,60.0,37.66666666666666,19.571428571428573,13.857142857142858,27.966666666666665,31.748265794408027,40.52711594027854,26.470473328595425,28.17592012154221,0.0,0.0,6
2023-09-24,0.0,13600.0,0.0,9,24,0,0,0.0,0.0,0.0,0.0,0.0,4375.0,7050.0,17500.0,0.0,0,0,0,0,0,0,1,0.0,0.0,0.0,0.0,0.0,0.0,0.0,0.0,0.0,0.0,0.0,0.0,0.0662703749659775,106.04009562071248,0.0,0.0,7
2023-09-24,140.0,0.0,125.0,9,24,0,0,125.0,145.0,35.0,220.0,90.0,105.0,0.0,20.0,115.0,0,0,0,0,0,0,1,0.0,0.0,145.0,260.0,455.0,20.0,41.66666666666666,61.42857142857143,67.14285714285714,71.33333333333333,62.23037078162906,98.84621749284956,58.59762637016517,76.13193037663737,0.0,0.0,8
2023-09-25,1923.4,3757.0,0.0,9,25,0,0,1256.0,1110.0,437.9,153.0,1120.0,542.0,1484.0,2805.9,1998.0,1,0,0,0,0,0,0,2310.46,640.9,1110.0,1720.5,364.0,494.0,1402.4533333333336,1058.0514285714287,972.2471428571428,760.3753333333334,747.5882827561476,480.5799630384345,1154.043237746282,846.6431125523269,0.0,0.0,0
2023-09-25,355.0,305.0,314.5,9,25,0,0,245.0,395.0,352.0,542.25,305.0,262.0,26.0,640.0,200.0,1,0,0,0,0,0,0,117.0,177.0,395.0,530.5,461.0,117.0,179.66666666666666,286.57142857142856,258.57142857142856,355.05,111.8240539759622,296.79095017107284,237.5805380352785,302.4162263599464,0.0,0.0,1
2023-09-25,0.0,9235.8,1631.0,9,25,0,0,229.5,98.0,330.0,1488.0,1414.5,3332.0,11059.05,6783.0,12203.4,1,0,0,0,0,0,0,452.0,645.0,98.0,100.0,245.0,188.0,442.1666666666667,422.2142857142857,373.0357142857143,355.0416666666667,210.77611683625685,249.79904063871584,398.21426083924257,372.19056140319685,0.0,0.0,2
2023-09-25,0.0,0.0,0.0,9,25,0,0,0.0,0.0,0.0,0.0,0.0,0.0,0.0,0.0,0.0,1,0,0,0,0,0,0,0.0,0.0,0.0,0.0,0.0,0.0,0.0,0.0,0.0,0.0,0.0,0.0,0.0,0.0,0.0,0.0,3
2023-09-25,14285.0,1327.5,7416.0,9,25,0,0,15163.0,15299.0,14858.0,1985.0,170.0,13115.0,940.0,2938.0,3335.0,1,0,0,0,0,0,0,16899.0,17492.0,15299.0,12430.0,13894.0,13505.0,16518.0,15715.57142857143,15036.785714285714,15023.933333333332,1623.0166211043318,1474.2918097276267,15803.249159735093,15168.001551786803,0.0,0.0,4
2023-09-25,49.0,96.0,210.0,9,25,0,0,0.0,30.0,98.0,1044.0,0.0,701.0,635.0,582.5,646.25,1,0,0,0,0,0,0,225.0,62.0,30.0,19.0,507.0,0.0,95.66666666666669,45.285714285714285,66.21428571428571,131.6,82.67751464921696,152.60724889006158,67.27199025767175,98.96327729005267,0.0,0.0,5
2023-09-25,6.0,0.0,0.0,9,25,0,0,0.0,0.0,0.0,0.0,0.0,15.0,129.0,16.0,39.0,1,0,0,0,0,0,0,25.0,88.0,0.0,34.0,100.0,6.0,37.66666666666666,19.571428571428573,13.857142857142858,27.966666666666665,31.748265794408027,40.52711594027854,19.852854996446567,26.3581188233782,0.0,0.0,6
2023-09-25,0.0,7200.0,0.0,9,25,0,0,0.0,0.0,0.0,0.0,0.0,4625.0,13600.0,2500.0,0.0,1,0,0,0,0,0,0,0.0,0.0,0.0,0.0,0.0,0.0,0.0,0.0,0.0,0.0,0.0,0.0,0.0497027812244831,99.19879912905364,0.0,0.0,7
2023-09-25,0.0,35.0,80.0,9,25,0,0,140.0,90.0,0.0,125.0,45.0,445.0,0.0,140.0,0.0,1,0,0,0,0,0,0,125.0,0.0,90.0,0.0,125.0,0.0,88.33333333333333,60.71428571428572,58.57142857142857,74.83333333333333,61.13022789017514,99.3728899869972,78.94821977762388,80.25245099749948,0.0,0.0,8
2023-09-26,132.0,719.5,713.0,9,26,0,0,1923.4,345.0,798.9,0.0,975.9,880.0,3757.0,1570.0,1187.0,0,1,0,0,0,0,0,1256.0,2310.46,345.0,1088.5,219.0,570.0,1829.9533333333336,1174.2514285714285,986.74,809.8919999999999,817.0008016199367,521.0346123812798,1346.3824283097117,916.1112988392736,0.0,0.0,0
2023-09-26,210.0,608.0,112.0,9,26,0,0,355.0,417.0,76.0,314.5,555.5,311.0,305.0,435.0,120.0,0,1,0,0,0,0,0,245.0,117.0,417.0,248.0,304.5,305.0,239.0,280.85714285714283,246.03571428571428,355.15,106.24253475174642,296.790392480898,266.93540352645886,305.8087278851111,0.0,0.0,1
2023-09-26,36.0,10106.5,1183.5,9,26,0,0,0.0,375.5,0.0,1631.0,1644.5,2462.75,9235.8,14386.35,9569.35,0,1,0,0,0,0,0,229.5,452.0,375.5,391.5,40.0,932.0,227.16666666666663,408.2142857142857,365.8928571428572,344.0416666666667,237.4648846220666,258.0687398681333,298.6606956294319,348.17826711911965,0.0,0.0,2
2023-09-26,0.0,0.0,0.0,9,26,0,0,0.0,0.0,0.0,0.0,0.0,0.0,0.0,0.0,0.0,0,1,0,0,0,0,0,0.0,0.0,0.0,0.0,0.0,0.0,0.0,0.0,0.0,0.0,0.0,0.0,0.0,0.0,0.0,0.0,3
2023-09-26,14295.0,16461.0,1080.0,9,26,0,0,14285.0,13362.0,13096.0,7416.0,1908.0,463.0,1327.5,3107.0,3290.0,0,1,0,0,0,0,0,15163.0,16899.0,13362.0,13740.0,14137.0,17267.0,15449.0,15570.714285714286,15169.285714285714,15004.833333333334,1709.347605987503,1480.2154801974505,15423.68686980132,15111.033709736044,0.0,0.0,4
2023-09-26,39.0,95.0,0.0,9,26,0,0,49.0,0.0,202.0,210.0,75.0,220.0,96.0,386.0,586.0,0,1,0,0,0,0,0,0.0,225.0,0.0,239.0,532.0,144.0,91.33333333333331,48.0,68.35714285714286,129.96666666666667,82.40347889096302,153.24017284874336,62.70399269325381,95.73984004553314,0.0,0.0,5
2023-09-26,0.0,0.0,0.0,9,26,0,0,6.0,18.0,60.0,0.0,6.0,0.0,0.0,32.0,163.0,0,1,0,0,0,0,0,0.0,25.0,18.0,0.0,41.0,9.0,10.333333333333334,20.428571428571427,11.857142857142858,28.166666666666668,31.208210152977035,40.39894444962239,16.389641247334925,25.04469180251509,0.0,0.0,6
2023-09-26,0.0,31650.0,0.0,9,26,0,0,0.0,0.0,0.0,0.0,17295.0,10235.0,7200.0,0.0,0.0,0,1,0,0,0,0,0,0.0,0.0,0.0,0.0,0.0,0.0,0.0,0.0,0.0,0.0,0.0,0.0,0.0372770859183623,92.79887660459856,0.0,0.0,7
2023-09-26,80.0,0.0,35.0,9,26,0,0,0.0,0.0,20.0,80.0,0.0,330.0,35.0,75.0,0.0,0,1,0,0,0,0,0,140.0,125.0,0.0,0.0,170.0,0.0,88.33333333333333,47.85714285714285,58.57142857142857,74.83333333333333,63.36778511575244,99.3728899869972,59.21116483321791,75.07487351378984,0.0,0.0,8
2023-09-27,260.0,1503.0,205.0,9,27,0,0,132.0,1576.0,494.0,713.0,567.5,1177.0,719.5,2781.9,2050.0,0,0,1,0,0,0,0,1923.4,1256.0,1576.0,96.0,484.0,544.0,1103.8,1143.8228571428572,918.4185714285716,787.662,856.0656791336027,535.5444057147959,1042.7868212322835,865.5234731077077,0.0,0.0,0
2023-09-27,377.0,556.0,313.5,9,27,0,0,210.0,313.0,117.0,112.0,466.0,461.0,608.0,538.0,771.5,0,0,1,0,0,0,0,355.0,245.0,313.0,233.5,430.0,1460.5,270.0,251.28571428571428,243.32142857142856,359.6166666666667,89.52600047977457,293.43370523478734,252.70155264484413,299.62751963445885,0.0,0.0,1
2023-09-27,238.0,10004.7,1305.0,9,27,0,0,36.0,685.5,188.0,1183.5,2007.5,1673.0,10106.5,16388.1,7359.1,0,0,1,0,0,0,0,0.0,229.5,685.5,614.0,272.5,524.5,88.5,359.7142857142857,340.5,345.2416666666667,276.6902385253915,256.4926940155083,232.99552172207396,328.0377337565958,0.0,0.0,2
2023-09-27,0.0,0.0,0.0,9,27,0,0,0.0,0.0,0.0,0.0,0.0,0.0,0.0,0.0,0.0,0,0,1,0,0,0,0,0.0,0.0,0.0,0.0,0.0,0.0,0.0,0.0,0.0,0.0,0.0,0.0,0.0,0.0,0.0,0.0,3
2023-09-27,13306.0,395.0,2795.0,9,27,0,0,14295.0,14290.0,13505.0,1080.0,520.0,430.0,16461.0,3107.0,1186.0,0,0,1,0,0,0,0,14285.0,15163.0,14290.0,15043.0,14510.0,18165.0,14581.0,15704.0,15208.92857142857,15044.8,1536.0060763768602,1442.607753699722,15141.51515235099,15058.38637362404,0.0,0.0,4
2023-09-27,0.0,408.0,221.0,9,27,0,0,39.0,0.0,0.0,0.0,1010.0,351.0,95.0,112.0,429.0,0,0,1,0,0,0,0,49.0,0.0,0.0,0.0,225.0,86.0,29.33333333333333,53.57142857142857,54.07142857142857,124.53333333333332,79.89755345202443,153.4875561244545,56.77799451994036,92.07920520388583,0.0,0.0,5
2023-09-27,53.0,12.0,0.0,9,27,0,0,0.0,6.0,6.0,0.0,0.0,41.0,0.0,6.0,0.0,0,0,1,0,0,0,0,6.0,0.0,6.0,18.0,137.0,0.0,2.0,17.857142857142858,11.857142857142858,26.166666666666668,32.168455415352504,40.25357840879045,12.292230935501196,23.42890523461089,0.0,0.0,6
2023-09-27,0.0,24940.0,0.0,9,27,0,0,0.0,0.0,0.0,0.0,0.0,10235.0,31650.0,22885.0,0.0,0,0,1,0,0,0,0,0.0,0.0,0.0,0.0,0.0,0.0,0.0,0.0,0.0,0.0,0.0,0.0,0.0279578144387717,86.81185230752769,0.0,0.0,7
2023-09-27,55.0,0.0,285.0,9,27,0,0,80.0,70.0,0.0,35.0,285.0,240.0,0.0,0.0,0.0,0,0,1,0,0,0,0,0.0,140.0,70.0,70.0,35.0,35.0,73.33333333333333,59.285714285714285,64.28571428571429,76.83333333333333,60.44477999439996,98.8335707775638,64.40837362491342,75.39262360967436,0.0,0.0,8
2023-09-28,1227.4,1227.5,411.0,9,28,0,0,260.0,168.0,570.0,205.0,843.0,201.0,1503.0,3112.6,1908.0,0,0,0,1,0,0,0,132.0,1923.4,168.0,807.6,502.0,470.0,771.8000000000001,955.8228571428572,930.1328571428572,779.862,889.198931805369,541.6383549896204,847.0901159242128,826.4574425846298,0.0,0.0,0
2023-09-28,0.0,540.0,395.0,9,28,0,0,377.0,342.0,305.0,313.5,619.5,718.5,556.0,777.0,307.0,0,0,0,1,0,0,0,210.0,355.0,342.0,233.0,531.0,710.0,314.0,260.42857142857144,253.57142857142856,368.28333333333336,99.58222254809785,289.83841167977965,283.7761644836331,304.619292561268,0.0,0.0,1
2023-09-28,541.5,13191.1,3034.75,9,28,0,0,238.0,470.0,932.0,1305.0,1200.0,1596.0,10004.7,14299.0,7940.6,0,0,0,1,0,0,0,36.0,0.0,470.0,718.5,475.5,398.5,91.33333333333331,295.7857142857143,313.6428571428572,346.90833333333336,237.84271012983504,255.59660164600845,234.24664129155545,322.2288477077832,0.0,0.0,2
2023-09-28,0.0,0.0,0.0,9,28,0,0,0.0,0.0,0.0,0.0,0.0,0.0,0.0,0.0,0.0,0,0,0,1,0,0,0,0.0,0.0,0.0,0.0,0.0,0.0,0.0,0.0,0.0,0.0,0.0,0.0,0.0,0.0,0.0,0.0,3
2023-09-28,14164.0,2728.0,1070.0,9,28,0,0,13306.0,17504.0,17267.0,2795.0,465.0,148.75,395.0,2150.0,1765.0,0,0,0,1,0,0,0,14295.0,14285.0,17504.0,15851.0,16186.0,16264.0,13962.0,15563.42857142857,15084.857142857143,15038.166666666666,1720.8802841513764,1450.3687779161887,14682.636364263242,14945.32918822894,0.0,0.0,4
2023-09-28,0.0,965.0,43.0,9,28,0,0,0.0,0.0,144.0,221.0,79.5,6.0,408.0,209.0,881.0,0,0,0,1,0,0,0,39.0,49.0,0.0,0.0,121.0,124.0,29.33333333333333,53.57142857142857,54.07142857142857,124.53333333333332,79.89755345202444,153.4875561244545,42.58349588995527,86.13861131976418,0.0,0.0,5
2023-09-28,165.0,186.0,16.0,9,28,0,0,53.0,0.0,9.0,0.0,23.0,0.0,12.0,56.0,0.0,0,0,0,1,0,0,0,0.0,6.0,0.0,5.0,16.0,0.0,19.666666666666668,24.571428571428573,14.357142857142858,27.73333333333333,34.12651531608589,40.356115917590735,22.469173201625896,25.336717800119867,0.0,0.0,6
2023-09-28,0.0,37390.0,0.0,9,28,0,0,0.0,0.0,0.0,0.0,0.0,0.0,24940.0,51680.0,0.0,0,0,0,1,0,0,0,0.0,0.0,0.0,0.0,0.0,0.0,0.0,0.0,0.0,0.0,0.0,0.0,0.0209683608290788,81.21108764252591,0.0,0.0,7
2023-09-28,140.0,0.0,340.0,9,28,0,0,55.0,0.0,0.0,285.0,205.0,135.0,0.0,35.0,0.0,0,0,0,1,0,0,0,80.0,0.0,0.0,35.0,105.0,0.0,45.0,57.142857142857146,63.21428571428572,78.66666666666667,60.26726190182231,97.86455571026649,62.05628021868507,74.07697047356633,0.0,0.0,8
2023-09-29,506.0,1474.0,765.0,9,29,1,0,1227.4,640.9,544.0,411.0,671.0,90.0,1227.5,1398.5,1390.0,0,0,0,0,1,0,0,260.0,132.0,640.9,862.0,917.0,552.0,539.8000000000001,1107.1657142857143,960.1185714285714,801.7753333333334,820.2443852669184,546.1348039142322,942.1675869431596,852.3247043533634,0.0,0.0,0
2023-09-29,363.0,520.0,175.0,9,29,1,0,0.0,177.0,1460.5,395.0,374.0,367.5,540.0,229.0,1223.0,0,0,0,0,1,0,0,377.0,210.0,177.0,222.0,126.0,35.0,195.66666666666663,211.57142857142856,236.92857142857144,358.1166666666667,131.6306159205329,297.3857266283956,212.83212336272484,284.96643497667003,0.0,0.0,1
2023-09-29,653.0,9453.8,707.0,9,29,1,0,541.5,645.0,524.5,3034.75,1640.0,869.0,13191.1,16751.3,8172.9,0,0,0,0,1,0,0,238.0,36.0,645.0,251.0,573.0,466.0,271.8333333333333,306.0,301.0,333.89166666666665,247.8942987108282,233.78517330178775,311.0599809686666,336.3753736621198,0.0,0.0,2
2023-09-29,0.0,0.0,0.0,9,29,1,0,0.0,0.0,0.0,0.0,0.0,0.0,0.0,0.0,0.0,0,0,0,0,1,0,0,0.0,0.0,0.0,0.0,0.0,0.0,0.0,0.0,0.0,0.0,0.0,0.0,0.0,0.0,0.0,0.0,3
2023-09-29,14700.0,15581.8,270.0,9,29,1,0,14164.0,17492.0,18165.0,1070.0,894.0,1556.0,2728.0,9465.48,2473.5,0,0,0,0,1,0,0,13306.0,14295.0,17492.0,15169.0,15882.0,14097.0,13921.666666666666,15086.285714285714,14964.357142857143,14934.733333333334,1547.4440985364236,1395.547524075803,14552.977273197432,14894.920853504496,0.0,0.0,4
2023-09-29,0.0,569.0,90.0,9,29,1,0,0.0,62.0,86.0,43.0,166.0,154.0,965.0,278.0,1237.0,0,0,0,0,1,0,0,0.0,39.0,62.0,0.0,105.5,88.5,13.0,53.57142857142857,54.07142857142857,119.73333333333332,79.89755345202444,155.10095340495664,31.93762191746645,80.58128155719875,0.0,0.0,5
2023-09-29,0.0,0.0,69.0,9,29,1,0,165.0,88.0,0.0,16.0,0.0,84.0,186.0,59.0,96.0,0,0,0,0,1,0,0,53.0,0.0,88.0,0.0,0.0,101.0,72.66666666666667,48.142857142857146,25.785714285714285,32.93333333333333,60.84797605899629,47.31037163633164,58.10187990121942,34.34725213559601,0.0,0.0,6
2023-09-29,0.0,3500.0,8280.0,9,29,1,0,0.0,0.0,0.0,0.0,0.0,0.0,37390.0,79510.0,11200.0,0,0,0,0,1,0,0,0.0,0.0,0.0,0.0,0.0,0.0,0.0,0.0,0.0,0.0,0.0,0.0,0.0157262706218091,75.9716626333307,0.0,0.0,7
2023-09-29,55.0,0.0,240.0,9,29,1,0,140.0,0.0,35.0,340.0,210.0,210.0,0.0,0.0,0.0,0,0,0,0,1,0,0,55.0,80.0,0.0,145.0,0.0,35.0,91.66666666666669,77.14285714285714,70.71428571428571,83.33333333333333,61.363476029933096,97.32042112432585,81.5422101640138,78.3300691526911,0.0,0.0,8
2023-09-30,1058.0,1175.0,1747.0,9,30,1,0,506.0,2310.46,470.0,765.0,1665.0,856.0,1474.0,890.9,3875.0,0,0,0,0,0,1,0,1227.4,260.0,2310.46,997.0,527.0,1027.0,664.4666666666667,1087.8942857142858,934.69,800.5086666666667,834.486058738294,546.7969518287346,833.1256902073696,829.9811750402432,0.0,0.0,0
2023-09-30,120.0,852.5,488.0,9,30,1,0,363.0,117.0,710.0,175.0,200.0,559.0,520.0,191.0,235.5,0,0,0,0,0,1,0,0.0,377.0,117.0,46.0,395.0,1063.5,246.66666666666663,238.14285714285717,247.0,321.53333333333336,141.8642879320797,212.48403320677076,250.37409252204364,290.0008585265623,0.0,0.0,1
2023-09-30,310.5,12714.85,2613.5,9,30,1,0,653.0,452.0,398.5,707.0,366.0,6373.75,9453.8,12341.95,9512.8,0,0,0,0,0,1,0,541.5,238.0,452.0,192.0,0.0,694.75,477.5,307.1428571428572,329.7142857142857,338.175,249.7293058302853,238.52693723033164,396.54498572649993,356.802768909725,0.0,0.0,2
2023-09-30,0.0,0.0,0.0,9,30,1,0,0.0,0.0,0.0,0.0,0.0,0.0,0.0,0.0,0.0,0,0,0,0,0,1,0,0.0,0.0,0.0,0.0,0.0,0.0,0.0,0.0,0.0,0.0,0.0,0.0,0.0,0.0,0.0,0.0,3
2023-09-30,14807.0,4390.0,12094.2,9,30,1,0,14700.0,16899.0,16264.0,270.0,11371.8,622.5,15581.8,951.0,1062.0,0,0,0,0,0,1,0,14164.0,13306.0,16899.0,14653.0,15031.0,16048.0,14056.666666666666,14687.42857142857,14930.857142857143,14819.233333333334,1126.6207372999352,1255.3238813654923,14589.732954898074,14882.345314568722,0.0,0.0,4
2023-09-30,453.0,654.5,55.0,9,30,1,0,0.0,225.0,124.0,90.0,117.0,239.0,569.0,651.5,85.0,0,0,0,0,0,1,0,0.0,0.0,225.0,322.0,475.0,112.5,0.0,44.71428571428572,54.07142857142857,116.86666666666666,82.21053112936009,156.53406224741713,23.95321643809984,75.3824891986698,0.0,0.0,5
2023-09-30,0.0,0.0,16.0,9,30,1,0,0.0,25.0,0.0,69.0,0.0,24.0,0.0,0.0,88.0,0,0,0,0,0,1,0,165.0,53.0,25.0,0.0,109.0,66.0,72.66666666666667,35.57142857142857,25.785714285714285,32.93333333333333,60.329255321270495,47.31037163633164,43.57640992591456,32.1313003849124,0.0,0.0,6
2023-09-30,0.0,29250.0,0.0,9,30,1,0,0.0,0.0,0.0,8280.0,0.0,8400.0,3500.0,7050.0,0.0,0,0,0,0,0,1,0,0.0,0.0,0.0,0.0,0.0,0.0,0.0,0.0,0.0,0.0,0.0,0.0,0.0117947029663568,71.07026504408356,0.0,0.0,7
2023-09-30,110.0,35.0,35.0,9,30,1,0,55.0,125.0,0.0,240.0,220.0,0.0,0.0,0.0,425.0,0,0,0,0,0,1,0,140.0,55.0,125.0,0.0,35.0,150.0,83.33333333333333,85.0,64.28571428571429,84.0,52.75730597114788,97.0460253409834,74.90665762301035,76.82490340090457,0.0,0.0,8
2023-10-01,2143.0,1476.0,142.0,10,1,0,0,1058.0,1256.0,552.0,1747.0,153.0,240.0,1175.0,1484.0,2913.0,0,0,0,0,0,0,1,506.0,1227.4,1256.0,633.5,724.0,569.0,930.4666666666668,908.9714285714284,939.0471428571428,820.1086666666667,640.3560096131049,545.077068177825,889.3442676555272,844.6920669731307,0.0,0.0,0
2023-10-01,61.0,0.0,532.0,10,1,0,0,120.0,245.0,35.0,488.0,542.25,314.0,852.5,26.0,436.0,0,0,0,0,0,0,1,363.0,0.0,245.0,101.0,365.0,300.0,161.0,238.57142857142856,252.28571428571428,301.8666666666667,141.44122117550762,202.35173087598164,217.78056939153277,279.033061202268,0.0,0.0,1
2023-10-01,49.0,7142.0,1845.0,10,1,0,0,310.5,229.5,466.0,2613.5,1488.0,2571.75,12714.85,11059.05,13055.0,0,0,0,0,0,0,1,653.0,541.5,229.5,0.0,289.0,0.0,501.6666666666667,286.92857142857144,338.17857142857144,335.2416666666667,241.6456476902057,238.3004884027482,375.033739294875,353.81549349619434,0.0,0.0,2
2023-10-01,0.0,0.0,0.0,10,1,0,0,0.0,0.0,0.0,0.0,0.0,0.0,0.0,0.0,0.0,0,0,0,0,0,0,1,0.0,0.0,0.0,0.0,0.0,0.0,0.0,0.0,0.0,0.0,0.0,0.0,0.0,0.0,0.0,0.0,3
2023-10-01,13996.0,2483.5,1185.0,10,1,0,0,14807.0,15163.0,14097.0,12094.2,1985.0,1456.5,4390.0,940.0,14802.44,0,0,0,0,0,0,1,14700.0,14164.0,15163.0,13620.0,13610.0,13653.0,14557.0,14388.57142857143,14941.857142857143,14770.666666666666,593.5326043116034,1225.326707547818,14644.049716173557,14877.484326532032,0.0,0.0,4
2023-10-01,0.0,297.0,180.0,10,1,0,0,453.0,0.0,88.5,55.0,1044.0,219.0,654.5,635.0,40.0,0,0,0,0,0,0,1,0.0,0.0,0.0,30.0,79.0,121.5,151.0,77.28571428571429,63.42857142857143,127.83333333333331,166.99272866975818,168.1451719514266,131.21491232857488,99.74490925036852,0.0,0.0,5
2023-10-01,83.0,26.0,25.0,10,1,0,0,0.0,0.0,101.0,16.0,0.0,12.0,0.0,129.0,0.0,0,0,0,0,0,0,1,0.0,165.0,0.0,0.0,0.0,0.0,55.0,32.0,25.785714285714285,32.93333333333333,61.78187436457392,47.31037163633164,32.68230744443592,30.058313263305152,0.0,0.0,6
2023-10-01,180.0,20.0,195.0,10,1,0,0,110.0,140.0,35.0,35.0,125.0,0.0,35.0,0.0,45.0,0,0,0,0,0,0,1,55.0,140.0,140.0,145.0,260.0,455.0,101.66666666666669,82.85714285714286,72.14285714285714,87.66666666666667,51.14172651051363,95.833308345824,83.67999321725776,78.96523221374945,0.0,0.0,8
2023-10-02,125.0,1467.5,118.0,10,2,0,0,2143.0,1923.4,1027.0,142.0,0.0,1377.0,1476.0,3757.0,3785.0,1,0,0,0,0,0,0,1058.0,506.0,1923.4,1110.0,1720.5,364.0,1235.6666666666667,1035.685714285714,1046.8685714285714,873.142,790.604940174656,593.3523837188384,1202.7582007416454,928.4538691038964,0.0,0.0,0
2023-10-02,120.0,1011.0,552.5,10,2,0,0,61.0,355.0,1063.5,532.0,314.5,258.0,0.0,305.0,387.0,1,0,0,0,0,0,0,120.0,363.0,355.0,395.0,530.5,461.0,181.33333333333331,212.28571428571428,249.42857142857144,302.7333333333333,156.35825773493565,201.22185960180656,178.58542704364956,264.9664120924442,0.0,0.0,1
2023-10-02,96.0,9967.0,1405.0,10,2,0,0,49.0,0.0,694.75,1845.0,1631.0,1731.0,7142.0,9235.8,13590.3,1,0,0,0,0,0,0,310.5,653.0,0.0,98.0,100.0,245.0,337.5,261.1428571428572,341.67857142857144,321.34166666666664,257.8802555266226,242.5345201463979,293.52530447115623,334.14997778676246,0.0,0.0,2
2023-10-02,0.0,0.0,0.0,10,2,0,0,0.0,0.0,0.0,0.0,0.0,0.0,0.0,0.0,0.0,1,0,0,0,0,0,0,0.0,0.0,0.0,0.0,0.0,0.0,0.0,0.0,0.0,0.0,0.0,0.0,0.0,0.0,0.0,0.0,3
2023-10-02,13681.0,2170.5,1195.0,10,2,0,0,13996.0,14285.0,16048.0,1185.0,7416.0,11887.6,2483.5,1327.5,2639.0,1,0,0,0,0,0,0,14807.0,14700.0,14285.0,15299.0,12430.0,13894.0,14501.0,14221.857142857143,14968.714285714286,14767.3,495.5641326042174,1227.3785114401012,14482.037287130166,14820.61436998158,0.0,0.0,4
2023-10-02,0.0,369.0,257.0,10,2,0,0,0.0,49.0,112.5,180.0,210.0,245.0,297.0,96.0,773.0,1,0,0,0,0,0,0,453.0,0.0,49.0,30.0,19.0,507.0,151.0,77.28571428571429,61.285714285714285,124.88333333333334,166.99272866975818,169.62883839752027,98.41118424643116,93.30975381486088,0.0,0.0,5
2023-10-02,0.0,55.0,35.0,10,2,0,0,83.0,6.0,66.0,25.0,0.0,128.0,26.0,0.0,12.0,1,0,0,0,0,0,0,0.0,0.0,6.0,0.0,34.0,100.0,27.666666666666668,43.85714285714285,31.714285714285715,32.333333333333336,62.5764294587788,46.52499019498742,45.26173058332694,33.47390595599514,0.0,0.0,6
2023-10-02,0.0,0.0,140.0,10,2,0,0,180.0,0.0,150.0,195.0,80.0,175.0,20.0,35.0,70.0,1,0,0,0,0,0,0,110.0,55.0,0.0,90.0,0.0,125.0,115.0,88.57142857142857,74.64285714285714,92.5,60.04958268757879,96.73773645880104,107.75999491294333,85.48360432899142,0.0,0.0,8
2023-10-03,263.0,1213.0,220.0,10,3,0,0,125.0,132.0,569.0,118.0,713.0,205.0,1467.5,719.5,2608.0,0,1,0,0,0,0,0,2143.0,1058.0,132.0,345.0,1088.5,219.0,1108.6666666666667,778.7714285714285,976.5114285714286,843.0753333333334,744.9400640639612,607.9606532568582,933.318650556234,876.6181356133227,0.0,0.0,0
2023-10-03,307.0,82.0,388.0,10,3,0,0,120.0,210.0,300.0,552.5,112.0,76.0,1011.0,608.0,2052.0,0,1,0,0,0,0,0,61.0,120.0,210.0,417.0,248.0,304.5,100.33333333333331,178.71428571428572,229.78571428571428,271.28333333333336,145.45757031486718,143.73938841392484,163.93907028273716,255.61374034454465,0.0,0.0,1
2023-10-03,411.0,11804.55,1558.5,10,3,0,0,96.0,36.0,0.0,1405.0,1183.5,1685.5,9967.0,10106.5,13028.75,0,1,0,0,0,0,0,49.0,310.5,36.0,375.5,391.5,40.0,151.83333333333334,274.85714285714283,341.5357142857143,301.3833333333333,243.8487772995308,235.2740032583184,244.1439783533672,318.7854630908423,0.0,0.0,2
2023-10-03,0.0,0.0,0.0,10,3,0,0,0.0,0.0,0.0,0.0,0.0,0.0,0.0,0.0,0.0,0,1,0,0,0,0,0,0.0,0.0,0.0,0.0,0.0,0.0,0.0,0.0,0.0,0.0,0.0,0.0,0.0,0.0,0.0,0.0,3
2023-10-03,14439.0,2358.0,2689.0,10,3,0,0,13681.0,14295.0,13653.0,1195.0,1080.0,1014.0,2170.5,16461.0,4851.5,0,1,0,0,0,0,0,13996.0,14807.0,14295.0,13362.0,13740.0,14137.0,14161.333333333334,14135.57142857143,14853.142857142857,14688.4,533.8423166512551,1218.2573931079444,14281.777965347625,14747.090862240831,0.0,0.0,4
2023-10-03,0.0,304.0,0.0,10,3,0,0,0.0,39.0,121.5,257.0,0.0,112.0,369.0,95.0,281.0,0,1,0,0,0,0,0,0.0,453.0,39.0,0.0,239.0,532.0,151.0,70.28571428571429,59.142857142857146,121.13333333333334,169.385865492288,171.1487522662638,73.80838818482337,87.2897696977731,0.0,0.0,5
2023-10-03,28.0,24.0,25.0,10,3,0,0,0.0,0.0,0.0,35.0,0.0,0.0,55.0,0.0,32.0,0,1,0,0,0,0,0,83.0,0.0,0.0,18.0,0.0,41.0,27.666666666666668,43.0,31.714285714285715,30.133333333333333,63.21919539717872,46.43848978308113,33.9462979374952,31.31429912012449,0.0,0.0,6
2023-10-03,0.0,15550.0,0.0,10,3,0,0,0.0,0.0,0.0,0.0,0.0,0.0,29250.0,13600.0,0.0,0,1,0,0,0,0,0,0.0,0.0,0.0,0.0,0.0,0.0,0.0,0.0,0.0,0.0,0.0,0.0,0.0088460272247676,66.48508665414269,0.0,0.0,7
2023-10-03,0.0,0.0,110.0,10,3,0,0,0.0,80.0,455.0,140.0,35.0,310.0,0.0,0.0,105.0,0,1,0,0,0,0,0,180.0,110.0,80.0,0.0,0.0,170.0,96.66666666666669,88.57142857142857,68.21428571428571,87.5,60.04958268757879,97.53646532946308,80.81999618470749,79.96853308195972,0.0,0.0,8
2023-10-04,258.0,1341.5,613.0,10,4,0,0,263.0,260.0,364.0,220.0,205.0,360.0,1213.0,1503.0,1952.0,0,0,1,0,0,0,0,125.0,2143.0,260.0,1576.0,96.0,484.0,843.6666666666666,797.4857142857143,970.6542857142856,832.8753333333334,727.4234792026153,615.2408394516699,765.7389879171756,837.0298687995601,0.0,0.0,0
2023-10-04,759.0,968.0,275.0,10,4,0,0,307.0,377.0,461.0,388.0,313.5,281.0,82.0,556.0,431.0,0,0,1,0,0,0,0,120.0,61.0,377.0,313.0,233.5,430.0,162.66666666666666,192.57142857142856,221.92857142857144,271.51666666666665,153.3415111690857,143.79328333873346,199.70430271205288,258.9289829029611,0.0,0.0,1
2023-10-04,276.5,14468.75,1700.0,10,4,0,0,411.0,238.0,245.0,1558.5,1305.0,1150.4,11804.55,10004.7,9298.65,0,0,1,0,0,0,0,96.0,49.0,238.0,685.5,614.0,272.5,185.33333333333331,328.42857142857144,344.07142857142856,315.0833333333333,222.92233860162835,229.00196066519945,285.8579837650254,324.73478805272345,0.0,0.0,2
2023-10-04,0.0,0.0,0.0,10,4,0,0,0.0,0.0,0.0,0.0,0.0,0.0,0.0,0.0,0.0,0,0,1,0,0,0,0,0.0,0.0,0.0,0.0,0.0,0.0,0.0,0.0,0.0,0.0,0.0,0.0,0.0,0.0,0.0,0.0,3
2023-10-04,14986.0,3328.0,1775.0,10,4,0,0,14439.0,13306.0,13894.0,2689.0,2795.0,575.0,2358.0,395.0,2215.0,0,0,1,0,0,0,0,13681.0,13996.0,13306.0,14290.0,15043.0,14510.0,14038.666666666666,14156.142857142857,14930.07142857143,14714.6,543.6933659613995,1203.5856659052183,14321.083474010718,14727.214032418846,0.0,0.0,4
2023-10-04,0.0,483.0,168.0,10,4,0,0,0.0,0.0,507.0,0.0,221.0,297.6,304.0,408.0,314.0,0,0,1,0,0,0,0,0.0,0.0,0.0,0.0,0.0,225.0,0.0,64.71428571428571,59.142857142857146,117.08333333333331,171.21790627318006,172.5714286563852,55.35629113861753,81.65817165275548,0.0,0.0,5
2023-10-04,96.0,17.0,0.0,10,4,0,0,28.0,53.0,100.0,25.0,0.0,37.0,24.0,12.0,98.0,0,0,1,0,0,0,0,0.0,83.0,53.0,6.0,18.0,137.0,37.0,47.0,32.42857142857143,31.066666666666663,60.88787509293889,46.09206179939815,32.4597234531214,31.10047337043904,0.0,0.0,6
2023-10-04,0.0,22300.0,0.0,10,4,0,0,0.0,0.0,0.0,0.0,0.0,0.0,15550.0,7200.0,4950.0,0,0,1,0,0,0,0,0.0,0.0,0.0,0.0,0.0,0.0,0.0,0.0,0.0,0.0,0.0,0.0,0.0066345204185757,62.19572622484316,0.0,0.0,7
2023-10-04,95.0,35.0,100.0,10,4,0,0,0.0,55.0,125.0,110.0,285.0,95.0,0.0,0.0,20.0,0,0,1,0,0,0,0,0.0,180.0,55.0,70.0,70.0,35.0,60.0,77.14285714285714,68.21428571428571,72.33333333333333,68.91160659721632,69.87344882410449,60.61499713853062,74.80927288312361,0.0,0.0,8
2023-10-05,472.0,1091.0,180.0,10,5,0,0,258.0,1227.4,219.0,613.0,411.0,122.0,1341.5,1227.5,1894.5,0,0,0,1,0,0,0,263.0,125.0,1227.4,168.0,807.6,502.0,215.33333333333331,797.1999999999999,876.5114285714286,829.3420000000001,727.6701267286799,618.3231066605427,638.8042409378817,799.6731030705562,0.0,0.0,0
2023-10-05,160.0,259.0,475.0,10,5,0,0,759.0,0.0,304.5,275.0,395.0,439.0,968.0,540.0,475.0,0,0,0,1,0,0,0,307.0,120.0,0.0,342.0,233.0,531.0,395.3333333333333,247.14285714285717,253.78571428571428,281.45,260.468442472038,165.9242322931431,339.5282270340397,291.1916291672862,0.0,0.0,1
2023-10-05,50.0,11976.0,1757.0,10,5,0,0,276.5,541.5,40.0,1700.0,3034.75,2512.0,14468.75,13191.1,12137.55,0,0,0,1,0,0,0,411.0,96.0,541.5,470.0,718.5,475.5,261.1666666666667,333.92857142857144,314.85714285714283,316.1333333333333,220.78410053176165,228.74160747119348,283.518487823769,321.6228662428703,0.0,0.0,2
2023-10-05,0.0,0.0,0.0,10,5,0,0,0.0,0.0,0.0,0.0,0.0,0.0,0.0,0.0,0.0,0,0,0,1,0,0,0,0.0,0.0,0.0,0.0,0.0,0.0,0.0,0.0,0.0,0.0,0.0,0.0,0.0,0.0,0.0,0.0,3
2023-10-05,14470.0,5146.0,297.5,10,5,0,0,14986.0,14164.0,14137.0,1775.0,1070.0,2415.5,3328.0,2728.0,3105.0,0,0,0,1,0,0,0,14439.0,13681.0,14164.0,17504.0,15851.0,16186.0,14368.666666666666,14396.142857142857,14979.785714285714,14751.0,471.93482197273664,1194.3900477678924,14487.31260550804,14743.90990129505,0.0,0.0,4
2023-10-05,0.0,372.0,165.0,10,5,0,0,0.0,0.0,532.0,168.0,43.0,0.0,483.0,965.0,175.5,0,0,0,1,0,0,0,0.0,0.0,0.0,0.0,0.0,121.0,0.0,64.71428571428571,59.142857142857146,100.18333333333334,171.21790627318006,157.2118317986002,41.517218353963145,76.38990251386804,0.0,0.0,5
2023-10-05,0.0,42.0,0.0,10,5,0,0,96.0,165.0,41.0,0.0,16.0,63.0,17.0,186.0,30.0,0,0,0,1,0,0,0,28.0,0.0,165.0,0.0,5.0,16.0,41.333333333333336,53.142857142857146,38.85714285714285,30.933333333333334,63.69832172417249,45.89112552878658,48.34479258984105,35.28753960460426,0.0,0.0,6
2023-10-05,0.0,64100.0,0.0,10,5,0,0,0.0,0.0,0.0,0.0,0.0,8900.0,22300.0,31650.0,0.0,0,0,0,1,0,0,0,0.0,0.0,0.0,0.0,0.0,0.0,0.0,0.0,0.0,0.0,0.0,0.0,0.0049758903139317,58.18309872646619,0.0,0.0,7
2023-10-05,0.0,0.0,220.0,10,5,0,0,95.0,140.0,170.0,100.0,340.0,0.0,35.0,0.0,710.0,0,0,0,1,0,0,0,0.0,0.0,140.0,0.0,35.0,105.0,31.666666666666668,82.85714285714286,70.0,71.33333333333333,68.42618546392046,69.30608438898687,69.21124785389796,76.11190043905113,0.0,0.0,8
2023-10-06,420.0,687.5,254.0,10,6,1,0,472.0,506.0,484.0,180.0,765.0,180.0,1091.0,1474.0,1672.0,0,0,0,0,1,0,0,258.0,263.0,506.0,640.9,862.0,917.0,331.0,689.2857142857143,898.2257142857143,837.7753333333334,709.0119214525974,611.3981370412175,597.1031807034112,778.5329028724559,0.0,0.0,0
2023-10-06,351.0,2189.0,935.0,10,6,1,0,160.0,363.0,430.0,475.0,175.0,526.0,259.0,520.0,308.75,0,0,0,0,1,0,0,759.0,307.0,363.0,177.0,222.0,126.0,408.6666666666667,270.0,240.78571428571428,276.6333333333333,241.49534156997697,167.32350110784932,294.64617027552976,282.7276530919774,0.0,0.0,1
2023-10-06,123.5,13049.9,3845.5,10,6,1,0,50.0,653.0,272.5,1757.0,707.0,2478.0,11976.0,9453.8,10581.25,0,0,0,0,1,0,0,276.5,411.0,653.0,645.0,251.0,573.0,245.83333333333331,263.7142857142857,284.85714285714283,316.46666666666664,221.92075483958556,228.33225689820893,225.1388658678268,304.0988103562336,0.0,0.0,2
2023-10-06,0.0,0.0,0.0,10,6,1,0,0.0,0.0,0.0,0.0,0.0,0.0,0.0,0.0,0.0,0,0,0,0,1,0,0,0.0,0.0,0.0,0.0,0.0,0.0,0.0,0.0,0.0,0.0,0.0,0.0,0.0,0.0,0.0,0.0,3
2023-10-06,13522.0,13103.52,935.0,10,6,1,0,14470.0,14700.0,14510.0,297.5,270.0,648.0,5146.0,15581.8,1935.0,0,0,0,0,1,0,0,14986.0,14439.0,14700.0,17492.0,15169.0,15882.0,14631.666666666666,14439.857142857143,14763.07142857143,14762.1,460.8909591111969,1190.0264949238656,14482.98445413103,14726.238294759887,0.0,0.0,4
2023-10-06,0.0,59.0,239.0,10,6,1,0,0.0,0.0,225.0,165.0,90.0,803.1,372.0,569.0,189.0,0,0,0,0,1,0,0,0.0,0.0,0.0,62.0,0.0,105.5,0.0,64.71428571428571,59.142857142857146,82.45,171.21790627318006,135.3014737284984,31.13791376547236,71.46152170652172,0.0,0.0,5
2023-10-06,67.0,54.0,44.0,10,6,1,0,0.0,0.0,137.0,0.0,69.0,16.0,42.0,0.0,141.0,0,0,0,0,1,0,0,96.0,28.0,0.0,88.0,0.0,0.0,41.333333333333336,29.571428571428573,38.85714285714285,29.566666666666663,42.36294427467294,46.1905224891004,36.25859444238078,33.0109241462427,0.0,0.0,6
2023-10-06,0.0,17650.0,0.0,10,6,1,0,0.0,0.0,0.0,0.0,0.0,0.0,64100.0,24940.0,28000.0,0,0,0,0,1,0,0,0.0,0.0,0.0,0.0,0.0,0.0,0.0,0.0,0.0,0.0,0.0,0.0,0.0037319177354488,54.429350421532895,0.0,0.0,7
2023-10-07,238.0,1768.5,247.0,10,7,1,0,420.0,1058.0,502.0,254.0,1747.0,355.0,687.5,1175.0,2783.0,0,0,0,0,0,1,0,472.0,258.0,1058.0,2310.46,997.0,527.0,383.3333333333333,677.0,882.4471428571429,835.642,713.4484330816531,612.7852041598602,552.8273855275584,755.4017478484266,0.0,0.0,0
2023-10-07,202.0,245.0,35.0,10,7,1,0,351.0,120.0,531.0,935.0,488.0,565.0,2189.0,852.5,190.0,0,0,0,0,0,1,0,160.0,759.0,120.0,117.0,46.0,395.0,423.3333333333333,268.2857142857143,253.2142857142857,274.0,240.7666327142764,165.4376119516835,308.7346277066473,287.13232063443047,0.0,0.0,1
2023-10-07,461.0,9974.65,893.0,10,7,1,0,123.5,310.5,475.5,3845.5,2613.5,1587.5,13049.9,12714.85,11700.35,0,0,0,0,0,1,0,50.0,276.5,310.5,452.0,192.0,0.0,150.0,188.07142857142856,247.6071428571429,311.5,143.50186658815875,230.9273658011581,199.72914940087009,292.4472742042185,0.0,0.0,2
2023-10-07,0.0,0.0,0.0,10,7,1,0,0.0,0.0,0.0,0.0,0.0,0.0,0.0,0.0,0.0,0,0,0,0,0,1,0,0.0,0.0,0.0,0.0,0.0,0.0,0.0,0.0,0.0,0.0,0.0,0.0,0.0,0.0,0.0,0.0,3
2023-10-07,13643.0,505.0,12347.4,10,7,1,0,13522.0,14807.0,16186.0,935.0,12094.2,1305.0,13103.52,4390.0,1160.0,0,0,0,0,0,1,0,14470.0,14986.0,14807.0,16899.0,14653.0,15031.0,14326.0,14271.57142857143,14479.5,14729.166666666666,555.4382225302654,1210.734803484194,14242.738340598273,14648.545501549572,0.0,0.0,4
2023-10-07,0.0,296.0,184.0,10,7,1,0,0.0,453.0,121.0,239.0,55.0,0.0,59.0,654.5,352.5,0,0,0,0,0,1,0,0.0,0.0,453.0,225.0,322.0,475.0,0.0,64.71428571428571,54.71428571428572,74.95,171.21790627318006,133.34918835329617,23.353435324104268,66.85110095126225,0.0,0.0,5
2023-10-07,0.0,5.0,29.0,10,7,1,0,67.0,0.0,16.0,44.0,16.0,6.0,54.0,0.0,117.0,0,0,0,0,0,1,0,0.0,96.0,0.0,25.0,0.0,109.0,54.333333333333336,39.142857142857146,37.35714285714285,27.23333333333333,42.13639982813181,42.16934933086475,43.943945831785584,35.20376774971091,0.0,0.0,6
2023-10-07,90.0,115.0,245.0,10,7,1,0,0.0,55.0,35.0,220.0,240.0,20.0,0.0,0.0,250.0,0,0,0,0,0,1,0,95.0,0.0,55.0,0.0,145.0,0.0,31.666666666666668,62.85714285714285,70.0,65.66666666666667,69.39363220408755,67.89613433378443,51.90843589042347,71.20145524943493,0.0,0.0,8
2023-10-08,505.0,1441.8,337.0,10,8,0,0,238.0,2143.0,917.0,247.0,142.0,495.0,1768.5,1476.0,3014.5,0,0,0,0,0,0,1,420.0,472.0,2143.0,1256.0,633.5,724.0,376.6666666666667,559.8571428571429,734.4142857142857,826.8420000000001,707.761124620312,619.5994607942714,474.1205391456688,722.0209899227217,0.0,0.0,0
2023-10-08,226.5,212.0,30.0,10,8,0,0,202.0,61.0,126.0,35.0,532.0,823.0,245.0,0.0,561.0,0,0,0,0,0,0,1,351.0,160.0,61.0,245.0,101.0,365.0,237.66666666666663,280.0,259.2857142857143,263.03333333333336,234.25626992676172,158.57615016861394,282.0509707799855,281.639912851564,0.0,0.0,1
2023-10-08,0.0,14257.15,708.0,10,8,0,0,461.0,49.0,573.0,893.0,1845.0,1938.5,9974.65,7142.0,12837.7,0,0,0,0,0,0,1,123.5,50.0,49.0,229.5,0.0,289.0,211.5,209.57142857142856,248.25,311.01666666666665,173.11952243354602,230.58719957793667,265.0468620506526,303.321643610398,0.0,0.0,2
2023-10-08,0.0,0.0,0.0,10,8,0,0,0.0,0.0,0.0,0.0,0.0,0.0,0.0,0.0,0.0,0,0,0,0,0,0,1,0.0,0.0,0.0,0.0,0.0,0.0,0.0,0.0,0.0,0.0,0.0,0.0,0.0,0.0,0.0,0.0,3
2023-10-08,11522.0,11425.0,285.0,10,8,0,0,13643.0,13996.0,15882.0,12347.4,1185.0,677.5,505.0,2483.5,13530.82,0,0,0,0,0,0,1,13522.0,14470.0,13996.0,15163.0,13620.0,13610.0,13878.333333333334,14105.285714285714,14246.92857142857,14644.4,542.5144281600863,1194.1281222774594,14092.803755448704,14583.671598223793,0.0,0.0,4
2023-10-08,155.0,340.0,145.0,10,8,0,0,0.0,0.0,105.5,184.0,180.0,275.0,296.0,297.0,315.0,0,0,0,0,0,0,1,0.0,0.0,0.0,0.0,30.0,79.0,0.0,0.0,38.642857142857146,70.91666666666667,0.0,133.73765385063163,17.5150764930782,62.53812669634211,0.0,0.0,5
2023-10-08,35.0,98.0,32.0,10,8,0,0,0.0,83.0,0.0,29.0,25.0,0.0,5.0,26.0,65.0,0,0,0,0,0,0,1,67.0,0.0,83.0,0.0,0.0,0.0,22.33333333333333,39.142857142857146,35.57142857142857,26.7,42.13639982813181,42.41677449571911,32.95795937383919,32.93255692714892,0.0,0.0,6
2023-10-08,160.0,70.0,365.0,10,8,0,0,90.0,110.0,105.0,245.0,35.0,110.0,115.0,35.0,70.0,0,0,0,0,0,0,1,0.0,95.0,110.0,125.0,0.0,35.0,61.66666666666666,67.85714285714286,76.42857142857143,67.5,69.99149608209207,67.78197807473734,61.4313269178176,72.41426458818107,0.0,0.0,8
2023-10-09,257.8,1926.0,651.0,10,9,0,0,505.0,125.0,527.0,337.0,118.0,267.0,1441.8,1467.5,1668.0,1,0,0,0,0,0,0,238.0,420.0,125.0,1923.4,1110.0,1720.5,387.6666666666667,325.85714285714283,680.7714285714285,813.1086666666667,140.78994823426993,622.0931557180681,481.8404043592516,708.0196357341591,0.0,0.0,0
2023-10-09,173.0,220.0,433.0,10,9,0,0,226.5,120.0,395.0,30.0,552.5,643.0,212.0,1011.0,381.0,1,0,0,0,0,0,0,202.0,351.0,120.0,355.0,395.0,530.5,259.8333333333333,303.6428571428572,257.9642857142857,266.3833333333333,216.1189322043368,156.6310558084766,268.1632280849891,278.082499119205,0.0,0.0,1
2023-10-09,202.0,13736.6,1627.0,10,9,0,0,0.0,96.0,0.0,708.0,1405.0,3551.0,14257.15,9967.0,11560.6,1,0,0,0,0,0,0,461.0,123.5,96.0,0.0,98.0,100.0,194.83333333333331,202.57142857142856,231.8571428571429,291.9166666666667,181.4828799481805,231.8661208294682,198.78514653798945,283.75250531295296,0.0,0.0,2
2023-10-09,0.0,0.0,0.0,10,9,0,0,0.0,0.0,0.0,0.0,0.0,0.0,0.0,0.0,0.0,1,0,0,0,0,0,0,0.0,0.0,0.0,0.0,0.0,0.0,0.0,0.0,0.0,0.0,0.0,0.0,0.0,0.0,0.0,0.0,3
2023-10-09,14317.0,2426.0,1140.0,10,9,0,0,11522.0,13681.0,15031.0,285.0,1195.0,11429.4,11425.0,2170.5,2492.2,1,0,0,0,0,0,0,13643.0,13522.0,13681.0,14285.0,15299.0,12430.0,12895.666666666666,13751.857142857143,13986.857142857143,14499.066666666668,1121.975256496521,1299.0233979824432,13450.102816586528,14386.144398338389,0.0,0.0,4
2023-10-09,60.0,40.0,386.0,10,9,0,0,155.0,0.0,475.0,145.0,257.0,544.0,340.0,369.0,1614.0,1,0,0,0,0,0,0,0.0,0.0,0.0,49.0,30.0,19.0,51.66666666666666,22.142857142857142,49.71428571428572,72.56666666666666,58.584493316430695,134.48232375408654,51.88630736980865,68.50340884496521,0.0,0.0,5
2023-10-09,0.0,36.0,0.0,10,9,0,0,35.0,0.0,109.0,32.0,35.0,60.0,98.0,55.0,276.0,1,0,0,0,0,0,0,0.0,67.0,0.0,6.0,0.0,34.0,34.0,32.285714285714285,38.07142857142857,27.866666666666667,37.45537026789027,42.1374870642751,33.468469530379394,33.065940351203835,0.0,0.0,6
2023-10-09,0.0,0.0,6500.0,10,9,0,0,0.0,0.0,0.0,0.0,0.0,723.0,17650.0,37390.0,0.0,1,0,0,0,0,0,0,0.0,0.0,0.0,0.0,0.0,0.0,0.0,0.0,0.0,0.0,0.0,0.0,0.0027989383015866,50.917779426595295,0.0,0.0,7
2023-10-09,305.0,35.0,275.0,10,9,0,0,160.0,180.0,0.0,365.0,195.0,35.0,70.0,20.0,400.0,1,0,0,0,0,0,0,90.0,0.0,180.0,140.0,145.0,260.0,83.33333333333333,75.0,78.92857142857143,69.33333333333333,77.19024117939597,69.55193213971738,86.0734951883632,78.06495719539521,0.0,0.0,8
2023-10-10,168.0,2178.0,546.0,10,10,0,0,257.8,263.0,724.0,651.0,220.0,445.0,1926.0,1213.0,2819.0,0,1,0,0,0,0,0,505.0,238.0,263.0,132.0,345.0,1088.5,333.6,344.8285714285715,561.8,804.1353333333334,115.97387226275563,628.273245577516,425.8303032694387,678.9732076222779,0.0,0.0,0
2023-10-10,727.0,442.0,157.0,10,10,0,0,173.0,307.0,365.0,433.0,388.0,154.0,220.0,82.0,506.5,0,1,0,0,0,0,0,226.5,202.0,307.0,210.0,417.0,248.0,200.5,311.2142857142857,244.9642857142857,258.9833333333333,209.43810882590424,155.58573882729974,244.37242106374185,271.3029830469983,0.0,0.0,1
2023-10-10,467.5,13446.5,1190.5,10,10,0,0,202.0,411.0,289.0,1627.0,1558.5,1963.5,13736.6,11804.55,5870.45,0,1,0,0,0,0,0,0.0,461.0,411.0,36.0,375.5,391.5,221.0,217.7142857142857,246.28571428571428,298.65,175.42991410219855,225.95426566545183,199.58885990349205,278.47815013147215,0.0,0.0,2
2023-10-10,0.0,0.0,0.0,10,10,0,0,0.0,0.0,0.0,0.0,0.0,0.0,0.0,0.0,0.0,0,1,0,0,0,0,0,0.0,0.0,0.0,0.0,0.0,0.0,0.0,0.0,0.0,0.0,0.0,0.0,0.0,0.0,0.0,0.0,3
2023-10-10,10882.0,1725.0,1550.0,10,10,0,0,14317.0,14439.0,13610.0,1140.0,2689.0,0.0,2426.0,2358.0,2614.5,0,1,0,0,0,0,0,11522.0,13643.0,14439.0,14295.0,13362.0,13740.0,13160.666666666666,13842.714285714286,13989.142857142857,14475.266666666666,1140.8733079364524,1295.4774631275418,13666.827112439896,14381.683469413332,0.0,0.0,4
2023-10-10,0.0,181.0,140.0,10,10,0,0,60.0,0.0,79.0,386.0,0.0,371.0,40.0,304.0,432.5,0,1,0,0,0,0,0,155.0,0.0,0.0,39.0,0.0,239.0,71.66666666666667,30.714285714285715,50.5,58.73333333333333,59.19097421542816,110.94327016724536,53.91473052735648,67.9548018227094,0.0,0.0,5
2023-10-10,0.0,6.0,0.0,10,10,0,0,0.0,28.0,0.0,0.0,25.0,32.0,36.0,24.0,21.0,0,1,0,0,0,0,0,35.0,0.0,28.0,0.0,18.0,0.0,11.666666666666666,32.285714285714285,37.642857142857146,24.23333333333333,37.45537026789027,39.51837925384304,25.101352147784542,30.932653876932623,0.0,0.0,6
2023-10-10,0.0,9000.0,5760.0,10,10,0,0,0.0,0.0,0.0,6500.0,8280.0,0.0,0.0,3500.0,6020.0,0,1,0,0,0,0,0,0.0,0.0,0.0,0.0,0.0,0.0,0.0,0.0,0.0,0.0,0.0,0.0,0.0020992037261899,47.63276139907302,0.0,0.0,7
2023-10-10,310.0,0.0,365.0,10,10,0,0,305.0,0.0,35.0,275.0,140.0,105.0,35.0,0.0,0.0,0,1,0,0,0,0,0,160.0,90.0,0.0,0.0,90.0,0.0,185.0,92.85714285714286,90.71428571428572,79.5,112.0958348489192,80.49791173132061,140.8051213912724,92.7059276989181,0.0,0.0,8
2023-10-11,204.9,1070.2,450.0,10,11,0,0,168.0,258.0,1720.5,546.0,613.0,222.0,2178.0,1341.5,2908.5,0,0,1,0,0,0,0,257.8,505.0,258.0,260.0,1576.0,96.0,310.26666666666665,331.25714285714287,564.3714285714286,785.6020000000001,131.64521585360308,638.8306348180785,361.372727452079,646.0071942272923,0.0,0.0,0
2023-10-11,592.0,349.0,365.0,10,11,0,0,727.0,759.0,530.5,157.0,275.0,464.5,442.0,968.0,162.0,0,0,1,0,0,0,0,173.0,226.5,759.0,377.0,313.0,233.5,375.5,371.2142857142857,281.8928571428572,271.05,261.6759855786758,176.69696199796502,365.0293157978064,300.70279059235327,0.0,0.0,1
2023-10-11,969.5,11785.1,2784.0,10,11,0,0,467.5,276.5,100.0,1190.5,1700.0,1577.0,13446.5,14468.75,10434.4,0,0,1,0,0,0,0,202.0,0.0,276.5,238.0,685.5,614.0,223.16666666666663,225.78571428571428,277.10714285714283,304.6,186.7402066023939,228.03203797893704,266.56664492761905,290.6731081875062,0.0,0.0,2
2023-10-11,0.0,0.0,0.0,10,11,0,0,0.0,0.0,0.0,0.0,0.0,0.0,0.0,0.0,0.0,0,0,1,0,0,0,0,0.0,0.0,0.0,0.0,0.0,0.0,0.0,0.0,0.0,0.0,0.0,0.0,0.0,0.0,0.0,0.0,3
2023-10-11,11403.0,995.0,623.0,10,11,0,0,10882.0,14986.0,12430.0,1550.0,1775.0,860.0,1725.0,3328.0,4393.0,0,0,1,0,0,0,0,14317.0,11522.0,14986.0,13306.0,14290.0,15043.0,12240.333333333334,13334.57142857143,13745.357142857143,14384.333333333334,1549.8580426545227,1445.3779683060343,12970.620334329922,14155.8974391286,0.0,0.0,4
2023-10-11,368.0,351.0,0.0,10,11,0,0,0.0,0.0,19.0,140.0,168.0,164.0,181.0,483.0,293.0,0,0,1,0,0,0,0,60.0,155.0,0.0,0.0,0.0,0.0,71.66666666666667,30.714285714285715,47.71428571428572,56.1,59.19097421542816,111.38233314997102,40.43604789551736,63.57062105995396,0.0,0.0,5
2023-10-11,11300.0,10425.0,3600.0,10,11,0,0,0.0,0.0,0.0,5760.0,0.0,300.0,9000.0,29250.0,15720.0,0,0,1,0,0,0,0,0.0,0.0,0.0,0.0,0.0,0.0,0.0,0.0,0.0,0.0,0.0,0.0,0.0015744027946424,44.55968001848767,0.0,0.0,7
2023-10-11,0.0,55.0,0.0,10,11,0,0,310.0,0.0,260.0,365.0,110.0,320.0,0.0,0.0,360.0,0,0,1,0,0,0,0,305.0,160.0,0.0,80.0,0.0,0.0,258.3333333333333,137.14285714285714,112.85714285714286,88.66666666666667,129.22387366044055,90.3149024757013,183.10384104345428,106.72490010543952,0.0,0.0,8
2023-10-12,668.0,2031.0,214.0,10,12,0,0,204.9,472.0,1088.5,450.0,180.0,1151.0,1070.2,1091.0,948.0,0,0,0,1,0,0,0,168.0,257.8,472.0,1227.4,168.0,807.6,210.23333333333332,323.6714285714285,560.4357142857143,735.0820000000001,137.94896054079055,622.0556924252207,322.25454558905926,617.5486655674671,0.0,0.0,0
2023-10-12,733.0,224.5,250.0,10,12,0,0,592.0,160.0,248.0,365.0,475.0,758.0,349.0,259.0,338.5,0,0,0,1,0,0,0,727.0,173.0,160.0,0.0,342.0,233.0,497.3333333333333,347.35714285714283,297.25,273.1,225.54761402080075,180.13416455902876,421.7719868483548,319.4961589412337,0.0,0.0,1
2023-10-12,0.0,8934.25,1696.0,10,12,0,0,969.5,50.0,391.5,2784.0,1757.0,1304.0,11785.1,11976.0,13717.4,0,0,0,1,0,0,0,467.5,202.0,50.0,541.5,470.0,718.5,546.3333333333334,324.7857142857143,329.35714285714283,333.5833333333333,339.4022757170387,254.8149796432198,442.2999836957143,334.4683915302478,0.0,0.0,2
2023-10-12,0.0,0.0,0.0,10,12,0,0,0.0,0.0,0.0,0.0,0.0,0.0,0.0,0.0,0.0,0,0,0,1,0,0,0,0.0,0.0,0.0,0.0,0.0,0.0,0.0,0.0,0.0,0.0,0.0,0.0,0.0,0.0,0.0,0.0,3
2023-10-12,10472.0,1635.0,2240.0,10,12,0,0,11403.0,14470.0,13740.0,623.0,297.5,1030.0,995.0,5146.0,3481.5,0,0,0,1,0,0,0,10882.0,14317.0,14470.0,14164.0,17504.0,15851.0,12200.666666666666,12822.714285714286,13609.42857142857,14350.1,1504.5557167356271,1504.2259860943411,12578.715250747442,13978.291152733207,0.0,0.0,4
2023-10-12,0.0,43.0,95.0,10,12,0,0,368.0,0.0,239.0,0.0,165.0,310.0,351.0,372.0,900.5,0,0,0,1,0,0,0,0.0,60.0,0.0,0.0,0.0,0.0,142.66666666666666,83.28571428571429,74.0,67.73333333333333,138.13847434816316,124.79222271670142,122.327035921638,83.21122615286015,0.0,0.0,5
2023-10-12,0.0,56.0,28.0,10,12,0,0,0.0,96.0,34.0,0.0,0.0,48.0,6.0,17.0,90.0,0,0,0,1,0,0,0,0.0,35.0,96.0,53.0,6.0,18.0,11.666666666666666,28.285714285714285,37.642857142857146,24.23333333333333,39.432280708890765,39.51837925384304,18.826014110838408,28.93699878809826,0.0,0.0,6
2023-10-12,0.0,6500.0,3400.0,10,12,0,0,11300.0,0.0,0.0,3600.0,0.0,0.0,10425.0,15550.0,1870.0,0,0,0,1,0,0,0,0.0,0.0,0.0,0.0,0.0,0.0,3766.6666666666665,1614.2857142857142,807.1428571428571,376.6666666666667,4270.998545004268,2063.0882999361256,2825.001180802096,770.7171200172949,0.0,0.0,7
2023-10-12,125.0,0.0,80.0,10,12,0,0,0.0,95.0,0.0,0.0,100.0,280.0,55.0,35.0,0.0,0,0,0,1,0,0,0,310.0,305.0,95.0,55.0,70.0,70.0,205.0,137.14285714285714,107.14285714285714,80.0,129.22387366044055,85.66172444261669,137.3278807825907,99.83942267928214,0.0,0.0,8
2023-10-13,511.4,2852.5,136.0,10,13,1,0,668.0,420.0,96.0,214.0,254.0,344.0,2031.0,687.5,1775.9,0,0,0,0,1,0,0,204.9,168.0,420.0,506.0,640.9,862.0,346.9666666666667,351.6714285714285,520.4785714285714,721.0653333333335,184.955983180552,618.5452051483013,408.6909091917945,620.803590369566,0.0,0.0,0
2023-10-13,548.0,425.0,30.0,10,13,1,0,733.0,351.0,233.5,250.0,935.0,299.0,224.5,2189.0,566.0,0,0,0,0,1,0,0,592.0,727.0,351.0,363.0,177.0,222.0,684.0,429.2142857142857,349.60714285714283,289.26666666666665,248.97922556290663,198.619230817599,499.5789901362661,346.17382610631546,0.0,0.0,1
2023-10-13,476.0,11077.8,552.0,10,13,1,0,0.0,123.5,614.0,1696.0,3845.5,2701.5,8934.25,13049.9,12509.2,0,0,0,0,1,0,0,969.5,467.5,123.5,653.0,645.0,251.0,479.0,317.6428571428572,290.67857142857144,320.53333333333336,346.5989173725295,261.6791907098738,331.7249877717857,312.88978562507054,0.0,0.0,2
2023-10-13,0.0,0.0,0.0,10,13,1,0,0.0,0.0,0.0,0.0,0.0,0.0,0.0,0.0,0.0,0,0,0,0,1,0,0,0.0,0.0,0.0,0.0,0.0,0.0,0.0,0.0,0.0,0.0,0.0,0.0,0.0,0.0,0.0,0.0,3
2023-10-13,9849.0,9166.0,320.0,10,13,1,0,10472.0,13522.0,15043.0,2240.0,935.0,1005.0,1635.0,13103.52,1926.0,0,0,0,0,1,0,0,11403.0,10882.0,13522.0,14700.0,17492.0,15169.0,10919.0,12251.57142857143,13345.714285714286,14241.166666666666,1533.56913300778,1660.178866211774,12052.036438060582,13752.07882029881,0.0,0.0,4
2023-10-13,49.0,320.7,380.0,10,13,1,0,0.0,0.0,0.0,95.0,239.0,126.0,43.0,59.0,681.0,0,0,0,0,1,0,0,368.0,0.0,0.0,0.0,62.0,0.0,122.66666666666669,83.28571428571429,74.0,59.766666666666666,138.13847434816316,121.05447144765598,91.74527694122852,77.84275994944983,0.0,0.0,5
2023-10-13,56.0,0.0,0.0,10,13,1,0,0.0,0.0,0.0,28.0,0.0,66.0,56.0,42.0,83.0,0,0,0,0,1,0,0,0.0,0.0,0.0,165.0,0.0,5.0,0.0,14.571428571428571,33.857142857142854,23.1,26.544661376989644,39.71567049363032,14.119510583128806,27.07009564047902,0.0,0.0,6
2023-10-13,0.0,31900.0,0.0,10,13,1,0,0.0,0.0,0.0,3400.0,0.0,0.0,6500.0,22300.0,5940.0,0,0,0,0,1,0,0,11300.0,0.0,0.0,0.0,0.0,0.0,3766.6666666666665,1614.2857142857142,807.1428571428571,376.6666666666667,4270.998545004268,2063.0882999361256,2118.750885601572,720.9934348548887,0.0,0.0,7
2023-10-13,45.0,0.0,35.0,10,13,1,0,125.0,0.0,0.0,80.0,220.0,140.0,0.0,0.0,175.0,0,0,0,0,1,0,0,0.0,310.0,0.0,140.0,0.0,35.0,145.0,141.42857142857142,112.14285714285714,84.16666666666667,128.08572278342484,84.67059227029378,134.24591058694304,101.46268573223168,0.0,0.0,8
2023-10-14,748.3,2634.0,653.5,10,14,1,0,511.4,238.0,807.6,136.0,247.0,785.0,2852.5,1768.5,2986.0,0,0,0,0,0,1,0,668.0,204.9,238.0,1058.0,2310.46,997.0,461.4333333333334,364.7285714285714,520.8642857142858,734.912,193.6075473243523,608.6403141791859,434.3681818938459,613.7452942166908,0.0,0.0,0
2023-10-14,206.0,508.0,417.0,10,14,1,0,548.0,202.0,233.0,30.0,35.0,511.5,425.0,245.0,298.0,0,0,0,0,0,1,0,733.0,592.0,202.0,120.0,117.0,46.0,624.3333333333334,457.3571428571428,362.82142857142856,299.75,249.79737026333203,203.8063968912484,511.6842426021996,359.19486958332743,0.0,0.0,1
2023-10-14,108.0,9891.4,921.0,10,14,1,0,476.0,461.0,718.5,552.0,893.0,2360.0,11077.8,9974.65,11021.9,0,0,0,0,0,1,0,0.0,969.5,461.0,310.5,452.0,192.0,481.8333333333333,368.0,278.0357142857143,315.93333333333334,339.21956999363505,257.52243736639,367.7937408288393,323.4130252621628,0.0,0.0,2
2023-10-14,0.0,0.0,0.0,10,14,1,0,0.0,0.0,0.0,0.0,0.0,0.0,0.0,0.0,0.0,0,0,0,0,0,1,0,0.0,0.0,0.0,0.0,0.0,0.0,0.0,0.0,0.0,0.0,0.0,0.0,0.0,0.0,0.0,0.0,3
2023-10-14,9863.0,2088.0,8622.6,10,14,1,0,9849.0,13643.0,15851.0,320.0,12347.4,445.0,9166.0,505.0,2816.0,0,0,0,0,0,1,0,10472.0,11403.0,13643.0,14807.0,16899.0,14653.0,10574.666666666666,11726.857142857143,12999.214285714286,14068.033333333333,1650.3580852420343,1835.272778434992,11501.277328545437,13500.26728350534,0.0,0.0,4
2023-10-14,123.0,239.0,572.25,10,14,1,0,49.0,0.0,0.0,380.0,184.0,169.6,320.7,296.0,0.0,0,0,0,0,0,1,0,0.0,368.0,0.0,453.0,225.0,322.0,139.0,90.28571428571428,77.5,61.4,134.40574675922454,120.54977509668844,81.05895770592139,75.98193672690468,0.0,0.0,5
2023-10-14,41.0,0.0,25.0,10,14,1,0,56.0,67.0,18.0,0.0,44.0,32.0,0.0,54.0,6.0,0,0,0,0,0,1,0,0.0,0.0,67.0,0.0,88.0,0.0,18.666666666666668,22.571428571428573,26.071428571428573,24.966666666666665,29.675226159526485,39.90806964748487,24.589632937346604,28.936541083028764,0.0,0.0,6
2023-10-14,0.0,15820.0,0.0,10,14,1,0,0.0,0.0,0.0,0.0,0.0,0.0,31900.0,64100.0,14830.0,0,0,0,0,0,1,0,0.0,11300.0,0.0,0.0,0.0,0.0,3766.6666666666665,1614.2857142857142,807.1428571428571,376.6666666666667,4270.998545004268,2063.0882999361256,1589.063164201179,674.4777293803799,0.0,0.0,7
2023-10-14,20.0,0.0,120.0,10,14,1,0,45.0,90.0,70.0,35.0,245.0,280.0,0.0,115.0,55.0,0,0,0,0,0,1,0,125.0,0.0,90.0,55.0,0.0,145.0,56.66666666666666,147.85714285714286,105.35714285714286,85.66666666666667,120.7220341272027,83.51887390794137,111.93443294020727,97.8199318140232,0.0,0.0,8
2023-10-15,1317.3,3306.0,902.5,10,15,0,0,748.3,505.0,862.0,653.5,337.0,936.0,2634.0,1441.8,1240.0,0,0,0,0,0,0,1,511.4,668.0,505.0,2143.0,1256.0,633.5,642.5666666666666,437.6285714285714,498.74285714285713,732.9353333333332,230.49560165207367,608.4923824685885,512.8511364203844,622.4262429769043,0.0,0.0,0
2023-10-15,207.0,1336.0,579.0,10,15,0,0,206.0,226.5,222.0,417.0,30.0,638.0,508.0,212.0,366.0,0,0,0,0,0,0,1,548.0,733.0,226.5,61.0,245.0,101.0,495.6666666666667,457.9285714285714,368.9642857142857,298.85,249.1195209418277,204.1706161944988,435.2631819516497,349.31132961020955,0.0,0.0,1
2023-10-15,0.0,8355.9,1249.5,10,15,0,0,108.0,0.0,251.0,921.0,708.0,2989.5,9891.4,14257.15,11164.65,0,0,0,0,0,0,1,476.0,0.0,0.0,49.0,229.5,0.0,194.66666666666663,317.57142857142856,263.57142857142856,295.5833333333333,349.18219081298,248.5800392620856,302.84530562162945,309.51541072912,0.0,0.0,2
2023-10-15,0.0,0.0,0.0,10,15,0,0,0.0,0.0,0.0,0.0,0.0,0.0,0.0,0.0,0.0,0,0,0,0,0,0,1,0.0,0.0,0.0,0.0,0.0,0.0,0.0,0.0,0.0,0.0,0.0,0.0,0.0,0.0,0.0,0.0,3
2023-10-15,12563.0,1465.0,1266.0,10,15,0,0,9863.0,11522.0,15169.0,8622.6,285.0,1310.0,2088.0,11425.0,11939.96,0,0,0,0,0,0,1,9849.0,10472.0,11522.0,13996.0,15163.0,13620.0,10061.333333333334,11186.857142857143,12646.07142857143,13868.433333333332,1533.1476802721093,1956.304480274062,11091.707996409075,13265.6048781179,0.0,0.0,4
2023-10-15,70.0,50.0,40.0,10,15,0,0,123.0,155.0,0.0,572.25,145.0,319.0,239.0,340.0,566.0,0,0,0,0,0,0,1,49.0,0.0,155.0,0.0,0.0,30.0,57.333333333333336,107.85714285714286,53.92857142857143,65.5,128.5475639227606,120.48114747358534,91.54421827944104,79.01536016387857,0.0,0.0,5
2023-10-15,0.0,54.0,0.0,10,15,0,0,41.0,0.0,5.0,25.0,29.0,0.0,0.0,5.0,41.0,0,0,0,0,0,0,1,56.0,0.0,0.0,0.0,25.0,0.0,32.333333333333336,18.857142857142858,29.0,25.73333333333333,24.333985640310853,39.99045863214365,28.692224703009952,29.714828755091425,0.0,0.0,6
2023-10-15,1140.0,0.0,22250.0,10,15,0,0,0.0,0.0,0.0,0.0,0.0,0.0,15820.0,17650.0,14660.0,0,0,0,0,0,0,1,0.0,0.0,0.0,0.0,0.0,0.0,0.0,1614.2857142857142,807.1428571428571,376.6666666666667,4270.998545004268,2063.0882999361256,1191.797373150884,630.9630371622909,0.0,0.0,7
2023-10-15,155.0,55.0,0.0,10,15,0,0,20.0,160.0,35.0,120.0,365.0,210.0,0.0,70.0,0.0,0,0,0,0,0,0,1,45.0,125.0,160.0,110.0,125.0,0.0,63.333333333333336,137.85714285714286,102.85714285714286,84.0,128.93335303097294,84.33717223555512,88.95082470515545,92.79929105182816,0.0,0.0,8
2023-10-16,365.3,4197.0,626.4,10,16,0,0,1317.3,257.8,997.0,902.5,651.0,534.0,3306.0,1926.0,2307.0,1,0,0,0,0,0,0,748.3,511.4,257.8,125.0,1923.4,1110.0,859.0,553.6714285714286,439.7642857142857,748.112,406.9788352985344,617.4346494884828,713.9633523152883,667.2568079461363,0.0,0.0,0
2023-10-16,292.0,147.5,641.0,10,16,0,0,207.0,173.0,46.0,579.0,433.0,1085.0,1336.0,220.0,159.0,1,0,0,0,0,0,0,206.0,548.0,173.0,120.0,355.0,395.0,320.3333333333333,455.1428571428572,379.3928571428572,298.35,252.22835458596413,204.38356224814493,378.1973864637373,340.1299535063251,0.0,0.0,1
2023-10-16,385.5,10505.25,1451.0,10,16,0,0,0.0,202.0,192.0,1249.5,1627.0,2087.5,8355.9,13736.6,11898.8,1,0,0,0,0,0,0,108.0,476.0,202.0,96.0,0.0,98.0,194.66666666666663,317.57142857142856,260.07142857142856,287.21666666666664,349.18219081298,254.29082194691296,227.1339792162221,289.5466745530477,0.0,0.0,2
2023-10-16,0.0,0.0,0.0,10,16,0,0,0.0,0.0,0.0,0.0,0.0,0.0,0.0,0.0,0.0,1,0,0,0,0,0,0,0.0,0.0,0.0,0.0,0.0,0.0,0.0,0.0,0.0,0.0,0.0,0.0,0.0,0.0,0.0,0.0,3
2023-10-16,12114.0,1185.0,2565.0,10,16,0,0,12563.0,14317.0,14653.0,1266.0,1140.0,17443.4,1465.0,2426.0,2075.0,1,0,0,0,0,0,0,9863.0,9849.0,14317.0,13681.0,14285.0,15299.0,10758.333333333334,11335.57142857143,12543.714285714286,13781.566666666668,1619.1503797920975,1954.420254163674,11459.530997306809,13220.275531142552,0.0,0.0,4
2023-10-16,72.0,201.0,0.0,10,16,0,0,70.0,60.0,322.0,40.0,386.0,0.0,50.0,40.0,860.0,1,0,0,0,0,0,0,123.0,49.0,60.0,0.0,49.0,30.0,80.66666666666667,95.71428571428572,58.92857142857143,67.83333333333333,127.36131579841972,119.84503883487804,86.15816370958078,78.4337240242735,0.0,0.0,5
2023-10-16,0.0,0.0,6.0,10,16,0,0,0.0,35.0,0.0,0.0,32.0,32.0,54.0,98.0,0.0,1,0,0,0,0,0,0,41.0,56.0,35.0,83.0,0.0,0.0,32.333333333333336,18.857142857142858,29.0,25.566666666666663,24.333985640310853,40.09014268158548,21.519168527257463,27.797743028956496,0.0,0.0,6
2023-10-16,1000.0,0.0,6500.0,10,16,0,0,1140.0,0.0,0.0,22250.0,6500.0,0.0,0.0,0.0,29495.0,1,0,0,0,0,0,0,0.0,0.0,0.0,0.0,0.0,0.0,380.0,1777.142857142857,888.5714285714286,414.6666666666667,4220.622838261806,2066.407399384227,1178.848029863163,663.8041315389173,0.0,0.0,7
2023-10-16,35.0,0.0,265.0,10,16,0,0,155.0,305.0,145.0,0.0,275.0,70.0,55.0,35.0,35.0,1,0,0,0,0,0,0,20.0,45.0,305.0,180.0,140.0,145.0,73.33333333333333,137.14285714285714,106.07142857142856,88.0,128.80402241574666,84.77759951372991,105.4631185288666,96.81224001622635,0.0,0.0,8
2023-10-17,328.0,3593.5,461.0,10,17,0,0,365.3,168.0,633.5,626.4,546.0,524.0,4197.0,2178.0,1788.0,0,1,0,0,0,0,0,1317.3,748.3,168.0,263.0,132.0,345.0,810.3000000000002,569.0285714285714,456.9285714285714,727.0553333333334,395.8290107032138,619.422398906535,626.7975142364662,647.7757235625147,0.0,0.0,0
2023-10-17,558.0,244.0,441.0,10,17,0,0,292.0,727.0,101.0,641.0,157.0,301.0,147.5,442.0,156.0,0,1,0,0,0,0,0,207.0,206.0,727.0,307.0,210.0,417.0,235.0,472.1428571428572,391.6785714285714,306.55,233.34625814543543,198.7676840972377,356.648039847803,337.02479521559445,0.0,0.0,1
2023-10-17,835.0,12375.4,1133.5,10,17,0,0,385.5,467.5,0.0,1451.0,1190.5,1171.0,10505.25,13446.5,10818.7,0,1,0,0,0,0,0,0.0,108.0,467.5,411.0,36.0,375.5,164.5,343.7857142857143,280.75,293.6666666666667,345.93265928776475,254.24642991876323,266.72548441216657,295.7372116786576,0.0,0.0,2
2023-10-17,0.0,0.0,0.0,10,17,0,0,0.0,0.0,0.0,0.0,0.0,0.0,0.0,0.0,0.0,0,1,0,0,0,0,0,0.0,0.0,0.0,0.0,0.0,0.0,0.0,0.0,0.0,0.0,0.0,0.0,0.0,0.0,0.0,0.0,3
2023-10-17,12851.0,1032.0,1622.5,10,17,0,0,12114.0,10882.0,13620.0,2565.0,1550.0,1078.0,1185.0,1725.0,2157.0,0,1,0,0,0,0,0,12563.0,9863.0,10882.0,14439.0,14295.0,13362.0,11513.333333333334,11020.857142857143,12431.785714285714,13696.933333333332,1060.9435153942372,1970.2922579174244,11623.148247980103,13148.90291623013,0.0,0.0,4
2023-10-17,0.0,86.0,100.0,10,17,0,0,72.0,0.0,30.0,0.0,140.0,0.0,201.0,181.0,487.0,0,1,0,0,0,0,0,70.0,123.0,0.0,0.0,39.0,0.0,88.33333333333333,97.42857142857144,64.07142857142857,59.5,126.88033357309192,109.83616325519016,82.61862278218558,78.01864505496553,0.0,0.0,5
2023-10-17,201.0,19.0,0.0,10,17,0,0,0.0,0.0,0.0,6.0,0.0,0.0,0.0,36.0,31.0,0,1,0,0,0,0,0,0.0,41.0,0.0,0.0,6.0,0.0,13.666666666666666,13.857142857142858,23.071428571428573,25.566666666666663,24.058460545295123,40.09014268158548,16.139376395443097,26.00434025289479,0.0,0.0,6
2023-10-17,500.0,8750.0,0.0,10,17,0,0,1000.0,0.0,0.0,6500.0,5760.0,0.0,0.0,9000.0,27920.0,0,1,0,0,0,0,0,1140.0,0.0,0.0,0.0,0.0,0.0,713.3333333333334,1920.0,960.0,448.0,4167.0293175514535,2067.55294307396,1134.1360223973722,685.4941875686646,0.0,0.0,7
2023-10-17,0.0,0.0,160.0,10,17,0,0,35.0,310.0,0.0,265.0,365.0,70.0,0.0,0.0,175.0,0,1,0,0,0,0,0,155.0,20.0,310.0,0.0,0.0,90.0,70.0,98.57142857142856,95.71428571428572,84.33333333333333,109.07620752308463,84.60591539331197,87.84733889664994,92.8243535635666,0.0,0.0,8
2023-10-18,809.0,3508.0,1001.0,10,18,0,0,328.0,204.9,1110.0,461.0,450.0,1120.0,3593.5,1070.2,2805.9,0,0,1,0,0,0,0,365.3,1317.3,204.9,258.0,260.0,1576.0,670.2,591.8857142857142,461.57142857142856,716.872,372.7593836447815,623.5112113606409,552.0981356773497,627.1450317197719,0.0,0.0,0
2023-10-18,165.0,313.0,57.0,10,18,0,0,558.0,592.0,395.0,441.0,365.0,305.0,244.0,349.0,640.0,0,0,1,0,0,0,0,292.0,207.0,592.0,759.0,377.0,313.0,352.3333333333333,448.0,409.6071428571428,321.78333333333336,210.17532363878175,199.979640486714,406.98602988585225,351.28126004039484,0.0,0.0,1
2023-10-18,334.0,9668.79,2288.5,10,18,0,0,835.0,969.5,98.0,1133.5,2784.0,1414.5,12375.4,11785.1,6783.0,0,0,1,0,0,0,0,385.5,0.0,969.5,276.5,238.0,685.5,406.8333333333333,396.2857142857143,311.0357142857143,321.5,392.57885164881816,266.40369936335827,408.7941133091249,330.52835931229265,0.0,0.0,2
2023-10-18,0.0,0.0,0.0,10,18,0,0,0.0,0.0,0.0,0.0,0.0,0.0,0.0,0.0,0.0,0,0,1,0,0,0,0,0.0,0.0,0.0,0.0,0.0,0.0,0.0,0.0,0.0,0.0,0.0,0.0,0.0,0.0,0.0,0.0,3
2023-10-18,14142.0,4283.0,520.0,10,18,0,0,12851.0,11403.0,15299.0,1622.5,623.0,170.0,1032.0,995.0,2938.0,0,0,1,0,0,0,0,12114.0,12563.0,11403.0,14986.0,13306.0,14290.0,12509.333333333334,11302.142857142857,12318.357142857143,13671.3,1260.28415163291,1976.3207569832653,11930.11118598508,13129.683373247542,0.0,0.0,4
2023-10-18,0.0,922.0,0.0,10,18,0,0,0.0,368.0,30.0,100.0,0.0,0.0,86.0,351.0,582.5,0,0,1,0,0,0,0,72.0,70.0,368.0,0.0,0.0,0.0,47.333333333333336,97.42857142857144,64.07142857142857,58.5,126.88033357309192,110.24979474529376,61.96396708663919,72.98518408367744,0.0,0.0,5
2023-10-18,271.0,41.0,123.0,10,18,0,0,201.0,0.0,0.0,0.0,0.0,6.0,19.0,6.0,29.0,0,0,1,0,0,0,0,0.0,0.0,0.0,28.0,0.0,18.0,67.0,42.57142857142857,37.42857142857143,32.266666666666666,73.63390782073417,50.98541599004717,62.35453229658232,37.29438281722416,0.0,0.0,6
2023-10-18,0.0,13570.0,0.0,10,18,0,0,500.0,11300.0,0.0,0.0,3600.0,0.0,8750.0,10425.0,14050.0,0,0,1,0,0,0,0,1000.0,1140.0,11300.0,0.0,0.0,0.0,880.0,1991.4285714285716,995.7142857142856,464.6666666666667,4132.777228335398,2065.831607340021,975.6020167980292,673.5268206287508,0.0,0.0,7
2023-10-18,335.0,0.0,20.0,10,18,0,0,0.0,0.0,145.0,160.0,0.0,90.0,0.0,55.0,20.0,0,0,1,0,0,0,0,35.0,155.0,0.0,0.0,80.0,0.0,63.333333333333336,54.285714285714285,95.71428571428572,84.33333333333333,61.47008563985751,84.60591539331197,65.88550417248746,86.8356855917236,0.0,0.0,8
2023-10-19,734.0,4063.0,467.0,10,19,0,0,809.0,668.0,345.0,1001.0,214.0,975.9,3508.0,2031.0,1570.0,0,0,0,1,0,0,0,328.0,365.3,668.0,472.0,1227.4,168.0,500.7666666666667,678.1857142857143,500.9285714285714,706.8386666666667,336.38871081221527,619.3750632623697,616.3236017580123,638.8776103184963,0.0,0.0,0
2023-10-19,685.0,521.0,281.0,10,19,0,0,165.0,733.0,417.0,57.0,250.0,555.5,313.0,224.5,435.0,0,0,0,1,0,0,0,558.0,292.0,733.0,160.0,0.0,342.0,338.3333333333333,387.0,367.1785714285714,314.1166666666667,222.9902837943093,201.47908607703368,346.4895224143892,339.2631142313371,0.0,0.0,1
2023-10-19,96.0,7131.5,1954.0,10,19,0,0,334.0,0.0,375.5,2288.5,1696.0,1644.5,9668.79,8934.25,14386.35,0,0,0,1,0,0,0,835.0,385.5,0.0,50.0,541.5,470.0,518.1666666666666,305.5,315.1428571428572,329.3666666666667,300.64361515477646,263.0395582329816,390.0955849818437,330.7523361308545,0.0,0.0,2
2023-10-19,0.0,0.0,0.0,10,19,0,0,0.0,0.0,0.0,0.0,0.0,0.0,0.0,0.0,0.0,0,0,0,1,0,0,0,0.0,0.0,0.0,0.0,0.0,0.0,0.0,0.0,0.0,0.0,0.0,0.0,0.0,0.0,0.0,0.0,3
2023-10-19,13366.0,2015.0,2040.0,10,19,0,0,14142.0,10472.0,13362.0,520.0,2240.0,1908.0,4283.0,1635.0,3107.0,0,0,0,1,0,0,0,12851.0,12114.0,10472.0,14470.0,14164.0,17504.0,13035.666666666666,11693.42857142857,12258.07142857143,13632.733333333334,1658.9545761455402,1954.631968768925,12483.08338948881,13194.994123360604,0.0,0.0,4
2023-10-19,0.0,1000.0,70.0,10,19,0,0,0.0,0.0,0.0,0.0,95.0,75.0,922.0,43.0,386.0,0,0,0,1,0,0,0,0.0,72.0,0.0,0.0,0.0,0.0,24.0,44.85714285714285,64.07142857142857,57.5,47.48483467181463,110.65253164126337,46.472975314979394,68.2764625298918,0.0,0.0,5
2023-10-19,0.0,17.0,0.0,10,19,0,0,271.0,0.0,0.0,123.0,28.0,0.0,41.0,56.0,16.0,0,0,0,1,0,0,0,201.0,0.0,0.0,96.0,53.0,6.0,157.33333333333334,81.28571428571429,54.785714285714285,41.3,109.85401568401927,66.66703160819651,114.51589922243674,52.37216457095164,0.0,0.0,6
2023-10-19,0.0,21000.0,0.0,10,19,0,0,0.0,0.0,0.0,0.0,3400.0,0.0,13570.0,6500.0,21550.0,0,0,0,1,0,0,0,500.0,1000.0,0.0,0.0,0.0,0.0,500.0,377.1428571428572,995.7142857142856,464.6666666666667,508.9110690390498,2065.831607340021,731.7015125985218,630.0734773623798,0.0,0.0,7
2023-10-19,90.0,0.0,195.0,10,19,0,0,335.0,125.0,90.0,20.0,80.0,45.0,0.0,0.0,140.0,0,0,0,1,0,0,0,0.0,35.0,125.0,95.0,55.0,70.0,123.33333333333331,102.14285714285714,119.64285714285714,90.66666666666669,117.255317678174,95.68927202988446,133.1641281293656,102.84628652128984,0.0,0.0,8
2023-10-20,411.0,1510.0,951.0,10,20,1,0,734.0,511.4,1576.0,467.0,136.0,567.5,4063.0,2852.5,2781.9,0,0,0,0,1,0,0,809.0,328.0,511.4,420.0,506.0,640.9,623.6666666666667,687.6142857142858,519.6428571428571,719.8053333333334,336.9800658227489,615.5990938115563,645.7427013185093,645.014538685045,0.0,0.0,0
2023-10-20,90.0,531.0,240.0,10,20,1,0,685.0,548.0,313.0,281.0,30.0,466.0,521.0,425.0,538.0,0,0,0,0,1,0,0,165.0,558.0,548.0,351.0,363.0,177.0,469.3333333333333,380.1428571428572,404.6785714285714,323.05,210.99243949442703,211.87147820285304,431.1171418107919,361.56871976479925,0.0,0.0,1
2023-10-20,835.0,10896.5,1287.5,10,20,1,0,96.0,476.0,685.5,1954.0,552.0,2007.5,7131.5,11077.8,16388.1,0,0,0,0,1,0,0,334.0,835.0,476.0,123.5,653.0,645.0,421.6666666666667,319.2142857142857,318.42857142857144,320.05,286.2291997017508,266.27909748724267,316.5716887363827,315.60702412241227,0.0,0.0,2
2023-10-20,0.0,0.0,0.0,10,20,1,0,0.0,0.0,0.0,0.0,0.0,0.0,0.0,0.0,0.0,0,0,0,0,1,0,0,0.0,0.0,0.0,0.0,0.0,0.0,0.0,0.0,0.0,0.0,0.0,0.0,0.0,0.0,0.0,0.0,3
2023-10-20,15533.0,12606.82,636.0,10,20,1,0,13366.0,9849.0,14290.0,2040.0,320.0,520.0,2015.0,9166.0,3107.0,0,0,0,0,1,0,0,14142.0,12851.0,9849.0,13522.0,14700.0,17492.0,13453.0,12106.857142857143,12179.214285714286,13632.866666666669,1664.4281729342026,1954.61300047077,12703.812542116608,13206.026760563149,0.0,0.0,4
2023-10-20,52.0,172.0,852.0,10,20,1,0,0.0,49.0,0.0,70.0,380.0,1010.0,1000.0,320.7,112.0,0,0,0,0,1,0,0,0.0,0.0,49.0,0.0,0.0,62.0,0.0,44.85714285714285,64.07142857142857,57.5,47.48483467181463,110.65253164126337,34.85473148623454,63.871529463447175,0.0,0.0,5
2023-10-20,16.0,0.0,30.0,10,20,1,0,0.0,56.0,18.0,0.0,0.0,6.0,17.0,0.0,32.0,0,0,0,0,1,0,0,271.0,201.0,56.0,0.0,165.0,0.0,157.33333333333334,81.28571428571429,47.92857142857143,41.3,109.85401568401927,66.66703160819651,85.88692441682755,48.99331524379348,0.0,0.0,6
2023-10-20,0.0,13950.0,0.0,10,20,1,0,0.0,0.0,0.0,0.0,0.0,0.0,21000.0,31900.0,13050.0,0,0,0,0,1,0,0,0.0,500.0,0.0,0.0,0.0,0.0,166.66666666666666,377.1428571428572,995.7142857142856,464.6666666666667,508.9110690390498,2065.831607340021,548.7761344488914,589.423575597065,0.0,0.0,7
2023-10-20,415.0,70.0,55.0,10,20,1,0,90.0,45.0,0.0,195.0,35.0,0.0,0.0,0.0,75.0,0,0,0,0,1,0,0,335.0,0.0,45.0,0.0,140.0,0.0,141.66666666666666,97.14285714285714,119.28571428571428,90.66666666666669,116.86377906410026,95.68927202988446,122.3730960970242,102.01749384249696,0.0,0.0,8
2023-10-21,1157.0,2285.0,748.0,10,21,1,0,411.0,748.3,168.0,951.0,653.5,843.0,1510.0,2634.0,3112.6,0,0,0,0,0,1,0,734.0,809.0,748.3,238.0,1058.0,2310.46,651.3333333333334,673.2714285714285,519.0,680.972,347.69655215568616,596.164628908307,587.057025988882,629.9168265118162,0.0,0.0,0
2023-10-21,289.0,127.0,191.0,10,21,1,0,90.0,206.0,342.0,240.0,417.0,619.5,531.0,508.0,777.0,0,0,0,0,0,1,0,685.0,165.0,206.0,202.0,120.0,117.0,313.3333333333333,314.7142857142857,386.0357142857143,315.6166666666667,221.03824275881456,216.1058043601811,345.83785635809386,344.0481571993284,0.0,0.0,1
2023-10-21,0.0,14267.45,894.5,10,21,1,0,835.0,108.0,470.0,1287.5,921.0,1200.0,10896.5,9891.4,14299.0,0,0,0,0,0,1,0,96.0,334.0,108.0,461.0,310.5,452.0,421.6666666666667,370.5,369.25,325.03333333333336,345.1097651472644,274.6224346429024,446.178766552287,349.11624837257926,0.0,0.0,2
2023-10-21,0.0,0.0,0.0,10,21,1,0,0.0,0.0,0.0,0.0,0.0,0.0,0.0,0.0,0.0,0,0,0,0,0,1,0,0.0,0.0,0.0,0.0,0.0,0.0,0.0,0.0,0.0,0.0,0.0,0.0,0.0,0.0,0.0,0.0,3
2023-10-21,15133.0,7760.2,10441.8,10,21,1,0,15533.0,9863.0,17504.0,636.0,8622.6,465.0,12606.82,2088.0,2150.0,0,0,0,0,0,1,0,13366.0,14142.0,9863.0,13643.0,14807.0,16899.0,14347.0,12918.857142857143,12322.857142857143,13674.3,1762.9073929706085,1982.0055003577625,13411.109406587457,13356.154066333267,0.0,0.0,4
2023-10-21,0.0,197.0,476.0,10,21,1,0,52.0,123.0,0.0,852.0,572.25,79.5,172.0,239.0,209.0,0,0,0,0,0,1,0,0.0,0.0,123.0,0.0,453.0,225.0,17.333333333333332,45.285714285714285,67.78571428571429,59.23333333333333,47.541961415555214,110.12678691127964,39.14104861467591,63.10562433677316,0.0,0.0,5
2023-10-21,48.0,45.0,76.0,10,21,1,0,16.0,41.0,6.0,30.0,25.0,0.0,0.0,0.0,6.0,0,0,0,0,0,1,0,0.0,271.0,41.0,67.0,0.0,88.0,95.66666666666669,75.57142857142857,49.07142857142857,41.23333333333333,112.3993729858803,66.69213019453686,68.41519331262066,46.86471426032293,0.0,0.0,6
2023-10-21,0.0,13000.0,0.0,10,21,1,0,0.0,0.0,0.0,0.0,0.0,0.0,13950.0,15820.0,17500.0,0,0,0,0,0,1,0,0.0,0.0,0.0,0.0,0.0,0.0,0.0,377.1428571428572,995.7142857142856,464.6666666666667,508.9110690390498,2065.831607340021,411.5821008366686,551.3962481391899,0.0,0.0,7
2023-10-21,0.0,145.0,35.0,10,21,1,0,415.0,20.0,70.0,55.0,120.0,285.0,70.0,0.0,0.0,0,0,0,0,0,1,0,90.0,335.0,20.0,90.0,55.0,0.0,280.0,150.0,148.92857142857142,104.5,163.65614358566958,110.9158581367287,195.52982207276813,122.20991359459391,0.0,0.0,8
2023-10-22,405.0,1755.0,280.0,10,22,0,0,1157.0,1317.3,640.9,748.0,902.5,671.0,2285.0,3306.0,1398.5,0,0,0,0,0,0,1,411.0,734.0,1317.3,505.0,2143.0,1256.0,767.3333333333334,731.6571428571427,584.6428571428571,713.9386666666667,393.67058080389455,594.161653051408,729.5427694916615,663.922192543312,0.0,0.0,0
2023-10-22,45.0,288.0,126.0,10,22,0,0,289.0,207.0,177.0,191.0,579.0,374.0,127.0,1336.0,229.0,0,0,0,0,0,0,1,90.0,685.0,207.0,226.5,61.0,245.0,354.6666666666667,326.57142857142856,392.25,313.85,216.41230490497895,216.0993206359296,331.6283922685704,340.4966631864685,0.0,0.0,1
2023-10-22,40.0,7776.05,1017.0,10,22,0,0,0.0,0.0,645.0,894.5,1249.5,1640.0,14267.45,8355.9,16751.3,0,0,0,0,0,0,1,835.0,96.0,0.0,0.0,49.0,229.5,310.3333333333333,355.07142857142856,336.32142857142856,309.3666666666667,360.8559764148097,279.43137870020723,334.63407491421526,326.59261944531613,0.0,0.0,2
2023-10-22,0.0,0.0,0.0,10,22,0,0,0.0,0.0,0.0,0.0,0.0,0.0,0.0,0.0,0.0,0,0,0,0,0,0,1,0.0,0.0,0.0,0.0,0.0,0.0,0.0,0.0,0.0,0.0,0.0,0.0,0.0,0.0,0.0,0.0,3
2023-10-22,14639.5,2335.0,1066.0,10,22,0,0,15133.0,12563.0,17492.0,10441.8,1266.0,894.0,7760.2,1465.0,9465.48,0,0,0,0,0,0,1,15533.0,13366.0,12563.0,11522.0,13996.0,15163.0,14677.333333333334,13671.714285714286,12429.285714285714,13595.266666666666,1306.628194282978,1868.0235163057816,13841.582054940593,13470.789287860154,0.0,0.0,4
2023-10-22,0.0,98.0,120.0,10,22,0,0,0.0,70.0,62.0,476.0,40.0,166.0,197.0,50.0,278.0,0,0,0,0,0,0,1,52.0,0.0,70.0,155.0,0.0,0.0,17.333333333333332,27.714285714285715,67.78571428571429,59.23333333333333,35.14595418022032,110.12678691127964,29.35578646100693,59.03429373440071,0.0,0.0,5
2023-10-22,0.0,65.0,0.0,10,22,0,0,48.0,0.0,0.0,76.0,0.0,23.0,45.0,54.0,56.0,0,0,0,0,0,0,1,16.0,0.0,0.0,0.0,0.0,25.0,21.33333333333333,76.57142857142857,47.71428571428572,42.63333333333333,112.07119335918742,66.36704797918362,63.31139498446549,46.93795850159241,0.0,0.0,6
2023-10-22,0.0,26350.0,0.0,10,22,0,0,0.0,1140.0,0.0,0.0,22250.0,0.0,13000.0,0.0,2500.0,0,0,0,0,0,0,1,0.0,0.0,1140.0,0.0,0.0,0.0,0.0,377.1428571428572,995.7142857142856,464.6666666666667,508.9110690390498,2065.831607340021,308.68657562750144,515.8222966463389,0.0,0.0,7
2023-10-22,110.0,105.0,0.0,10,22,0,0,0.0,155.0,0.0,35.0,0.0,205.0,145.0,55.0,35.0,0,0,0,0,0,0,1,415.0,90.0,155.0,160.0,110.0,125.0,168.33333333333334,147.14285714285714,142.5,102.16666666666669,166.4546270223295,112.39311653156608,146.64736655457608,114.325403040104,0.0,0.0,8
2023-10-23,255.0,1876.0,730.0,10,23,0,0,405.0,365.3,2310.46,280.0,626.4,1665.0,1755.0,4197.0,890.9,1,0,0,0,0,0,0,1157.0,411.0,365.3,257.8,125.0,1923.4,657.6666666666667,601.3285714285714,577.5,706.0753333333334,309.4855231632303,596.7170969894698,648.4070771187461,647.2175349598725,0.0,0.0,0
2023-10-23,519.5,431.0,629.0,10,23,0,0,45.0,292.0,117.0,126.0,641.0,200.0,288.0,147.5,191.0,1,0,0,0,0,0,0,289.0,90.0,292.0,173.0,120.0,355.0,141.33333333333334,303.42857142857144,379.2857142857143,309.45,238.8310819685863,220.2850954464737,259.9712942014278,321.43236233572856,0.0,0.0,1
2023-10-23,155.0,9002.9,1108.0,10,23,0,0,40.0,385.5,452.0,1017.0,1451.0,366.0,7776.05,10505.25,12341.95,1,0,0,0,0,0,0,0.0,835.0,385.5,202.0,96.0,0.0,291.6666666666667,360.7857142857143,339.17857142857144,289.2,354.5579239398993,276.18601927211864,260.97555618566145,308.1027730294893,0.0,0.0,2
2023-10-23,0.0,0.0,0.0,10,23,0,0,0.0,0.0,0.0,0.0,0.0,0.0,0.0,0.0,0.0,1,0,0,0,0,0,0,0.0,0.0,0.0,0.0,0.0,0.0,0.0,0.0,0.0,0.0,0.0,0.0,0.0,0.0,0.0,0.0,3
2023-10-23,13177.0,1932.0,2412.0,10,23,0,0,14639.5,12114.0,16899.0,1066.0,2565.0,11371.8,2335.0,1185.0,951.0,1,0,0,0,0,0,0,15133.0,15533.0,12114.0,14317.0,13681.0,14285.0,15101.833333333334,13968.357142857143,12651.964285714286,13500.183333333332,1247.3335798910289,1730.3628405792897,14041.061541205445,13546.189978965953,0.0,0.0,4
2023-10-23,0.0,698.0,26.0,10,23,0,0,0.0,72.0,225.0,120.0,0.0,117.0,98.0,201.0,651.5,1,0,0,0,0,0,0,0.0,52.0,72.0,60.0,0.0,49.0,17.333333333333332,17.714285714285715,56.71428571428572,57.16666666666666,30.798886807342285,110.65357040637348,22.0168398457552,55.22562962250389,0.0,0.0,5
2023-10-23,0.0,58.0,66.0,10,23,0,0,0.0,0.0,88.0,0.0,6.0,0.0,65.0,0.0,59.0,1,0,0,0,0,0,0,48.0,16.0,0.0,35.0,83.0,0.0,21.33333333333333,76.57142857142857,47.71428571428572,42.63333333333333,112.07119335918742,66.36704797918362,47.48354623834912,43.9097031143929,0.0,0.0,6
2023-10-23,0.0,19130.0,0.0,10,23,0,0,0.0,1000.0,0.0,0.0,6500.0,17295.0,26350.0,0.0,0.0,1,0,0,0,0,0,0,0.0,0.0,1000.0,0.0,0.0,0.0,0.0,214.28571428571428,995.7142857142856,464.6666666666667,393.3978962347112,2065.831607340021,231.51493172062607,482.5434387981881,0.0,0.0,7
2023-10-23,105.0,0.0,0.0,10,23,0,0,110.0,35.0,0.0,0.0,265.0,210.0,105.0,0.0,0.0,1,0,0,0,0,0,0,0.0,415.0,35.0,305.0,180.0,140.0,175.0,140.71428571428572,138.92857142857142,105.83333333333331,166.9687738128642,110.72709020717176,137.48552491593205,114.04634477945214,0.0,0.0,8
2023-10-24,592.0,1598.0,125.0,10,24,0,0,255.0,328.0,1256.0,730.0,461.0,153.0,1876.0,3593.5,1484.0,0,1,0,0,0,0,0,405.0,1157.0,328.0,168.0,263.0,132.0,605.6666666666667,585.5714285714286,577.3,637.56,325.87925020517184,519.1058556588534,550.0553078390595,621.9131778656873,0.0,0.0,0
2023-10-24,425.0,649.0,352.0,10,24,0,0,519.5,558.0,245.0,629.0,441.0,542.25,431.0,244.0,26.0,0,1,0,0,0,0,0,45.0,289.0,558.0,727.0,307.0,210.0,284.5,335.92857142857144,404.0357142857143,322.8666666666667,252.1257008867183,220.41684386060703,324.85347065107084,334.2109196043912,0.0,0.0,1
2023-10-24,551.0,12357.65,1350.0,10,24,0,0,155.0,835.0,229.5,1108.0,1133.5,1488.0,9002.9,12375.4,11059.05,0,1,0,0,0,0,0,40.0,0.0,835.0,467.5,411.0,36.0,65.0,327.85714285714283,335.82142857142856,279.3,362.4947947081119,275.47127642992257,234.4816671392461,298.22517476952225,0.0,0.0,2
2023-10-24,0.0,0.0,0.0,10,24,0,0,0.0,0.0,0.0,0.0,0.0,0.0,0.0,0.0,0.0,0,1,0,0,0,0,0,0.0,0.0,0.0,0.0,0.0,0.0,0.0,0.0,0.0,0.0,0.0,0.0,0.0,0.0,0.0,0.0,3
2023-10-24,14091.0,4314.0,1023.0,10,24,0,0,13177.0,12851.0,15163.0,2412.0,1622.5,1985.0,1932.0,1032.0,940.0,0,1,0,0,0,0,0,14639.5,15133.0,12851.0,10882.0,14439.0,14295.0,14316.5,14120.214285714286,12570.535714285714,13376.116666666669,1029.662398440317,1607.32405420626,13825.046155904083,13522.37127064557,0.0,0.0,4
2023-10-24,210.0,0.0,256.0,10,24,0,0,0.0,0.0,0.0,26.0,100.0,1044.0,698.0,86.0,635.0,0,1,0,0,0,0,0,0.0,0.0,0.0,0.0,0.0,39.0,0.0,7.428571428571429,52.42857142857143,49.66666666666666,19.654152596481275,106.43026965506886,16.5126298843164,51.662685775890736,0.0,0.0,5
2023-10-24,82.0,0.0,0.0,10,24,0,0,0.0,201.0,25.0,66.0,0.0,0.0,58.0,19.0,0.0,0,1,0,0,0,0,0,0.0,48.0,201.0,0.0,0.0,6.0,16.0,76.57142857142857,45.21428571428572,39.7,112.07119335918742,66.23737355279427,35.612659678761844,41.07681904249659,0.0,0.0,6
2023-10-24,3200.0,0.0,26860.0,10,24,0,0,0.0,500.0,0.0,0.0,0.0,0.0,19130.0,8750.0,22885.0,0,1,0,0,0,0,0,0.0,0.0,500.0,0.0,0.0,0.0,0.0,71.42857142857143,995.7142857142856,464.6666666666667,188.98223650459076,2065.831607340021,173.63619879046956,451.4116040370146,0.0,0.0,7
2023-10-24,0.0,0.0,385.0,10,24,0,0,105.0,0.0,125.0,0.0,160.0,220.0,0.0,0.0,0.0,0,1,0,0,0,0,0,110.0,0.0,0.0,310.0,0.0,0.0,71.66666666666667,150.71428571428572,124.64285714285714,109.33333333333331,161.59178432675571,108.91101503246732,129.36414368694903,113.46270963239073,0.0,0.0,8
2023-10-25,242.0,2569.0,502.0,10,25,0,0,592.0,809.0,1923.4,125.0,1001.0,0.0,1598.0,3508.0,3757.0,0,0,1,0,0,0,0,255.0,405.0,809.0,204.9,258.0,260.0,417.3333333333334,623.2857142857143,607.5857142857142,615.4266666666666,305.757373465581,505.81334088386,560.5414808792947,619.9832954227398,0.0,0.0,0
2023-10-25,130.0,365.5,206.25,10,25,0,0,425.0,165.0,355.0,352.0,57.0,314.5,649.0,313.0,305.0,0,0,1,0,0,0,0,519.5,45.0,165.0,592.0,759.0,377.0,329.8333333333333,316.92857142857144,382.4642857142857,328.8666666666667,237.1691429780701,220.6738869187201,349.8901029883031,340.0682796299144,0.0,0.0,1
2023-10-25,487.0,10301.25,376.0,10,25,0,0,551.0,334.0,0.0,1350.0,2288.5,1631.0,12357.65,9668.79,9235.8,0,0,1,0,0,0,0,155.0,40.0,334.0,969.5,276.5,238.0,248.66666666666663,287.2857142857143,341.7857142857143,290.01666666666665,308.0831674974114,279.68848075022254,313.61125035443456,314.5332280101983,0.0,0.0,2
2023-10-25,0.0,0.0,0.0,10,25,0,0,0.0,0.0,0.0,0.0,0.0,0.0,0.0,0.0,0.0,0,0,1,0,0,0,0,0.0,0.0,0.0,0.0,0.0,0.0,0.0,0.0,0.0,0.0,0.0,0.0,0.0,0.0,0.0,0.0,3
2023-10-25,15182.0,1880.0,1086.0,10,25,0,0,14091.0,14142.0,14285.0,1023.0,520.0,7416.0,4314.0,4283.0,1327.5,0,0,1,0,0,0,0,13177.0,14639.5,14142.0,11403.0,14986.0,13306.0,13969.166666666666,14297.357142857143,12799.75,13340.383333333331,869.0530629313948,1577.8753484448791,13891.534616928062,13559.05699512005,0.0,0.0,4
2023-10-25,0.0,936.0,295.0,10,25,0,0,210.0,0.0,49.0,256.0,0.0,210.0,0.0,922.0,96.0,0,0,1,0,0,0,0,0.0,0.0,0.0,368.0,0.0,0.0,70.0,37.42857142857143,67.42857142857143,56.66666666666666,78.52570097927023,109.9003728566154,64.8844724132373,61.87799637099456,0.0,0.0,5
2023-10-25,25.0,0.0,0.0,10,25,0,0,82.0,271.0,0.0,0.0,123.0,0.0,0.0,41.0,129.0,0,0,1,0,0,0,0,0.0,0.0,271.0,0.0,28.0,0.0,27.33333333333333,59.57142857142857,51.07142857142857,41.6,98.22059719980176,66.61759113234174,47.20949475907138,43.71702426556133,0.0,0.0,6
2023-10-25,28900.0,0.0,0.0,10,25,0,0,3200.0,0.0,0.0,26860.0,0.0,0.0,0.0,13570.0,51680.0,0,0,1,0,0,0,0,0.0,0.0,0.0,11300.0,0.0,0.0,1066.6666666666667,457.1428571428572,1224.2857142857142,571.3333333333334,1209.486313629524,2122.8392395048686,930.2271490928522,628.7398876475298,0.0,0.0,7
2023-10-25,105.0,55.0,210.0,10,25,0,0,0.0,335.0,140.0,385.0,20.0,125.0,0.0,0.0,0.0,0,0,1,0,0,0,0,105.0,110.0,335.0,0.0,0.0,80.0,71.66666666666667,150.71428571428572,102.5,105.16666666666669,161.59178432675571,110.66790436920404,97.02310776521178,106.1425348173978,0.0,0.0,8
2023-10-26,20.0,1627.0,750.0,10,26,0,0,242.0,734.0,132.0,502.0,467.0,713.0,2569.0,4063.0,719.5,0,0,0,1,0,0,0,592.0,255.0,734.0,668.0,472.0,1227.4,363.00000000000006,542.2857142857143,610.2357142857143,559.38,322.97766397782163,445.435985880397,480.906110659471,595.5972763632083,0.0,0.0,0
2023-10-26,689.0,412.0,455.0,10,26,0,0,130.0,685.0,210.0,206.25,281.0,112.0,365.5,521.0,608.0,0,0,0,1,0,0,0,425.0,519.5,685.0,733.0,160.0,0.0,358.1666666666667,311.92857142857144,349.4642857142857,321.3666666666667,241.2399270041182,223.55971713713708,294.9175772412273,326.5154873957264,0.0,0.0,1
2023-10-26,200.5,9717.5,1432.0,10,26,0,0,487.0,96.0,36.0,376.0,1954.0,1183.5,10301.25,7131.5,10106.5,0,0,0,1,0,0,0,551.0,155.0,96.0,0.0,50.0,541.5,397.6666666666667,309.1428571428572,307.32142857142856,306.25,317.24093292607984,276.3887114691662,356.9584377658259,325.6601165256694,0.0,0.0,2
2023-10-26,0.0,0.0,0.0,10,26,0,0,0.0,0.0,0.0,0.0,0.0,0.0,0.0,0.0,0.0,0,0,0,1,0,0,0,0.0,0.0,0.0,0.0,0.0,0.0,0.0,0.0,0.0,0.0,0.0,0.0,0.0,0.0,0.0,0.0,3
2023-10-26,17846.0,3910.0,677.0,10,26,0,0,15182.0,13366.0,14295.0,1086.0,2040.0,1080.0,1880.0,2015.0,16461.0,0,0,0,1,0,0,0,14091.0,13177.0,13366.0,10472.0,14470.0,14164.0,14150.0,14445.92857142857,13069.67857142857,13370.283333333333,925.1542406796732,1604.664094634562,14214.150962696049,13663.762995434889,0.0,0.0,4
2023-10-26,112.0,36.0,25.0,10,26,0,0,25.0,0.0,6.0,0.0,0.0,0.0,0.0,17.0,0.0,0,0,0,1,0,0,0,82.0,0.0,0.0,0.0,96.0,53.0,35.666666666666664,24.428571428571427,52.85714285714285,42.43333333333333,30.907696683604755,66.23452757948951,41.657121069303535,42.50947431294447,0.0,0.0,6
2023-10-26,14650.0,0.0,690.0,10,26,0,0,28900.0,0.0,0.0,0.0,0.0,0.0,0.0,21000.0,79510.0,0,0,0,1,0,0,0,3200.0,0.0,0.0,0.0,0.0,0.0,10700.0,4585.714285714285,2481.428571428572,1534.6666666666667,10787.71346971924,5586.416859967875,7922.670361819639,2452.6921529605925,0.0,0.0,7
2023-10-26,325.0,0.0,160.0,10,26,0,0,105.0,90.0,0.0,210.0,195.0,80.0,55.0,0.0,35.0,0,0,0,1,0,0,0,0.0,105.0,90.0,125.0,95.0,55.0,70.0,117.85714285714286,110.0,104.0,139.78725331902106,110.47234011749056,99.01733082390884,106.06882289369472,0.0,0.0,8
2023-10-27,575.0,2414.0,396.0,10,27,1,0,20.0,411.0,260.0,750.0,951.0,205.0,1627.0,1510.0,1503.0,0,0,0,0,1,0,0,242.0,592.0,411.0,511.4,420.0,506.0,284.66666666666674,440.2857142857143,563.95,555.6466666666668,362.6493780893199,449.5914733616955,365.67958299460327,558.4619682107432,0.0,0.0,0
2023-10-27,95.0,353.0,328.5,10,27,1,0,689.0,90.0,377.0,455.0,240.0,313.5,412.0,531.0,556.0,0,0,0,0,1,0,0,130.0,425.0,90.0,548.0,351.0,363.0,414.6666666666667,312.5,346.32142857142856,337.3333333333333,242.27343367911087,232.26717424096975,393.4381829309205,349.90158498309887,0.0,0.0,1
2023-10-27,1561.0,11905.6,2430.5,10,27,1,0,200.5,835.0,238.0,1432.0,1287.5,1305.0,9717.5,10896.5,10004.7,0,0,0,0,1,0,0,487.0,551.0,835.0,476.0,123.5,653.0,412.8333333333333,324.07142857142856,321.6428571428572,311.7333333333333,307.8593332150562,272.4459368493994,317.84382832436944,317.5852702982069,0.0,0.0,2
2023-10-27,0.0,0.0,0.0,10,27,1,0,0.0,0.0,0.0,0.0,0.0,0.0,0.0,0.0,0.0,0,0,0,0,1,0,0,0.0,0.0,0.0,0.0,0.0,0.0,0.0,0.0,0.0,0.0,0.0,0.0,0.0,0.0,0.0,0.0,3
2023-10-27,15815.0,16738.32,385.0,10,27,1,0,17846.0,15533.0,13306.0,677.0,636.0,2795.0,3910.0,12606.82,395.0,0,0,0,0,1,0,0,15182.0,14091.0,15533.0,9849.0,13522.0,14700.0,15706.333333333334,15085.92857142857,13596.392857142857,13488.65,1452.727447153888,1794.9169376133236,15122.113222022035,13933.584737664896,0.0,0.0,4
2023-10-27,185.0,591.0,663.0,10,27,1,0,0.0,0.0,39.0,295.0,70.0,0.0,936.0,1000.0,95.0,0,0,0,0,1,0,0,210.0,0.0,0.0,0.0,0.0,0.0,70.0,37.42857142857143,41.142857142857146,55.03333333333333,78.52570097927023,110.38130880422386,48.66335430992798,57.88586757286589,0.0,0.0,5
2023-10-27,28.0,0.0,50.0,10,27,1,0,112.0,16.0,0.0,25.0,30.0,0.0,36.0,0.0,0.0,0,0,0,0,1,0,0,25.0,82.0,16.0,56.0,0.0,165.0,73.0,40.42857142857143,60.85714285714285,45.96666666666667,42.84023475992762,67.04629555110732,59.24284080197765,46.99273403468999,0.0,0.0,6
2023-10-27,0.0,26250.0,11450.0,10,27,1,0,14650.0,0.0,0.0,690.0,0.0,0.0,0.0,13950.0,7050.0,0,0,0,0,1,0,0,28900.0,3200.0,0.0,0.0,0.0,0.0,15583.333333333334,6678.571428571428,3527.8571428571427,2023.0,11164.297900855549,6067.255898503955,9604.502771364729,3239.6152398663608,0.0,0.0,7
2023-10-27,105.0,105.0,145.0,10,27,1,0,325.0,415.0,80.0,160.0,55.0,35.0,0.0,70.0,0.0,0,0,0,0,1,0,0,105.0,0.0,415.0,45.0,0.0,140.0,143.33333333333334,151.42857142857142,124.28571428571428,114.83333333333331,158.89499377771162,115.73217695009984,155.51299811793163,120.19341496506924,0.0,0.0,8
2023-10-28,454.0,1167.0,135.0,10,28,1,0,575.0,1157.0,1227.4,396.0,748.0,411.0,2414.0,2285.0,1227.5,0,0,0,0,0,1,0,20.0,242.0,1157.0,748.3,238.0,1058.0,279.00000000000006,463.7142857142857,568.4928571428571,566.1466666666668,365.7265436933774,446.1135774150153,418.0096872459525,559.5289380035986,0.0,0.0,0
2023-10-28,308.0,225.0,214.0,10,28,1,0,95.0,289.0,0.0,328.5,191.0,395.0,353.0,127.0,540.0,0,0,0,0,0,1,0,689.0,130.0,289.0,206.0,202.0,120.0,304.6666666666667,313.2142857142857,313.9642857142857,327.93333333333334,241.51429515021397,236.2782088006064,318.8286371981904,333.4563214358022,0.0,0.0,1
2023-10-28,129.0,14154.5,3532.4,10,28,1,0,1561.0,0.0,541.5,2430.5,894.5,3034.75,11905.6,14267.45,13191.1,0,0,0,0,0,1,0,200.5,487.0,0.0,108.0,461.0,310.5,749.5,427.7857142857143,399.1428571428572,355.8333333333333,541.9581669851509,354.7443550942906,628.6328712432771,397.8055754402581,0.0,0.0,2
2023-10-28,0.0,0.0,0.0,10,28,1,0,0.0,0.0,0.0,0.0,0.0,0.0,0.0,0.0,0.0,0,0,0,0,0,1,0,0.0,0.0,0.0,0.0,0.0,0.0,0.0,0.0,0.0,0.0,0.0,0.0,0.0,0.0,0.0,0.0,3
2023-10-28,14392.0,1893.0,6231.6,10,28,1,0,15815.0,15133.0,14164.0,385.0,10441.8,1070.0,16738.32,7760.2,2728.0,0,0,0,0,0,1,0,17846.0,15182.0,15133.0,9863.0,13643.0,14807.0,16281.0,15126.214285714286,14022.535714285714,13572.283333333333,1470.9868529081214,1843.8975291454403,15295.334916516527,14054.966367492969,0.0,0.0,4
2023-10-28,0.0,723.0,150.0,10,28,1,0,185.0,52.0,0.0,663.0,852.0,221.0,591.0,172.0,408.0,0,0,0,0,0,1,0,0.0,210.0,52.0,49.0,0.0,0.0,131.66666666666666,63.85714285714285,54.35714285714285,59.9,93.5279433670827,112.84116086874944,82.74751573244599,66.08677934235841,0.0,0.0,5
2023-10-28,31.0,0.0,0.0,10,28,1,0,28.0,48.0,53.0,50.0,76.0,0.0,0.0,45.0,12.0,0,0,0,0,0,1,0,112.0,25.0,48.0,41.0,67.0,0.0,55.0,42.142857142857146,58.85714285714285,46.9,41.93021413185071,66.57759279268785,51.43213060148324,45.767396355032574,0.0,0.0,6
2023-10-28,0.0,9050.0,5650.0,10,28,1,0,0.0,0.0,0.0,11450.0,0.0,0.0,26250.0,13000.0,13600.0,0,0,0,0,0,1,0,14650.0,28900.0,0.0,0.0,0.0,0.0,14516.666666666666,6678.571428571428,3527.8571428571427,2023.0,11164.297900855549,6067.255898503955,7203.3770785235465,3030.607805036273,0.0,0.0,7
2023-10-28,70.0,0.0,70.0,10,28,1,0,105.0,0.0,55.0,145.0,35.0,285.0,105.0,145.0,0.0,0,0,0,0,0,1,0,325.0,105.0,0.0,20.0,90.0,55.0,178.33333333333334,107.14285714285714,128.57142857142858,115.66666666666669,108.35347798052524,115.56259188715951,142.88474858844873,119.21319464474222,0.0,0.0,8
2023-10-29,500.0,2407.0,188.0,10,29,0,0,454.0,405.0,506.0,135.0,280.0,765.0,1167.0,1755.0,1474.0,0,0,0,0,0,0,1,575.0,20.0,405.0,1317.3,505.0,2143.0,349.66666666666674,363.2857142857143,547.4714285714286,540.3666666666667,204.6881483995521,428.5856871902837,427.00726543446433,552.7206194227213,0.0,0.0,0
2023-10-29,811.0,0.0,608.0,10,29,0,0,308.0,45.0,363.0,214.0,126.0,175.0,225.0,288.0,520.0,0,0,0,0,0,0,1,95.0,689.0,45.0,207.0,226.5,61.0,364.0,315.92857142857144,321.25,338.2,241.3034791452849,228.0871959701316,316.1214778986428,331.8139781173634,0.0,0.0,1
2023-10-29,129.5,10880.9,1522.0,10,29,0,0,129.0,40.0,653.0,3532.4,1017.0,707.0,14154.5,7776.05,9453.8,0,0,0,0,0,0,1,1561.0,200.5,40.0,0.0,0.0,49.0,630.1666666666666,446.2142857142857,400.6428571428572,342.0833333333333,526.9735807058117,355.29359116024034,503.7246534324578,380.463280250564,0.0,0.0,2
2023-10-29,0.0,0.0,0.0,10,29,0,0,0.0,0.0,0.0,0.0,0.0,0.0,0.0,0.0,0.0,0,0,0,0,0,0,1,0.0,0.0,0.0,0.0,0.0,0.0,0.0,0.0,0.0,0.0,0.0,0.0,0.0,0.0,0.0,0.0,3
2023-10-29,13552.0,2029.0,566.0,10,29,0,0,14392.0,14639.5,14700.0,6231.6,1066.0,270.0,1893.0,2335.0,15581.8,0,0,0,0,0,0,1,15815.0,17846.0,14639.5,12563.0,11522.0,13996.0,16017.666666666666,15020.357142857143,14346.035714285714,13579.883333333331,1496.8521613229243,1846.8879588300472,15069.501187387395,14076.710472816005,0.0,0.0,4
2023-10-29,406.0,880.0,418.0,10,29,0,0,0.0,0.0,0.0,150.0,476.0,43.0,723.0,197.0,965.0,0,0,0,0,0,0,1,185.0,0.0,0.0,123.0,0.0,453.0,61.66666666666666,56.42857142857143,50.85714285714285,59.9,96.63997989593,112.84116086874944,62.06063679933449,61.82311615898045,0.0,0.0,5
2023-10-29,0.0,6.0,0.0,10,29,0,0,31.0,0.0,165.0,0.0,0.0,16.0,0.0,65.0,186.0,0,0,0,0,0,0,1,28.0,112.0,0.0,0.0,0.0,0.0,57.0,39.71428571428572,58.142857142857146,46.16666666666666,42.02663554506941,66.62922799334014,46.32409795111243,44.8146611063208,0.0,0.0,6
2023-10-29,0.0,0.0,3750.0,10,29,0,0,0.0,0.0,0.0,5650.0,0.0,0.0,9050.0,26350.0,7200.0,0,0,0,0,0,0,1,0.0,14650.0,0.0,1140.0,0.0,0.0,4883.333333333333,6678.571428571428,3527.8571428571427,2023.0,11164.297900855549,6067.255898503955,5402.53280889266,2835.0847208403848,0.0,0.0,7
2023-10-30,296.0,2161.0,40.0,10,30,0,0,500.0,255.0,1058.0,188.0,730.0,1747.0,2407.0,1876.0,1175.0,1,0,0,0,0,0,0,454.0,575.0,255.0,365.3,257.8,125.0,509.66666666666674,376.8571428571428,489.0928571428572,540.1666666666666,210.96795062396367,428.6036770187849,445.2554490758482,549.3192891373844,0.0,0.0,0
2023-10-30,461.5,0.0,147.0,10,30,0,0,811.0,519.5,120.0,608.0,629.0,488.0,0.0,431.0,852.5,1,0,0,0,0,0,0,308.0,95.0,519.5,292.0,173.0,120.0,404.6666666666667,425.3571428571428,364.3928571428572,353.1333333333333,269.949179520534,243.88549932623948,439.8411084239821,362.729205335598,0.0,0.0,1
2023-10-30,141.0,5885.75,2025.0,10,30,0,0,129.5,155.0,310.5,1522.0,1108.0,2613.5,10880.9,9002.9,12714.85,1,0,0,0,0,0,0,129.0,1561.0,155.0,385.5,202.0,96.0,606.5,459.0,409.8928571428572,324.6333333333333,516.4559516551242,352.339959593624,410.16849007434337,364.27210087956,0.0,0.0,2
2023-10-30,0.0,0.0,0.0,10,30,0,0,0.0,0.0,0.0,0.0,0.0,0.0,0.0,0.0,0.0,1,0,0,0,0,0,0,0.0,0.0,0.0,0.0,0.0,0.0,0.0,0.0,0.0,0.0,0.0,0.0,0.0,0.0,0.0,0.0,3
2023-10-30,21454.0,2511.0,1749.0,10,30,0,0,13552.0,13177.0,14807.0,566.0,2412.0,12094.2,2029.0,1932.0,4390.0,1,0,0,0,0,0,0,14392.0,15815.0,13177.0,12114.0,14317.0,13681.0,14586.333333333334,14865.0,14416.67857142857,13541.616666666669,1596.1134044922894,1834.7323852744487,14690.125890540548,14042.858184247229,0.0,0.0,4
2023-10-30,241.0,855.0,576.0,10,30,0,0,406.0,0.0,0.0,418.0,120.0,90.0,880.0,98.0,569.0,1,0,0,0,0,0,0,0.0,185.0,0.0,70.0,155.0,0.0,197.0,114.42857142857144,71.07142857142857,73.43333333333334,158.9044336940259,128.6485947048794,148.04547759950088,84.02807640678817,0.0,0.0,5
2023-10-30,35.0,0.0,0.0,10,30,0,0,0.0,0.0,0.0,0.0,66.0,69.0,6.0,58.0,0.0,1,0,0,0,0,0,0,31.0,28.0,0.0,0.0,35.0,83.0,19.666666666666668,39.71428571428572,58.142857142857146,40.66666666666666,42.02663554506941,63.20373915899405,34.74307346333432,41.923392647848495,0.0,0.0,6
2023-10-30,0.0,0.0,10840.0,10,30,0,0,0.0,0.0,0.0,3750.0,0.0,0.0,0.0,19130.0,31650.0,1,0,0,0,0,0,0,0.0,0.0,0.0,1000.0,0.0,0.0,0.0,6678.571428571428,3446.428571428572,2023.0,11164.297900855549,6067.255898503955,4051.899606669495,2652.1760291732635,0.0,0.0,7
2023-10-30,35.0,0.0,0.0,10,30,0,0,70.0,110.0,140.0,70.0,0.0,340.0,0.0,105.0,0.0,1,0,0,0,0,0,0,105.0,325.0,110.0,155.0,160.0,110.0,166.66666666666666,117.14285714285714,132.14285714285714,116.16666666666669,99.70193674385752,115.3232588118656,124.66356144133655,116.0381498289524,0.0,0.0,8
2023-10-31,377.5,1234.0,160.0,10,31,0,0,296.0,592.0,2143.0,40.0,125.0,142.0,2161.0,1598.0,1476.0,0,1,0,0,0,0,0,500.0,454.0,592.0,328.0,168.0,263.0,416.66666666666674,382.7142857142857,484.1428571428572,514.7666666666667,207.56261246967645,419.3362343886636,407.94158680688616,532.9761091930371,0.0,0.0,0
2023-10-31,194.0,168.0,525.0,10,31,0,0,461.5,425.0,61.0,147.0,352.0,532.0,0.0,649.0,0.0,0,1,0,0,0,0,0,811.0,308.0,425.0,558.0,727.0,307.0,526.8333333333334,417.07142857142856,376.5,364.51666666666665,267.4566052919346,240.57608601213775,445.2558313179866,369.1015146687852,0.0,0.0,1
2023-10-31,676.0,7592.25,2194.0,10,31,0,0,141.0,551.0,49.0,2025.0,1350.0,1845.0,5885.75,12357.65,7142.0,0,1,0,0,0,0,0,129.5,129.0,551.0,835.0,467.5,411.0,133.16666666666666,457.0,392.4285714285714,318.9833333333333,517.8546288937338,353.9298460423195,342.8763675557575,349.867449209911,0.0,0.0,2
2023-10-31,0.0,0.0,0.0,10,31,0,0,0.0,0.0,0.0,0.0,0.0,0.0,0.0,0.0,0.0,0,1,0,0,0,0,0,0.0,0.0,0.0,0.0,0.0,0.0,0.0,0.0,0.0,0.0,0.0,0.0,0.0,0.0,0.0,0.0,3
2023-10-31,19598.0,1859.0,1805.0,10,31,0,0,21454.0,14091.0,13996.0,1749.0,1023.0,1185.0,2511.0,4314.0,2483.5,0,1,0,0,0,0,0,13552.0,14392.0,14091.0,12851.0,10882.0,14439.0,16466.0,16047.42857142857,15083.82142857143,13763.183333333332,2770.8026428661888,2327.888685584302,16381.09441790541,14520.9963659087,0.0,0.0,4
2023-10-31,0.0,600.0,96.0,10,31,0,0,241.0,0.0,453.0,576.0,26.0,55.0,855.0,698.0,654.5,0,1,0,0,0,0,0,406.0,0.0,0.0,72.0,60.0,0.0,215.66666666666663,148.85714285714286,83.28571428571429,81.46666666666667,156.06241120294214,131.40008222674555,171.28410819962568,94.15529728376958,0.0,0.0,5
2023-10-31,117.0,53.0,0.0,10,31,0,0,35.0,82.0,0.0,0.0,0.0,16.0,0.0,0.0,0.0,0,1,0,0,0,0,0,0.0,31.0,82.0,201.0,0.0,0.0,22.0,44.71428571428572,60.642857142857146,41.833333333333336,38.44352691812704,62.74858609937965,34.80730509750074,41.47672215443892,0.0,0.0,6
2023-10-31,4400.0,0.0,29130.0,10,31,0,0,0.0,3200.0,0.0,10840.0,26860.0,0.0,0.0,0.0,24940.0,0,1,0,0,0,0,0,0.0,0.0,3200.0,500.0,0.0,0.0,0.0,6678.571428571428,3375.0,2023.0,11164.297900855549,6067.255898503955,3038.9247050021213,2481.06789825886,0.0,0.0,7
2023-11-01,274.0,1850.0,2941.0,11,1,0,0,377.5,242.0,125.0,160.0,502.0,118.0,1234.0,2569.0,1467.5,0,0,1,0,0,0,0,296.0,500.0,242.0,809.0,204.9,258.0,391.16666666666674,352.07142857142856,487.6785714285714,455.9166666666667,186.25574455825875,285.4664737647453,400.33119010516464,522.9453924709057,0.0,0.0,0
2023-11-01,299.0,147.0,475.0,11,1,0,0,194.0,130.0,120.0,525.0,206.25,552.5,168.0,365.5,1011.0,0,0,1,0,0,0,0,461.5,811.0,130.0,165.0,592.0,759.0,488.8333333333333,384.07142857142856,350.5,368.95,280.2597647081822,235.9714093581736,382.44187348848993,357.80464275467006,0.0,0.0,1
2023-11-01,586.5,9840.0,1659.25,11,1,0,0,676.0,487.0,96.0,2194.0,376.0,1405.0,7592.25,10301.25,9967.0,0,0,1,0,0,0,0,141.0,129.5,487.0,334.0,969.5,276.5,315.5,474.8571428571428,381.07142857142856,339.8833333333333,523.7577934412777,355.94407453334867,426.1572756668181,370.9082589383039,0.0,0.0,2
2023-11-01,0.0,0.0,0.0,11,1,0,0,0.0,0.0,0.0,0.0,0.0,0.0,0.0,0.0,0.0,0,0,1,0,0,0,0,0.0,0.0,0.0,0.0,0.0,0.0,0.0,0.0,0.0,0.0,0.0,0.0,0.0,0.0,0.0,0.0,3
2023-11-01,21214.0,3101.5,737.0,11,1,0,0,19598.0,15182.0,13681.0,1805.0,1086.0,1195.0,1859.0,1880.0,2170.5,0,0,1,0,0,0,0,21454.0,13552.0,15182.0,14142.0,11403.0,14986.0,18201.33333333333,16834.14285714286,15565.75,13949.916666666666,2901.453453505176,2560.291659312912,17185.320813429058,14848.544987462978,0.0,0.0,4
2023-11-01,1483.0,204.0,258.0,11,1,0,0,0.0,210.0,0.0,96.0,256.0,180.0,600.0,0.0,297.0,0,0,1,0,0,0,0,241.0,406.0,210.0,0.0,0.0,0.0,215.66666666666663,148.85714285714286,78.14285714285714,66.36666666666666,156.06241120294214,111.7992299440924,128.46308114971924,88.0807619751393,0.0,0.0,5
2023-11-01,34.0,77.0,25.0,11,1,0,0,117.0,25.0,83.0,0.0,0.0,25.0,53.0,0.0,26.0,0,0,1,0,0,0,0,35.0,0.0,25.0,271.0,0.0,28.0,50.66666666666666,49.71428571428572,54.642857142857146,45.73333333333333,45.69359650875336,63.687780094248296,55.35547882312555,46.34919169286221,0.0,0.0,6
2023-11-01,0.0,0.0,16180.0,11,1,0,0,4400.0,28900.0,0.0,29130.0,0.0,0.0,0.0,0.0,37390.0,0,0,1,0,0,0,0,0.0,0.0,28900.0,0.0,11300.0,0.0,1466.6666666666667,6850.0,3653.571428571429,2169.6666666666665,11111.068055472137,6069.847741846199,3379.1935287515907,2604.869969338933,0.0,0.0,7
2023-11-02,678.0,4335.0,383.0,11,2,0,0,274.0,20.0,263.0,2941.0,750.0,220.0,1850.0,1627.0,1213.0,0,0,0,1,0,0,0,377.5,296.0,20.0,734.0,668.0,472.0,315.8333333333334,356.6428571428572,449.4642857142857,460.8833333333333,183.475864508501,280.7680305056522,368.7483925788735,506.8843994082667,0.0,0.0,0
2023-11-02,431.0,288.0,312.0,11,2,0,0,299.0,689.0,307.0,475.0,455.0,388.0,147.0,412.0,82.0,0,0,0,1,0,0,0,194.0,461.5,689.0,685.0,733.0,160.0,318.1666666666667,408.2142857142857,360.07142857142856,374.9166666666667,261.36753450885607,231.68360869994635,361.5814051163675,354.01079483501394,0.0,0.0,1
2023-11-02,710.0,7069.35,2796.0,11,2,0,0,586.5,200.5,411.0,1659.25,1432.0,1558.5,9840.0,9717.5,11804.55,0,0,0,1,0,0,0,676.0,141.0,200.5,96.0,0.0,50.0,467.8333333333333,489.07142857142856,399.1071428571428,356.2333333333333,525.4895676550447,355.6204081779383,466.2429567501136,384.8174035229294,0.0,0.0,2
2023-11-02,0.0,0.0,0.0,11,2,0,0,0.0,0.0,0.0,0.0,0.0,0.0,0.0,0.0,0.0,0,0,0,1,0,0,0,0.0,0.0,0.0,0.0,0.0,0.0,0.0,0.0,0.0,0.0,0.0,0.0,0.0,0.0,0.0,0.0,3
2023-11-02,20580.0,2655.0,490.0,11,2,0,0,21214.0,17846.0,14439.0,737.0,677.0,2689.0,3101.5,3910.0,2358.0,0,0,0,1,0,0,0,19598.0,21454.0,17846.0,13366.0,10472.0,14470.0,20755.33333333333,17695.85714285714,16070.892857142857,14201.016666666666,3208.486269700576,2882.173283465044,18192.490610071796,15259.21950440085,0.0,0.0,4
2023-11-02,0.0,952.0,570.0,11,2,0,0,1483.0,0.0,0.0,258.0,295.0,257.0,204.0,936.0,369.0,0,0,0,1,0,0,0,0.0,241.0,0.0,0.0,368.0,0.0,574.6666666666666,330.7142857142857,184.07142857142856,115.8,530.8526833581718,281.1067290255578,467.0973108622894,178.07555152513032,0.0,0.0,5
2023-11-02,34.0,36.0,16.0,11,2,0,0,34.0,112.0,0.0,25.0,25.0,35.0,77.0,36.0,55.0,0,0,0,1,0,0,0,117.0,35.0,112.0,0.0,0.0,96.0,62.0,51.0,37.71428571428572,44.1,45.0037035513004,63.32638497879659,50.01660911734416,45.55246964816143,0.0,0.0,6
2023-11-02,0.0,26900.0,36580.0,11,2,0,0,0.0,14650.0,0.0,16180.0,690.0,8280.0,0.0,0.0,3500.0,0,0,0,1,0,0,0,4400.0,0.0,14650.0,0.0,0.0,0.0,1466.6666666666667,2721.428571428572,3653.571428571429,2169.6666666666665,5509.677632951642,6069.847741846199,2534.395146563693,2436.8138422848087,0.0,0.0,7
2023-11-02,0.0,185.0,0.0,11,2,0,0,35.0,105.0,55.0,0.0,0.0,240.0,0.0,0.0,0.0,0,0,0,1,0,0,0,70.0,105.0,105.0,35.0,305.0,180.0,70.0,106.42857142857144,123.57142857142856,112.66666666666669,104.51133454137415,116.16526079724515,102.2476710810024,110.80988209805224,0.0,0.0,8
2023-11-03,987.0,1040.0,678.0,11,3,1,0,678.0,575.0,258.0,383.0,396.0,613.0,4335.0,2414.0,1341.5,0,0,0,0,1,0,0,274.0,377.5,575.0,411.0,511.4,420.0,443.16666666666674,450.6428571428572,445.4642857142857,474.7166666666666,147.23584093943276,280.9056119341367,446.0612944341551,517.9241155754753,0.0,0.0,0
2023-11-03,457.0,204.0,597.0,11,3,1,0,431.0,95.0,759.0,312.0,328.5,275.0,288.0,353.0,968.0,0,0,0,0,1,0,0,299.0,194.0,95.0,90.0,548.0,351.0,308.0,371.3571428571428,341.92857142857144,379.05,231.67770614327452,231.5362245435086,378.9360538372756,358.9778403295292,0.0,0.0,1
2023-11-03,432.0,14738.95,1940.0,11,3,1,0,710.0,1561.0,276.5,2796.0,2430.5,1700.0,7069.35,11905.6,14468.75,0,0,0,0,1,0,0,586.5,676.0,1561.0,835.0,476.0,123.5,657.5,561.8571428571429,442.9642857142857,366.2,514.0180536944296,361.3519537552805,527.1822175625853,405.7969258762888,0.0,0.0,2
2023-11-03,0.0,0.0,0.0,11,3,1,0,0.0,0.0,0.0,0.0,0.0,0.0,0.0,0.0,0.0,0,0,0,0,1,0,0,0.0,0.0,0.0,0.0,0.0,0.0,0.0,0.0,0.0,0.0,0.0,0.0,0.0,0.0,0.0,0.0,3
2023-11-03,14302.0,11069.5,272.5,11,3,1,0,20580.0,15815.0,14986.0,490.0,385.0,1775.0,2655.0,16738.32,3328.0,0,0,0,0,1,0,0,21214.0,19598.0,15815.0,15533.0,9849.0,13522.0,20464.0,18086.42857142857,16586.178571428572,14405.716666666667,3391.022945815553,3108.822217616705,18789.367957553844,15602.495665407248,0.0,0.0,4
2023-11-03,98.0,727.0,241.0,11,3,1,0,0.0,185.0,0.0,570.0,663.0,0.0,952.0,591.0,304.0,0,0,0,0,1,0,0,1483.0,0.0,185.0,0.0,0.0,0.0,494.3333333333333,330.7142857142857,184.07142857142856,115.8,530.8526833581718,281.1067290255578,350.3229831467171,166.5868062654445,0.0,0.0,5
2023-11-03,0.0,43.0,0.0,11,3,1,0,34.0,28.0,28.0,16.0,50.0,25.0,36.0,0.0,24.0,0,0,0,0,1,0,0,34.0,117.0,28.0,16.0,56.0,0.0,61.66666666666666,39.85714285714285,40.142857142857146,45.23333333333333,36.17286538935209,62.8120806156297,46.01245683800812,44.8071490256994,0.0,0.0,6
2023-11-03,10000.0,40000.0,30250.0,11,3,1,0,0.0,0.0,0.0,36580.0,11450.0,0.0,26900.0,26250.0,29250.0,0,0,0,0,1,0,0,0.0,4400.0,0.0,0.0,0.0,0.0,1466.6666666666667,628.5714285714286,3653.571428571429,2169.6666666666665,1663.0436812405974,6069.847741846199,1900.7963599227696,2279.6000460083696,0.0,0.0,7
2023-11-04,614.0,1655.5,462.0,11,4,1,0,987.0,454.0,472.0,678.0,135.0,180.0,1040.0,1167.0,1091.0,0,0,0,0,0,1,0,678.0,274.0,454.0,1157.0,748.3,238.0,646.3333333333334,509.5,486.6071428571428,499.01666666666665,251.00979396562565,292.7918126838804,581.2959708256163,548.1870758609285,0.0,0.0,0
2023-11-04,365.0,303.0,348.0,11,4,1,0,457.0,308.0,160.0,597.0,214.0,475.0,204.0,225.0,259.0,0,0,0,0,0,1,0,431.0,299.0,308.0,289.0,206.0,202.0,395.6666666666667,423.07142857142856,368.1428571428572,368.98333333333335,197.6057583024485,220.7616706538638,398.4520403779567,365.30185063085,0.0,0.0,1
2023-11-04,183.5,11991.8,1860.0,11,4,1,0,432.0,129.0,50.0,1940.0,3532.4,1757.0,14738.95,14154.5,11976.0,0,0,0,0,0,1,0,710.0,586.5,129.0,0.0,108.0,461.0,576.1666666666666,400.57142857142856,414.1785714285714,371.3833333333333,265.1327385435813,361.1361068124841,503.38666317193895,407.487446787496,0.0,0.0,2
2023-11-04,0.0,0.0,0.0,11,4,1,0,0.0,0.0,0.0,0.0,0.0,0.0,0.0,0.0,0.0,0,0,0,0,0,1,0,0.0,0.0,0.0,0.0,0.0,0.0,0.0,0.0,0.0,0.0,0.0,0.0,0.0,0.0,0.0,0.0,3
2023-11-04,12245.0,3022.0,9357.6,11,4,1,0,14302.0,14392.0,14470.0,272.5,6231.6,297.5,11069.5,1893.0,5146.0,0,0,0,0,0,1,0,20580.0,21214.0,14392.0,15133.0,9863.0,13643.0,18698.666666666668,17870.285714285714,16498.25,14382.916666666666,3601.6132364208506,3106.9273269952755,17667.525968165384,15518.59271925194,0.0,0.0,4
2023-11-04,127.0,149.0,67.2,11,4,1,0,98.0,0.0,0.0,241.0,150.0,168.0,727.0,723.0,483.0,0,0,0,0,0,1,0,0.0,1483.0,0.0,52.0,49.0,0.0,527.0,318.2857142857143,191.07142857142856,119.06666666666666,535.8279308029504,280.2828538475368,287.24223736003785,162.1618510225126,0.0,0.0,5
2023-11-04,0.0,28325.0,0.0,11,4,1,0,10000.0,0.0,0.0,30250.0,5650.0,0.0,40000.0,9050.0,15550.0,0,0,0,0,0,1,0,0.0,0.0,0.0,0.0,0.0,0.0,3333.333333333333,2057.1428571428573,4367.857142857143,2503.0,3867.3234253409,6219.329795359648,3925.597269942077,2777.690365620733,0.0,0.0,7
2023-11-04,0.0,0.0,0.0,11,4,1,0,0.0,0.0,110.0,0.0,385.0,35.0,185.0,0.0,35.0,0,0,0,0,0,1,0,35.0,70.0,0.0,0.0,310.0,0.0,35.0,91.42857142857144,121.07142857142856,110.83333333333331,112.0161552974348,117.5327051573698,76.6857533107518,103.660857446565,0.0,0.0,8
2023-11-05,244.0,1434.0,844.0,11,5,0,0,614.0,500.0,420.0,462.0,188.0,254.0,1655.5,2407.0,687.5,0,0,0,0,0,0,1,987.0,678.0,500.0,405.0,1317.3,505.0,759.6666666666666,532.3571428571429,447.82142857142856,503.75,252.39465034704824,293.48697057374045,589.4719781192123,552.4330709666751,0.0,0.0,0
2023-11-05,60.0,346.0,593.0,11,5,0,0,365.0,811.0,351.0,348.0,608.0,935.0,303.0,0.0,2189.0,0,0,0,0,0,0,1,457.0,431.0,811.0,45.0,207.0,226.5,417.6666666666667,431.2142857142857,373.57142857142856,375.81666666666666,193.1989167375724,217.21408013569328,390.08903028346754,365.2823763966016,0.0,0.0,1
2023-11-05,45.0,10234.5,456.0,11,5,0,0,183.5,129.5,123.5,1860.0,1522.0,3845.5,11991.8,10880.9,13049.9,0,0,0,0,0,0,1,432.0,710.0,129.5,40.0,0.0,0.0,441.8333333333333,408.3571428571428,427.2857142857143,375.8333333333333,256.48809496181855,357.8469219376208,423.41499737895424,393.0366437689479,0.0,0.0,2
2023-11-05,0.0,0.0,0.0,11,5,0,0,0.0,0.0,0.0,0.0,0.0,0.0,0.0,0.0,0.0,0,0,0,0,0,0,1,0.0,0.0,0.0,0.0,0.0,0.0,0.0,0.0,0.0,0.0,0.0,0.0,0.0,0.0,0.0,0.0,3
2023-11-05,13954.0,2495.0,789.0,11,5,0,0,12245.0,13552.0,13522.0,9357.6,566.0,935.0,3022.0,2029.0,13103.52,0,0,0,0,0,0,1,14302.0,20580.0,13552.0,14639.5,12563.0,11522.0,15709.0,17563.571428571428,16291.964285714286,14308.75,4014.900573992784,3131.23864647954,16311.894476124038,15307.393188977623,0.0,0.0,4
2023-11-05,96.0,418.0,331.0,11,5,0,0,127.0,406.0,0.0,67.2,418.0,165.0,149.0,880.0,372.0,0,0,0,0,0,0,1,98.0,0.0,406.0,0.0,123.0,0.0,75.0,336.42857142857144,196.42857142857144,123.3,525.301455402152,279.380120488445,247.1816780200284,159.89334450493115,0.0,0.0,5
2023-11-05,32.0,18.0,0.0,11,5,0,0,0.0,31.0,96.0,0.0,0.0,0.0,43.0,0.0,17.0,0,0,0,0,0,0,1,34.0,34.0,31.0,48.0,41.0,67.0,22.666666666666668,35.857142857142854,39.0,44.3,39.12982056108683,63.28324395538868,34.50934262850609,41.91636521758976,0.0,0.0,6
2023-11-05,0.0,0.0,34700.0,11,5,0,0,0.0,0.0,0.0,0.0,3750.0,0.0,28325.0,0.0,22300.0,0,0,0,0,0,0,1,10000.0,0.0,0.0,0.0,1140.0,0.0,3333.333333333333,2057.1428571428573,4367.857142857143,2503.0,3867.3234253409,6219.329795359648,2944.1979524565577,2598.4845355806856,0.0,0.0,7
2023-11-06,365.0,915.5,125.0,11,6,0,0,244.0,296.0,238.0,844.0,40.0,247.0,1434.0,2161.0,1768.5,1,0,0,0,0,0,0,614.0,987.0,296.0,255.0,365.3,257.8,615.0000000000001,495.7857142857143,436.32142857142856,497.8833333333333,275.3660983041254,296.9573823868045,503.1039835894092,532.5341631623736,0.0,0.0,0
2023-11-06,268.0,324.0,376.5,11,6,0,0,60.0,461.5,202.0,593.0,147.0,35.0,346.0,0.0,245.0,1,0,0,0,0,0,0,365.0,457.0,461.5,519.5,292.0,173.0,294.0,323.92857142857144,374.6428571428572,366.1166666666667,151.07736113534338,224.72806108001197,307.56677271260065,345.5867392097241,0.0,0.0,1
2023-11-06,199.0,8424.05,855.0,11,6,0,0,45.0,141.0,461.0,456.0,2025.0,893.0,10234.5,5885.75,9974.65,1,0,0,0,0,0,0,183.5,432.0,141.0,155.0,385.5,202.0,220.16666666666663,396.2857142857143,427.6428571428572,373.2166666666666,273.24101954484206,360.03598199809574,328.8112480342157,370.5826667515964,0.0,0.0,2
2023-11-06,0.0,0.0,0.0,11,6,0,0,0.0,0.0,0.0,0.0,0.0,0.0,0.0,0.0,0.0,1,0,0,0,0,0,0,0.0,0.0,0.0,0.0,0.0,0.0,0.0,0.0,0.0,0.0,0.0,0.0,0.0,0.0,0.0,0.0,3
2023-11-06,12901.0,3582.0,470.0,11,6,0,0,13954.0,21454.0,13643.0,789.0,1749.0,12347.4,2495.0,2511.0,505.0,1,0,0,0,0,0,0,12245.0,14302.0,21454.0,13177.0,12114.0,14317.0,13500.333333333334,17621.0,16243.0,14323.15,3950.3116754673047,3128.487899460232,15722.420857093028,15220.077499366163,0.0,0.0,4
2023-11-06,27.0,669.0,311.0,11,6,0,0,96.0,241.0,0.0,331.0,576.0,239.0,418.0,855.0,59.0,1,0,0,0,0,0,0,127.0,98.0,241.0,0.0,70.0,155.0,107.0,292.1428571428572,203.28571428571428,126.5,531.48955103289,278.4674499643635,209.3862585150213,155.7711932465485,0.0,0.0,5
2023-11-06,0.0,0.0,9.0,11,6,0,0,32.0,0.0,0.0,0.0,0.0,0.0,18.0,6.0,42.0,1,0,0,0,0,0,0,0.0,34.0,0.0,0.0,0.0,0.0,22.0,36.0,37.85714285714285,42.16666666666666,39.11095328250979,62.55484949548112,33.88200697137957,41.276599719680746,0.0,0.0,6
2023-11-06,0.0,0.0,18955.0,11,6,0,0,0.0,0.0,0.0,34700.0,10840.0,0.0,0.0,0.0,64100.0,1,0,0,0,0,0,0,0.0,10000.0,0.0,0.0,1000.0,0.0,3333.333333333333,2057.1428571428573,4367.857142857143,2503.0,3867.3234253409,6219.329795359648,2208.1484643424183,2430.840371994835,0.0,0.0,7
2023-11-07,199.0,1910.0,563.0,11,7,0,0,365.0,377.5,505.0,125.0,160.0,337.0,915.5,1234.0,1441.8,0,1,0,0,0,0,0,244.0,614.0,377.5,592.0,328.0,168.0,407.66666666666674,505.6428571428572,444.1785714285714,502.1166666666667,268.16330756426896,294.0154770537196,468.5779876920569,521.7255074744785,0.0,0.0,0
2023-11-07,305.0,806.0,398.0,11,7,0,0,268.0,194.0,226.5,376.5,525.0,30.0,324.0,168.0,212.0,0,1,0,0,0,0,0,60.0,365.0,194.0,425.0,558.0,727.0,231.0,296.2857142857143,356.67857142857144,368.31666666666666,138.9240971246697,223.38506584746915,297.6750795344505,340.58114313167744,0.0,0.0,1
2023-11-07,727.0,11745.5,1632.5,11,7,0,0,199.0,676.0,0.0,855.0,2194.0,708.0,8424.05,7592.25,14257.15,0,1,0,0,0,0,0,45.0,183.5,676.0,551.0,835.0,467.5,142.5,404.57142857142856,430.7857142857143,364.48333333333335,264.9635868962986,361.0095395466413,296.3584360256618,359.5128172837515,0.0,0.0,2
2023-11-07,0.0,0.0,0.0,11,7,0,0,0.0,0.0,0.0,0.0,0.0,0.0,0.0,0.0,0.0,0,1,0,0,0,0,0,0.0,0.0,0.0,0.0,0.0,0.0,0.0,0.0,0.0,0.0,0.0,0.0,0.0,0.0,0.0,0.0,3
2023-11-07,14624.0,2146.5,1345.0,11,7,0,0,12901.0,19598.0,11522.0,470.0,1805.0,285.0,3582.0,1859.0,11425.0,0,1,0,0,0,0,0,13954.0,12245.0,19598.0,14091.0,12851.0,10882.0,13033.333333333334,16399.14285714286,16223.285714285714,14298.416666666666,3889.42456877498,3136.9720412595016,15017.06564281977,15070.45959618125,0.0,0.0,4
2023-11-07,0.0,758.0,208.0,11,7,0,0,27.0,0.0,0.0,311.0,96.0,184.0,669.0,600.0,296.0,0,1,0,0,0,0,0,96.0,127.0,0.0,0.0,72.0,60.0,83.33333333333333,261.57142857142856,205.2142857142857,127.4,540.9913299190839,278.08787993279634,163.78969388626598,147.46337432741635,0.0,0.0,5
2023-11-07,30.0,80.0,9.0,11,7,0,0,0.0,35.0,67.0,9.0,0.0,44.0,0.0,0.0,54.0,0,1,0,0,0,0,0,32.0,0.0,35.0,0.0,0.0,35.0,10.666666666666666,36.0,37.85714285714285,42.16666666666666,39.11095328250979,62.55484949548112,25.41150522853468,38.61359328615296,0.0,0.0,6
2023-11-07,12280.0,0.0,0.0,11,7,0,0,0.0,4400.0,0.0,18955.0,29130.0,0.0,0.0,0.0,17650.0,0,1,0,0,0,0,0,0.0,0.0,4400.0,3200.0,500.0,0.0,0.0,2057.1428571428573,4367.857142857143,2503.0,3867.3234253409,6219.329795359648,1656.1113482568137,2274.011960898394,0.0,0.0,7
2023-11-08,950.0,1918.0,736.0,11,8,0,0,199.0,274.0,257.8,563.0,2941.0,651.0,1910.0,1850.0,1926.0,0,0,1,0,0,0,0,365.0,244.0,274.0,242.0,809.0,204.9,269.3333333333334,480.1428571428572,416.1071428571428,491.9166666666667,289.97898117589256,299.17461869494247,401.1834907690427,500.9045069922541,0.0,0.0,0
2023-11-08,301.0,690.5,682.0,11,8,0,0,305.0,299.0,173.0,398.0,475.0,433.0,806.0,147.0,220.0,0,0,1,0,0,0,0,268.0,60.0,299.0,130.0,165.0,592.0,211.0,312.1428571428572,348.10714285714283,370.9333333333333,131.43620578241027,222.12278110328404,299.50630965083786,338.2855855102789,0.0,0.0,1
2023-11-08,226.0,13929.3,789.5,11,8,0,0,727.0,586.5,202.0,1632.5,1659.25,1627.0,11745.5,9840.0,13736.6,0,0,1,0,0,0,0,199.0,45.0,586.5,487.0,334.0,969.5,323.6666666666667,411.8571428571428,443.3571428571428,388.7166666666666,274.2107939593362,360.0987097271056,404.0188270192463,383.221667781574,0.0,0.0,2
2023-11-08,0.0,0.0,0.0,11,8,0,0,0.0,0.0,0.0,0.0,0.0,0.0,0.0,0.0,0.0,0,0,1,0,0,0,0,0.0,0.0,0.0,0.0,0.0,0.0,0.0,0.0,0.0,0.0,0.0,0.0,0.0,0.0,0.0,0.0,3
2023-11-08,14996.0,3159.5,765.0,11,8,0,0,14624.0,21214.0,14317.0,1345.0,737.0,1140.0,2146.5,3101.5,2426.0,0,0,1,0,0,0,0,12901.0,13954.0,21214.0,15182.0,14142.0,11403.0,13826.333333333334,15688.57142857143,16261.357142857143,14401.816666666668,3654.900904135101,3093.1179573350623,14918.799232114829,15041.655751266331,0.0,0.0,4
2023-11-08,0.0,516.0,48.0,11,8,0,0,0.0,1483.0,155.0,208.0,258.0,145.0,758.0,204.0,340.0,0,0,1,0,0,0,0,27.0,96.0,1483.0,210.0,0.0,0.0,41.0,261.57142857142856,205.2142857142857,127.4,540.9913299190839,278.08787993279634,122.84227041469948,137.94960824177662,0.0,0.0,5
2023-11-08,27.0,41.0,24.0,11,8,0,0,30.0,117.0,0.0,9.0,0.0,29.0,80.0,53.0,5.0,0,0,1,0,0,0,0,0.0,32.0,117.0,82.0,201.0,0.0,20.666666666666668,35.285714285714285,40.0,40.93333333333333,39.17786060908328,62.41293706150732,26.55862892140101,38.05787759027212,0.0,0.0,6
2023-11-08,0.0,0.0,15395.0,11,8,0,0,12280.0,0.0,0.0,0.0,16180.0,6500.0,0.0,0.0,0.0,0,0,1,0,0,0,0,0.0,0.0,0.0,28900.0,0.0,11300.0,4093.3333333333335,3182.8571428571427,5016.428571428572,2912.333333333333,5475.465624905685,6448.790147602579,4312.08351119261,2919.5595763243045,0.0,0.0,7
2023-11-08,0.0,0.0,0.0,11,8,0,0,0.0,105.0,180.0,0.0,210.0,195.0,0.0,55.0,20.0,0,0,1,0,0,0,0,0.0,35.0,105.0,335.0,0.0,0.0,11.666666666666666,91.42857142857144,121.07142857142856,107.16666666666669,112.0161552974348,119.26270143688268,57.514314983063855,96.97306019194792,0.0,0.0,8
2023-11-09,531.5,3656.0,421.0,11,9,0,0,950.0,678.0,168.0,736.0,383.0,546.0,1918.0,4335.0,2178.0,0,0,0,1,0,0,0,199.0,365.0,678.0,20.0,734.0,668.0,504.66666666666674,576.7142857142857,466.6785714285714,514.99,320.810283649445,307.083976327716,538.387618076782,529.8784097669474,0.0,0.0,0
2023-11-09,1311.0,529.0,447.0,11,9,0,0,301.0,431.0,727.0,682.0,312.0,157.0,690.5,288.0,442.0,0,0,0,1,0,0,0,305.0,268.0,431.0,689.0,685.0,733.0,291.3333333333333,312.42857142857144,360.32142857142856,375.2,131.40504447807788,219.40234651245729,299.8797322381284,335.8800638644545,0.0,0.0,1
2023-11-09,513.5,12144.1,2322.0,11,9,0,0,226.0,710.0,467.5,789.5,2796.0,1190.5,13929.3,7069.35,13446.5,0,0,0,1,0,0,0,727.0,199.0,710.0,200.5,96.0,0.0,384.0,360.3571428571428,424.7142857142857,389.51666666666665,269.7611156631168,359.69602787807395,359.5141202644347,373.0783343763112,0.0,0.0,2
2023-11-09,0.0,0.0,0.0,11,9,0,0,0.0,0.0,0.0,0.0,0.0,0.0,0.0,0.0,0.0,0,0,0,1,0,0,0,0.0,0.0,0.0,0.0,0.0,0.0,0.0,0.0,0.0,0.0,0.0,0.0,0.0,0.0,0.0,0.0,3
2023-11-09,13973.0,3483.0,935.0,11,9,0,0,14996.0,20580.0,10882.0,765.0,490.0,1550.0,3159.5,2655.0,1725.0,0,0,0,1,0,0,0,14624.0,12901.0,20580.0,17846.0,13366.0,10472.0,14173.666666666666,14800.285714285714,16248.07142857143,14424.45,2725.6723154899846,3094.959607418463,14938.099424086122,15038.710218926572,0.0,0.0,4
2023-11-09,0.0,320.0,300.0,11,9,0,0,0.0,0.0,60.0,48.0,570.0,386.0,516.0,952.0,40.0,0,0,0,1,0,0,0,0.0,27.0,0.0,0.0,0.0,368.0,9.0,49.71428571428572,190.2142857142857,122.23333333333332,55.34351598791823,278.99582042764024,92.1317028110246,129.0496335165007,0.0,0.0,5
2023-11-09,0.0,53.0,0.0,11,9,0,0,27.0,34.0,35.0,24.0,25.0,32.0,41.0,77.0,98.0,0,0,0,1,0,0,0,30.0,0.0,34.0,25.0,271.0,0.0,19.0,22.428571428571427,36.07142857142857,41.833333333333336,15.511900193691488,61.99559680322871,26.668971691050757,37.344466132835215,0.0,0.0,6
2023-11-09,0.0,0.0,53060.0,11,9,0,0,0.0,0.0,0.0,15395.0,36580.0,5760.0,0.0,26900.0,9000.0,0,0,0,1,0,0,0,12280.0,0.0,0.0,14650.0,0.0,0.0,4093.3333333333335,3182.8571428571427,2952.1428571428573,2912.333333333333,5475.465624905685,6448.790147602579,3234.0626333944574,2731.200893980801,0.0,0.0,7
2023-11-10,1415.0,2284.0,1305.0,11,10,1,0,531.5,987.0,204.9,421.0,678.0,450.0,3656.0,1040.0,1070.2,0,0,0,0,1,0,0,950.0,199.0,987.0,575.0,411.0,511.4,560.1666666666667,555.7857142857143,503.2142857142857,527.1066666666667,317.8665675435276,300.0104939927052,536.6657135575865,529.9830284916604,0.0,0.0,0
2023-11-10,601.0,91.75,727.75,11,10,1,0,1311.0,457.0,592.0,447.0,597.0,365.0,529.0,204.0,349.0,0,0,0,0,1,0,0,301.0,305.0,457.0,95.0,90.0,548.0,639.0,438.1428571428572,404.75,394.6666666666667,403.3321330167106,271.43133802928463,552.6597991785964,398.79102748610256,0.0,0.0,1
2023-11-10,514.0,9664.3,2038.5,11,10,1,0,513.5,432.0,969.5,2322.0,1940.0,2784.0,12144.1,14738.95,11785.1,0,0,0,0,1,0,0,226.0,727.0,432.0,1561.0,835.0,476.0,488.8333333333333,332.2857142857143,447.07142857142856,391.05,235.3412163120563,360.13769756427376,398.0105901983261,382.1377966746137,0.0,0.0,2
2023-11-10,0.0,0.0,0.0,11,10,1,0,0.0,0.0,0.0,0.0,0.0,0.0,0.0,0.0,0.0,0,0,0,0,1,0,0,0.0,0.0,0.0,0.0,0.0,0.0,0.0,0.0,0.0,0.0,0.0,0.0,0.0,0.0,0.0,0.0,3
2023-11-10,14997.0,9715.32,625.0,11,10,1,0,13973.0,14302.0,11403.0,935.0,272.5,623.0,3483.0,11069.5,995.0,0,0,0,0,1,0,0,14996.0,14624.0,14302.0,15815.0,15533.0,9849.0,14531.0,13856.42857142857,15971.42857142857,14527.483333333334,967.7273819181968,3023.5903141205818,14696.824568064592,14969.95472093131,0.0,0.0,4
2023-11-10,225.0,1034.0,180.0,11,10,1,0,0.0,98.0,0.0,300.0,241.0,140.0,320.0,727.0,181.0,0,0,0,0,1,0,0,0.0,0.0,98.0,185.0,0.0,0.0,0.0,49.71428571428572,190.2142857142857,120.23333333333332,55.34351598791823,279.6715664086562,69.09877710826845,120.72385070898454,0.0,0.0,5
2023-11-10,0.0,18.0,16.0,11,10,1,0,0.0,34.0,0.0,0.0,16.0,0.0,53.0,36.0,36.0,0,0,0,0,1,0,0,27.0,30.0,34.0,112.0,0.0,0.0,19.0,17.571428571428573,34.285714285714285,40.66666666666666,16.571633824673007,62.45623755234859,20.001728768288064,34.935145737168426,0.0,0.0,6
2023-11-10,0.0,15025.0,0.0,11,10,1,0,0.0,10000.0,11300.0,53060.0,30250.0,3600.0,0.0,40000.0,10425.0,0,0,0,0,1,0,0,0.0,12280.0,10000.0,0.0,0.0,0.0,4093.3333333333335,3182.8571428571427,1905.7142857142856,2912.333333333333,5475.465624905685,6448.790147602579,2425.5469750458437,2554.994384691717,0.0,0.0,7
2023-11-11,1073.0,2050.0,1563.0,11,11,1,0,1415.0,614.0,668.0,1305.0,462.0,214.0,2284.0,1655.5,2031.0,0,0,0,0,0,1,0,531.5,950.0,614.0,454.0,1157.0,748.3,965.5,616.9285714285714,563.2142857142857,567.4433333333333,434.42859295970806,334.5562492609279,756.2492851681899,587.0808976212307,0.0,0.0,0
2023-11-11,410.0,519.0,493.0,11,11,1,0,601.0,365.0,733.0,727.75,348.0,250.0,91.75,303.0,224.5,0,0,0,0,0,1,0,1311.0,301.0,365.0,308.0,289.0,206.0,737.6666666666666,458.7142857142857,440.8928571428572,394.9666666666666,408.0983191526744,271.66183762720243,564.7448493839472,411.8367676482895,0.0,0.0,1
2023-11-11,583.0,12778.2,1292.0,11,11,1,0,514.0,183.5,0.0,2038.5,1860.0,1696.0,9664.3,11991.8,8934.25,0,0,0,0,0,1,0,513.5,226.0,183.5,129.0,0.0,108.0,417.8333333333333,344.0,372.2857142857143,375.8666666666667,243.0464633220021,344.1567388843926,427.0079426487445,390.6450355988322,0.0,0.0,2
2023-11-11,0.0,0.0,0.0,11,11,1,0,0.0,0.0,0.0,0.0,0.0,0.0,0.0,0.0,0.0,0,0,0,0,0,1,0,0.0,0.0,0.0,0.0,0.0,0.0,0.0,0.0,0.0,0.0,0.0,0.0,0.0,0.0,0.0,0.0,3
2023-11-11,14145.0,1605.0,4702.8,11,11,1,0,14997.0,12245.0,10472.0,625.0,9357.6,2240.0,9715.32,3022.0,1635.0,0,0,0,0,0,1,0,13973.0,14996.0,12245.0,14392.0,15133.0,9863.0,14655.333333333334,13955.714285714286,15913.0,14647.283333333333,1052.959593128752,2966.1791389252803,14771.868426048444,14971.69957764542,0.0,0.0,4
2023-11-11,455.0,513.0,381.0,11,11,1,0,225.0,127.0,368.0,180.0,67.2,0.0,1034.0,149.0,351.0,0,0,0,0,0,1,0,0.0,0.0,127.0,0.0,52.0,49.0,75.0,67.85714285714286,193.07142857142856,127.73333333333332,86.08799484912542,279.3528152754129,108.07408283120134,127.45134421163073,0.0,0.0,5
2023-11-11,25.0,27.0,0.0,11,11,1,0,0.0,0.0,0.0,16.0,0.0,0.0,18.0,43.0,6.0,0,0,0,0,0,1,0,0.0,27.0,0.0,28.0,16.0,56.0,9.0,12.714285714285714,26.285714285714285,40.66666666666666,15.923926292577097,62.45623755234859,15.001296576216047,32.68126536702853,0.0,0.0,6
2023-11-11,0.0,33400.0,0.0,11,11,1,0,0.0,0.0,0.0,0.0,0.0,3400.0,15025.0,28325.0,6500.0,0,0,0,0,0,1,0,0.0,0.0,0.0,0.0,0.0,0.0,0.0,1754.2857142857142,1905.7142857142856,2535.6666666666665,4641.40372855331,6269.500163398242,1819.1602312843825,2390.156037292252,0.0,0.0,7
2023-11-12,1921.0,1607.0,1029.0,11,12,0,0,1073.0,244.0,511.4,1563.0,844.0,136.0,2050.0,1434.0,2852.5,0,0,0,0,0,0,1,1415.0,531.5,244.0,500.0,405.0,1317.3,1006.5,682.5,607.4285714285714,580.9433333333333,467.3086952611369,346.7045365201876,835.4369638761424,618.4305171295385,0.0,0.0,0
2023-11-12,195.0,599.0,176.0,11,12,0,0,410.0,60.0,548.0,493.0,593.0,30.0,519.0,346.0,425.0,0,0,0,0,0,0,1,601.0,1311.0,60.0,811.0,45.0,207.0,774.0,465.1428571428572,448.1785714285714,384.2,406.728176456721,264.0980943669905,526.0586370379604,411.7182665096902,0.0,0.0,1
2023-11-12,615.0,14581.3,979.0,11,12,0,0,583.0,45.0,476.0,1292.0,456.0,552.0,12778.2,10234.5,11077.8,0,0,0,0,0,0,1,514.0,513.5,45.0,129.5,40.0,0.0,536.8333333333334,401.07142857142856,404.7142857142857,395.3,245.96416212045816,338.6163936801721,466.0059569865584,403.05503330213344,0.0,0.0,2
2023-11-12,0.0,0.0,0.0,11,12,0,0,0.0,0.0,0.0,0.0,0.0,0.0,0.0,0.0,0.0,0,0,0,0,0,0,1,0.0,0.0,0.0,0.0,0.0,0.0,0.0,0.0,0.0,0.0,0.0,0.0,0.0,0.0,0.0,0.0,3
2023-11-12,12621.0,2571.0,306.0,11,12,0,0,14145.0,13954.0,9849.0,4702.8,789.0,320.0,1605.0,2495.0,9166.0,0,0,0,0,0,0,1,14997.0,13973.0,13954.0,13552.0,14639.5,12563.0,14371.666666666666,14227.142857142857,15895.357142857143,14769.716666666667,735.5173754057563,2861.865450472699,14615.151319536331,14918.364121023136,0.0,0.0,4
2023-11-12,67.0,1106.0,281.0,11,12,0,0,455.0,96.0,0.0,381.0,331.0,95.0,513.0,418.0,43.0,0,0,0,0,0,0,1,225.0,0.0,96.0,406.0,0.0,123.0,226.66666666666663,114.71428571428572,225.57142857142856,130.63333333333333,171.01628995090374,282.36836827502293,194.805562123401,148.58351555281584,0.0,0.0,5
2023-11-12,0.0,37500.0,0.0,11,12,0,0,0.0,0.0,0.0,0.0,34700.0,0.0,33400.0,0.0,31900.0,0,0,0,0,0,0,1,0.0,0.0,0.0,0.0,0.0,1140.0,0.0,1754.2857142857142,1905.7142857142856,2535.6666666666665,4641.40372855331,6269.500163398242,1364.3701734632868,2235.952421983074,0.0,0.0,7
2023-11-12,0.0,0.0,0.0,11,12,0,0,0.0,325.0,0.0,0.0,160.0,140.0,0.0,0.0,0.0,0,0,0,0,0,0,1,0.0,0.0,325.0,90.0,125.0,95.0,0.0,76.42857142857143,97.14285714285714,101.16666666666669,116.82302447556744,119.99772507422188,43.13573623729789,90.71673372795128,0.0,0.0,8
2023-11-13,130.0,2015.0,670.0,11,13,0,0,1921.0,365.0,748.3,1029.0,125.0,653.5,1607.0,915.5,2634.0,1,0,0,0,0,0,0,1073.0,1415.0,365.0,296.0,255.0,365.3,1469.6666666666667,922.0714285714286,708.9285714285714,627.93,612.3864812199499,423.8819054390274,1106.8277229071068,702.467257959891,0.0,0.0,0
2023-11-13,401.0,524.5,409.0,11,13,0,0,195.0,268.0,206.0,176.0,376.5,417.0,599.0,324.0,508.0,1,0,0,0,0,0,0,410.0,601.0,268.0,461.5,519.5,292.0,402.0,484.4285714285714,404.1785714285714,372.4333333333333,387.0399880903166,264.41209129498685,443.2939777784703,397.7364428639037,0.0,0.0,1
2023-11-13,52.0,11542.85,1882.75,11,13,0,0,615.0,199.0,108.0,979.0,855.0,921.0,14581.3,8424.05,9891.4,1,0,0,0,0,0,0,583.0,514.0,199.0,141.0,155.0,385.5,570.6666666666666,482.5,439.3928571428572,399.9333333333333,198.1390505007363,340.70324668081804,503.2544677399188,416.7289021213506,0.0,0.0,2
2023-11-13,0.0,0.0,0.0,11,13,0,0,0.0,0.0,0.0,0.0,0.0,0.0,0.0,0.0,0.0,1,0,0,0,0,0,0,0.0,0.0,0.0,0.0,0.0,0.0,0.0,0.0,0.0,0.0,0.0,0.0,0.0,0.0,0.0,0.0,3
2023-11-13,13922.0,2118.0,690.0,11,13,0,0,12621.0,12901.0,9863.0,306.0,470.0,8622.6,2571.0,3582.0,2088.0,1,0,0,0,0,0,0,14145.0,14997.0,12901.0,21454.0,13177.0,12114.0,13921.0,14036.714285714286,15828.857142857143,14862.116666666669,957.180009939893,2739.653513466745,14116.613489652247,14770.147080957127,0.0,0.0,4
2023-11-13,1005.0,633.5,586.0,11,13,0,0,67.0,27.0,49.0,281.0,311.0,380.0,1106.0,669.0,320.7,1,0,0,0,0,0,0,455.0,225.0,27.0,241.0,0.0,70.0,249.0,110.57142857142856,201.3571428571429,132.86666666666667,171.89420888331057,281.56333682437827,162.85417159255076,143.32006293650514,0.0,0.0,5
2023-11-13,9.0,0.0,0.0,11,13,0,0,25.0,32.0,0.0,0.0,0.0,28.0,27.0,18.0,56.0,1,0,0,0,0,0,0,0.0,0.0,32.0,31.0,48.0,41.0,8.333333333333334,16.285714285714285,26.071428571428573,41.5,15.39171081799424,62.06045439730518,17.500972432162037,32.185699859478305,0.0,0.0,6
2023-11-13,0.0,0.0,18335.0,11,13,0,0,0.0,0.0,0.0,0.0,18955.0,0.0,37500.0,0.0,15820.0,1,0,0,0,0,0,0,0.0,0.0,0.0,0.0,0.0,1000.0,0.0,1754.2857142857142,1905.7142857142856,2535.6666666666665,4641.40372855331,6269.500163398242,1023.2776300974652,2091.697427016424,0.0,0.0,7
2023-11-14,492.0,917.0,733.0,11,14,0,0,130.0,199.0,1317.3,670.0,563.0,902.5,2015.0,1910.0,3306.0,0,1,0,0,0,0,0,1921.0,1073.0,199.0,377.5,592.0,328.0,1041.3333333333333,888.5,697.0714285714286,607.3199999999999,653.10316949162,432.765860403792,862.6207921803301,665.5338864786077,0.0,0.0,0
2023-11-14,127.0,754.0,2463.0,11,14,0,0,401.0,305.0,207.0,409.0,398.0,579.0,524.5,806.0,1336.0,0,1,0,0,0,0,0,195.0,410.0,305.0,194.0,425.0,558.0,335.3333333333333,503.4285714285714,399.8571428571428,378.9333333333333,377.798825277359,262.57001474593045,432.7204833338527,397.9469949372003,0.0,0.0,1
2023-11-14,75.0,13881.0,986.0,11,14,0,0,52.0,727.0,0.0,1882.75,1632.5,1249.5,11542.85,11745.5,8355.9,0,1,0,0,0,0,0,615.0,583.0,727.0,676.0,551.0,835.0,416.6666666666667,461.5,433.0357142857143,398.06666666666666,237.14464643616415,342.5064996446788,390.4408508049391,393.19800521029583,0.0,0.0,2
2023-11-14,0.0,0.0,0.0,11,14,0,0,0.0,0.0,0.0,0.0,0.0,0.0,0.0,0.0,0.0,0,1,0,0,0,0,0,0.0,0.0,0.0,0.0,0.0,0.0,0.0,0.0,0.0,0.0,0.0,0.0,0.0,0.0,0.0,0.0,3
2023-11-14,14289.0,2105.5,6588.0,11,14,0,0,13922.0,14624.0,12563.0,690.0,1345.0,1266.0,2118.0,2146.5,1465.0,0,1,0,0,0,0,0,12621.0,14145.0,14624.0,19598.0,14091.0,12851.0,13562.666666666666,14182.57142857143,15290.857142857143,14997.416666666666,823.7671307561674,2579.8209577121197,14067.960117239189,14715.427914443764,0.0,0.0,4
2023-11-14,96.0,262.0,454.0,11,14,0,0,1005.0,0.0,123.0,586.0,208.0,572.25,633.5,758.0,239.0,0,1,0,0,0,0,0,67.0,455.0,0.0,0.0,0.0,72.0,509.0,250.28571428571428,255.92857142857144,164.73333333333332,372.75180048110406,322.82042978265423,373.39062869441307,198.9123169406016,0.0,0.0,5
2023-11-14,58.0,0.0,0.0,11,14,0,0,9.0,0.0,56.0,0.0,9.0,0.0,0.0,0.0,0.0,0,1,0,0,0,0,0,25.0,0.0,0.0,0.0,0.0,0.0,11.333333333333334,13.0,24.5,41.8,13.856406460550998,61.87440003192225,15.375729324121528,30.689848255641,0.0,0.0,6
2023-11-14,0.0,24500.0,25230.0,11,14,0,0,0.0,12280.0,1140.0,18335.0,0.0,22250.0,0.0,0.0,0.0,0,1,0,0,0,0,0,0.0,0.0,12280.0,4400.0,3200.0,500.0,0.0,1754.2857142857142,1905.7142857142856,2535.6666666666665,4641.40372855331,6269.500163398242,767.4582225730989,1956.7492059185904,0.0,0.0,7
2023-11-14,0.0,255.0,0.0,11,14,0,0,0.0,105.0,0.0,0.0,145.0,110.0,0.0,105.0,0.0,0,1,0,0,0,0,0,0.0,0.0,105.0,415.0,45.0,0.0,0.0,30.0,90.71428571428572,101.16666666666669,42.52450274057684,119.99772507422188,32.35180217797342,84.86404122937378,0.0,0.0,8
2023-11-15,932.0,4108.0,945.5,11,15,0,0,492.0,950.0,365.3,733.0,736.0,626.4,917.0,1918.0,4197.0,0,0,1,0,0,0,0,130.0,1921.0,950.0,274.0,242.0,809.0,847.6666666666666,930.3571428571428,705.25,579.81,609.4807020656814,411.8011533453392,769.9655941352476,654.3381518670847,0.0,0.0,0
2023-11-15,361.0,439.0,283.0,11,15,0,0,127.0,301.0,292.0,2463.0,682.0,641.0,754.0,690.5,147.5,0,0,1,0,0,0,0,401.0,195.0,301.0,299.0,130.0,165.0,241.0,478.0,395.07142857142856,376.26666666666665,398.7877463847989,264.7733817402363,356.2903625003895,380.4665436509293,0.0,0.0,1
2023-11-15,677.5,11572.4,2337.5,11,15,0,0,75.0,226.0,385.5,986.0,789.5,1451.0,13881.0,13929.3,10505.25,0,0,1,0,0,0,0,52.0,615.0,226.0,586.5,487.0,334.0,247.33333333333331,368.3571428571428,390.1071428571428,400.56666666666666,243.4434763769121,339.7635012499267,311.5806381037043,372.66910164834127,0.0,0.0,2
2023-11-15,0.0,0.0,0.0,11,15,0,0,0.0,0.0,0.0,0.0,0.0,0.0,0.0,0.0,0.0,0,0,1,0,0,0,0,0.0,0.0,0.0,0.0,0.0,0.0,0.0,0.0,0.0,0.0,0.0,0.0,0.0,0.0,0.0,0.0,3
2023-11-15,14918.0,2585.0,1400.0,11,15,0,0,14289.0,14996.0,12114.0,6588.0,765.0,2565.0,2105.5,3159.5,1185.0,0,0,1,0,0,0,0,13922.0,12621.0,14996.0,21214.0,15182.0,14142.0,13610.666666666666,14134.714285714286,14911.642857142857,15054.95,803.3253210428102,2542.6362654631457,14123.22008792939,14687.916436092555,0.0,0.0,4
2023-11-15,385.0,750.0,901.0,11,15,0,0,96.0,0.0,70.0,454.0,48.0,40.0,262.0,516.0,50.0,0,0,1,0,0,0,0,1005.0,67.0,0.0,1483.0,210.0,0.0,389.3333333333333,264.0,262.7857142857143,163.83333333333334,363.66376411918384,322.9783897258223,304.04297152080983,192.2728126218531,0.0,0.0,5
2023-11-15,24.0,6.0,0.0,11,15,0,0,58.0,30.0,41.0,0.0,9.0,25.0,0.0,80.0,0.0,0,0,1,0,0,0,0,9.0,25.0,30.0,35.0,0.0,0.0,30.666666666666668,21.285714285714285,28.642857142857142,41.86666666666667,20.52408573452405,61.89130256613871,26.031796993091145,32.45179352947061,0.0,0.0,6
2023-11-15,0.0,29710.0,0.0,11,15,0,0,0.0,0.0,1000.0,25230.0,15395.0,6500.0,24500.0,0.0,0.0,0,0,1,0,0,0,0,0.0,0.0,0.0,0.0,28900.0,0.0,0.0,0.0,1591.428571428571,2497.6666666666665,0.0,6281.694084776228,575.5936669298242,1830.507321665778,0.0,0.0,7
2023-11-16,354.0,2538.0,360.0,11,16,0,0,932.0,531.5,328.0,945.5,421.0,461.0,4108.0,3656.0,3593.5,0,0,0,1,0,0,0,492.0,130.0,531.5,678.0,20.0,734.0,518.0000000000001,927.7857142857144,752.25,598.7,609.4219841471954,414.6100702404941,810.4741956014357,672.2518194885631,0.0,0.0,0
2023-11-16,305.0,485.0,543.0,11,16,0,0,361.0,1311.0,558.0,283.0,447.0,441.0,439.0,529.0,244.0,0,0,0,1,0,0,0,127.0,401.0,1311.0,431.0,689.0,685.0,296.3333333333333,486.57142857142856,399.5,378.56666666666666,394.9758883539,264.31543763978794,357.4677718752921,379.210637608934,0.0,0.0,1
2023-11-16,1759.0,9661.0,1921.5,11,16,0,0,677.5,513.5,835.0,2337.5,2322.0,1133.5,11572.4,12144.1,12375.4,0,0,0,1,0,0,0,75.0,52.0,513.5,710.0,200.5,96.0,268.1666666666667,432.8571428571428,396.6071428571428,410.3,258.76963923628324,343.4791967800808,403.0604785777782,392.335611219416,0.0,0.0,2
2023-11-16,0.0,0.0,0.0,11,16,0,0,0.0,0.0,0.0,0.0,0.0,0.0,0.0,0.0,0.0,0,0,0,1,0,0,0,0.0,0.0,0.0,0.0,0.0,0.0,0.0,0.0,0.0,0.0,0.0,0.0,0.0,0.0,0.0,0.0,3
2023-11-16,16487.0,3307.5,575.0,11,16,0,0,14918.0,13973.0,12851.0,1400.0,935.0,1622.5,2585.0,3483.0,1032.0,0,0,0,1,0,0,0,14289.0,13922.0,13973.0,20580.0,17846.0,13366.0,14376.333333333334,14123.57142857143,14461.92857142857,15148.416666666666,789.8147160658939,2481.604486823612,14321.915065947043,14702.76053698981,0.0,0.0,4
2023-11-16,96.0,252.0,231.0,11,16,0,0,385.0,0.0,72.0,901.0,300.0,0.0,750.0,320.0,201.0,0,0,0,1,0,0,0,96.0,1005.0,0.0,0.0,0.0,0.0,495.3333333333333,319.0,184.3571428571429,174.33333333333334,345.75473002308064,324.9370584498221,324.2822286406074,204.7068247107658,0.0,0.0,5
2023-11-16,40.0,9.0,0.0,11,16,0,0,24.0,27.0,0.0,0.0,24.0,0.0,6.0,41.0,54.0,0,0,0,1,0,0,0,58.0,9.0,27.0,117.0,82.0,201.0,30.33333333333333,20.428571428571427,27.857142857142858,41.3,20.222571076704845,61.97727614715481,25.52384774481836,31.906516527569284,0.0,0.0,6
2023-11-16,0.0,22370.0,0.0,11,16,0,0,0.0,0.0,500.0,0.0,53060.0,0.0,29710.0,0.0,8750.0,0,0,0,1,0,0,0,0.0,0.0,0.0,0.0,14650.0,0.0,0.0,0.0,1591.428571428571,2464.333333333333,0.0,6292.559198320491,431.6952501973681,1712.4100751066958,0.0,0.0,7
2023-11-17,908.0,1740.0,631.5,11,17,1,0,354.0,1415.0,809.0,360.0,1305.0,1001.0,2538.0,2284.0,3508.0,0,0,0,0,1,0,0,932.0,492.0,1415.0,987.0,575.0,411.0,592.6666666666667,902.4285714285714,729.1071428571429,599.5666666666667,631.9358767952268,414.0515071518428,696.3556467010767,651.7194440376882,0.0,0.0,0
2023-11-17,260.0,670.0,325.0,11,17,1,0,305.0,601.0,165.0,543.0,727.75,57.0,485.0,91.75,313.0,0,0,0,0,1,0,0,361.0,127.0,601.0,457.0,95.0,90.0,264.3333333333333,342.85714285714283,390.5,370.1333333333333,155.31948640509592,262.4223344328668,344.3508289064691,374.42285453738987,0.0,0.0,1
2023-11-17,505.0,10257.2,3116.0,11,17,1,0,1759.0,514.0,334.0,1921.5,2038.5,2288.5,9661.0,9664.3,9668.79,0,0,0,0,1,0,0,677.5,75.0,514.0,432.0,1561.0,835.0,837.1666666666666,610.7857142857143,471.5357142857143,441.1,567.496245005408,416.5342722994109,742.0453589333337,480.50750726977634,0.0,0.0,2
2023-11-17,0.0,0.0,0.0,11,17,1,0,0.0,0.0,0.0,0.0,0.0,0.0,0.0,0.0,0.0,0,0,0,0,1,0,0,0.0,0.0,0.0,0.0,0.0,0.0,0.0,0.0,0.0,0.0,0.0,0.0,0.0,0.0,0.0,0.0,3
2023-11-17,17566.0,12470.0,5030.0,11,17,1,0,16487.0,14997.0,14142.0,575.0,625.0,520.0,3307.5,9715.32,4283.0,0,0,0,0,1,0,0,14918.0,14289.0,14997.0,14302.0,15815.0,15533.0,15231.333333333334,14482.714285714286,14169.57142857143,15269.616666666669,1183.4329602594885,2454.1693084504823,14863.186299460282,14817.872760409824,0.0,0.0,4
2023-11-17,60.0,10200.0,822.0,11,17,1,0,96.0,225.0,0.0,231.0,180.0,100.0,252.0,1034.0,86.0,0,0,0,0,1,0,0,385.0,96.0,225.0,98.0,185.0,0.0,192.33333333333331,332.7142857142857,191.2142857142857,175.13333333333333,332.6483199445096,324.7058863705404,267.21167148045555,197.69348118103895,0.0,0.0,5
2023-11-17,47.0,80.0,66.0,11,17,1,0,40.0,0.0,0.0,0.0,0.0,6.0,9.0,53.0,0.0,0,0,0,0,1,0,0,24.0,58.0,0.0,34.0,25.0,271.0,40.66666666666666,22.285714285714285,22.357142857142858,42.63333333333333,21.48421347341873,61.4864623919059,29.14288580861377,32.428676751597074,0.0,0.0,6
2023-11-17,0.0,22125.0,0.0,11,17,1,0,0.0,0.0,0.0,0.0,0.0,0.0,22370.0,15025.0,13570.0,0,0,0,0,1,0,0,0.0,0.0,0.0,10000.0,0.0,0.0,0.0,0.0,1591.428571428571,2447.6666666666665,0.0,6298.600656485935,323.7714376480261,1601.9320057449736,0.0,0.0,7
2023-11-18,1059.0,1380.0,291.0,11,18,1,0,908.0,1073.0,734.0,631.5,1563.0,467.0,1740.0,2050.0,4063.0,0,0,0,0,0,1,0,354.0,932.0,1073.0,614.0,454.0,1157.0,731.3333333333334,830.0,723.4642857142857,602.8666666666667,591.1342205173595,416.16736382451177,749.2667350258075,668.2536734546115,0.0,0.0,0
2023-11-18,80.0,294.0,373.0,11,18,1,0,260.0,410.0,685.0,325.0,493.0,281.0,670.0,519.0,521.0,0,0,0,0,0,1,0,305.0,361.0,410.0,365.0,308.0,289.0,308.6666666666667,294.1428571428572,376.4285714285714,373.3,106.74022761113105,260.42722194700474,323.2631216798518,367.0407348898164,0.0,0.0,1
2023-11-18,80.0,9934.2,1467.0,11,18,1,0,505.0,583.0,96.0,3116.0,1292.0,1954.0,10257.2,12778.2,7131.5,0,0,0,0,0,1,0,1759.0,677.5,583.0,183.5,129.0,0.0,980.5,609.5,476.75,446.8,567.7622008082844,416.1880087420701,682.7840192000002,482.0876680910811,0.0,0.0,2
2023-11-18,0.0,0.0,0.0,11,18,1,0,0.0,0.0,0.0,0.0,0.0,0.0,0.0,0.0,0.0,0,0,0,0,0,1,0,0.0,0.0,0.0,0.0,0.0,0.0,0.0,0.0,0.0,0.0,0.0,0.0,0.0,0.0,0.0,0.0,3
2023-11-18,16217.0,2661.0,8372.0,11,18,1,0,17566.0,14145.0,13366.0,5030.0,4702.8,2040.0,12470.0,1605.0,2015.0,0,0,0,0,0,1,0,16487.0,14918.0,14145.0,12245.0,14392.0,15133.0,16323.666666666666,14849.714285714286,14402.714285714286,15383.75,1668.45334709381,2479.4084901861133,15538.88972459521,14995.171291996288,0.0,0.0,4
2023-11-18,0.0,291.0,2462.0,11,18,1,0,60.0,455.0,0.0,822.0,381.0,0.0,10200.0,513.0,922.0,0,0,0,0,0,1,0,96.0,385.0,455.0,127.0,0.0,52.0,180.33333333333331,309.1428571428572,188.5,177.13333333333333,347.0856899822813,323.77341303526737,215.40875361034165,188.8100307822623,0.0,0.0,5
2023-11-18,0.0,21.0,0.0,11,18,1,0,47.0,0.0,201.0,66.0,16.0,0.0,80.0,18.0,19.0,0,0,0,0,0,1,0,40.0,24.0,0.0,34.0,112.0,0.0,37.0,29.0,23.285714285714285,44.2,20.68816086557714,60.95922888461509,33.60716435646033,33.36876212246178,0.0,0.0,6
2023-11-18,0.0,14900.0,0.0,11,18,1,0,0.0,0.0,0.0,0.0,0.0,0.0,22125.0,33400.0,21000.0,0,0,0,0,0,1,0,0.0,0.0,0.0,0.0,0.0,0.0,0.0,0.0,877.1428571428571,2447.6666666666665,0.0,6298.600656485935,242.8285782360196,1498.581553761427,0.0,0.0,7
2023-11-19,1110.0,3049.0,977.0,11,19,0,0,1059.0,1921.0,411.0,291.0,1029.0,951.0,1380.0,1607.0,1510.0,0,0,0,0,0,0,1,908.0,354.0,1921.0,244.0,500.0,405.0,773.6666666666666,828.0,755.25,613.7,590.1979893787052,423.85764526344894,826.7000512693556,693.4631138768948,0.0,0.0,0
2023-11-19,491.0,365.0,423.0,11,19,0,0,80.0,195.0,90.0,373.0,176.0,240.0,294.0,599.0,531.0,0,0,0,0,0,0,1,260.0,305.0,195.0,60.0,811.0,45.0,215.0,247.0,356.07142857142856,353.1333333333333,119.19032399206388,258.87788138669623,262.44734125988884,348.5219778001508,0.0,0.0,1
2023-11-19,0.0,6152.0,1983.0,11,19,0,0,80.0,615.0,835.0,1467.0,979.0,1287.5,9934.2,14581.3,10896.5,0,0,0,0,0,0,1,505.0,1759.0,615.0,45.0,129.5,40.0,781.3333333333334,537.6428571428571,469.3571428571428,446.26666666666665,602.4460359156463,416.6630312485081,532.0880144000001,456.1465282142372,0.0,0.0,2
2023-11-19,0.0,0.0,0.0,11,19,0,0,0.0,0.0,0.0,0.0,0.0,0.0,0.0,0.0,0.0,0,0,0,0,0,0,1,0.0,0.0,0.0,0.0,0.0,0.0,0.0,0.0,0.0,0.0,0.0,0.0,0.0,0.0,0.0,0.0,3
2023-11-19,13525.0,1690.0,310.0,11,19,0,0,16217.0,12621.0,15533.0,8372.0,306.0,636.0,2661.0,2571.0,12606.82,0,0,0,0,0,0,1,17566.0,16487.0,12621.0,13954.0,13552.0,14639.5,16756.666666666668,15145.714285714286,14686.42857142857,15478.783333333333,1705.9677326262276,2453.910165020021,15708.417293446408,15073.998950577174,0.0,0.0,4
2023-11-19,49.0,237.0,120.0,11,19,0,0,0.0,67.0,0.0,2462.0,281.0,70.0,291.0,1106.0,1000.0,0,0,0,0,0,0,1,60.0,96.0,67.0,96.0,406.0,0.0,52.0,244.14285714285717,179.42857142857142,177.13333333333333,357.6615851944539,323.77341303526737,161.55656520775625,176.62873847372924,0.0,0.0,5
2023-11-19,0.0,16.0,125.0,11,19,0,0,0.0,25.0,271.0,0.0,0.0,123.0,21.0,27.0,41.0,0,0,0,0,0,0,1,47.0,40.0,25.0,0.0,28.0,16.0,29.0,29.0,20.857142857142858,37.5,20.68816086557714,53.75086206205244,25.205373267345248,31.215938759722317,0.0,0.0,6
2023-11-19,0.0,0.0,12250.0,11,19,0,0,0.0,0.0,0.0,0.0,0.0,0.0,14900.0,37500.0,13950.0,0,0,0,0,0,0,1,0.0,0.0,0.0,0.0,0.0,0.0,0.0,0.0,877.1428571428571,2447.6666666666665,0.0,6298.600656485935,182.1214336770147,1401.898872873593,0.0,0.0,7
2023-11-20,577.0,2243.0,631.0,11,20,0,0,1110.0,130.0,1157.0,977.0,670.0,748.0,3049.0,2015.0,2285.0,1,0,0,0,0,0,0,1059.0,908.0,130.0,365.0,296.0,255.0,1025.6666666666667,712.1428571428571,817.1071428571429,637.0,383.170296592097,431.4747565237638,897.5250384520167,720.3364613687081,0.0,0.0,0
2023-11-20,311.5,4045.0,105.0,11,20,0,0,491.0,401.0,289.0,423.0,409.0,191.0,365.0,524.5,127.0,1,0,0,0,0,0,0,80.0,260.0,401.0,268.0,461.5,519.5,277.0,289.2857142857143,386.8571428571428,366.5,146.94297565803532,255.1485706474725,319.58550594491663,357.7141082646572,0.0,0.0,1
2023-11-20,27.5,7511.8,843.5,11,20,0,0,0.0,52.0,0.0,1983.0,1882.75,894.5,6152.0,11542.85,14267.45,1,0,0,0,0,0,0,80.0,505.0,52.0,199.0,141.0,155.0,195.0,449.7857142857143,466.1428571428572,418.4333333333333,633.3365256811775,417.6879658089385,399.0660108000001,426.717719942351,0.0,0.0,2
2023-11-20,0.0,0.0,0.0,11,20,0,0,0.0,0.0,0.0,0.0,0.0,0.0,0.0,0.0,0.0,1,0,0,0,0,0,0,0.0,0.0,0.0,0.0,0.0,0.0,0.0,0.0,0.0,0.0,0.0,0.0,0.0,0.0,0.0,0.0,3
2023-11-20,15236.0,3897.5,1120.0,11,20,0,0,13525.0,13922.0,15133.0,310.0,690.0,10441.8,1690.0,2118.0,7760.2,1,0,0,0,0,0,0,16217.0,17566.0,13922.0,12901.0,21454.0,13177.0,15769.333333333334,15274.857142857143,14655.785714285714,15411.85,1505.4203652769029,2479.6308511064112,15162.562970084806,14974.063534410903,0.0,0.0,4
2023-11-20,354.0,1681.0,374.0,11,20,0,0,49.0,1005.0,52.0,120.0,586.0,852.0,237.0,633.5,172.0,1,0,0,0,0,0,0,0.0,60.0,1005.0,27.0,241.0,0.0,36.333333333333336,241.57142857142856,176.07142857142858,178.76666666666668,359.2087866143484,322.9716207596142,133.4174239058172,168.3946263141338,0.0,0.0,5
2023-11-20,0.0,9.0,0.0,11,20,0,0,0.0,9.0,0.0,125.0,0.0,0.0,16.0,0.0,17.0,1,0,0,0,0,0,0,0.0,47.0,9.0,32.0,31.0,48.0,15.666666666666666,25.428571428571427,20.857142857142858,28.466666666666665,23.46527322702733,31.195416698427056,18.90402995050893,29.202007226837004,0.0,0.0,6
2023-11-20,0.0,4737.5,0.0,11,20,0,0,0.0,0.0,0.0,12250.0,18335.0,0.0,0.0,0.0,13000.0,1,0,0,0,0,0,0,0.0,0.0,0.0,0.0,0.0,0.0,0.0,0.0,877.1428571428571,2447.6666666666665,0.0,6298.600656485935,136.59107525776102,1311.4537843011033,0.0,0.0,7
2023-11-21,864.5,2720.0,601.5,11,21,0,0,577.0,492.0,405.0,631.0,733.0,280.0,2243.0,917.0,1755.0,0,1,0,0,0,0,0,1110.0,1059.0,492.0,199.0,377.5,592.0,915.3333333333334,776.0,832.25,617.6666666666666,297.6983932327026,420.218751188681,817.3937788390125,711.0889477320173,0.0,0.0,0
2023-11-21,60.0,35.0,198.75,11,21,0,0,311.5,127.0,45.0,105.0,2463.0,126.0,4045.0,754.0,288.0,0,1,0,0,0,0,0,491.0,80.0,127.0,305.0,194.0,425.0,294.1666666666667,276.5,389.9642857142857,367.25,139.29734383684368,254.9458952067254,317.5641294586875,354.7325528927439,0.0,0.0,1
2023-11-21,27.5,8612.6,1224.0,11,21,0,0,27.5,75.0,40.0,843.5,986.0,1017.0,7511.8,13881.0,7776.05,0,1,0,0,0,0,0,0.0,80.0,75.0,727.0,676.0,551.0,35.833333333333336,446.2857142857143,453.8928571428572,419.35,635.963432985921,416.767158801137,306.1745081,400.9617380105864,0.0,0.0,2
2023-11-21,0.0,0.0,0.0,11,21,0,0,0.0,0.0,0.0,0.0,0.0,0.0,0.0,0.0,0.0,0,1,0,0,0,0,0,0.0,0.0,0.0,0.0,0.0,0.0,0.0,0.0,0.0,0.0,0.0,0.0,0.0,0.0,0.0,0.0,3
2023-11-21,15436.0,11136.5,255.0,11,21,0,0,15236.0,14289.0,14639.5,1120.0,6588.0,1066.0,3897.5,2105.5,2335.0,0,1,0,0,0,0,0,13525.0,16217.0,14289.0,14624.0,19598.0,14091.0,14992.666666666666,15462.57142857143,14822.57142857143,15415.283333333333,1385.7833954293098,2479.3027234568017,15180.922227563604,14990.962661223104,0.0,0.0,4
2023-11-21,25.0,475.0,40.0,11,21,0,0,354.0,96.0,0.0,374.0,454.0,476.0,1681.0,262.0,197.0,0,1,0,0,0,0,0,49.0,0.0,96.0,0.0,0.0,0.0,134.33333333333334,148.57142857142858,199.42857142857144,188.83333333333331,154.6284332875183,323.5901071900445,188.5630679293629,180.36916655193164,0.0,0.0,5
2023-11-21,25.0,91.0,32.0,11,21,0,0,0.0,58.0,16.0,0.0,0.0,30.0,9.0,0.0,0.0,0,1,0,0,0,0,0,0.0,0.0,58.0,0.0,0.0,0.0,0.0,24.142857142857142,18.571428571428573,28.466666666666665,24.728044614894007,31.195416698427056,14.1780224628817,27.31800676058946,0.0,0.0,6
2023-11-21,0.0,35665.0,0.0,11,21,0,0,0.0,0.0,0.0,0.0,25230.0,0.0,4737.5,24500.0,26350.0,0,1,0,0,0,0,0,0.0,0.0,0.0,12280.0,4400.0,3200.0,0.0,0.0,877.1428571428571,2447.6666666666665,0.0,6298.600656485935,102.44330644332076,1226.8438627332905,0.0,0.0,7
2023-11-21,0.0,0.0,0.0,11,21,0,0,0.0,70.0,95.0,0.0,70.0,100.0,255.0,0.0,35.0,0,1,0,0,0,0,0,0.0,0.0,70.0,0.0,20.0,90.0,0.0,15.0,61.07142857142857,101.16666666666669,27.537852736430448,119.99772507422188,24.263851633480066,79.38894179522065,0.0,0.0,8
2023-11-22,665.0,1440.5,405.0,11,22,0,0,864.5,932.0,255.0,601.5,945.5,730.0,2720.0,4108.0,1876.0,0,0,1,0,0,0,0,577.0,1110.0,932.0,950.0,274.0,242.0,850.5,829.2142857142857,879.7857142857143,632.9833333333333,270.5241605265064,420.5739814236903,829.1703341292593,720.9864349751131,0.0,0.0,0
2023-11-22,185.0,534.5,404.2,11,22,0,0,60.0,361.0,519.5,198.75,283.0,629.0,35.0,439.0,431.0,0,0,1,0,0,0,0,311.5,491.0,361.0,301.0,299.0,130.0,287.5,266.92857142857144,372.4642857142857,367.75,152.91785065066435,254.30601135992265,253.1730970940156,335.71754948030883,0.0,0.0,1
2023-11-22,195.0,7982.0,2068.5,11,22,0,0,27.5,677.5,155.0,1224.0,2337.5,1108.0,8612.6,11572.4,9002.9,0,0,1,0,0,0,0,27.5,0.0,677.5,226.0,586.5,487.0,18.33333333333333,439.5,403.9285714285714,418.9333333333333,640.8201775849446,417.1655532885889,236.505881075,376.8674323324841,0.0,0.0,2
2023-11-22,0.0,0.0,0.0,11,22,0,0,0.0,0.0,0.0,0.0,0.0,0.0,0.0,0.0,0.0,0,0,1,0,0,0,0,0.0,0.0,0.0,0.0,0.0,0.0,0.0,0.0,0.0,0.0,0.0,0.0,0.0,0.0,0.0,0.0,3
2023-11-22,14880.0,2700.5,2322.0,11,22,0,0,15436.0,14918.0,13177.0,255.0,1400.0,2412.0,11136.5,2585.0,1932.0,0,0,1,0,0,0,0,15236.0,13525.0,14918.0,14996.0,21214.0,15182.0,14732.333333333334,15626.42857142857,14880.57142857143,15441.833333333334,1288.271821361569,2474.969593450762,15244.691670672702,15019.674747595807,0.0,0.0,4
2023-11-22,54.0,30.0,1443.0,11,22,0,0,25.0,385.0,0.0,40.0,901.0,120.0,475.0,750.0,98.0,0,0,1,0,0,0,0,354.0,49.0,385.0,0.0,1483.0,210.0,142.66666666666666,138.42857142857142,201.2142857142857,189.66666666666663,160.85485915658825,323.1188884790769,147.67230094702217,170.34534935503285,0.0,0.0,5
2023-11-22,62.0,85.0,0.0,11,22,0,0,25.0,24.0,48.0,32.0,0.0,76.0,91.0,6.0,45.0,0,0,1,0,0,0,0,0.0,0.0,24.0,30.0,35.0,0.0,8.333333333333334,19.428571428571427,20.357142857142858,28.766666666666666,19.86502070522571,31.114563984636177,16.883516847161275,27.168457937325623,0.0,0.0,6
2023-11-22,0.0,0.0,16175.0,11,22,0,0,0.0,0.0,0.0,0.0,0.0,0.0,35665.0,29710.0,19130.0,0,0,1,0,0,0,0,0.0,0.0,0.0,0.0,0.0,28900.0,0.0,0.0,0.0,2447.6666666666665,0.0,6298.600656485935,76.83247983249058,1147.6926457827556,0.0,0.0,7
2023-11-23,850.0,2026.75,255.0,11,23,0,0,665.0,354.0,592.0,405.0,360.0,125.0,1440.5,2538.0,1598.0,0,0,0,1,0,0,0,864.5,577.0,354.0,531.5,678.0,20.0,702.1666666666666,791.0714285714286,859.4285714285714,646.65,272.43262600923043,414.4852260168108,788.1277505969445,717.3744069122025,0.0,0.0,0
2023-11-23,155.0,153.5,180.0,11,23,0,0,185.0,305.0,425.0,404.2,543.0,352.0,534.5,485.0,649.0,0,0,0,1,0,0,0,60.0,311.5,305.0,1311.0,431.0,689.0,185.5,241.78571428571428,364.1785714285714,356.6,149.29887729619594,254.75577892670404,236.1298228205117,325.9938366106115,0.0,0.0,1
2023-11-23,0.0,8499.25,1317.0,11,23,0,0,195.0,1759.0,551.0,2068.5,1921.5,1350.0,7982.0,9661.0,12357.65,0,0,0,1,0,0,0,27.5,27.5,1759.0,513.5,710.0,200.5,83.33333333333333,370.57142857142856,401.7142857142857,420.26666666666665,636.8910443560598,416.3560258119064,226.12941080625,365.1340496013561,0.0,0.0,2
2023-11-23,0.0,0.0,0.0,11,23,0,0,0.0,0.0,0.0,0.0,0.0,0.0,0.0,0.0,0.0,0,0,0,1,0,0,0,0.0,0.0,0.0,0.0,0.0,0.0,0.0,0.0,0.0,0.0,0.0,0.0,0.0,0.0,0.0,0.0,3
2023-11-23,16416.0,4635.0,300.0,11,23,0,0,14880.0,16487.0,14091.0,2322.0,575.0,1023.0,2700.5,3307.5,4314.0,0,0,0,1,0,0,0,15436.0,15236.0,16487.0,13973.0,20580.0,17846.0,15184.0,15621.0,14872.285714285714,15498.6,1291.8297101398343,2440.521942479563,15153.518753004526,15010.66347355737,0.0,0.0,4
2023-11-23,0.0,1033.5,477.0,11,23,0,0,54.0,96.0,0.0,1443.0,231.0,26.0,30.0,252.0,698.0,0,0,0,1,0,0,0,25.0,354.0,96.0,0.0,0.0,0.0,144.33333333333334,91.14285714285714,205.07142857142856,191.46666666666667,119.66958478999446,322.17490787516016,124.25422571026662,162.83919778374042,0.0,0.0,5
2023-11-23,101.0,170.0,0.0,11,23,0,0,62.0,40.0,0.0,0.0,0.0,0.0,85.0,9.0,65.0,0,0,0,1,0,0,0,25.0,0.0,40.0,27.0,117.0,82.0,29.0,24.857142857142858,22.642857142857142,29.23333333333333,25.66728508840625,31.515385769967672,28.16263763537096,29.41565419943365,0.0,0.0,6
2023-11-23,0.0,20705.0,0.0,11,23,0,0,0.0,0.0,3200.0,16175.0,0.0,26860.0,0.0,22370.0,0.0,0,0,0,1,0,0,0,0.0,0.0,0.0,0.0,0.0,14650.0,0.0,0.0,0.0,2447.6666666666665,0.0,6298.600656485935,57.62435987436793,1073.6479589580615,0.0,0.0,7
2023-11-24,594.0,2692.0,328.0,11,24,1,0,850.0,908.0,242.0,255.0,631.5,502.0,2026.75,1740.0,2569.0,0,0,0,0,1,0,0,665.0,864.5,908.0,1415.0,987.0,575.0,793.1666666666666,861.9285714285714,882.1785714285714,655.25,192.61931985382972,415.98606885658864,803.5958129477083,725.9308967888347,0.0,0.0,0
2023-11-24,60.0,0.0,358.0,11,24,1,0,155.0,260.0,130.0,180.0,325.0,206.25,153.5,670.0,365.5,0,0,0,0,1,0,0,185.0,60.0,260.0,601.0,457.0,95.0,133.33333333333334,220.3571428571429,281.60714285714283,347.6,149.47817964664935,257.0152752739376,215.8473671153838,314.96197618412043,0.0,0.0,1
2023-11-24,889.0,14420.6,1782.0,11,24,1,0,0.0,505.0,487.0,1317.0,3116.0,376.0,8499.25,10257.2,10301.25,0,0,0,0,1,0,0,195.0,27.5,505.0,514.0,432.0,1561.0,74.16666666666667,119.28571428571428,365.0357142857143,401.9,183.19339897652296,422.4979371506464,169.5970581046875,341.5770141432041,0.0,0.0,2
2023-11-24,0.0,0.0,0.0,11,24,1,0,0.0,0.0,0.0,0.0,0.0,0.0,0.0,0.0,0.0,0,0,0,0,1,0,0,0.0,0.0,0.0,0.0,0.0,0.0,0.0,0.0,0.0,0.0,0.0,0.0,0.0,0.0,0.0,0.0,3
2023-11-24,16857.0,11975.0,510.0,11,24,1,0,16416.0,17566.0,15182.0,300.0,5030.0,1086.0,4635.0,12470.0,1880.0,0,0,0,0,1,0,0,14880.0,15436.0,17566.0,14997.0,14302.0,15815.0,15577.333333333334,15610.857142857143,15046.785714285714,15576.1,1284.1529541000082,2431.179440603649,15469.139064753395,15101.330346231089,0.0,0.0,4
2023-11-24,30.0,663.0,2040.0,11,24,1,0,0.0,60.0,210.0,477.0,822.0,256.0,1033.5,10200.0,0.0,0,0,0,0,1,0,0,54.0,25.0,60.0,225.0,98.0,185.0,26.33333333333333,77.42857142857143,205.07142857142856,191.46666666666667,124.42649388676249,322.17490787516016,93.19066928269996,152.33344308801523,0.0,0.0,5
2023-11-24,5.0,143.0,6.0,11,24,1,0,101.0,47.0,0.0,0.0,66.0,66.0,170.0,80.0,58.0,0,0,0,0,1,0,0,62.0,25.0,47.0,0.0,34.0,25.0,62.66666666666666,33.57142857142857,27.928571428571427,32.6,38.70769580181325,33.60993285037761,46.37197822652821,34.03399908979277,0.0,0.0,6
2023-11-24,0.0,21700.0,0.0,11,24,1,0,0.0,0.0,28900.0,0.0,0.0,0.0,20705.0,22125.0,0.0,0,0,0,0,1,0,0,0.0,0.0,0.0,0.0,10000.0,0.0,0.0,0.0,0.0,2341.0,0.0,6312.501198361102,43.21826990577595,1004.380348702703,0.0,0.0,7
2023-11-25,448.0,6070.0,1040.0,11,25,1,0,594.0,1059.0,20.0,328.0,291.0,750.0,2692.0,1380.0,1627.0,0,0,0,0,0,1,0,850.0,665.0,1059.0,1073.0,614.0,454.0,703.0,817.0714285714286,823.5357142857143,666.9833333333333,215.32580519053425,408.8307019000552,751.1968597107812,717.4192260282648,0.0,0.0,0
2023-11-25,198.0,0.0,30.0,11,25,1,0,60.0,80.0,689.0,358.0,373.0,455.0,0.0,294.0,412.0,0,0,0,0,0,1,0,155.0,185.0,80.0,410.0,365.0,308.0,133.33333333333334,191.78571428571428,242.9642857142857,345.26666666666665,159.42131213205002,259.3658956302697,176.88552533653785,298.51281643030626,0.0,0.0,1
2023-11-25,0.0,12852.6,3042.25,11,25,1,0,889.0,80.0,200.5,1782.0,1467.0,1432.0,14420.6,9934.2,9717.5,0,0,0,0,0,1,0,0.0,195.0,80.0,583.0,183.5,129.0,361.3333333333333,174.14285714285714,391.82142857142856,415.3,322.4847172458611,431.5676436371042,349.44779357851564,376.8946261339652,0.0,0.0,2
2023-11-25,0.0,0.0,0.0,11,25,1,0,0.0,0.0,0.0,0.0,0.0,0.0,0.0,0.0,0.0,0,0,0,0,0,1,0,0.0,0.0,0.0,0.0,0.0,0.0,0.0,0.0,0.0,0.0,0.0,0.0,0.0,0.0,0.0,0.0,3
2023-11-25,16951.0,15701.0,75.0,11,25,1,0,16857.0,16217.0,17846.0,510.0,8372.0,677.0,11975.0,2661.0,3910.0,0,0,0,0,0,1,0,16416.0,14880.0,16217.0,14145.0,12245.0,14392.0,16051.0,15509.57142857143,15179.642857142857,15631.933333333332,1121.9603167585387,2441.030307251349,15816.104298565046,15214.599356151664,0.0,0.0,4
2023-11-25,216.5,252.5,1369.0,11,25,1,0,30.0,0.0,0.0,2040.0,2462.0,295.0,663.0,291.0,936.0,0,0,0,0,0,1,0,0.0,54.0,0.0,455.0,127.0,0.0,28.0,73.14285714285714,191.14285714285717,185.46666666666667,125.6376118995012,323.49127082326453,77.39300196202498,144.44096288878845,0.0,0.0,5
2023-11-25,50.0,141.0,57.0,11,25,1,0,5.0,0.0,82.0,6.0,0.0,0.0,143.0,21.0,0.0,0,0,0,0,0,1,0,101.0,62.0,0.0,0.0,34.0,112.0,56.0,27.571428571428573,28.285714285714285,32.766666666666666,39.52576013545738,33.45473868123738,36.02898366989616,32.16083785819324,0.0,0.0,6
2023-11-25,0.0,20400.0,0.0,11,25,1,0,0.0,0.0,14650.0,0.0,0.0,690.0,21700.0,14900.0,0.0,0,0,0,0,0,1,0,0.0,0.0,0.0,0.0,0.0,0.0,0.0,0.0,0.0,1377.6666666666667,0.0,3840.985580535946,32.41370242933196,939.5816165283352,0.0,0.0,7
2023-11-26,1057.0,2244.0,472.0,11,26,0,0,448.0,1110.0,575.0,1040.0,977.0,396.0,6070.0,3049.0,2414.0,0,0,0,0,0,0,1,594.0,850.0,1110.0,1921.0,244.0,500.0,630.6666666666667,729.7857142857143,778.8928571428571,681.25,224.55286258526635,392.6213352978088,675.3976447830859,700.0373404780541,0.0,0.0,0
2023-11-26,30.0,175.0,0.0,11,26,0,0,198.0,491.0,95.0,30.0,423.0,328.5,0.0,365.0,353.0,0,0,0,0,0,0,1,60.0,155.0,491.0,195.0,60.0,811.0,137.66666666666666,208.64285714285717,227.82142857142856,328.9,151.6818804509709,252.32356075155727,182.1641440024034,292.0281185960929,0.0,0.0,1
2023-11-26,0.0,10755.0,846.0,11,26,0,0,0.0,0.0,1561.0,3042.25,1983.0,2430.5,12852.6,6152.0,11905.6,0,0,0,0,0,0,1,889.0,0.0,0.0,615.0,45.0,129.5,296.3333333333333,162.71428571428572,350.17857142857144,408.6166666666667,327.75166629920415,436.5327076921697,262.0858451838867,352.57884380274163,0.0,0.0,2
2023-11-26,0.0,0.0,0.0,11,26,0,0,0.0,0.0,0.0,0.0,0.0,0.0,0.0,0.0,0.0,0,0,0,0,0,0,1,0.0,0.0,0.0,0.0,0.0,0.0,0.0,0.0,0.0,0.0,0.0,0.0,0.0,0.0,0.0,0.0,3
2023-11-26,17929.0,1780.0,22514.0,11,26,0,0,16951.0,13525.0,15815.0,75.0,310.0,385.0,15701.0,1690.0,16738.32,0,0,0,0,0,0,1,16857.0,16416.0,13525.0,12621.0,13954.0,13552.0,16741.333333333332,15614.42857142857,15380.07142857143,15602.1,1228.3502292564012,2418.40204224424,16099.828223923783,15326.62520414188,0.0,0.0,4
2023-11-26,0.0,989.5,753.0,11,26,0,0,216.5,49.0,185.0,1369.0,120.0,663.0,252.5,237.0,591.0,0,0,0,0,0,0,1,30.0,0.0,49.0,67.0,96.0,406.0,82.16666666666667,104.07142857142856,174.10714285714286,192.6833333333333,131.1578020844326,321.6205861520399,112.16975147151874,149.08993302499564,0.0,0.0,5
2023-11-26,36.0,27.0,0.0,11,26,0,0,50.0,0.0,25.0,57.0,125.0,0.0,141.0,16.0,0.0,0,0,0,0,0,0,1,5.0,101.0,0.0,25.0,0.0,28.0,52.0,34.714285714285715,31.857142857142858,31.7,38.20870008132648,32.32181925572871,39.521737752422126,33.31175154476142,0.0,0.0,6
2023-11-26,0.0,1200.0,0.0,11,26,0,0,0.0,0.0,0.0,0.0,12250.0,11450.0,20400.0,0.0,26250.0,0,0,0,0,0,0,1,0.0,0.0,0.0,0.0,0.0,0.0,0.0,0.0,0.0,889.3333333333334,0.0,2915.0677916448285,24.31027682199897,878.9634477200556,0.0,0.0,7
2023-11-26,0.0,0.0,0.0,11,26,0,0,0.0,35.0,0.0,0.0,0.0,220.0,0.0,0.0,0.0,0,0,0,0,0,0,1,0.0,0.0,35.0,110.0,155.0,160.0,0.0,5.0,61.07142857142857,98.0,13.228756555322894,121.41124188135316,18.197888725110047,74.26707458262577,0.0,0.0,8
2023-11-27,272.0,1958.0,370.0,11,27,0,0,1057.0,577.0,454.0,472.0,631.0,135.0,2244.0,2243.0,1167.0,1,0,0,0,0,0,0,448.0,594.0,577.0,130.0,365.0,296.0,699.6666666666666,722.2142857142857,717.1785714285714,697.3166666666667,210.0194152022716,397.9494310997863,770.7982335873144,723.06718947947,0.0,0.0,0
2023-11-27,390.0,227.0,235.0,11,27,0,0,30.0,311.5,308.0,0.0,105.0,214.0,175.0,4045.0,225.0,1,0,0,0,0,0,0,198.0,60.0,311.5,401.0,268.0,461.5,96.0,142.78571428571428,216.03571428571428,326.7333333333333,99.89321679625932,254.6694522023744,144.12310800180254,275.1230786866676,0.0,0.0,1
2023-11-27,721.5,11510.15,1304.0,11,27,0,0,0.0,27.5,129.0,846.0,843.5,3532.4,10755.0,7511.8,14154.5,1,0,0,0,0,0,0,0.0,889.0,27.5,52.0,199.0,141.0,296.3333333333333,162.71428571428572,306.25,356.5833333333333,327.75166629920415,384.3498559666818,196.56438388791503,329.83182162191963,0.0,0.0,2
2023-11-27,0.0,0.0,0.0,11,27,0,0,0.0,0.0,0.0,0.0,0.0,0.0,0.0,0.0,0.0,1,0,0,0,0,0,0,0.0,0.0,0.0,0.0,0.0,0.0,0.0,0.0,0.0,0.0,0.0,0.0,0.0,0.0,0.0,0.0,3
2023-11-27,17120.0,615.0,1965.0,11,27,0,0,17929.0,15236.0,14392.0,22514.0,1120.0,6231.6,1780.0,3897.5,1893.0,1,0,0,0,0,0,0,16951.0,16857.0,15236.0,13922.0,12901.0,21454.0,17245.666666666668,16243.57142857143,15759.214285714286,15672.566666666668,1101.0487208630925,2455.3358880178853,16557.121167942838,15494.520352261758,0.0,0.0,4
2023-11-27,0.0,964.0,166.0,11,27,0,0,0.0,354.0,0.0,753.0,374.0,150.0,989.5,1681.0,723.0,1,0,0,0,0,0,0,216.5,30.0,354.0,1005.0,27.0,241.0,82.16666666666667,97.07142857142856,169.32142857142858,186.51666666666668,135.81188846201644,323.54082200820847,84.12731360363905,139.47122766854432,0.0,0.0,5
2023-11-27,41.0,54.0,0.0,11,27,0,0,36.0,0.0,112.0,0.0,0.0,25.0,27.0,9.0,36.0,1,0,0,0,0,0,0,50.0,5.0,0.0,9.0,32.0,31.0,30.33333333333333,39.85714285714285,32.642857142857146,32.06666666666667,35.04962468381347,32.30558116970873,38.6413033143166,33.485186928970364,0.0,0.0,6
2023-11-27,0.0,0.0,2800.0,11,27,0,0,0.0,0.0,0.0,0.0,0.0,5650.0,1200.0,4737.5,9050.0,1,0,0,0,0,0,0,0.0,0.0,0.0,0.0,0.0,0.0,0.0,0.0,0.0,889.3333333333334,0.0,2915.0677916448285,18.23270761649923,822.25612851231,0.0,0.0,7
2023-11-28,240.0,2825.5,686.0,11,28,0,0,272.0,864.5,500.0,370.0,601.5,188.0,1958.0,2720.0,2407.0,0,1,0,0,0,0,0,1057.0,448.0,864.5,492.0,199.0,377.5,592.3333333333334,678.6428571428571,727.3214285714286,691.25,268.62779613647984,403.1400832516383,646.0986751904858,693.9660804807945,0.0,0.0,0
2023-11-28,517.0,460.0,325.0,11,28,0,0,390.0,60.0,811.0,235.0,198.75,608.0,227.0,35.0,0.0,0,1,0,0,0,0,0,30.0,198.0,60.0,127.0,305.0,194.0,206.0,154.0,215.25,329.46666666666664,123.58667673607208,254.90139856129807,205.5923310013519,282.5344929649472,0.0,0.0,1
2023-11-28,227.5,12994.4,872.0,11,28,0,0,721.5,27.5,129.5,1304.0,1224.0,1522.0,11510.15,8612.6,10880.9,0,1,0,0,0,0,0,0.0,0.0,27.5,75.0,727.0,676.0,240.5,261.85714285714283,354.07142857142856,376.3333333333333,380.7186969278975,387.46246388461947,327.79828791593627,355.10073635598934,0.0,0.0,2
2023-11-28,0.0,0.0,0.0,11,28,0,0,0.0,0.0,0.0,0.0,0.0,0.0,0.0,0.0,0.0,0,1,0,0,0,0,0,0.0,0.0,0.0,0.0,0.0,0.0,0.0,0.0,0.0,0.0,0.0,0.0,0.0,0.0,0.0,0.0,3
2023-11-28,17433.0,823.0,690.0,11,28,0,0,17120.0,15436.0,13552.0,1965.0,255.0,566.0,615.0,11136.5,2029.0,0,1,0,0,0,0,0,17929.0,16951.0,15436.0,14289.0,14624.0,19598.0,17333.333333333332,16512.714285714286,15987.642857142857,15763.5,1042.4099824102498,2456.7900384655413,16697.84087595713,15599.390006954549,0.0,0.0,4
2023-11-28,0.0,49.0,1366.0,11,28,0,0,0.0,25.0,406.0,166.0,40.0,418.0,964.0,475.0,880.0,0,1,0,0,0,0,0,0.0,216.5,25.0,96.0,0.0,0.0,72.16666666666667,46.5,97.53571428571428,186.51666666666668,77.65039171397339,323.54082200820847,63.09548520272929,130.47308394799308,0.0,0.0,5
2023-11-28,89.0,24.0,0.0,11,28,0,0,41.0,25.0,28.0,0.0,32.0,50.0,54.0,91.0,0.0,0,1,0,0,0,0,0,36.0,50.0,25.0,58.0,0.0,0.0,42.333333333333336,45.71428571428572,34.92857142857143,29.7,30.39580171511778,28.640639079750777,39.23097748573745,33.970013578714216,0.0,0.0,6
2023-11-28,0.0,0.0,11250.0,11,28,0,0,0.0,0.0,0.0,2800.0,0.0,3750.0,0.0,35665.0,0.0,0,1,0,0,0,0,0,0.0,0.0,0.0,0.0,12280.0,4400.0,0.0,0.0,0.0,889.3333333333334,0.0,2915.0677916448285,13.674530712374423,769.2073460276449,0.0,0.0,7
2023-11-29,1420.0,3159.0,110.0,11,29,0,0,240.0,665.0,296.0,686.0,405.0,40.0,2825.5,1440.5,2161.0,0,0,1,0,0,0,0,272.0,1057.0,665.0,932.0,950.0,274.0,523.0000000000001,589.4285714285714,709.3214285714286,682.5833333333334,298.64017208164,410.12750505458513,544.5740063928644,664.6779462562272,0.0,0.0,0
2023-11-29,484.0,148.0,421.5,11,29,0,0,517.0,185.0,461.5,325.0,404.2,147.0,460.0,534.5,0.0,0,0,1,0,0,0,0,390.0,30.0,185.0,361.0,301.0,299.0,312.3333333333333,219.28571428571428,243.1071428571429,319.6666666666667,175.47052391186546,241.02369082774803,283.444248251014,297.6612998704345,0.0,0.0,1
2023-11-29,238.0,19752.95,1763.5,11,29,0,0,227.5,195.0,141.0,872.0,2068.5,2025.0,12994.4,7982.0,5885.75,0,0,1,0,0,0,0,721.5,0.0,195.0,677.5,226.0,586.5,316.3333333333333,290.42857142857144,364.9642857142857,379.6,367.4740839582466,385.71886313649503,302.7237159369522,346.8684307846352,0.0,0.0,2
2023-11-29,0.0,0.0,0.0,11,29,0,0,0.0,0.0,0.0,0.0,0.0,0.0,0.0,0.0,0.0,0,0,1,0,0,0,0,0.0,0.0,0.0,0.0,0.0,0.0,0.0,0.0,0.0,0.0,0.0,0.0,0.0,0.0,0.0,0.0,3
2023-11-29,14624.0,2688.0,905.0,11,29,0,0,17433.0,14880.0,21454.0,690.0,2322.0,1749.0,823.0,2700.5,2511.0,0,0,1,0,0,0,0,17120.0,17929.0,14880.0,14918.0,14996.0,21214.0,17494.0,16798.0,16212.214285714286,15892.866666666669,969.3303530444608,2438.435956231728,16881.630656967845,15717.687425860706,0.0,0.0,4
2023-11-29,64.5,98.0,255.75,11,29,0,0,0.0,54.0,241.0,1366.0,1443.0,576.0,49.0,30.0,855.0,0,0,1,0,0,0,0,0.0,0.0,54.0,385.0,0.0,1483.0,0.0,42.92857142857143,90.67857142857144,172.98333333333332,79.3601645303605,322.5331975250722,47.32161390204697,122.05546562876772,0.0,0.0,5
2023-11-29,0.0,0.0,32.0,11,29,0,0,89.0,62.0,31.0,0.0,0.0,0.0,24.0,85.0,0.0,0,0,1,0,0,0,0,41.0,36.0,62.0,24.0,30.0,35.0,55.333333333333336,54.85714285714285,37.142857142857146,31.73333333333333,32.66715257170192,30.613196763682645,51.67323311430309,37.5203352833133,0.0,0.0,6
2023-11-29,0.0,0.0,18000.0,11,29,0,0,0.0,0.0,0.0,11250.0,16175.0,10840.0,0.0,0.0,0.0,0,0,1,0,0,0,0,0.0,0.0,0.0,0.0,0.0,0.0,0.0,0.0,0.0,889.3333333333334,0.0,2915.0677916448285,10.255898034280818,719.5810656387647,0.0,0.0,7
2023-11-30,1795.0,3083.0,1058.0,11,30,0,0,1420.0,850.0,377.5,110.0,255.0,160.0,3159.0,2026.75,1234.0,0,0,0,1,0,0,0,240.0,272.0,850.0,354.0,531.5,678.0,644.0000000000001,697.2857142857143,744.1785714285714,720.05,435.47319637597,424.6766183490842,763.4305047946483,713.4084013364707,0.0,0.0,0
2023-11-30,253.0,647.5,468.0,11,30,0,0,484.0,155.0,194.0,421.5,180.0,525.0,148.0,153.5,168.0,0,0,0,1,0,0,0,517.0,390.0,155.0,305.0,1311.0,431.0,463.6666666666667,262.0,251.89285714285717,320.4166666666667,200.36050841753516,241.5147630003732,333.58318618826047,309.68315149169683,0.0,0.0,1
2023-11-30,415.0,11788.0,3059.5,11,30,0,0,238.0,0.0,676.0,1763.5,1317.0,2194.0,19752.95,8499.25,7592.25,0,0,0,1,0,0,0,227.5,721.5,0.0,1759.0,513.5,710.0,395.6666666666667,296.57142857142856,333.57142857142856,382.8333333333333,365.96930979835696,384.05276068335405,286.5427869527141,339.8446610565943,0.0,0.0,2
2023-11-30,0.0,0.0,0.0,11,30,0,0,0.0,0.0,0.0,0.0,0.0,0.0,0.0,0.0,0.0,0,0,0,1,0,0,0,0.0,0.0,0.0,0.0,0.0,0.0,0.0,0.0,0.0,0.0,0.0,0.0,0.0,0.0,0.0,0.0,3
2023-11-30,13631.0,2650.0,1260.0,11,30,0,0,14624.0,16416.0,19598.0,905.0,300.0,1805.0,2688.0,4635.0,1859.0,0,0,0,1,0,0,0,17433.0,17120.0,16416.0,16487.0,13973.0,20580.0,16392.333333333332,16761.428571428572,16191.214285714286,15665.2,1054.8141790765417,2209.39984673637,16317.222992725883,15647.12694677292,0.0,0.0,4
2023-11-30,848.0,1741.5,1026.0,11,30,0,0,64.5,0.0,0.0,255.75,477.0,96.0,98.0,1033.5,600.0,0,0,0,1,0,0,0,0.0,0.0,0.0,96.0,0.0,0.0,21.5,44.42857142857143,67.78571428571429,167.1,79.70279615098762,322.85932668514675,51.616210426535226,118.34220978175046,0.0,0.0,5
2023-11-30,0.0,9.0,29.0,11,30,0,0,0.0,101.0,0.0,32.0,0.0,0.0,0.0,170.0,6.0,0,0,0,1,0,0,0,89.0,41.0,101.0,40.0,27.0,117.0,43.333333333333336,46.0,35.42857142857143,30.7,38.32318706301267,31.15716555653349,38.75492483572732,35.09966849084148,0.0,0.0,6
2023-12-01,1437.0,2343.0,503.0,12,1,1,0,1795.0,594.0,274.0,1058.0,328.0,2941.0,3083.0,2692.0,1850.0,0,0,0,0,1,0,0,1420.0,240.0,594.0,908.0,1415.0,987.0,1151.6666666666667,832.2857142857143,847.1071428571429,767.3,604.4145140232027,462.4282535217462,1021.3228785959864,783.1885044760531,0.0,0.0,0
2023-12-01,485.0,135.0,1007.0,12,1,1,0,253.0,60.0,299.0,468.0,358.0,475.0,647.5,0.0,147.0,0,0,0,0,1,0,0,484.0,517.0,60.0,260.0,601.0,457.0,418.0,276.0,248.17857142857144,322.3833333333333,194.9897433200009,240.68865578375,313.4373896411953,306.0261739761035,0.0,0.0,1
2023-12-01,499.0,16555.4,1899.0,12,1,1,0,415.0,889.0,586.5,3059.5,1782.0,1659.25,11788.0,14420.6,9840.0,0,0,0,0,1,0,0,238.0,227.5,889.0,505.0,514.0,432.0,293.5,355.85714285714283,237.57142857142856,374.1333333333333,342.79934780734766,380.1186959207684,318.65709021453563,344.6933926013302,0.0,0.0,2
2023-12-01,0.0,0.0,0.0,12,1,1,0,0.0,0.0,0.0,0.0,0.0,0.0,0.0,0.0,0.0,0,0,0,0,1,0,0,0.0,0.0,0.0,0.0,0.0,0.0,0.0,0.0,0.0,0.0,0.0,0.0,0.0,0.0,0.0,0.0,3
2023-12-01,16168.0,9843.4,1383.0,12,1,1,0,13631.0,16857.0,21214.0,1260.0,510.0,737.0,2650.0,11975.0,3101.5,0,0,0,0,1,0,0,14624.0,17433.0,16857.0,17566.0,14997.0,14302.0,15229.333333333334,16363.57142857143,15987.214285714286,15466.3,1594.157442783152,2109.4712550452427,15645.667244544413,15517.054240529507,0.0,0.0,4
2023-12-01,0.0,553.0,957.75,12,1,1,0,848.0,30.0,1483.0,1026.0,2040.0,258.0,1741.5,663.0,204.0,0,0,0,0,1,0,0,64.5,0.0,30.0,60.0,225.0,98.0,304.1666666666667,165.57142857142858,121.5,195.36666666666667,310.68183464913506,344.14504092809824,250.71215781990145,165.41690592486333,0.0,0.0,5
2023-12-01,201.0,172.0,38.0,12,1,1,0,0.0,5.0,35.0,29.0,6.0,0.0,9.0,143.0,0.0,0,0,0,0,1,0,0,0.0,89.0,5.0,47.0,0.0,34.0,29.666666666666668,31.571428571428573,32.57142857142857,30.7,32.776298056457065,31.15716555653349,29.06619362679549,32.835173749496875,0.0,0.0,6
2023-12-02,2189.0,1202.0,349.0,12,2,1,0,1437.0,448.0,678.0,503.0,1040.0,383.0,2343.0,6070.0,4335.0,0,0,0,0,0,1,0,1795.0,1420.0,448.0,1059.0,1073.0,614.0,1550.6666666666667,952.7142857142856,884.8928571428571,806.0666666666667,632.3605812840524,468.3582612910124,1125.2421589469895,825.3698912840498,0.0,0.0,0
2023-12-02,584.5,514.5,271.0,12,2,1,0,485.0,198.0,431.0,1007.0,30.0,312.0,135.0,0.0,288.0,0,0,0,0,0,1,0,253.0,484.0,198.0,80.0,410.0,365.0,407.3333333333333,336.7142857142857,264.25,328.5833333333333,182.27608572868616,242.45469122879547,356.32804223089653,317.5728724292581,0.0,0.0,1
2023-12-02,342.0,16863.0,1568.0,12,2,1,0,499.0,0.0,710.0,1899.0,3042.25,2796.0,16555.4,12852.6,7069.35,0,0,0,0,0,1,0,415.0,238.0,0.0,80.0,583.0,183.5,384.0,300.1428571428572,237.14285714285717,371.2166666666666,264.44544400904874,378.76629777916247,363.7428176609017,354.6486575947928,0.0,0.0,2
2023-12-02,0.0,0.0,0.0,12,2,1,0,0.0,0.0,0.0,0.0,0.0,0.0,0.0,0.0,0.0,0,0,0,0,0,1,0,0.0,0.0,0.0,0.0,0.0,0.0,0.0,0.0,0.0,0.0,0.0,0.0,0.0,0.0,0.0,0.0,3
2023-12-02,13328.0,2010.0,7286.0,12,2,1,0,16168.0,16951.0,20580.0,1383.0,75.0,490.0,9843.4,15701.0,2655.0,0,0,0,0,0,1,0,13631.0,14624.0,16951.0,16217.0,14145.0,12245.0,14807.666666666666,16265.142857142857,15887.357142857143,15298.1,1579.819971660413,1816.1515839439612,15776.25043340831,15559.050741140509,0.0,0.0,4
2023-12-02,0.0,794.5,273.0,12,2,1,0,0.0,216.5,0.0,957.75,1369.0,570.0,553.0,252.5,952.0,0,0,0,0,0,1,0,848.0,64.5,216.5,0.0,455.0,127.0,304.1666666666667,161.28571428571428,117.21428571428572,145.93333333333334,313.0614765429279,245.0543477135908,188.0341183649261,154.74484747809797,0.0,0.0,5
2023-12-02,37.0,87.0,24.0,12,2,1,0,201.0,50.0,117.0,38.0,57.0,0.0,172.0,141.0,53.0,0,0,0,0,0,1,0,0.0,0.0,50.0,0.0,0.0,34.0,67.0,59.57142857142857,43.57142857142857,36.23333333333333,69.47147410474106,44.02873930806408,72.04964522009661,43.6845173785616,0.0,0.0,6
2023-12-02,0.0,7600.0,0.0,12,2,1,0,0.0,0.0,4400.0,18000.0,0.0,29130.0,0.0,20705.0,0.0,0,0,0,0,0,1,0,0.0,0.0,0.0,0.0,0.0,0.0,0.0,0.0,0.0,889.3333333333334,0.0,2915.0677916448285,7.691923525710614,673.1564807588444,0.0,0.0,7
2023-12-03,110.0,2133.5,665.0,12,3,0,0,2189.0,1057.0,987.0,349.0,472.0,678.0,1202.0,2244.0,1040.0,0,0,0,0,0,0,1,1437.0,1795.0,1057.0,1110.0,1921.0,244.0,1807.0,1201.428571428571,965.6071428571428,856.4333333333333,734.8394058438568,531.1478742947354,1391.1816192102422,913.3460273302402,0.0,0.0,0
2023-12-03,0.0,301.0,321.0,12,3,0,0,584.5,30.0,457.0,271.0,0.0,597.0,514.5,175.0,204.0,0,0,0,0,0,0,1,485.0,253.0,30.0,491.0,195.0,60.0,440.8333333333333,391.9285714285714,300.2857142857143,333.7,191.5564382828701,246.28010405871683,413.3710316731724,334.79397743382214,0.0,0.0,1
2023-12-03,172.0,11219.75,956.0,12,3,0,0,342.0,0.0,432.0,1568.0,846.0,1940.0,16863.0,10755.0,14738.95,0,0,0,0,0,0,1,499.0,415.0,0.0,0.0,615.0,45.0,418.6666666666667,349.0,255.8571428571429,358.95,228.96342502679343,373.3362483209268,358.3071132456763,353.8326151693223,0.0,0.0,2
2023-12-03,0.0,0.0,0.0,12,3,0,0,0.0,0.0,0.0,0.0,0.0,0.0,0.0,0.0,0.0,0,0,0,0,0,0,1,0.0,0.0,0.0,0.0,0.0,0.0,0.0,0.0,0.0,0.0,0.0,0.0,0.0,0.0,0.0,0.0,3
2023-12-03,15124.0,1745.0,328.0,12,3,0,0,13328.0,17929.0,14302.0,7286.0,22514.0,272.5,2010.0,1780.0,11069.5,0,0,0,0,0,0,1,16168.0,13631.0,17929.0,13525.0,12621.0,13954.0,14375.666666666666,15747.57142857143,15681.0,15056.366666666669,1882.2076450401487,1552.346021756899,15164.187825056231,15415.111983647574,0.0,0.0,4
2023-12-03,0.0,1804.5,316.0,12,3,0,0,0.0,0.0,98.0,273.0,753.0,241.0,794.5,989.5,727.0,0,0,0,0,0,0,1,0.0,848.0,0.0,49.0,67.0,96.0,282.6666666666667,130.35714285714286,117.21428571428572,145.93333333333334,317.36239987929093,245.0543477135908,141.02558877369455,144.76130893112392,0.0,0.0,5
2023-12-03,99.0,18.0,16.0,12,3,0,0,37.0,36.0,34.0,24.0,0.0,25.0,87.0,27.0,77.0,0,0,0,0,0,0,1,201.0,0.0,36.0,0.0,25.0,0.0,79.33333333333333,57.71428571428572,46.21428571428572,33.56666666666667,69.94215296875522,41.30682780108515,63.287233915072456,43.25325819284795,0.0,0.0,6
2023-12-04,375.0,3426.0,635.25,12,4,0,0,110.0,272.0,614.0,665.0,370.0,462.0,2133.5,1958.0,1655.5,1,0,0,0,0,0,0,2189.0,1437.0,272.0,577.0,130.0,365.0,1245.3333333333333,1066.142857142857,894.1785714285714,827.2,844.8051902798712,547.5935221651562,1070.8862144076816,861.5172513734506,0.0,0.0,0
2023-12-04,1537.0,555.0,655.0,12,4,0,0,0.0,390.0,365.0,321.0,235.0,348.0,301.0,227.0,303.0,1,0,0,0,0,0,0,584.5,485.0,390.0,311.5,401.0,268.0,356.5,387.6428571428572,265.2142857142857,318.46666666666664,201.10128341329937,252.44691942354288,310.0282737548793,313.1943659864788,0.0,0.0,1
2023-12-04,1030.0,12426.0,1818.0,12,4,0,0,172.0,721.5,183.5,956.0,1304.0,1860.0,11219.75,11510.15,11991.8,1,0,0,0,0,0,0,342.0,499.0,721.5,27.5,52.0,199.0,337.6666666666667,373.57142857142856,268.1428571428572,350.28333333333336,191.41891855548772,374.5976849564243,311.73033493425726,342.10147870678543,0.0,0.0,2
2023-12-04,0.0,0.0,0.0,12,4,0,0,0.0,0.0,0.0,0.0,0.0,0.0,0.0,0.0,0.0,1,0,0,0,0,0,0,0.0,0.0,0.0,0.0,0.0,0.0,0.0,0.0,0.0,0.0,0.0,0.0,0.0,0.0,0.0,0.0,3
2023-12-04,15660.0,2685.0,835.0,12,4,0,0,15124.0,17120.0,12245.0,328.0,1965.0,9357.6,1745.0,615.0,3022.0,1,0,0,0,0,0,0,13328.0,16168.0,17120.0,15236.0,13922.0,12901.0,14873.333333333334,15346.857142857143,15795.214285714286,15083.766666666666,1620.824936935029,1545.812467622633,15154.140868792176,15396.330565347733,0.0,0.0,4
2023-12-04,0.0,1407.0,391.0,12,4,0,0,0.0,0.0,127.0,316.0,166.0,67.2,1804.5,964.0,149.0,1,0,0,0,0,0,0,0.0,0.0,0.0,354.0,1005.0,27.0,0.0,130.35714285714286,113.71428571428572,142.66666666666666,317.36239987929093,246.36503381173557,105.76919158027091,135.42186964524495,0.0,0.0,5
2023-12-04,37.0,6.0,16.0,12,4,0,0,99.0,41.0,34.0,16.0,0.0,16.0,18.0,54.0,36.0,1,0,0,0,0,0,0,37.0,201.0,41.0,0.0,9.0,32.0,112.33333333333331,66.71428571428571,53.285714285714285,35.733333333333334,70.73121490476998,43.00034749926408,72.21542543630434,46.84982218040615,0.0,0.0,6
2023-12-04,0.0,0.0,3750.0,12,4,0,0,0.0,0.0,0.0,0.0,0.0,16180.0,7600.0,21700.0,0.0,1,0,0,0,0,0,0,0.0,0.0,0.0,0.0,0.0,10000.0,0.0,0.0,0.0,742.6666666666666,0.0,2842.120302888665,5.76894264428296,629.7270303873061,0.0,0.0,7
2023-12-04,0.0,0.0,0.0,12,4,0,0,0.0,0.0,90.0,0.0,0.0,245.0,0.0,185.0,115.0,1,0,0,0,0,0,0,0.0,0.0,0.0,105.0,35.0,305.0,0.0,0.0,53.21428571428572,98.0,0.0,121.41124188135316,13.648416543832536,69.47565041600475,0.0,0.0,8
2023-12-05,128.0,2831.0,827.0,12,5,0,0,375.0,240.0,244.0,635.25,686.0,844.0,3426.0,2825.5,1434.0,0,1,0,0,0,0,0,110.0,2189.0,240.0,864.5,492.0,199.0,891.3333333333334,1080.857142857143,879.75,819.2333333333333,829.424987279627,552.5186177754608,896.9146608057612,830.1290416074216,0.0,0.0,0
2023-12-05,408.0,371.0,551.0,12,5,0,0,1537.0,517.0,60.0,655.0,325.0,593.0,555.0,460.0,346.0,0,1,0,0,0,0,0,0.0,584.5,517.0,60.0,127.0,305.0,707.1666666666666,551.5,352.75,357.53333333333336,478.8393084671866,336.56612644659344,616.7712053161595,392.1495681808996,0.0,0.0,1
2023-12-05,497.0,11744.5,1535.0,12,5,0,0,1030.0,227.5,45.0,1818.0,872.0,456.0,12426.0,12994.4,10234.5,0,1,0,0,0,0,0,172.0,342.0,227.5,27.5,75.0,727.0,514.6666666666666,417.6428571428572,339.75,378.5,293.2846618170526,393.029436468866,491.2977512006929,386.482028467638,0.0,0.0,2
2023-12-05,0.0,0.0,0.0,12,5,0,0,0.0,0.0,0.0,0.0,0.0,0.0,0.0,0.0,0.0,0,1,0,0,0,0,0,0.0,0.0,0.0,0.0,0.0,0.0,0.0,0.0,0.0,0.0,0.0,0.0,0.0,0.0,0.0,0.0,3
2023-12-05,16970.0,3030.0,899.0,12,5,0,0,15660.0,17433.0,13954.0,835.0,690.0,789.0,2685.0,823.0,2495.0,0,1,0,0,0,0,0,15124.0,13328.0,17433.0,15436.0,14289.0,14624.0,14704.0,15138.285714285714,15825.5,15197.6,1438.283086911336,1452.4801286551317,15280.60565159413,15413.34149661562,0.0,0.0,4
2023-12-05,0.0,1201.0,593.0,12,5,0,0,0.0,0.0,96.0,391.0,1366.0,331.0,1407.0,49.0,418.0,0,1,0,0,0,0,0,0.0,0.0,0.0,25.0,96.0,0.0,0.0,130.35714285714286,88.42857142857143,138.43333333333334,317.36239987929093,247.7308652735777,79.32689368520319,126.6849748294227,0.0,0.0,5
2023-12-05,18.0,75.0,0.0,12,5,0,0,37.0,89.0,0.0,16.0,0.0,0.0,6.0,24.0,43.0,0,1,0,0,0,0,0,99.0,37.0,89.0,25.0,58.0,0.0,57.66666666666666,66.14285714285714,55.92857142857143,35.833333333333336,70.98926813593857,42.999665863443774,63.41156907722826,46.21434978167027,0.0,0.0,6
2023-12-05,0.0,1300.0,20900.0,12,5,0,0,0.0,0.0,0.0,3750.0,0.0,36580.0,0.0,20400.0,26900.0,0,1,0,0,0,0,0,0.0,0.0,0.0,0.0,0.0,0.0,0.0,0.0,0.0,742.6666666666666,0.0,2842.120302888665,4.326706983212221,589.099480039738,0.0,0.0,7
2023-12-06,1393.0,2824.5,129.0,12,6,0,0,128.0,1420.0,365.0,827.0,110.0,125.0,2831.0,3159.0,915.5,0,0,1,0,0,0,0,375.0,110.0,1420.0,665.0,932.0,950.0,204.33333333333331,1064.857142857143,827.1428571428571,815.3666666666667,849.1936231059494,557.0702136970758,704.6859956043209,784.8303937617816,0.0,0.0,0
2023-12-06,335.0,527.0,1664.0,12,6,0,0,408.0,484.0,268.0,551.0,421.5,376.5,371.0,148.0,324.0,0,0,1,0,0,0,0,1537.0,0.0,484.0,185.0,361.0,301.0,648.3333333333334,535.9285714285714,377.6071428571428,369.1333333333333,481.91064425640064,331.9228185456136,564.5784039871196,393.17217668535767,0.0,0.0,1
2023-12-06,366.0,12644.05,1117.25,12,6,0,0,497.0,238.0,199.0,1535.0,1763.5,855.0,11744.5,19752.95,8424.05,0,0,1,0,0,0,0,1030.0,172.0,238.0,195.0,677.5,226.0,566.3333333333334,456.1428571428572,373.2857142857143,393.56666666666666,281.6211572138646,388.4408208007594,492.7233134005197,393.61222017940327,0.0,0.0,2
2023-12-06,0.0,0.0,0.0,12,6,0,0,0.0,0.0,0.0,0.0,0.0,0.0,0.0,0.0,0.0,0,0,1,0,0,0,0,0.0,0.0,0.0,0.0,0.0,0.0,0.0,0.0,0.0,0.0,0.0,0.0,0.0,0.0,0.0,0.0,3
2023-12-06,16393.0,3363.5,1330.0,12,6,0,0,16970.0,14624.0,12901.0,899.0,905.0,470.0,3030.0,2688.0,3582.0,0,0,1,0,0,0,0,15660.0,15124.0,14624.0,14880.0,14918.0,14996.0,15918.0,15072.142857142857,15935.07142857143,15298.133333333331,1321.0342448969443,1467.7323521239682,15702.954238695598,15513.771077479129,0.0,0.0,4
2023-12-06,245.0,77.0,275.0,12,6,0,0,0.0,64.5,27.0,593.0,255.75,311.0,1201.0,98.0,669.0,0,0,1,0,0,0,0,0.0,0.0,64.5,54.0,385.0,0.0,0.0,130.35714285714286,86.64285714285714,135.23333333333332,317.36239987929093,248.9150849993427,59.4951702639024,118.5117506468793,0.0,0.0,5
2023-12-06,75.0,96.0,0.0,12,6,0,0,18.0,0.0,32.0,0.0,32.0,0.0,75.0,0.0,18.0,0,0,1,0,0,0,0,37.0,99.0,0.0,62.0,24.0,30.0,51.333333333333336,56.0,55.42857142857143,36.43333333333333,72.2403396079134,42.60620266753565,52.0586768079212,44.39406915059477,0.0,0.0,6
2023-12-06,500.0,27000.0,31070.0,12,6,0,0,0.0,0.0,10000.0,20900.0,0.0,30250.0,1300.0,1200.0,40000.0,0,0,1,0,0,0,0,0.0,0.0,0.0,0.0,0.0,0.0,0.0,0.0,0.0,742.6666666666666,0.0,2842.120302888665,3.245030237409165,551.0930619726581,0.0,0.0,7
2023-12-07,191.0,3493.0,1661.0,12,7,0,0,1393.0,1795.0,199.0,129.0,1058.0,563.0,2824.5,3083.0,1910.0,0,0,0,1,0,0,0,128.0,375.0,1795.0,850.0,354.0,531.5,632.0,1061.0,879.1428571428571,849.6333333333333,847.3710324684615,560.021350167722,876.7644967032406,824.0671425513441,0.0,0.0,0
2023-12-07,489.0,441.0,287.0,12,7,0,0,335.0,253.0,305.0,1664.0,468.0,398.0,527.0,647.5,806.0,0,0,0,1,0,0,0,408.0,1537.0,253.0,155.0,305.0,1311.0,760.0,514.6428571428571,388.32142857142856,371.3666666666667,487.8407112201785,331.44393953951135,507.1838029903397,389.41913302823787,0.0,0.0,1
2023-12-07,224.0,12655.25,943.5,12,7,0,0,366.0,415.0,727.0,1117.25,3059.5,1632.5,12644.05,11788.0,11745.5,0,0,0,1,0,0,0,497.0,1030.0,415.0,0.0,1759.0,513.5,631.0,474.4285714285714,385.5,399.1333333333333,268.9676914568348,386.749315879593,461.0424850503898,391.8307866194418,0.0,0.0,2
2023-12-07,0.0,0.0,0.0,12,7,0,0,0.0,0.0,0.0,0.0,0.0,0.0,0.0,0.0,0.0,0,0,0,1,0,0,0,0.0,0.0,0.0,0.0,0.0,0.0,0.0,0.0,0.0,0.0,0.0,0.0,0.0,0.0,0.0,0.0,3
2023-12-07,15512.0,6138.0,1787.5,12,7,0,0,16393.0,13631.0,14624.0,1330.0,1260.0,1345.0,3363.5,2650.0,2146.5,0,0,0,1,0,0,0,16970.0,15660.0,13631.0,16416.0,16487.0,13973.0,16341.0,15324.857142857143,16043.142857142857,15414.533333333333,1388.498521013655,1408.336331629839,15875.465679021698,15570.49552409338,0.0,0.0,4
2023-12-07,0.0,587.0,422.0,12,7,0,0,245.0,848.0,0.0,275.0,1026.0,208.0,77.0,1741.5,758.0,0,0,0,1,0,0,0,0.0,0.0,848.0,0.0,96.0,0.0,81.66666666666667,156.14285714285714,100.28571428571428,142.5,318.45063906955755,248.8284965385904,105.8713776979268,126.67228286320967,0.0,0.0,5
2023-12-07,163.0,54.0,45.0,12,7,0,0,75.0,0.0,0.0,0.0,29.0,9.0,96.0,9.0,0.0,0,0,0,1,0,0,0,18.0,37.0,0.0,101.0,40.0,27.0,43.333333333333336,66.71428571428571,56.35714285714285,37.86666666666667,67.98704358359825,43.17145715219343,57.7940076059409,46.36864533442737,0.0,0.0,6
2023-12-07,0.0,0.0,22920.0,12,7,0,0,500.0,0.0,0.0,31070.0,2800.0,0.0,27000.0,0.0,28325.0,0,0,0,1,0,0,0,0.0,0.0,0.0,0.0,0.0,0.0,166.66666666666666,71.42857142857143,35.714285714285715,426.0,188.982236504614,2240.721250878371,127.43377267805688,547.796735393777,0.0,0.0,7
2023-12-08,521.0,2577.0,314.0,12,8,1,0,191.0,1437.0,950.0,1661.0,503.0,736.0,3493.0,2343.0,1918.0,0,0,0,0,1,0,0,1393.0,128.0,1437.0,594.0,908.0,1415.0,570.6666666666666,831.8571428571429,832.0714285714286,849.3666666666667,832.5487830694823,560.34365892009,705.3233725274305,783.2241010964187,0.0,0.0,0
2023-12-08,135.0,922.0,134.0,12,8,1,0,489.0,485.0,301.0,287.0,1007.0,682.0,441.0,135.0,690.5,0,0,0,0,1,0,0,335.0,408.0,485.0,60.0,260.0,601.0,410.6666666666667,548.3571428571429,412.1785714285714,377.5,474.72366648799976,331.87565182740065,502.6378522427548,395.84370509093225,0.0,0.0,1
2023-12-08,741.5,13054.65,3505.75,12,8,1,0,224.0,499.0,226.0,943.5,1899.0,789.5,12655.25,16555.4,13929.3,0,0,0,0,1,0,0,366.0,497.0,499.0,889.0,505.0,514.0,362.3333333333333,447.1428571428572,401.5,382.3666666666667,285.19959593907134,382.9296084889117,401.7818637877924,381.0029939343166,0.0,0.0,2
2023-12-08,0.0,0.0,0.0,12,8,1,0,0.0,0.0,0.0,0.0,0.0,0.0,0.0,0.0,0.0,0,0,0,0,1,0,0,0.0,0.0,0.0,0.0,0.0,0.0,0.0,0.0,0.0,0.0,0.0,0.0,0.0,0.0,0.0,0.0,3
2023-12-08,16990.0,19017.0,655.0,12,8,1,0,15512.0,16168.0,14996.0,1787.5,1383.0,765.0,6138.0,9843.4,3159.5,0,0,0,0,1,0,0,16393.0,16970.0,16168.0,16857.0,17566.0,14997.0,16291.666666666666,15593.57142857143,15978.57142857143,15444.133333333331,1171.0385500547156,1400.4580219572638,15784.599259266271,15566.721619313164,0.0,0.0,4
2023-12-08,0.0,1036.0,160.0,12,8,1,0,0.0,0.0,0.0,422.0,957.75,48.0,587.0,553.0,516.0,0,0,0,0,1,0,0,245.0,0.0,0.0,30.0,60.0,225.0,81.66666666666667,35.0,100.28571428571428,142.5,92.60129588726156,248.8284965385904,79.40353327344509,118.49987751719615,0.0,0.0,5
2023-12-08,0.0,0.0,0.0,12,8,1,0,163.0,201.0,30.0,45.0,38.0,9.0,54.0,172.0,80.0,0,0,0,0,1,0,0,75.0,18.0,201.0,5.0,47.0,0.0,85.33333333333333,90.0,60.785714285714285,43.3,69.23149572268383,48.20512921628378,84.09550570445568,53.89324886123851,0.0,0.0,6
2023-12-08,0.0,34150.0,0.0,12,8,1,0,0.0,0.0,0.0,22920.0,11250.0,34700.0,0.0,0.0,0.0,0,0,0,0,1,0,0,500.0,0.0,0.0,0.0,0.0,12280.0,166.66666666666666,71.42857142857143,35.714285714285715,426.0,188.982236504614,2240.721250878371,95.57532950854264,512.4550105296623,0.0,0.0,7
2023-12-08,35.0,0.0,0.0,12,8,1,0,0.0,0.0,160.0,0.0,0.0,365.0,0.0,0.0,70.0,0,0,0,0,1,0,0,0.0,0.0,0.0,0.0,0.0,310.0,0.0,0.0,45.71428571428572,95.0,0.0,122.72059659073628,10.2363124078744,64.99335038916574,0.0,0.0,8
2023-12-09,785.0,2050.0,25.0,12,9,1,0,521.0,2189.0,531.5,314.0,349.0,421.0,2577.0,1202.0,3656.0,0,0,0,0,0,1,0,191.0,1393.0,2189.0,448.0,1059.0,1073.0,701.6666666666666,701.0,826.8571428571429,835.0666666666667,792.6110858001754,563.1539376327439,659.2425293955729,766.3064171547144,0.0,0.0,0
2023-12-09,137.0,415.0,405.0,12,9,1,0,135.0,584.5,1311.0,134.0,271.0,447.0,922.0,514.5,529.0,0,0,0,0,0,1,0,489.0,335.0,584.5,198.0,80.0,410.0,319.6666666666667,498.3571428571428,417.5357142857143,371.9666666666666,500.2541615923612,334.5680419774783,410.72838918206605,379.0150789560334,0.0,0.0,1
2023-12-09,357.0,17958.9,837.0,12,9,1,0,741.5,342.0,513.5,3505.75,1568.0,2322.0,13054.65,16863.0,12144.1,0,0,0,0,0,1,0,224.0,366.0,342.0,0.0,80.0,583.0,443.8333333333333,481.7857142857143,390.9642857142857,399.55,306.4824433719461,387.2131051412172,486.71139784084426,404.26086529339295,0.0,0.0,2
2023-12-09,0.0,0.0,0.0,12,9,1,0,0.0,0.0,0.0,0.0,0.0,0.0,0.0,0.0,0.0,0,0,0,0,0,1,0,0.0,0.0,0.0,0.0,0.0,0.0,0.0,0.0,0.0,0.0,0.0,0.0,0.0,0.0,0.0,0.0,3
2023-12-09,20017.0,3490.0,3751.4,12,9,1,0,16990.0,13328.0,13973.0,655.0,7286.0,935.0,19017.0,2010.0,3483.0,0,0,0,0,0,1,0,15512.0,16393.0,13328.0,16951.0,16217.0,14145.0,16298.333333333334,15711.0,15988.07142857143,15510.6,1274.8533248966196,1425.5494185848722,16085.949444449703,15658.54603097038,0.0,0.0,4
2023-12-09,502.0,313.5,533.0,12,9,1,0,0.0,0.0,0.0,160.0,273.0,300.0,1036.0,794.5,320.0,0,0,0,0,0,1,0,0.0,245.0,0.0,216.5,0.0,455.0,81.66666666666667,35.0,98.14285714285714,142.5,92.60129588726156,248.8284965385904,59.55264995508382,110.85472412898996,0.0,0.0,5
2023-12-09,104.0,0.0,66.0,12,9,1,0,0.0,37.0,27.0,0.0,24.0,24.0,0.0,87.0,41.0,0,0,0,0,0,1,0,163.0,75.0,37.0,50.0,0.0,0.0,79.33333333333333,61.285714285714285,60.42857142857143,42.3,55.92469426444298,48.79807090590699,63.07162927834176,50.41626506373925,0.0,0.0,6
2023-12-09,0.0,32300.0,0.0,12,9,1,0,0.0,0.0,0.0,0.0,18000.0,18955.0,34150.0,0.0,0.0,0,0,0,0,0,1,0,0.0,500.0,0.0,0.0,0.0,0.0,166.66666666666666,71.42857142857143,35.714285714285715,426.0,188.982236504614,2240.721250878371,71.68149713140699,479.3933969471035,0.0,0.0,7
2023-12-10,1837.0,2298.0,336.0,12,10,0,0,785.0,110.0,1415.0,25.0,665.0,1305.0,2050.0,2133.5,2284.0,0,0,0,0,0,0,1,521.0,191.0,110.0,1057.0,1110.0,1921.0,499.0,500.4285714285714,850.9285714285714,843.5166666666667,462.0071634159133,560.3367288627827,690.6818970466796,767.5124547576361,0.0,0.0,0
2023-12-10,115.0,467.0,35.0,12,10,0,0,137.0,0.0,601.0,405.0,321.0,727.75,415.0,301.0,91.75,0,0,0,0,0,0,1,135.0,489.0,0.0,30.0,491.0,195.0,253.66666666666663,434.4285714285714,413.1785714285714,332.8333333333333,515.7641118259577,286.09262224976567,342.2962918865495,363.4012028943538,0.0,0.0,1
2023-12-10,86.0,9379.55,3131.0,12,10,0,0,357.0,172.0,514.0,837.0,956.0,2038.5,17958.9,11219.75,9664.3,0,0,0,0,0,0,1,741.5,224.0,172.0,0.0,0.0,615.0,440.8333333333333,483.9285714285714,416.4642857142857,394.3333333333333,305.39270191173927,386.6788370062494,454.2835483806332,401.2117772099483,0.0,0.0,2
2023-12-10,0.0,0.0,0.0,12,10,0,0,0.0,0.0,0.0,0.0,0.0,0.0,0.0,0.0,0.0,0,0,0,0,0,0,1,0.0,0.0,0.0,0.0,0.0,0.0,0.0,0.0,0.0,0.0,0.0,0.0,0.0,0.0,0.0,0.0,3
2023-12-10,15329.0,4254.0,1206.5,12,10,0,0,20017.0,15124.0,14997.0,3751.4,328.0,625.0,3490.0,1745.0,9715.32,0,0,0,0,0,0,1,16990.0,15512.0,15124.0,17929.0,13525.0,12621.0,17506.333333333332,16666.571428571428,16207.07142857143,15712.066666666668,1644.315243208427,1615.221836655655,17068.71208333728,15939.736609617454,0.0,0.0,4
2023-12-10,145.0,165.0,512.0,12,10,0,0,502.0,0.0,225.0,533.0,316.0,180.0,313.5,1804.5,1034.0,0,0,0,0,0,0,1,0.0,0.0,0.0,0.0,49.0,67.0,167.33333333333334,106.71428571428572,118.53571428571428,159.23333333333332,196.77119901526467,255.6996397086366,170.16448746631286,136.08990321744224,0.0,0.0,5
2023-12-10,50.0,11.0,48.0,12,10,0,0,104.0,99.0,0.0,66.0,16.0,0.0,0.0,18.0,53.0,0,0,0,0,0,0,1,0.0,163.0,99.0,36.0,0.0,25.0,89.0,70.85714285714286,64.28571428571429,44.86666666666667,56.80207910346401,49.97636222864956,73.30372195875631,53.87328022091737,0.0,0.0,6
2023-12-10,0.0,17400.0,0.0,12,10,0,0,0.0,0.0,12280.0,0.0,0.0,0.0,32300.0,7600.0,0.0,0,0,0,0,0,0,1,0.0,0.0,0.0,0.0,0.0,0.0,0.0,71.42857142857143,35.714285714285715,426.0,188.982236504614,2240.721250878371,53.76112284855524,448.4647906924517,0.0,0.0,7
2023-12-10,0.0,0.0,0.0,12,10,0,0,35.0,0.0,305.0,0.0,0.0,275.0,0.0,0.0,35.0,0,0,0,0,0,0,1,0.0,0.0,0.0,105.0,335.0,0.0,11.666666666666666,5.0,48.21428571428572,90.83333333333331,13.228756555322894,122.55950935497974,16.4272343059058,63.0582955253486,0.0,0.0,8
2023-12-11,443.0,3176.0,518.5,12,11,0,0,1837.0,375.0,1073.0,336.0,635.25,1563.0,2298.0,3426.0,2050.0,1,0,0,0,0,0,0,785.0,521.0,375.0,272.0,577.0,130.0,1047.6666666666667,747.1428571428571,906.6428571428572,857.5833333333334,644.0259903066612,580.1254335729136,977.2614227850096,836.5116512248854,0.0,0.0,0
2023-12-11,131.0,767.0,231.0,12,11,0,0,115.0,1537.0,410.0,35.0,655.0,493.0,467.0,555.0,519.0,1,0,0,0,0,0,0,137.0,135.0,1537.0,390.0,311.5,401.0,129.0,450.8571428571428,419.25,316.6333333333333,501.2472538815644,284.13725839670406,285.4722189149121,347.3753188366536,0.0,0.0,1
2023-12-11,0.0,7005.75,893.0,12,11,0,0,86.0,1030.0,583.0,3131.0,1818.0,1292.0,9379.55,12426.0,12778.2,1,0,0,0,0,0,0,357.0,741.5,1030.0,721.5,27.5,52.0,394.8333333333333,471.6428571428572,422.6071428571428,380.06666666666666,321.34596028342446,389.992854340668,362.2126612854749,380.875533518984,0.0,0.0,2
2023-12-11,0.0,0.0,0.0,12,11,0,0,0.0,0.0,0.0,0.0,0.0,0.0,0.0,0.0,0.0,1,0,0,0,0,0,0,0.0,0.0,0.0,0.0,0.0,0.0,0.0,0.0,0.0,0.0,0.0,0.0,0.0,0.0,0.0,0.0,3
2023-12-11,18513.0,3597.75,886.0,12,11,0,0,15329.0,15660.0,14145.0,1206.5,835.0,4702.8,4254.0,2685.0,1605.0,1,0,0,0,0,0,0,20017.0,16990.0,15660.0,17120.0,15236.0,13922.0,17445.333333333332,16695.85714285714,16021.357142857143,15723.133333333331,1613.805175000103,1611.286180050912,16633.78406250296,15900.33424770665,0.0,0.0,4
2023-12-11,164.0,450.0,380.0,12,11,0,0,145.0,0.0,455.0,512.0,391.0,381.0,165.0,1407.0,513.0,1,0,0,0,0,0,0,502.0,0.0,0.0,0.0,354.0,1005.0,215.66666666666663,127.42857142857144,128.89285714285714,156.56666666666666,191.2187727385028,255.4071034755049,163.87336559973463,136.66474817115565,0.0,0.0,5
2023-12-11,18.0,0.0,6.0,12,11,0,0,50.0,37.0,0.0,48.0,16.0,16.0,11.0,6.0,18.0,1,0,0,0,0,0,0,104.0,0.0,37.0,41.0,0.0,9.0,51.333333333333336,63.85714285714285,65.28571428571429,46.53333333333333,55.765666173816285,49.2570550405154,67.47779146906723,53.62339117440658,0.0,0.0,6
2023-12-11,0.0,11077.5,0.0,12,11,0,0,0.0,0.0,0.0,0.0,3750.0,15395.0,17400.0,0.0,0.0,1,0,0,0,0,0,0,0.0,0.0,0.0,0.0,0.0,0.0,0.0,71.42857142857143,35.714285714285715,16.666666666666668,188.982236504614,91.28709291753098,40.32084213641643,419.5315783897129,0.0,0.0,7
2023-12-11,0.0,0.0,0.0,12,11,0,0,0.0,0.0,310.0,0.0,0.0,365.0,0.0,0.0,0.0,1,0,0,0,0,0,0,35.0,0.0,0.0,325.0,90.0,125.0,11.666666666666666,5.0,40.71428571428572,80.66666666666667,13.228756555322894,116.6909662707248,12.320425729429347,58.99001839468095,0.0,0.0,8
2023-12-12,347.5,2001.0,400.0,12,12,0,0,443.0,128.0,1921.0,518.5,827.0,1029.0,3176.0,2831.0,1607.0,0,1,0,0,0,0,0,1837.0,785.0,128.0,240.0,864.5,492.0,1021.6666666666666,756.8571428571429,918.8571428571428,836.5833333333334,637.9614483053103,583.4518282767998,843.6960670887572,811.1238027587639,0.0,0.0,0
2023-12-12,401.0,819.0,677.5,12,12,0,0,131.0,408.0,195.0,231.0,551.0,176.0,767.0,371.0,599.0,0,1,0,0,0,0,0,115.0,137.0,408.0,517.0,60.0,127.0,127.66666666666669,250.0,400.75,307.3333333333333,156.89168237991348,285.5384005014378,246.85416418618408,333.4156208471921,0.0,0.0,1
2023-12-12,165.5,9604.6,2267.4,12,12,0,0,0.0,497.0,615.0,893.0,1535.0,979.0,7005.75,11744.5,14581.3,0,1,0,0,0,0,0,86.0,357.0,497.0,227.5,27.5,75.0,147.66666666666666,324.5,371.07142857142856,360.6333333333333,251.23246207447005,394.0364706849924,271.65949596410616,356.3029184532431,0.0,0.0,2
2023-12-12,0.0,0.0,0.0,12,12,0,0,0.0,0.0,0.0,0.0,0.0,0.0,0.0,0.0,0.0,0,1,0,0,0,0,0,0.0,0.0,0.0,0.0,0.0,0.0,0.0,0.0,0.0,0.0,0.0,0.0,0.0,0.0,0.0,0.0,3
2023-12-12,15955.0,2243.25,453.0,12,12,0,0,18513.0,16970.0,12621.0,886.0,899.0,306.0,3597.75,3030.0,2571.0,0,1,0,0,0,0,0,15329.0,20017.0,16970.0,17433.0,15436.0,14289.0,17953.0,17103.428571428572,16120.857142857143,15868.733333333334,1667.9533224027152,1660.368902369015,17103.58804687722,16068.893328499773,0.0,0.0,4
2023-12-12,145.0,21203.0,1990.0,12,12,0,0,164.0,0.0,67.0,380.0,593.0,281.0,450.0,1201.0,1106.0,0,1,0,0,0,0,0,145.0,502.0,0.0,0.0,25.0,96.0,270.3333333333333,150.85714285714286,140.60714285714286,146.86666666666667,182.8682846307955,249.1309700336054,163.905024199801,138.42831280527466,0.0,0.0,5
2023-12-12,0.0,22.0,24.0,12,12,0,0,18.0,18.0,25.0,6.0,0.0,0.0,0.0,75.0,27.0,0,1,0,0,0,0,0,50.0,104.0,18.0,89.0,25.0,58.0,57.333333333333336,61.142857142857146,63.642857142857146,47.13333333333333,57.71894134923288,48.7779863670384,55.10834360180042,51.32510787283197,0.0,0.0,6
2023-12-12,0.0,0.0,51350.0,12,12,0,0,0.0,0.0,0.0,0.0,20900.0,53060.0,11077.5,1300.0,0.0,0,1,0,0,0,0,0,0.0,0.0,0.0,0.0,0.0,0.0,0.0,71.42857142857143,35.714285714285715,16.666666666666668,188.982236504614,91.28709291753098,30.240631602312323,392.4650249452153,0.0,0.0,7
2023-12-13,519.0,1735.0,410.0,12,13,0,0,347.5,1393.0,130.0,400.0,129.0,670.0,2001.0,2824.5,2015.0,0,0,1,0,0,0,0,443.0,1837.0,1393.0,1420.0,665.0,932.0,875.8333333333334,788.2142857142857,926.5357142857144,784.1333333333333,606.5198442166349,552.5108195747179,719.6470503165679,781.2125896775533,0.0,0.0,0
2023-12-13,30.0,294.0,370.0,12,13,0,0,401.0,335.0,401.0,677.5,1664.0,409.0,819.0,527.0,524.5,0,0,1,0,0,0,0,131.0,115.0,335.0,484.0,185.0,361.0,215.66666666666663,249.0,392.4642857142857,314.2,155.73481734452633,285.22062241057506,285.390623139638,337.77590337317974,0.0,0.0,1
2023-12-13,130.0,9484.45,1215.5,12,13,0,0,165.5,366.0,52.0,2267.4,1117.25,1882.75,9604.6,12644.05,11542.85,0,0,1,0,0,0,0,0.0,86.0,366.0,238.0,195.0,677.5,83.83333333333333,277.1428571428572,366.6428571428572,345.65,244.44916211176283,392.5740463868588,245.11962197307963,343.9930527465823,0.0,0.0,2
2023-12-13,0.0,0.0,0.0,12,13,0,0,0.0,0.0,0.0,0.0,0.0,0.0,0.0,0.0,0.0,0,0,1,0,0,0,0,0.0,0.0,0.0,0.0,0.0,0.0,0.0,0.0,0.0,0.0,0.0,0.0,0.0,0.0,0.0,0.0,3
2023-12-13,17919.0,2342.5,780.0,12,13,0,0,15955.0,16393.0,13922.0,453.0,1330.0,690.0,2243.25,3363.5,2118.0,0,0,1,0,0,0,0,18513.0,15329.0,16393.0,14624.0,14880.0,14918.0,16599.0,16958.428571428572,16015.285714285714,15979.866666666669,1724.641011644913,1542.915662059966,16816.441035157914,16061.545371822369,0.0,0.0,4
2023-12-13,290.0,808.0,39.0,12,13,0,0,145.0,245.0,1005.0,1990.0,275.0,586.0,21203.0,77.0,633.5,0,0,1,0,0,0,0,164.0,145.0,245.0,64.5,54.0,385.0,151.33333333333334,171.57142857142858,150.96428571428572,149.46666666666667,170.7423567277683,248.6753157104225,159.17876814985075,138.8522926242892,0.0,0.0,5
2023-12-13,42.0,74.0,0.0,12,13,0,0,0.0,75.0,9.0,24.0,0.0,0.0,22.0,96.0,0.0,0,0,1,0,0,0,0,18.0,50.0,75.0,0.0,62.0,24.0,22.666666666666668,58.57142857142857,57.285714285714285,46.3,60.30438663662074,49.3790057301334,41.33125770135032,48.013810590713774,0.0,0.0,6
2023-12-13,0.0,6740.0,0.0,12,13,0,0,0.0,500.0,0.0,51350.0,31070.0,0.0,0.0,27000.0,15025.0,0,0,1,0,0,0,0,0.0,0.0,500.0,0.0,0.0,0.0,0.0,71.42857142857143,35.714285714285715,16.666666666666668,188.982236504614,91.28709291753098,22.680473701734243,367.1447007552014,0.0,0.0,7
2023-12-14,563.0,1864.0,755.0,12,14,0,0,519.0,191.0,492.0,410.0,1661.0,733.0,1735.0,3493.0,917.0,0,0,0,1,0,0,0,347.5,443.0,191.0,1795.0,850.0,354.0,436.5,663.3571428571429,862.1785714285714,797.1,548.4498392656121,541.0761690276657,669.4852877374259,764.2956484080338,0.0,0.0,0
2023-12-14,727.0,612.0,237.0,12,14,0,0,30.0,489.0,127.0,370.0,287.0,2463.0,294.0,441.0,754.0,0,0,0,1,0,0,0,401.0,131.0,489.0,253.0,155.0,305.0,187.33333333333331,205.42857142857144,360.0357142857143,301.8333333333333,169.70352298725362,289.3405502569394,221.5429673547285,317.919393478136,0.0,0.0,1
2023-12-14,495.0,6936.05,1511.0,12,14,0,0,130.0,224.0,75.0,1215.5,943.5,986.0,9484.45,12655.25,13881.0,0,0,0,1,0,0,0,165.5,0.0,224.0,415.0,0.0,1759.0,98.5,243.42857142857144,358.92857142857144,348.25,246.4180777613913,390.8165137424376,216.3397164798097,330.187049343577,0.0,0.0,2
2023-12-14,0.0,0.0,0.0,12,14,0,0,0.0,0.0,0.0,0.0,0.0,0.0,0.0,0.0,0.0,0,0,0,1,0,0,0,0.0,0.0,0.0,0.0,0.0,0.0,0.0,0.0,0.0,0.0,0.0,0.0,0.0,0.0,0.0,0.0,3
2023-12-14,17388.0,2084.0,725.0,12,14,0,0,17919.0,15512.0,14289.0,780.0,1787.5,6588.0,2342.5,6138.0,2105.5,0,0,0,1,0,0,0,15955.0,18513.0,15512.0,13631.0,16416.0,16487.0,17462.333333333332,17176.428571428572,16250.642857142857,16113.1,1737.6535766316954,1531.6203128578156,17092.080776368435,16181.381154285442,0.0,0.0,4
2023-12-14,30.0,629.5,485.0,12,14,0,0,290.0,0.0,96.0,39.0,422.0,454.0,808.0,587.0,262.0,0,0,0,1,0,0,0,145.0,164.0,0.0,848.0,0.0,96.0,199.66666666666663,178.0,167.07142857142858,125.63333333333334,174.76746455409477,191.5557420148264,191.88407611238807,148.60375761627054,0.0,0.0,5
2023-12-14,25.0,18.0,0.0,12,14,0,0,42.0,163.0,58.0,0.0,45.0,0.0,74.0,54.0,0.0,0,0,0,1,0,0,0,0.0,18.0,163.0,0.0,101.0,40.0,20.0,53.85714285714285,60.285714285714285,47.4,60.09555882489309,48.88452261937446,41.498443276012736,47.62582281066773,0.0,0.0,6
2023-12-14,0.0,15600.0,30840.0,12,14,0,0,0.0,0.0,0.0,0.0,22920.0,0.0,6740.0,0.0,33400.0,0,0,0,1,0,0,0,0.0,0.0,0.0,0.0,0.0,0.0,0.0,0.0,35.714285714285715,16.666666666666668,0.0,91.28709291753098,17.010355276300682,343.45794586776907,0.0,0.0,7
2023-12-14,0.0,110.0,0.0,12,14,0,0,0.0,0.0,0.0,0.0,0.0,0.0,0.0,255.0,55.0,0,0,0,1,0,0,0,0.0,35.0,0.0,105.0,415.0,45.0,11.666666666666666,5.0,17.5,70.33333333333333,13.228756555322894,109.16559181711813,9.240319297072013,55.18421075631444,0.0,0.0,8
2023-12-15,211.0,1205.5,185.0,12,15,1,0,563.0,521.0,932.0,755.0,314.0,945.5,1864.0,2577.0,4108.0,0,0,0,0,1,0,0,519.0,347.5,521.0,1437.0,594.0,908.0,476.5,716.5,774.1785714285714,799.4666666666667,511.85357606773925,539.8495309731721,642.8639658030694,751.3088323817092,0.0,0.0,0
2023-12-15,623.0,192.0,190.0,12,15,1,0,727.0,135.0,361.0,237.0,134.0,283.0,612.0,922.0,439.0,0,0,0,0,1,0,0,30.0,401.0,135.0,485.0,60.0,260.0,386.0,239.42857142857144,393.8928571428572,321.8333333333333,243.6964348958598,297.46171394713605,347.9072255160464,344.3116906730949,0.0,0.0,1
2023-12-15,201.0,6326.0,1735.0,12,15,1,0,495.0,741.5,677.5,1511.0,3505.75,2337.5,6936.05,13054.65,11572.4,0,0,0,0,1,0,0,130.0,165.5,741.5,499.0,889.0,505.0,263.5,282.1428571428572,364.6428571428572,362.25,263.5496022708873,388.204481977715,286.0047873598573,340.82014293431394,0.0,0.0,2
2023-12-15,0.0,0.0,0.0,12,15,1,0,0.0,0.0,0.0,0.0,0.0,0.0,0.0,0.0,0.0,0,0,0,0,1,0,0,0.0,0.0,0.0,0.0,0.0,0.0,0.0,0.0,0.0,0.0,0.0,0.0,0.0,0.0,0.0,0.0,3
2023-12-15,16882.0,12899.0,4295.0,12,15,1,0,17388.0,16990.0,14918.0,725.0,655.0,1400.0,2084.0,19017.0,2585.0,0,0,0,0,1,0,0,17919.0,15955.0,16990.0,16168.0,16857.0,17566.0,17087.333333333332,17444.428571428572,16519.0,16216.4,1575.2413420534183,1508.6859457019766,17166.060582276325,16259.227531428318,0.0,0.0,4
2023-12-15,388.0,181.4,650.6,12,15,1,0,30.0,0.0,385.0,485.0,160.0,901.0,629.5,1036.0,750.0,0,0,0,0,1,0,0,290.0,145.0,0.0,0.0,30.0,60.0,155.0,182.28571428571428,108.64285714285714,123.43333333333334,169.97716933529102,192.28542601422345,151.41305708429104,140.95190228618858,0.0,0.0,5
2023-12-15,9.0,47.0,0.0,12,15,1,0,25.0,0.0,24.0,0.0,0.0,0.0,18.0,0.0,6.0,0,0,0,0,1,0,0,42.0,0.0,0.0,201.0,5.0,47.0,22.33333333333333,34.142857142857146,62.07142857142857,46.3,36.21430919507079,49.00890137304752,37.37383245700956,46.16609230675368,0.0,0.0,6
2023-12-15,0.0,27600.0,19640.0,12,15,1,0,0.0,0.0,0.0,30840.0,0.0,0.0,15600.0,34150.0,37500.0,0,0,0,0,1,0,0,0.0,0.0,0.0,0.0,0.0,0.0,0.0,0.0,35.714285714285715,16.666666666666668,0.0,91.28709291753098,12.757766457225513,321.2993687150098,0.0,0.0,7
2023-12-16,340.0,2187.0,0.0,12,16,1,0,211.0,785.0,354.0,185.0,25.0,360.0,1205.5,2050.0,2538.0,0,0,0,0,0,1,0,563.0,519.0,785.0,2189.0,448.0,1059.0,431.0,672.2142857142857,686.6071428571429,775.4333333333333,543.9892659130059,549.7048696147423,534.8979743523021,716.4501980345021,0.0,0.0,0
2023-12-16,622.5,401.0,190.0,12,16,1,0,623.0,137.0,305.0,190.0,405.0,543.0,192.0,415.0,485.0,0,0,0,0,0,1,0,727.0,30.0,137.0,584.5,198.0,80.0,460.0,309.1428571428572,403.75,330.56666666666666,276.4443455570685,302.45546076592234,416.6804191370349,362.2915815974114,0.0,0.0,1
2023-12-16,0.0,9630.1,1519.5,12,16,1,0,201.0,357.0,1759.0,1735.0,837.0,1921.5,6326.0,17958.9,9661.0,0,0,0,0,0,1,0,495.0,130.0,357.0,342.0,0.0,80.0,275.3333333333333,204.92857142857144,343.35714285714283,346.3666666666667,168.6175229554126,384.5924608199439,264.7535905198929,331.79948855145494,0.0,0.0,2
2023-12-16,0.0,0.0,0.0,12,16,1,0,0.0,0.0,0.0,0.0,0.0,0.0,0.0,0.0,0.0,0,0,0,0,0,1,0,0.0,0.0,0.0,0.0,0.0,0.0,0.0,0.0,0.0,0.0,0.0,0.0,0.0,0.0,0.0,0.0,3
2023-12-16,18545.0,1138.0,2877.4,12,16,1,0,16882.0,20017.0,16487.0,4295.0,3751.4,575.0,12899.0,3490.0,3307.5,0,0,0,0,0,1,0,17388.0,17919.0,20017.0,13328.0,16951.0,16217.0,17396.333333333332,17429.0,16570.0,16281.866666666669,1580.9525609580985,1492.9312692527703,17095.045436707245,16299.406400368429,0.0,0.0,4
2023-12-16,1426.0,266.0,86.0,12,16,1,0,388.0,502.0,96.0,650.6,533.0,231.0,181.4,313.5,252.0,0,0,0,0,0,1,0,30.0,290.0,502.0,0.0,216.5,0.0,236.0,237.7142857142857,136.35714285714286,123.53333333333332,163.7769970475245,192.4268751989979,210.55979281321828,156.89048923546676,0.0,0.0,5
2023-12-16,0.0,0.0,9.0,12,16,1,0,9.0,104.0,40.0,0.0,66.0,0.0,47.0,0.0,9.0,0,0,0,0,0,1,0,25.0,42.0,104.0,37.0,50.0,0.0,25.33333333333333,35.42857142857143,48.35714285714285,45.8,34.93735891018447,49.31978689441328,30.280374342757167,43.76827989986635,0.0,0.0,6
2023-12-16,0.0,33900.0,0.0,12,16,1,0,0.0,0.0,0.0,19640.0,0.0,18335.0,27600.0,32300.0,0.0,0,0,0,0,0,1,0,0.0,0.0,0.0,0.0,0.0,0.0,0.0,0.0,35.714285714285715,16.666666666666668,0.0,91.28709291753098,9.568324842919132,300.5703771850092,0.0,0.0,7
2023-12-16,90.0,0.0,0.0,12,16,1,0,0.0,0.0,125.0,0.0,0.0,80.0,110.0,0.0,0.0,0,0,0,0,0,1,0,0.0,0.0,0.0,70.0,0.0,20.0,0.0,5.0,10.0,70.33333333333333,13.228756555322894,109.16559181711813,6.9302394728040095,51.62393909461674,0.0,0.0,8
2023-12-17,582.0,1637.0,330.0,12,17,0,0,340.0,1837.0,908.0,0.0,336.0,631.5,2187.0,2298.0,1740.0,0,0,0,0,0,0,1,211.0,563.0,1837.0,110.0,1057.0,1110.0,371.3333333333333,608.6428571428571,554.5357142857143,774.9666666666667,554.5121515264348,550.0807923940986,486.17348076422655,692.163088483889,0.0,0.0,0
2023-12-17,115.0,345.0,130.0,12,17,0,0,622.5,115.0,260.0,190.0,35.0,325.0,401.0,467.0,670.0,0,0,0,0,0,0,1,623.0,727.0,115.0,0.0,30.0,491.0,657.5,378.5,406.4642857142857,341.15,286.76805377633417,307.04998329486887,468.13531435277616,379.0792214943526,0.0,0.0,1
2023-12-17,0.0,9107.0,793.0,12,17,0,0,0.0,86.0,505.0,1519.5,3131.0,3116.0,9630.1,9379.55,10257.2,0,0,0,0,0,0,1,201.0,495.0,86.0,172.0,0.0,0.0,232.0,153.92857142857142,318.92857142857144,287.7333333333333,168.94486984699802,282.27709342287096,198.56519288991973,310.39306993523206,0.0,0.0,2
2023-12-17,0.0,0.0,0.0,12,17,0,0,0.0,0.0,0.0,0.0,0.0,0.0,0.0,0.0,0.0,0,0,0,0,0,0,1,0.0,0.0,0.0,0.0,0.0,0.0,0.0,0.0,0.0,0.0,0.0,0.0,0.0,0.0,0.0,0.0,3
2023-12-17,17652.0,3521.0,981.0,12,17,0,0,18545.0,15329.0,17566.0,2877.4,1206.5,5030.0,1138.0,4254.0,12470.0,0,0,0,0,0,0,1,16882.0,17388.0,15329.0,15124.0,17929.0,13525.0,17605.0,17218.714285714286,16942.64285714286,16350.466666666667,1240.6072054019385,1548.9148978945166,17457.534077530436,16444.283406796272,0.0,0.0,4
2023-12-17,437.0,193.0,676.0,12,17,0,0,1426.0,145.0,60.0,86.0,512.0,822.0,266.0,165.0,10200.0,0,0,0,0,0,0,1,388.0,30.0,145.0,0.0,0.0,49.0,614.6666666666666,369.7142857142857,238.2142857142857,167.86666666666667,479.78214302108495,305.72203775295003,514.4198446099138,238.7685221880173,0.0,0.0,5
2023-12-17,12.0,48.0,41.0,12,17,0,0,0.0,50.0,47.0,9.0,48.0,66.0,0.0,11.0,80.0,0,0,0,0,0,0,1,9.0,25.0,50.0,99.0,36.0,0.0,11.333333333333334,20.571428571428573,45.71428571428572,44.46666666666667,19.71342303150441,50.0177439779492,22.710280757067878,40.94451990632659,0.0,0.0,6
2023-12-17,0.0,0.0,14000.0,12,17,0,0,0.0,0.0,0.0,0.0,0.0,25230.0,33900.0,17400.0,24500.0,0,0,0,0,0,0,1,0.0,0.0,0.0,0.0,0.0,0.0,0.0,0.0,35.714285714285715,16.666666666666668,0.0,91.28709291753098,7.176243632189349,281.1787399472667,0.0,0.0,7
2023-12-18,469.0,1382.0,161.0,12,18,0,0,582.0,443.0,1059.0,330.0,518.5,291.0,1637.0,3176.0,1380.0,1,0,0,0,0,0,0,340.0,211.0,443.0,375.0,272.0,577.0,377.6666666666667,429.3571428571428,588.25,764.1,136.47182685011902,550.5819241242975,510.13011057316993,685.0557924526704,0.0,0.0,0
2023-12-18,110.0,313.0,348.5,12,18,0,0,115.0,131.0,80.0,130.0,231.0,373.0,345.0,767.0,294.0,1,0,0,0,0,0,0,622.5,623.0,131.0,1537.0,390.0,311.5,453.5,378.5,414.6785714285714,336.31666666666666,286.76805377633417,309.5028684434324,379.8514857645821,362.0418523656848,0.0,0.0,1
2023-12-18,473.5,6673.15,2050.5,12,18,0,0,0.0,0.0,80.0,793.0,893.0,1467.0,9107.0,7005.75,9934.2,1,0,0,0,0,0,0,0.0,201.0,0.0,1030.0,721.5,27.5,67.0,141.64285714285714,306.6428571428572,270.9,177.61257328938242,283.92660537783206,148.9238946674398,290.367710584572,0.0,0.0,2
2023-12-18,0.0,0.0,0.0,12,18,0,0,0.0,0.0,0.0,0.0,0.0,0.0,0.0,0.0,0.0,1,0,0,0,0,0,0,0.0,0.0,0.0,0.0,0.0,0.0,0.0,0.0,0.0,0.0,0.0,0.0,0.0,0.0,0.0,0.0,3
2023-12-18,15265.0,2567.0,620.0,12,18,0,0,17652.0,18513.0,16217.0,981.0,886.0,8372.0,3521.0,3597.75,2661.0,1,0,0,0,0,0,0,18545.0,16882.0,18513.0,15660.0,17120.0,15236.0,17693.0,17550.571428571428,17123.214285714286,16353.333333333334,920.1856437956352,1551.3198459272855,17506.150558147827,16522.200606357805,0.0,0.0,4
2023-12-18,291.0,865.4,661.6,12,18,0,0,437.0,164.0,0.0,676.0,380.0,2462.0,193.0,450.0,291.0,1,0,0,0,0,0,0,1426.0,388.0,164.0,0.0,0.0,354.0,750.3333333333334,411.4285714285714,269.42857142857144,180.4333333333333,469.5735147070006,308.8673896153756,495.0648834574353,251.5576497887904,0.0,0.0,5
2023-12-18,25.0,87.0,0.0,12,18,0,0,12.0,18.0,0.0,41.0,6.0,0.0,48.0,0.0,21.0,1,0,0,0,0,0,0,0.0,9.0,18.0,37.0,41.0,0.0,7.0,15.142857142857142,39.5,43.3,14.90445762659141,50.363608920015565,20.032710567800905,39.07713152527327,0.0,0.0,6
2023-12-18,0.0,0.0,50250.0,12,18,0,0,0.0,0.0,0.0,14000.0,0.0,0.0,0.0,11077.5,29710.0,1,0,0,0,0,0,0,0.0,0.0,0.0,0.0,0.0,0.0,0.0,0.0,35.714285714285715,16.666666666666668,0.0,91.28709291753098,5.382182724142012,263.03817607970115,0.0,0.0,7
2023-12-19,123.0,871.0,677.5,12,19,0,0,469.0,347.5,1110.0,161.0,400.0,977.0,1382.0,2001.0,3049.0,0,1,0,0,0,0,0,582.0,340.0,347.5,128.0,240.0,864.5,463.6666666666667,433.07142857142856,594.9642857142857,744.4333333333333,137.25658107215986,550.2221453153282,499.84758292987743,671.1167090686272,0.0,0.0,0
2023-12-19,183.5,637.0,520.0,12,19,0,0,110.0,401.0,491.0,348.5,677.5,423.0,313.0,819.0,365.0,0,1,0,0,0,0,0,115.0,622.5,401.0,408.0,517.0,60.0,282.5,375.5,312.75,337.31666666666666,289.8817287561713,308.6935620156096,312.38861432343657,345.7810876969309,0.0,0.0,1
2023-12-19,0.0,7734.7,692.0,12,19,0,0,473.5,165.5,0.0,2050.5,2267.4,1983.0,6673.15,9604.6,6152.0,0,1,0,0,0,0,0,0.0,0.0,165.5,497.0,227.5,27.5,157.83333333333334,209.28571428571428,266.8928571428572,284.01666666666665,203.0250101881657,283.89275182756904,230.06792100057987,302.1826969984706,0.0,0.0,2
2023-12-19,0.0,0.0,0.0,12,19,0,0,0.0,0.0,0.0,0.0,0.0,0.0,0.0,0.0,0.0,0,1,0,0,0,0,0,0.0,0.0,0.0,0.0,0.0,0.0,0.0,0.0,0.0,0.0,0.0,0.0,0.0,0.0,0.0,0.0,3
2023-12-19,15176.0,2688.0,420.0,12,19,0,0,15265.0,15955.0,13525.0,620.0,453.0,310.0,2567.0,2243.25,1690.0,0,1,0,0,0,0,0,17652.0,18545.0,15955.0,16970.0,17433.0,15436.0,17154.0,17086.571428571428,17095.0,16321.6,1145.348979880917,1563.8907846160291,16945.86291861087,16441.09088981859,0.0,0.0,4
2023-12-19,226.0,291.0,208.0,12,19,0,0,291.0,145.0,49.0,661.6,1990.0,120.0,865.4,21203.0,237.0,0,1,0,0,0,0,0,437.0,1426.0,145.0,0.0,0.0,25.0,718.0,429.57142857142856,290.2142857142857,190.13333333333333,460.7916583239679,307.57219318883267,444.0486625930765,254.10231754435236,0.0,0.0,5
2023-12-19,0.0,93.0,75.0,12,19,0,0,25.0,0.0,0.0,0.0,24.0,125.0,87.0,22.0,16.0,0,1,0,0,0,0,0,12.0,0.0,0.0,18.0,89.0,25.0,12.333333333333334,16.142857142857142,38.642857142857146,44.13333333333333,15.35609077237841,49.8264113133568,21.27453292585068,38.16892949138467,0.0,0.0,6
2023-12-19,0.0,3000.0,0.0,12,19,0,0,0.0,0.0,0.0,50250.0,51350.0,0.0,0.0,0.0,22370.0,0,1,0,0,0,0,0,0.0,0.0,0.0,0.0,0.0,0.0,0.0,0.0,35.714285714285715,16.666666666666668,0.0,91.28709291753098,4.036637043106509,246.0679711713333,0.0,0.0,7
2023-12-20,1468.9,1438.0,165.5,12,20,0,0,123.0,519.0,577.0,677.5,410.0,631.0,871.0,1735.0,2243.0,0,0,1,0,0,0,0,469.0,582.0,519.0,1393.0,1420.0,665.0,391.3333333333333,401.0,594.6071428571429,711.5333333333333,180.11940484023182,557.0753668650373,405.63568719740806,635.754340741619,0.0,0.0,0
2023-12-20,1095.0,361.0,215.0,12,20,0,0,183.5,30.0,311.5,520.0,370.0,105.0,637.0,294.0,4045.0,0,0,1,0,0,0,0,110.0,115.0,30.0,335.0,484.0,185.0,136.16666666666666,344.42857142857144,296.7142857142857,327.06666666666666,298.2292782088173,308.519762216557,280.16646074257744,335.3113401035805,0.0,0.0,1
2023-12-20,247.5,8401.0,257.0,12,20,0,0,0.0,130.0,27.5,692.0,1215.5,843.5,7734.7,9484.45,7511.8,0,0,1,0,0,0,0,473.5,0.0,130.0,366.0,238.0,195.0,157.83333333333334,185.64285714285717,231.39285714285717,284.01666666666665,218.05402890983132,283.89275182756904,172.5509407504349,282.6870391276015,0.0,0.0,2
2023-12-20,0.0,0.0,0.0,12,20,0,0,0.0,0.0,0.0,0.0,0.0,0.0,0.0,0.0,0.0,0,0,1,0,0,0,0,0.0,0.0,0.0,0.0,0.0,0.0,0.0,0.0,0.0,0.0,0.0,0.0,0.0,0.0,0.0,0.0,3
2023-12-20,15479.0,1910.0,420.0,12,20,0,0,15176.0,17919.0,15236.0,420.0,780.0,1120.0,2688.0,2342.5,3897.5,0,0,1,0,0,0,0,15265.0,17652.0,17919.0,16393.0,14624.0,14880.0,16031.0,16975.285714285714,16966.85714285714,16376.633333333331,1300.9024706315272,1489.3581696392926,16503.39718895815,16359.472122733525,0.0,0.0,4
2023-12-20,505.5,486.0,268.0,12,20,0,0,226.0,290.0,354.0,208.0,39.0,374.0,291.0,808.0,1681.0,0,0,1,0,0,0,0,291.0,437.0,290.0,245.0,64.5,54.0,318.0,441.1428571428572,306.35714285714283,196.03333333333333,453.41240556893626,306.46721524983485,389.53649694480737,252.28926479955544,0.0,0.0,5
2023-12-20,0.0,138.0,0.0,12,20,0,0,0.0,42.0,0.0,75.0,0.0,0.0,93.0,74.0,9.0,0,0,1,0,0,0,0,25.0,12.0,42.0,75.0,0.0,62.0,12.333333333333334,16.142857142857142,37.35714285714285,44.13333333333333,15.35609077237841,49.8264113133568,15.955899694388007,35.70641791129533,0.0,0.0,6
2023-12-20,3000.0,0.0,0.0,12,20,0,0,0.0,0.0,0.0,0.0,0.0,0.0,3000.0,6740.0,22125.0,0,0,1,0,0,0,0,0.0,0.0,0.0,500.0,0.0,0.0,0.0,0.0,35.714285714285715,16.666666666666668,0.0,91.28709291753098,3.027477782329882,230.19261819253765,0.0,0.0,7
2023-12-21,548.9,2418.0,350.0,12,21,0,0,1468.9,563.0,864.5,165.5,755.0,601.5,1438.0,1864.0,2720.0,0,0,0,1,0,0,0,123.0,469.0,563.0,191.0,1795.0,850.0,686.9666666666667,536.7,600.0285714285714,741.2633333333334,445.7658166945204,573.2137120164502,671.4517653980561,689.5056735969985,0.0,0.0,0
2023-12-21,569.0,402.0,512.0,12,21,0,0,1095.0,727.0,60.0,215.0,237.0,198.75,361.0,612.0,35.0,0,0,0,1,0,0,0,183.5,110.0,727.0,489.0,253.0,155.0,462.8333333333333,496.57142857142856,351.0,353.18333333333334,373.2970698799448,338.8299208008127,483.8748455569331,384.3235117098011,0.0,0.0,1
2023-12-21,531.5,11511.5,1489.25,12,21,0,0,247.5,495.0,27.5,257.0,1511.0,1224.0,8401.0,6936.05,8612.6,0,0,0,1,0,0,0,0.0,473.5,495.0,224.0,415.0,0.0,240.33333333333331,202.42857142857144,222.92857142857144,291.35,217.57880345816255,279.850765341224,191.2882055628262,280.41690757098206,0.0,0.0,2
2023-12-21,0.0,0.0,0.0,12,21,0,0,0.0,0.0,0.0,0.0,0.0,0.0,0.0,0.0,0.0,0,0,0,1,0,0,0,0.0,0.0,0.0,0.0,0.0,0.0,0.0,0.0,0.0,0.0,0.0,0.0,0.0,0.0,0.0,0.0,3
2023-12-21,15669.0,2981.5,3728.0,12,21,0,0,15479.0,17388.0,15436.0,420.0,725.0,255.0,1910.0,2084.0,11136.5,0,0,0,1,0,0,0,15176.0,15265.0,17388.0,15512.0,13631.0,16416.0,15306.666666666666,16626.714285714286,16901.571428571428,16384.733333333334,1332.406558860776,1483.59044756024,16247.297891718614,16302.66746965394,0.0,0.0,4
2023-12-21,0.0,515.5,90.0,12,21,0,0,505.5,30.0,25.0,268.0,485.0,40.0,486.0,629.5,475.0,0,0,0,1,0,0,0,226.0,291.0,30.0,0.0,848.0,0.0,340.8333333333333,471.9285714285714,324.9642857142857,201.08333333333331,448.7315853762533,310.3831637401318,418.5273727086055,268.6254412641003,0.0,0.0,5
2023-12-21,0.0,128.0,9.0,12,21,0,0,0.0,25.0,25.0,0.0,0.0,32.0,138.0,18.0,91.0,0,0,0,1,0,0,0,0.0,25.0,25.0,163.0,0.0,101.0,8.333333333333334,10.142857142857142,32.0,44.13333333333333,11.216484467493649,49.8264113133568,11.966924770791008,33.40277804605047,0.0,0.0,6
2023-12-21,3000.0,0.0,14000.0,12,21,0,0,3000.0,0.0,0.0,0.0,30840.0,0.0,0.0,15600.0,14900.0,0,0,0,1,0,0,0,0.0,0.0,0.0,0.0,0.0,0.0,1000.0,428.57142857142856,214.28571428571428,116.66666666666669,1133.893419027682,552.1639769771883,752.2706083367474,408.8898686317288,0.0,0.0,7
2023-12-22,469.75,1054.0,163.0,12,22,1,0,548.9,211.0,665.0,350.0,185.0,405.0,2418.0,1205.5,1440.5,0,0,0,0,1,0,0,1468.9,123.0,211.0,521.0,1437.0,594.0,713.6,534.6857142857143,625.592857142857,730.7433333333333,445.65901175888297,573.7697812281285,640.8138240485421,680.434339816547,0.0,0.0,0
2023-12-22,170.0,331.0,503.0,12,22,1,0,569.0,623.0,185.0,512.0,190.0,404.2,402.0,192.0,534.5,0,0,0,0,1,0,0,1095.0,183.5,623.0,135.0,485.0,60.0,615.8333333333334,474.0,356.7142857142857,370.15,361.6366731034525,336.3777676752833,505.1561341676999,396.2381238575559,0.0,0.0,1
2023-12-22,335.0,8626.25,1106.0,12,22,1,0,531.5,201.0,195.0,1489.25,1735.0,2068.5,11511.5,6326.0,7982.0,0,0,0,0,1,0,0,247.5,0.0,201.0,741.5,499.0,889.0,259.6666666666667,207.64285714285717,244.89285714285717,308.15,226.0320247010946,278.5903601941447,276.3411541721197,296.615816759951,0.0,0.0,2
2023-12-22,0.0,0.0,0.0,12,22,1,0,0.0,0.0,0.0,0.0,0.0,0.0,0.0,0.0,0.0,0,0,0,0,1,0,0,0.0,0.0,0.0,0.0,0.0,0.0,0.0,0.0,0.0,0.0,0.0,0.0,0.0,0.0,0.0,0.0,3
2023-12-22,14843.0,13337.9,610.0,12,22,1,0,15669.0,16882.0,14880.0,3728.0,4295.0,2322.0,2981.5,12899.0,2700.5,0,0,0,0,1,0,0,15479.0,15176.0,16882.0,16990.0,16168.0,16857.0,15441.333333333334,16381.142857142857,16912.785714285714,16392.5,1327.1125835903254,1479.0554709702187,16102.72341878896,16261.785697418203,0.0,0.0,4
2023-12-22,0.0,0.0,335.0,12,22,1,0,0.0,388.0,54.0,90.0,650.6,1443.0,515.5,181.4,30.0,0,0,0,0,1,0,0,505.5,226.0,388.0,0.0,0.0,30.0,243.83333333333331,467.6428571428572,324.9642857142857,200.25,453.7707492304268,310.90534511437687,313.89552953145414,251.29476763415835,0.0,0.0,5
2023-12-22,22.0,150.0,0.0,12,22,1,0,0.0,9.0,62.0,9.0,0.0,0.0,128.0,47.0,85.0,0,0,0,0,1,0,0,0.0,0.0,9.0,0.0,201.0,5.0,0.0,6.571428571428571,20.357142857142858,43.3,9.55435577554642,50.363608920015565,8.975193578093254,31.247760107595603,0.0,0.0,6
2023-12-22,0.0,20310.0,0.0,12,22,1,0,3000.0,0.0,0.0,14000.0,19640.0,12250.0,0.0,27600.0,0.0,0,0,0,0,1,0,0,3000.0,0.0,0.0,0.0,0.0,0.0,2000.0,857.1428571428571,428.57142857142856,216.66666666666663,1463.8501094228002,762.0676652612826,1314.2029562525604,576.0582642038753,0.0,0.0,7
2023-12-23,736.0,2983.0,284.0,12,23,1,0,469.75,340.0,850.0,163.0,0.0,255.0,1054.0,2187.0,2026.75,0,0,0,0,0,1,0,548.9,1468.9,340.0,785.0,2189.0,448.0,829.1833333333334,571.65,621.9321428571428,724.235,424.56868800387616,575.645534962631,598.0478680364065,666.8418017638666,0.0,0.0,0
2023-12-23,170.0,1325.0,167.5,12,23,1,0,170.0,622.5,155.0,503.0,190.0,180.0,331.0,401.0,153.5,0,0,0,0,0,1,0,569.0,1095.0,622.5,137.0,584.5,198.0,611.3333333333334,409.2857142857143,359.2142857142857,369.65,370.9415786372628,336.67348732706216,421.3671006257749,381.6421158667458,0.0,0.0,1
2023-12-23,0.0,11164.1,1241.0,12,23,1,0,335.0,0.0,0.0,1106.0,1519.5,1317.0,8626.25,9630.1,8499.25,0,0,0,0,0,1,0,531.5,247.5,0.0,357.0,342.0,0.0,371.3333333333333,226.78571428571428,215.8571428571429,312.81666666666666,230.9954648080884,277.8010787736721,291.0058656290897,299.0922156786638,0.0,0.0,2
2023-12-23,0.0,0.0,0.0,12,23,1,0,0.0,0.0,0.0,0.0,0.0,0.0,0.0,0.0,0.0,0,0,0,0,0,1,0,0.0,0.0,0.0,0.0,0.0,0.0,0.0,0.0,0.0,0.0,0.0,0.0,0.0,0.0,0.0,0.0,3
2023-12-23,15659.0,2735.0,6450.2,12,23,1,0,14843.0,18545.0,16416.0,610.0,2877.4,300.0,13337.9,1138.0,4635.0,0,0,0,0,0,1,0,15669.0,15479.0,18545.0,20017.0,13328.0,16951.0,15330.333333333334,16089.857142857143,16759.428571428572,16391.266666666666,1419.4165971237828,1480.3750208304955,15787.79256409172,16170.25113629445,0.0,0.0,4
2023-12-23,514.0,1077.0,143.0,12,23,1,0,0.0,1426.0,0.0,335.0,86.0,477.0,0.0,266.0,1033.5,0,0,0,0,0,1,0,0.0,505.5,1426.0,502.0,0.0,216.5,168.5,412.2142857142857,324.9642857142857,198.45,487.5598986400592,311.9358728859244,235.4216471485906,235.0822019803417,0.0,0.0,5
2023-12-23,18.0,145.0,26.0,12,23,1,0,22.0,0.0,101.0,0.0,9.0,0.0,150.0,0.0,170.0,0,0,0,0,0,1,0,0.0,0.0,0.0,104.0,37.0,50.0,7.333333333333333,8.428571428571429,21.928571428571427,41.96666666666667,11.22285083890825,50.38095106173615,12.23139518356994,30.6511304232346,0.0,0.0,6
2023-12-23,1200.0,21000.0,0.0,12,23,1,0,0.0,0.0,0.0,0.0,0.0,0.0,20310.0,33900.0,4737.5,0,0,0,0,0,1,0,3000.0,3000.0,0.0,0.0,0.0,0.0,2000.0,857.1428571428571,428.57142857142856,216.66666666666663,1463.8501094228002,762.0676652612826,985.6522171894204,538.8932149003995,0.0,0.0,7
2023-12-23,0.0,0.0,0.0,12,23,1,0,90.0,0.0,45.0,0.0,0.0,35.0,0.0,0.0,0.0,0,0,0,0,0,1,0,0.0,0.0,0.0,35.0,110.0,155.0,30.0,17.857142857142858,11.428571428571429,69.16666666666667,34.3823044187392,108.74744018654631,27.697679604603007,54.09981399173824,0.0,0.0,8
2023-12-24,2007.0,1835.0,178.0,12,24,0,0,736.0,582.0,594.0,284.0,330.0,328.0,2983.0,1637.0,2692.0,0,0,0,0,0,0,1,469.75,548.9,582.0,1837.0,110.0,1057.0,584.8833333333333,628.2214285714286,618.4321428571428,720.435,414.8289485409842,575.1627672398182,632.5359010273048,671.3036210049074,0.0,0.0,0
2023-12-24,801.0,1066.0,688.0,12,24,0,0,170.0,115.0,60.0,167.5,130.0,358.0,1325.0,345.0,0.0,0,0,0,0,0,0,1,170.0,569.0,115.0,115.0,0.0,30.0,303.0,344.6428571428572,361.57142857142856,370.15,366.99962696231177,336.3547016838438,358.5253254693312,367.9877858108267,0.0,0.0,1
2023-12-24,280.0,8520.5,1513.0,12,24,0,0,0.0,0.0,889.0,1241.0,793.0,1782.0,11164.1,9107.0,14420.6,0,0,0,0,0,0,1,335.0,531.5,0.0,86.0,172.0,0.0,288.8333333333333,226.78571428571428,190.3571428571429,312.81666666666666,230.9954648080884,277.8010787736721,218.2543992218173,279.7959436993952,0.0,0.0,2
2023-12-24,0.0,0.0,0.0,12,24,0,0,0.0,0.0,0.0,0.0,0.0,0.0,0.0,0.0,0.0,0,0,0,0,0,0,1,0.0,0.0,0.0,0.0,0.0,0.0,0.0,0.0,0.0,0.0,0.0,0.0,0.0,0.0,0.0,0.0,3
2023-12-24,16584.0,28094.0,415.0,12,24,0,0,15659.0,17652.0,16857.0,6450.2,981.0,510.0,2735.0,3521.0,11975.0,0,0,0,0,0,0,1,14843.0,15669.0,17652.0,15329.0,15124.0,17929.0,15390.333333333334,15677.57142857143,16448.14285714286,16366.033333333333,918.0155875842236,1486.3783451926065,15755.59442306879,16137.267192017389,0.0,0.0,4
2023-12-24,1335.0,262.5,309.0,12,24,0,0,514.0,437.0,30.0,143.0,676.0,2040.0,1077.0,193.0,663.0,0,0,0,0,0,0,1,0.0,0.0,437.0,145.0,0.0,0.0,171.33333333333334,281.92857142857144,325.82142857142856,215.58333333333331,219.873529665622,314.7631042253989,305.066235361443,253.07689862677128,0.0,0.0,5
2023-12-24,0.0,201.0,57.0,12,24,0,0,18.0,12.0,5.0,26.0,41.0,6.0,145.0,48.0,143.0,0,0,0,0,0,0,1,22.0,0.0,12.0,50.0,99.0,36.0,13.333333333333334,11.0,15.785714285714286,39.2,11.03026140518297,49.29461046290609,13.673546387677456,29.83492846044527,0.0,0.0,6
2023-12-25,1147.0,1680.0,379.5,12,25,0,0,2007.0,469.0,448.0,178.0,161.0,1040.0,1835.0,1382.0,6070.0,1,0,0,0,0,0,0,736.0,469.75,469.0,443.0,375.0,272.0,1070.9166666666667,831.7928571428572,630.5749999999999,767.5350000000001,663.4886311689717,620.5188442427391,976.1519257704786,757.4775809400747,0.0,0.0,0
2023-12-25,890.0,963.0,890.0,12,25,0,0,801.0,110.0,198.0,688.0,348.5,30.0,1066.0,313.0,0.0,1,0,0,0,0,0,0,170.0,170.0,110.0,131.0,1537.0,390.0,380.3333333333333,442.6428571428572,410.57142857142856,394.85,386.5295066664504,339.981544884526,469.1439941019984,395.9240576939992,0.0,0.0,1
2023-12-25,1215.0,7951.0,1084.5,12,25,0,0,280.0,473.5,0.0,1513.0,2050.5,3042.25,8520.5,6673.15,12852.6,1,0,0,0,0,0,0,0.0,335.0,473.5,0.0,1030.0,721.5,205.0,266.7857142857143,204.2142857142857,292.51666666666665,208.30803655941392,255.60993597240295,233.69079941636295,279.8091086220149,0.0,0.0,2
2023-12-25,0.0,0.0,0.0,12,25,0,0,0.0,0.0,0.0,0.0,0.0,0.0,0.0,0.0,0.0,1,0,0,0,0,0,0,0.0,0.0,0.0,0.0,0.0,0.0,0.0,0.0,0.0,0.0,0.0,0.0,0.0,0.0,0.0,0.0,3
2023-12-25,14986.0,6192.0,15592.8,12,25,0,0,16584.0,15265.0,16951.0,415.0,620.0,75.0,28094.0,2567.0,15701.0,1,0,0,0,0,0,0,15659.0,14843.0,15265.0,18513.0,15660.0,17120.0,15695.333333333334,15525.0,16537.785714285714,16356.933333333332,550.2747798448736,1484.102815783372,15962.695817301592,16166.08866350014,0.0,0.0,4
2023-12-25,220.0,55.0,286.0,12,25,0,0,1335.0,291.0,216.5,309.0,661.6,1369.0,262.5,865.4,252.5,1,0,0,0,0,0,0,514.0,0.0,291.0,164.0,0.0,0.0,616.3333333333334,410.2142857142857,410.82142857142856,259.0833333333333,458.2171844172129,373.01583315136816,562.5496765210822,322.87838903794733,0.0,0.0,5
2023-12-25,0.0,0.0,32.0,12,25,0,0,0.0,25.0,50.0,57.0,0.0,57.0,201.0,87.0,141.0,1,0,0,0,0,0,0,18.0,22.0,25.0,18.0,37.0,41.0,13.333333333333334,9.285714285714286,12.214285714285714,39.03333333333333,11.757469763435404,49.42251569346971,10.255159790758093,27.910094366223,0.0,0.0,6
2023-12-26,1334.0,3051.0,1213.0,12,26,0,0,1147.0,123.0,1057.0,379.5,677.5,472.0,1680.0,871.0,2244.0,0,1,0,0,0,0,0,2007.0,736.0,123.0,347.5,128.0,240.0,1296.6666666666667,928.65,680.8607142857143,790.8350000000002,651.0722854133271,621.2298651632016,1018.8639443278588,782.6080595891023,0.0,0.0,0
2023-12-26,1297.0,256.0,269.0,12,26,0,0,890.0,183.5,30.0,890.0,520.0,0.0,963.0,637.0,175.0,0,1,0,0,0,0,0,801.0,170.0,183.5,401.0,408.0,517.0,620.3333333333334,554.0714285714286,464.7857142857143,417.9166666666667,387.0816482099771,349.5069207378849,574.3579955764988,427.7999249395477,0.0,0.0,1
2023-12-26,165.0,9507.4,1690.0,12,26,0,0,1215.0,0.0,0.0,1084.5,692.0,846.0,7951.0,7734.7,10755.0,0,1,0,0,0,0,0,280.0,0.0,0.0,165.5,497.0,227.5,498.3333333333333,372.7142857142857,291.0,333.01666666666665,415.97013686309833,300.0550950366801,479.01809956227225,340.14400483994945,0.0,0.0,2
2023-12-26,0.0,0.0,0.0,12,26,0,0,0.0,0.0,0.0,0.0,0.0,0.0,0.0,0.0,0.0,0,1,0,0,0,0,0,0.0,0.0,0.0,0.0,0.0,0.0,0.0,0.0,0.0,0.0,0.0,0.0,0.0,0.0,0.0,0.0,3
2023-12-26,15593.0,2157.5,395.0,12,26,0,0,14986.0,15176.0,17929.0,15592.8,420.0,22514.0,6192.0,2688.0,1780.0,0,1,0,0,0,0,0,16584.0,15659.0,15176.0,15955.0,16970.0,17433.0,15743.0,15485.142857142857,16285.857142857143,16291.433333333332,581.4657996739511,1500.254109127539,15718.521862976197,16089.95391101626,0.0,0.0,4
2023-12-26,26.0,1319.0,205.0,12,26,0,0,220.0,226.0,0.0,286.0,208.0,753.0,55.0,291.0,989.5,0,1,0,0,0,0,0,1335.0,514.0,226.0,145.0,0.0,0.0,689.6666666666666,400.07142857142856,414.82142857142856,259.2,462.065510197727,373.0026023760565,476.9122573908117,316.24107361614426,0.0,0.0,5
2023-12-26,75.0,171.0,25.0,12,26,0,0,0.0,0.0,36.0,32.0,75.0,0.0,0.0,93.0,27.0,0,1,0,0,0,0,0,0.0,18.0,0.0,0.0,18.0,89.0,6.0,5.714285714285714,10.928571428571429,37.36666666666667,9.827076298240064,49.88088109537131,7.691369843068568,26.10944311678925,0.0,0.0,6
2023-12-26,0.0,0.0,0.0,12,26,0,0,1200.0,0.0,0.0,0.0,14000.0,0.0,21000.0,0.0,35665.0,0,1,0,0,0,0,0,0.0,3000.0,0.0,0.0,0.0,0.0,1400.0,1028.571428571429,514.2857142857143,256.6666666666667,1416.2324264449985,781.5472423046631,1039.2391628920652,581.5452655519866,0.0,0.0,7
2023-12-27,1556.0,3009.0,559.0,12,27,0,0,1334.0,1468.9,272.0,1213.0,165.5,370.0,3051.0,1438.0,1958.0,0,0,1,0,0,0,0,1147.0,2007.0,1468.9,519.0,1393.0,1420.0,1496.0,1101.65,751.3249999999999,800.0683333333334,555.1432885601096,627.3506579373036,1097.6479582458942,818.1817331639988,0.0,0.0,0
2023-12-27,265.0,1435.0,543.0,12,27,0,0,1297.0,1095.0,390.0,269.0,215.0,235.0,256.0,361.0,227.0,0,0,1,0,0,0,0,890.0,801.0,1095.0,30.0,335.0,484.0,996.0,713.1428571428571,528.7857142857143,460.15,435.2177342325064,376.52201817744174,755.018496682374,483.87734913699626,0.0,0.0,1
2023-12-27,501.0,8487.35,2175.0,12,27,0,0,165.0,247.5,721.5,1690.0,257.0,1304.0,9507.4,8401.0,11510.15,0,0,1,0,0,0,0,1215.0,280.0,247.5,130.0,366.0,238.0,553.3333333333334,396.2857142857143,290.9642857142857,338.51666666666665,395.501143818706,295.2135837956497,400.5135746717042,328.8443916244688,0.0,0.0,2
2023-12-27,0.0,0.0,0.0,12,27,0,0,0.0,0.0,0.0,0.0,0.0,0.0,0.0,0.0,0.0,0,0,1,0,0,0,0,0.0,0.0,0.0,0.0,0.0,0.0,0.0,0.0,0.0,0.0,0.0,0.0,0.0,0.0,0.0,0.0,3
2023-12-27,17912.0,2444.0,190.0,12,27,0,0,15593.0,15479.0,17120.0,395.0,420.0,1965.0,2157.5,1910.0,615.0,0,0,1,0,0,0,0,14986.0,16584.0,15479.0,17919.0,16393.0,14624.0,15721.0,15544.714285714286,16260.0,16213.566666666668,565.6614754090075,1472.6986414422313,15687.141397232146,16057.892368370049,0.0,0.0,4
2023-12-27,351.0,717.0,932.0,12,27,0,0,26.0,505.5,0.0,205.0,268.0,166.0,1319.0,486.0,964.0,0,0,1,0,0,0,0,220.0,1335.0,505.5,290.0,245.0,64.5,527.0,371.5,406.32142857142856,260.06666666666666,480.4410300269258,372.40932090758776,364.18419304310873,297.515843060264,0.0,0.0,5
2023-12-27,64.0,125.0,90.0,12,27,0,0,75.0,0.0,41.0,25.0,0.0,0.0,171.0,138.0,54.0,0,0,1,0,0,0,0,0.0,0.0,0.0,42.0,75.0,0.0,25.0,16.428571428571427,16.285714285714285,38.66666666666666,27.51882472573485,50.35003909414177,24.518527382301425,29.263672593125435,0.0,0.0,6
2023-12-28,2099.0,3986.0,329.0,12,28,0,0,1556.0,548.9,240.0,559.0,350.0,686.0,3009.0,2418.0,2825.5,0,0,0,1,0,0,0,1334.0,1147.0,548.9,563.0,191.0,1795.0,1345.6666666666667,1114.0928571428572,825.3964285714285,842.8683333333335,565.6238461708829,633.8475263303135,1212.2359686844206,865.7829116695474,0.0,0.0,0
2023-12-28,172.0,162.0,0.0,12,28,0,0,265.0,569.0,517.0,543.0,512.0,325.0,1435.0,402.0,460.0,0,0,0,1,0,0,0,1297.0,890.0,569.0,727.0,489.0,253.0,817.3333333333334,594.5714285714286,545.5714285714286,455.98333333333335,426.8273878836961,378.01376282492345,632.5138725117805,469.7562298378352,0.0,0.0,1
2023-12-28,233.0,9656.4,1014.5,12,28,0,0,501.0,531.5,227.5,2175.0,1489.25,872.0,8487.35,11511.5,12994.4,0,0,0,1,0,0,0,165.0,1215.0,531.5,495.0,224.0,415.0,627.0,432.5,317.4642857142857,331.1666666666667,391.1893190430093,288.00650535436984,425.6351810037781,339.9512050680515,0.0,0.0,2
2023-12-28,0.0,0.0,0.0,12,28,0,0,0.0,0.0,0.0,0.0,0.0,0.0,0.0,0.0,0.0,0,0,0,1,0,0,0,0.0,0.0,0.0,0.0,0.0,0.0,0.0,0.0,0.0,0.0,0.0,0.0,0.0,0.0,0.0,0.0,3
2023-12-28,15070.0,2634.0,459.0,12,28,0,0,17912.0,15669.0,17433.0,190.0,3728.0,690.0,2444.0,2981.5,823.0,0,0,0,1,0,0,0,15593.0,14986.0,15669.0,17388.0,15512.0,13631.0,16163.666666666666,15892.285714285714,16259.5,16239.966666666667,1054.6657787004806,1496.415751821297,16243.35604792411,16177.512215571982,0.0,0.0,4
2023-12-28,208.0,340.0,924.0,12,28,0,0,351.0,0.0,0.0,932.0,90.0,1366.0,717.0,515.5,49.0,0,0,0,1,0,0,0,26.0,220.0,0.0,30.0,0.0,848.0,199.0,349.42857142857144,410.6785714285714,271.76666666666665,476.7941055084669,369.4590578160169,360.8881447823316,300.96643383056954,0.0,0.0,5
2023-12-28,0.0,46.0,179.0,12,28,0,0,64.0,0.0,89.0,90.0,9.0,0.0,125.0,128.0,24.0,0,0,0,1,0,0,0,75.0,0.0,0.0,25.0,163.0,0.0,46.333333333333336,25.571428571428573,17.857142857142858,39.43333333333333,31.495275533838107,50.56145685737532,34.38889553672607,31.50472597421412,0.0,0.0,6
2023-12-29,950.0,2997.0,965.5,12,29,1,0,2099.0,469.75,1420.0,329.0,163.0,110.0,3986.0,1054.0,3159.0,0,0,0,0,1,0,0,1556.0,1334.0,469.75,211.0,521.0,1437.0,1663.0,1335.5357142857142,935.1107142857144,904.8350000000002,609.2238988488314,663.0737831662581,1433.9269765133154,945.3453044650604,0.0,0.0,0
2023-12-29,86.0,362.0,802.0,12,29,1,0,172.0,170.0,484.0,0.0,503.0,421.5,162.0,331.0,148.0,0,0,0,0,1,0,0,265.0,1297.0,170.0,623.0,135.0,485.0,578.0,537.8571428571429,505.9285714285714,444.48333333333335,456.1591201073842,381.3268008191773,517.3854043838354,450.5461504934588,0.0,0.0,1
2023-12-29,0.0,10189.25,455.0,12,29,1,0,233.0,335.0,238.0,1014.5,1106.0,1763.5,9656.4,8626.25,19752.95,0,0,0,0,1,0,0,501.0,165.0,335.0,201.0,741.5,499.0,299.6666666666667,389.8571428571428,298.75,331.35,394.8512076598933,287.9399826711975,377.4763857528336,333.05112732172563,0.0,0.0,2
2023-12-29,0.0,0.0,0.0,12,29,1,0,0.0,0.0,0.0,0.0,0.0,0.0,0.0,0.0,0.0,0,0,0,0,1,0,0,0.0,0.0,0.0,0.0,0.0,0.0,0.0,0.0,0.0,0.0,0.0,0.0,0.0,0.0,0.0,0.0,3
2023-12-29,17664.0,12768.0,140.0,12,29,1,0,15070.0,14843.0,14624.0,459.0,610.0,905.0,2634.0,13337.9,2688.0,0,0,0,0,1,0,0,17912.0,15593.0,14843.0,16882.0,16990.0,16168.0,16191.666666666666,15806.714285714286,16093.92857142857,16161.2,1099.1632748422282,1493.640666753339,15950.01703594308,16106.05981456734,0.0,0.0,4
2023-12-29,85.0,502.0,147.0,12,29,1,0,208.0,0.0,64.5,924.0,335.0,255.75,340.0,0.0,98.0,0,0,0,0,1,0,0,351.0,26.0,0.0,388.0,0.0,0.0,195.0,379.1428571428572,423.3928571428572,278.7,457.4780244526975,366.1197655940209,322.6661085867487,294.9685993898877,0.0,0.0,5
2023-12-29,20.0,113.0,0.0,12,29,1,0,0.0,22.0,0.0,179.0,0.0,32.0,46.0,150.0,0.0,0,0,0,0,1,0,0,64.0,75.0,22.0,9.0,0.0,201.0,46.333333333333336,25.571428571428573,16.071428571428573,36.46666666666667,31.495275533838107,50.16231126318208,25.79167165254455,29.47216300813579,0.0,0.0,6
2023-12-30,1253.0,4894.0,2769.5,12,30,1,0,950.0,736.0,1795.0,965.5,284.0,1058.0,2997.0,2983.0,3083.0,0,0,0,0,0,1,0,2099.0,1556.0,736.0,340.0,785.0,2189.0,1535.0,1404.142857142857,987.8964285714284,889.1683333333334,515.2712646659776,655.9967404885555,1312.9452323849864,945.6456074027984,0.0,0.0,0
2023-12-30,687.0,130.0,235.5,12,30,1,0,86.0,170.0,253.0,802.0,167.5,468.0,362.0,1325.0,647.5,0,0,0,0,0,1,0,172.0,265.0,170.0,622.5,137.0,584.5,174.33333333333334,525.8571428571429,467.57142857142856,431.2166666666666,468.38994743391214,386.7888286759401,409.5390532878765,427.0270440100099,0.0,0.0,1
2023-12-30,317.0,9305.75,542.25,12,30,1,0,0.0,0.0,415.0,455.0,1241.0,3059.5,10189.25,11164.1,11788.0,0,0,0,0,0,1,0,233.0,501.0,0.0,0.0,357.0,342.0,244.66666666666663,342.0,284.3928571428572,323.4166666666667,421.97788251676576,293.8193229524392,283.1072893146252,311.5639578170982,0.0,0.0,2
2023-12-30,0.0,0.0,0.0,12,30,1,0,0.0,0.0,0.0,0.0,0.0,0.0,0.0,0.0,0.0,0,0,0,0,0,1,0,0.0,0.0,0.0,0.0,0.0,0.0,0.0,0.0,0.0,0.0,0.0,0.0,0.0,0.0,0.0,0.0,3
2023-12-30,16421.0,3860.0,5896.6,12,30,1,0,17664.0,15659.0,13631.0,140.0,6450.2,1260.0,12768.0,2735.0,2650.0,0,0,0,0,0,1,0,15070.0,17912.0,15659.0,18545.0,20017.0,13328.0,16882.0,16209.714285714286,16149.785714285714,16262.533333333333,1199.5041634338838,1488.8699888432857,16378.512776957312,16206.572084595256,0.0,0.0,4
2023-12-30,257.0,817.5,749.0,12,30,1,0,85.0,514.0,848.0,147.0,143.0,1026.0,502.0,1077.0,1741.5,0,0,0,0,0,1,0,208.0,351.0,514.0,1426.0,502.0,0.0,214.66666666666663,391.2857142857143,401.75,279.3833333333333,446.7391909849692,365.7251107173194,263.24958144006155,281.42223813892724,0.0,0.0,5
2023-12-30,0.0,121.0,26.0,12,30,1,0,20.0,18.0,0.0,0.0,26.0,29.0,113.0,145.0,9.0,0,0,0,0,0,1,0,0.0,64.0,18.0,0.0,104.0,37.0,28.0,25.285714285714285,16.857142857142858,37.13333333333333,31.542110929751708,49.79248893179556,24.343753739408413,28.86105571728832,0.0,0.0,6
2023-12-31,1337.0,2321.0,853.0,12,31,0,0,1253.0,2007.0,1437.0,2769.5,178.0,503.0,4894.0,1835.0,2343.0,0,0,0,0,0,0,1,950.0,2099.0,2007.0,582.0,1837.0,110.0,1434.0,1478.0,1053.1107142857145,871.1016666666668,434.2180711731525,637.3888090298077,1297.9589242887398,965.474923054231,0.0,0.0,0
2023-12-31,1102.0,536.0,412.0,12,31,0,0,687.0,801.0,485.0,235.5,688.0,1007.0,130.0,1066.0,135.0,0,0,0,0,0,0,1,86.0,172.0,801.0,115.0,115.0,0.0,315.0,599.7142857142857,472.1785714285714,445.6833333333333,442.9980113897108,388.0076315311811,478.9042899659074,443.7994927835576,0.0,0.0,1
2023-12-31,0.0,8663.25,940.5,12,31,0,0,317.0,280.0,499.0,542.25,1513.0,1899.0,9305.75,8520.5,16555.4,0,0,0,0,0,0,1,0.0,233.0,280.0,0.0,86.0,172.0,183.33333333333331,387.2857142857143,307.0357142857143,320.15,395.326326927394,293.31033200702086,291.5804669859689,311.9146702159951,0.0,0.0,2
2023-12-31,0.0,0.0,0.0,12,31,0,0,0.0,0.0,0.0,0.0,0.0,0.0,0.0,0.0,0.0,0,0,0,0,0,0,1,0.0,0.0,0.0,0.0,0.0,0.0,0.0,0.0,0.0,0.0,0.0,0.0,0.0,0.0,0.0,0.0,3
2023-12-31,17636.0,38289.0,0.0,12,31,0,0,16421.0,16584.0,16168.0,5896.6,415.0,1383.0,3860.0,28094.0,9843.4,0,0,0,0,0,0,1,17664.0,15070.0,16584.0,17652.0,15329.0,15124.0,16385.0,16318.57142857143,15998.07142857143,16355.533333333333,1175.533050314169,1403.5172009396158,16389.134582717983,16220.406143653629,0.0,0.0,4
2023-12-31,0.0,593.0,263.0,12,31,0,0,257.0,1335.0,0.0,749.0,309.0,957.75,817.5,262.5,553.0,0,0,0,0,0,0,1,85.0,208.0,1335.0,437.0,145.0,0.0,183.33333333333331,354.57142857142856,318.25,259.68333333333334,445.5322125065172,349.6019530476235,261.68718608004616,279.84660987189966,0.0,0.0,5
2023-12-31,12.0,27.0,0.0,12,31,0,0,0.0,0.0,201.0,26.0,57.0,38.0,121.0,201.0,172.0,0,0,0,0,0,0,1,20.0,0.0,0.0,12.0,50.0,99.0,6.666666666666667,22.714285714285715,16.857142857142858,37.13333333333333,32.93789249336943,49.79248893179556,18.25781530455631,26.99905212262456,0.0,0.0,6
2024-01-01,1374.0,8137.8,952.0,1,1,0,0,1337.0,1147.0,2189.0,853.0,379.5,349.0,2321.0,1680.0,1202.0,1,0,0,0,0,0,0,1253.0,950.0,1147.0,469.0,443.0,375.0,1180.0,1382.2857142857142,1107.0392857142856,867.7683333333334,366.7840937507665,634.5826030418209,1307.719193216555,989.444282857184,0.0,0.0,0
2024-01-01,0.0,1339.0,396.0,1,1,0,0,1102.0,890.0,584.5,412.0,890.0,271.0,536.0,963.0,514.5,1,0,0,0,0,0,0,687.0,86.0,890.0,110.0,131.0,1537.0,625.0,642.7142857142857,542.6785714285714,466.25,478.9424858601553,406.0942592721463,634.6782174744305,486.26404163623135,0.0,0.0,1
2024-01-01,448.0,17560.8,1224.0,1,1,0,0,0.0,1215.0,342.0,940.5,1084.5,1568.0,8663.25,7951.0,16863.0,1,0,0,0,0,0,0,317.0,0.0,1215.0,473.5,0.0,1030.0,105.66666666666669,347.2857142857143,307.0357142857143,303.51666666666665,421.3030240755911,296.9445694045446,218.68535023947663,291.79114310528576,0.0,0.0,2
2024-01-01,0.0,0.0,0.0,1,1,0,0,0.0,0.0,0.0,0.0,0.0,0.0,0.0,0.0,0.0,1,0,0,0,0,0,0,0.0,0.0,0.0,0.0,0.0,0.0,0.0,0.0,0.0,0.0,0.0,0.0,0.0,0.0,0.0,0.0,3
2024-01-01,34438.0,5956.0,1846.0,1,1,0,0,17636.0,14986.0,13328.0,0.0,15592.8,7286.0,38289.0,6192.0,2010.0,1,0,0,0,0,0,0,16421.0,17664.0,14986.0,15265.0,18513.0,15660.0,17240.333333333332,16468.85714285714,15996.92857142857,16404.466666666667,1277.9105900611578,1422.21957985867,16700.850937038485,16311.73477954694,0.0,0.0,4
2024-01-01,292.0,678.0,1790.0,1,1,0,0,0.0,220.0,0.0,263.0,286.0,273.0,593.0,55.0,794.5,1,0,0,0,0,0,0,257.0,85.0,220.0,291.0,164.0,0.0,114.0,163.85714285714286,287.0357142857143,259.68333333333334,129.66036219218884,349.6019530476235,196.26538956003463,261.79198988016424,0.0,0.0,5
2024-01-01,368.0,22.0,202.0,1,1,0,0,12.0,0.0,37.0,0.0,32.0,24.0,27.0,0.0,87.0,1,0,0,0,0,0,0,0.0,20.0,0.0,25.0,18.0,37.0,10.666666666666666,24.428571428571427,16.857142857142858,30.83333333333333,31.853085370479384,39.16726583058452,16.69336147841723,26.031371340519748,0.0,0.0,6
2024-01-02,817.8,8881.0,1561.0,1,2,0,0,1374.0,1334.0,110.0,952.0,1213.0,665.0,8137.8,3051.0,2133.5,0,1,0,0,0,0,0,1337.0,1253.0,1334.0,123.0,347.5,128.0,1321.3333333333333,1414.7142857142858,1171.6821428571427,840.6016666666668,352.2620777611054,592.0925449686655,1324.289394912416,1014.2543291244624,0.0,0.0,0
2024-01-02,372.0,1214.0,490.0,1,2,0,0,0.0,1297.0,0.0,396.0,269.0,321.0,1339.0,256.0,301.0,0,1,0,0,0,0,0,1102.0,687.0,1297.0,183.5,401.0,408.0,596.3333333333334,515.5714285714286,534.8214285714286,446.76666666666665,518.8271571994079,414.166461065191,476.0086631058229,454.89216798228097,0.0,0.0,1
2024-01-02,1000.0,17805.8,1604.0,1,2,0,0,448.0,165.0,172.0,1224.0,1690.0,956.0,17560.8,9507.4,11219.75,0,1,0,0,0,0,0,0.0,317.0,165.0,0.0,165.5,497.0,255.0,237.7142857142857,305.2142857142857,307.05,199.2282729983493,298.0468705907938,276.0140126796075,301.8691338726867,0.0,0.0,2
2024-01-02,0.0,0.0,0.0,1,2,0,0,0.0,0.0,0.0,0.0,0.0,0.0,0.0,0.0,0.0,0,1,0,0,0,0,0,0.0,0.0,0.0,0.0,0.0,0.0,0.0,0.0,0.0,0.0,0.0,0.0,0.0,0.0,0.0,0.0,3
2024-01-02,33122.0,3512.0,2840.0,1,2,0,0,34438.0,15593.0,15124.0,1846.0,395.0,328.0,5956.0,2157.5,1745.0,0,1,0,0,0,0,0,17636.0,16421.0,15593.0,15176.0,15955.0,16970.0,22831.666666666668,19247.714285714286,17366.428571428572,17108.133333333335,6787.675515576879,3521.1078853437443,21135.138202778864,17481.171245382622,0.0,0.0,4
2024-01-02,0.0,1386.0,374.0,1,2,0,0,292.0,26.0,0.0,1790.0,205.0,316.0,678.0,1319.0,1804.5,0,1,0,0,0,0,0,0.0,257.0,26.0,226.0,145.0,0.0,183.0,174.14285714285714,287.10714285714283,269.4166666666667,137.47657809172293,346.1707293382484,220.199042170026,263.7408937588633,0.0,0.0,5
2024-01-02,140.0,0.0,168.0,1,2,0,0,368.0,75.0,99.0,202.0,25.0,16.0,22.0,171.0,18.0,0,1,0,0,0,0,0,12.0,0.0,75.0,0.0,0.0,18.0,126.66666666666669,77.0,41.35714285714285,41.86666666666667,131.77379607999964,72.98546540866569,104.52002110881293,48.09386351209912,0.0,0.0,6
2024-01-02,0.0,0.0,0.0,1,2,0,0,0.0,0.0,20.0,0.0,0.0,120.0,0.0,0.0,0.0,0,1,0,0,0,0,0,90.0,0.0,0.0,0.0,105.0,35.0,30.0,17.857142857142858,8.928571428571429,67.66666666666667,34.3823044187392,109.40066611829414,20.77325970345225,50.60950341162609,0.0,0.0,8
2024-01-03,0.0,10052.5,4504.0,1,3,0,0,817.8,1556.0,375.0,1561.0,559.0,635.25,8881.0,3009.0,3426.0,0,0,1,0,0,0,0,1374.0,1337.0,1556.0,1468.9,519.0,1393.0,1176.2666666666669,1340.9714285714283,1221.310714285714,864.195,419.57463267093743,575.8554545570471,1197.667046184312,1001.5798562777228,0.0,0.0,0
2024-01-03,514.0,406.0,756.0,1,3,0,0,372.0,265.0,1537.0,490.0,543.0,655.0,1214.0,1435.0,555.0,0,0,1,0,0,0,0,0.0,1102.0,265.0,1095.0,30.0,335.0,491.3333333333333,383.4285714285714,548.2857142857143,459.1666666666667,387.9088626395196,405.8137277239343,450.0064973293672,449.54428617697255,0.0,0.0,1
2024-01-03,0.0,11529.2,1333.0,1,3,0,0,1000.0,501.0,1030.0,1604.0,2175.0,1818.0,17805.8,8487.35,12426.0,0,0,1,0,0,0,0,448.0,0.0,501.0,247.5,130.0,366.0,482.6666666666667,357.0,376.6428571428572,334.65,345.0458906677004,322.44831582644406,457.0105095097056,346.90983491315853,0.0,0.0,2
2024-01-03,0.0,0.0,0.0,1,3,0,0,0.0,0.0,0.0,0.0,0.0,0.0,0.0,0.0,0.0,0,0,1,0,0,0,0,0.0,0.0,0.0,0.0,0.0,0.0,0.0,0.0,0.0,0.0,0.0,0.0,0.0,0.0,0.0,0.0,3
2024-01-03,30936.0,4886.0,350.0,1,3,0,0,33122.0,17912.0,15660.0,2840.0,190.0,835.0,3512.0,2444.0,2685.0,0,0,1,0,0,0,0,34438.0,17636.0,17912.0,15479.0,17919.0,16393.0,28398.666666666668,21751.85714285714,18648.285714285717,17708.066666666666,8283.30631307272,4553.351785021766,24131.853652084148,18490.25697148697,0.0,0.0,4
2024-01-03,150.0,590.0,410.0,1,3,0,0,0.0,351.0,0.0,374.0,932.0,391.0,1386.0,717.0,1407.0,0,0,1,0,0,0,0,292.0,0.0,351.0,505.5,290.0,245.0,97.33333333333331,170.42857142857142,270.9642857142857,269.4166666666667,142.40886810267745,346.1707293382484,165.14928162751949,246.72535222603344,0.0,0.0,5
2024-01-03,0.0,108.0,0.0,1,3,0,0,140.0,64.0,37.0,168.0,90.0,16.0,0.0,125.0,6.0,0,0,1,0,0,0,0,368.0,12.0,64.0,0.0,42.0,75.0,173.33333333333334,86.28571428571429,51.35714285714285,43.23333333333333,133.88267785106265,74.4611369745334,113.3900158316097,54.023291672608856,0.0,0.0,6
2024-01-03,220.0,0.0,0.0,1,3,0,0,0.0,35.0,155.0,0.0,0.0,0.0,0.0,0.0,55.0,0,0,1,0,0,0,0,0.0,90.0,35.0,0.0,0.0,0.0,30.0,17.857142857142858,8.928571428571429,67.0,34.3823044187392,109.7614969235414,15.57994477758919,47.344374159263126,0.0,0.0,8
2024-01-04,6179.8,5715.0,1248.0,1,4,0,0,0.0,2099.0,128.0,4504.0,329.0,827.0,10052.5,3986.0,2831.0,0,0,0,1,0,0,0,817.8,1374.0,2099.0,548.9,563.0,191.0,730.6,1118.6857142857143,1116.3892857142855,851.695,640.6178981487883,590.7187142546692,898.250284638234,936.9618010339988,0.0,0.0,0
2024-01-04,516.0,570.0,731.0,1,4,0,0,514.0,172.0,408.0,756.0,0.0,551.0,406.0,162.0,371.0,0,0,0,1,0,0,0,372.0,0.0,172.0,569.0,727.0,489.0,295.3333333333333,419.0,506.7857142857143,425.06666666666666,386.653591732962,351.46277414428323,466.00487299702536,453.7027193268453,0.0,0.0,1
2024-01-04,96.0,11114.3,1597.0,1,4,0,0,0.0,233.0,497.0,1333.0,1014.5,1535.0,11529.2,9656.4,11744.5,0,0,0,1,0,0,0,1000.0,448.0,233.0,531.5,495.0,224.0,482.6666666666667,285.42857142857144,358.9642857142857,300.31666666666666,361.75399428472434,299.9040215242814,342.75788213227924,324.52855524134185,0.0,0.0,2
2024-01-04,0.0,0.0,0.0,1,4,0,0,0.0,0.0,0.0,0.0,0.0,0.0,0.0,0.0,0.0,0,0,0,1,0,0,0,0.0,0.0,0.0,0.0,0.0,0.0,0.0,0.0,0.0,0.0,0.0,0.0,0.0,0.0,0.0,0.0,3
2024-01-04,32046.0,4940.0,1608.0,1,4,0,0,30936.0,15070.0,16970.0,350.0,459.0,899.0,4886.0,2634.0,3030.0,0,0,0,1,0,0,0,33122.0,34438.0,15070.0,15669.0,17388.0,15512.0,32832.0,23612.42857142857,19752.35714285714,18217.266666666663,8727.83741555609,5133.602841410046,25832.890239063112,19293.208134616845,0.0,0.0,4
2024-01-04,0.0,1340.0,1010.0,1,4,0,0,150.0,208.0,0.0,410.0,924.0,593.0,590.0,340.0,1201.0,0,0,0,1,0,0,0,0.0,292.0,208.0,0.0,30.0,0.0,147.33333333333334,141.71428571428572,245.57142857142856,274.4166666666667,118.12523620535752,343.2158284302424,161.3619612206396,240.48500692112808,0.0,0.0,5
2024-01-04,12.0,214.0,74.0,1,4,0,0,0.0,0.0,18.0,0.0,179.0,0.0,108.0,46.0,75.0,0,0,0,1,0,0,0,140.0,368.0,0.0,0.0,25.0,163.0,169.33333333333334,77.14285714285714,51.35714285714285,42.0,137.78658445996422,74.87322618933952,85.04251187370727,50.53791801631152,0.0,0.0,6
2024-01-04,0.0,0.0,0.0,1,4,0,0,0.0,0.0,0.0,0.0,50250.0,16175.0,0.0,0.0,0.0,0,0,0,1,0,0,0,1200.0,0.0,0.0,0.0,0.0,0.0,400.0,1028.571428571429,514.2857142857143,256.6666666666667,1416.2324264449985,781.5472423046631,779.429372169049,544.0262161615359,0.0,0.0,7
2024-01-05,3023.8,6806.0,4208.0,1,5,1,0,6179.8,950.0,1393.0,1248.0,965.5,129.0,5715.0,2997.0,2824.5,0,0,0,0,1,0,0,0.0,817.8,950.0,469.75,211.0,521.0,2332.5333333333333,1701.6571428571428,1518.5964285714288,1053.4216666666666,2030.4851496273357,1125.9274855442611,2218.637713478676,1275.209426773741,0.0,0.0,0
2024-01-05,60.0,1207.0,540.0,1,5,1,0,516.0,86.0,335.0,731.0,802.0,1664.0,570.0,362.0,527.0,0,0,0,0,1,0,0,514.0,372.0,86.0,170.0,623.0,135.0,467.3333333333333,468.1428571428572,503.0,428.6666666666667,371.5958506098746,351.83485382749694,478.503654747769,457.7218987251134,0.0,0.0,1
2024-01-05,994.0,10353.6,2042.0,1,5,1,0,96.0,0.0,366.0,1597.0,455.0,1117.25,11114.3,10189.25,12644.05,0,0,0,0,1,0,0,0.0,1000.0,0.0,335.0,201.0,741.5,365.3333333333333,265.85714285714283,327.85714285714283,286.95,368.7024222736761,299.7718198322136,281.0684115992094,309.7847774838359,0.0,0.0,2
2024-01-05,0.0,0.0,0.0,1,5,1,0,0.0,0.0,0.0,0.0,0.0,0.0,0.0,0.0,0.0,0,0,0,0,1,0,0,0.0,0.0,0.0,0.0,0.0,0.0,0.0,0.0,0.0,0.0,0.0,0.0,0.0,0.0,0.0,0.0,3
2024-01-05,30376.0,22087.0,640.0,1,5,1,0,32046.0,17664.0,16393.0,1608.0,140.0,1330.0,4940.0,12768.0,3363.5,0,0,0,0,1,0,0,30936.0,33122.0,17664.0,14843.0,16882.0,16990.0,32034.666666666668,26037.571428571428,20922.14285714286,18719.8,8306.96185652216,5712.552617429137,27386.16767929733,20115.96890012544,0.0,0.0,4
2024-01-05,180.0,1180.0,1414.0,1,5,1,0,0.0,85.0,245.0,1010.0,147.0,275.0,1340.0,502.0,77.0,0,0,0,0,1,0,0,150.0,0.0,85.0,0.0,388.0,0.0,50.0,112.0,245.57142857142856,274.4166666666667,124.65285128441074,343.2158284302424,121.02147091547972,224.96984518428116,0.0,0.0,5
2024-01-05,324.0,234.0,32.0,1,5,1,0,12.0,20.0,75.0,74.0,0.0,0.0,214.0,113.0,96.0,0,0,0,0,1,0,0,0.0,140.0,20.0,22.0,9.0,0.0,50.66666666666666,78.85714285714286,52.21428571428572,41.8,136.73749616379135,74.94752187019098,66.78188390528045,48.05160072493658,0.0,0.0,6
2024-01-05,150.0,0.0,70.0,1,5,1,0,220.0,0.0,35.0,0.0,0.0,265.0,0.0,0.0,0.0,0,0,0,0,1,0,0,0.0,0.0,0.0,0.0,105.0,335.0,73.33333333333333,44.285714285714285,24.642857142857142,69.16666666666667,84.4308677473554,112.17353653536384,66.6849585831919,58.48344679414938,0.0,0.0,8
2024-01-06,560.0,3786.0,897.0,1,6,1,0,3023.8,1253.0,191.0,4208.0,2769.5,1661.0,6806.0,4894.0,3493.0,0,0,0,0,0,1,0,6179.8,0.0,1253.0,736.0,340.0,785.0,3067.866666666667,1997.9142857142856,1701.0285714285717,1107.7816666666668,2053.692401041412,1180.9127887215432,2419.9282851090065,1388.0217218205964,0.0,0.0,0
2024-01-06,978.0,270.0,152.0,1,6,1,0,60.0,687.0,489.0,540.0,235.5,287.0,1207.0,130.0,441.0,0,0,0,0,0,1,0,516.0,514.0,687.0,170.0,622.5,137.0,363.3333333333333,464.4285714285714,495.1428571428572,419.5,376.1541603929863,357.8896959717597,373.8777410608268,432.0624213880093,0.0,0.0,1
2024-01-06,276.0,19631.8,2096.0,1,6,1,0,994.0,317.0,224.0,2042.0,542.25,943.5,10353.6,9305.75,12655.25,0,0,0,0,0,1,0,96.0,0.0,317.0,0.0,0.0,357.0,363.3333333333333,407.8571428571428,374.9285714285714,307.8833333333333,434.7437668985524,326.2406474636033,459.3013086994071,353.92769506552395,0.0,0.0,2
2024-01-06,0.0,0.0,0.0,1,6,1,0,0.0,0.0,0.0,0.0,0.0,0.0,0.0,0.0,0.0,0,0,0,0,0,1,0,0.0,0.0,0.0,0.0,0.0,0.0,0.0,0.0,0.0,0.0,0.0,0.0,0.0,0.0,0.0,0.0,3
2024-01-06,29774.0,9680.2,7723.6,1,6,1,0,30376.0,16421.0,15512.0,640.0,5896.6,1787.5,22087.0,3860.0,6138.0,0,0,0,0,0,1,0,32046.0,30936.0,16421.0,15659.0,18545.0,20017.0,31119.33333333333,27853.571428571428,22031.64285714286,19185.9,7523.8948658511135,6075.104621491623,28133.625759473,20777.906390439926,0.0,0.0,4
2024-01-06,96.0,544.0,120.0,1,6,1,0,180.0,257.0,0.0,1414.0,749.0,422.0,1180.0,817.5,587.0,0,0,0,0,0,1,0,0.0,150.0,257.0,514.0,1426.0,502.0,110.0,125.57142857142856,258.42857142857144,272.25,126.38282734461646,343.61287233525303,135.76610318660977,222.0685648498114,0.0,0.0,5
2024-01-06,0.0,256.0,48.0,1,6,1,0,324.0,0.0,163.0,32.0,26.0,45.0,234.0,121.0,54.0,0,0,0,0,0,1,0,12.0,0.0,0.0,18.0,0.0,104.0,112.0,122.28571428571428,73.78571428571429,50.1,161.04421161668026,90.85128052159634,131.08641292896033,65.85472325881165,0.0,0.0,6
2024-01-06,0.0,13000.0,0.0,1,6,1,0,0.0,0.0,0.0,0.0,0.0,0.0,0.0,3000.0,20705.0,0,0,0,0,0,1,0,0.0,1200.0,0.0,0.0,0.0,0.0,400.0,1028.571428571429,514.2857142857143,256.6666666666667,1416.2324264449985,781.5472423046631,584.5720291267867,508.9277506027272,0.0,0.0,7
2024-01-06,0.0,0.0,150.0,1,6,1,0,150.0,0.0,0.0,70.0,0.0,160.0,0.0,0.0,0.0,0,0,0,0,0,1,0,220.0,0.0,0.0,0.0,325.0,90.0,123.33333333333331,65.71428571428571,35.357142857142854,73.0,90.1585904313694,112.92811262342823,87.51371893739392,64.38774054936555,0.0,0.0,8
2024-01-07,1309.8,6300.0,2075.0,1,7,0,0,560.0,1337.0,521.0,897.0,853.0,314.0,3786.0,2321.0,2577.0,0,0,0,0,0,0,1,3023.8,6179.8,1337.0,2007.0,582.0,1837.0,3254.5333333333333,1898.9142857142856,1688.457142857143,1120.0816666666667,2111.4768949944105,1172.9293251545344,1954.946213831755,1334.6009655741063,0.0,0.0,0
2024-01-07,716.0,694.0,1083.0,1,7,0,0,978.0,1102.0,135.0,152.0,412.0,134.0,270.0,536.0,922.0,0,0,0,0,0,0,1,60.0,516.0,1102.0,801.0,115.0,115.0,518.0,506.0,552.8571428571429,435.8,418.54350630091824,372.0209161713432,524.9083057956201,467.2842006532991,0.0,0.0,1
2024-01-07,1852.0,17426.6,1458.0,1,7,0,0,276.0,0.0,741.5,2096.0,940.5,3505.75,19631.8,8663.25,13054.65,0,0,0,0,0,0,1,994.0,96.0,0.0,280.0,0.0,86.0,455.3333333333333,402.0,394.6428571428572,309.6166666666667,436.4447273137803,325.9175822233264,413.4759815245553,348.90010183549015,0.0,0.0,2
2024-01-07,0.0,0.0,0.0,1,7,0,0,0.0,0.0,0.0,0.0,0.0,0.0,0.0,0.0,0.0,0,0,0,0,0,0,1,0.0,0.0,0.0,0.0,0.0,0.0,0.0,0.0,0.0,0.0,0.0,0.0,0.0,0.0,0.0,0.0,3
2024-01-07,29322.0,5448.0,1040.0,1,7,0,0,29774.0,17636.0,16990.0,7723.6,0.0,655.0,9680.2,38289.0,19017.0,0,0,0,0,0,0,1,30376.0,32046.0,17636.0,16584.0,17652.0,15329.0,30732.0,29761.14285714286,23039.85714285714,19661.3,5585.196487996064,6330.359673553439,28543.719319604752,21358.299526540577,0.0,0.0,4
2024-01-07,631.0,510.0,1212.0,1,7,0,0,96.0,0.0,0.0,120.0,263.0,160.0,544.0,593.0,1036.0,0,0,0,0,0,0,1,180.0,0.0,0.0,1335.0,437.0,145.0,92.0,102.57142857142856,228.57142857142856,275.45,112.34894620905798,341.43011477586776,125.82457738995733,213.9351090530494,0.0,0.0,5
2024-01-07,288.0,136.0,0.0,1,7,0,0,0.0,12.0,0.0,48.0,0.0,0.0,256.0,27.0,0.0,0,0,0,0,0,0,1,324.0,12.0,12.0,0.0,12.0,50.0,112.0,122.28571428571428,72.5,44.66666666666666,161.04421161668026,88.71548219791849,98.31480969672025,61.60603143566251,0.0,0.0,6
2024-01-07,70.0,0.0,250.0,1,7,0,0,0.0,0.0,335.0,150.0,0.0,20.0,0.0,110.0,0.0,0,0,0,0,0,0,1,150.0,220.0,0.0,0.0,105.0,415.0,123.33333333333331,65.71428571428571,35.357142857142854,73.0,90.1585904313694,112.92811262342823,65.63528920304543,60.23369277198713,0.0,0.0,8
2024-01-08,1890.0,2880.0,1311.0,1,8,0,0,1309.8,1374.0,785.0,2075.0,952.0,25.0,6300.0,8137.8,2050.0,1,0,0,0,0,0,0,560.0,3023.8,1374.0,1147.0,469.0,443.0,1631.2,1895.0285714285717,1638.6571428571428,1146.375,2112.7079919022453,1167.8670046174511,1793.6596603738162,1333.0009032790028,0.0,0.0,0
2024-01-08,2581.0,704.0,1161.0,1,8,0,0,716.0,0.0,137.0,1083.0,396.0,405.0,694.0,1339.0,415.0,1,0,0,0,0,0,0,978.0,60.0,0.0,890.0,110.0,131.0,584.6666666666666,450.8571428571428,546.7857142857143,455.1666666666667,346.0902717362571,370.9431904951386,572.6812293467151,483.3303812563121,0.0,0.0,1
2024-01-08,591.0,14684.6,2386.0,1,8,0,0,1852.0,448.0,357.0,1458.0,1224.0,837.0,17426.6,17560.8,17958.9,1,0,0,0,0,0,0,276.0,994.0,448.0,1215.0,473.5,0.0,1040.6666666666667,666.5714285714286,506.9285714285714,346.6333333333333,657.4969853271464,424.7417863331452,773.1069861434165,445.8742888138457,0.0,0.0,2
2024-01-08,0.0,0.0,0.0,1,8,0,0,0.0,0.0,0.0,0.0,0.0,0.0,0.0,0.0,0.0,1,0,0,0,0,0,0,0.0,0.0,0.0,0.0,0.0,0.0,0.0,0.0,0.0,0.0,0.0,0.0,0.0,0.0,0.0,0.0,3
2024-01-08,31002.0,8336.0,600.0,1,8,0,0,29322.0,34438.0,20017.0,1040.0,1846.0,3751.4,5448.0,5956.0,3490.0,1,0,0,0,0,0,0,29774.0,30376.0,34438.0,14986.0,15265.0,18513.0,29824.0,31430.571428571428,23949.714285714286,20072.366666666665,1863.300553421452,6547.582235969356,28738.28948970357,21872.08665386054,0.0,0.0,4
2024-01-08,0.0,286.0,894.0,1,8,0,0,631.0,292.0,502.0,1212.0,1790.0,533.0,510.0,678.0,313.5,1,0,0,0,0,0,0,96.0,180.0,292.0,220.0,291.0,164.0,302.3333333333333,192.7142857142857,178.28571428571428,296.4833333333333,218.92518835263832,343.30705275491283,252.118433042468,240.8425213722075,0.0,0.0,5
2024-01-08,296.0,56.0,0.0,1,8,0,0,288.0,368.0,104.0,0.0,202.0,66.0,136.0,22.0,0.0,1,0,0,0,0,0,0,0.0,324.0,368.0,0.0,25.0,18.0,204.0,161.71428571428572,93.07142857142856,54.266666666666666,163.313312669966,98.73228634958318,145.73610727254018,76.21209392368428,0.0,0.0,6
2024-01-08,0.0,64500.0,0.0,1,8,0,0,0.0,3000.0,0.0,0.0,0.0,0.0,13000.0,0.0,21700.0,1,0,0,0,0,0,0,0.0,0.0,3000.0,0.0,500.0,0.0,0.0,1028.571428571429,514.2857142857143,256.6666666666667,1416.2324264449985,781.5472423046631,438.42902184509,476.0937021767448,0.0,0.0,7
2024-01-08,340.0,0.0,0.0,1,8,0,0,70.0,90.0,90.0,250.0,0.0,195.0,0.0,0.0,0.0,1,0,0,0,0,0,0,0.0,150.0,90.0,0.0,70.0,0.0,73.33333333333333,75.71428571428571,40.35714285714285,64.16666666666667,85.41216596737306,101.5151027776363,66.72646690228407,60.86377710927829,0.0,0.0,8
2024-01-09,1910.0,4840.8,1014.0,1,9,0,0,1890.0,817.8,1837.0,1311.0,1561.0,336.0,2880.0,8881.0,2298.0,0,1,0,0,0,0,0,1309.8,560.0,817.8,1334.0,123.0,347.5,1253.2666666666669,1968.7428571428568,1691.7285714285715,1183.2083333333333,2100.465357055544,1173.4883495655556,1817.7447452803624,1368.936328873906,0.0,0.0,0
2024-01-09,444.0,1030.0,60.0,1,9,0,0,2581.0,372.0,115.0,1161.0,490.0,35.0,704.0,1214.0,467.0,0,1,0,0,0,0,0,716.0,978.0,372.0,1297.0,183.5,401.0,1425.0,819.5714285714286,667.5714285714286,536.6333333333333,826.766363035906,532.0487230302888,1074.7609220100362,618.6639050462275,0.0,0.0,1
2024-01-09,160.0,18836.7,1490.0,1,9,0,0,591.0,1000.0,86.0,2386.0,1604.0,3131.0,14684.6,17805.8,9379.55,0,1,0,0,0,0,0,1852.0,276.0,1000.0,165.0,0.0,165.5,906.3333333333334,687.0,462.3571428571428,354.43333333333334,651.7706651883007,427.08088415333606,727.5802396075624,455.2372379226298,0.0,0.0,2
2024-01-09,0.0,0.0,0.0,1,9,0,0,0.0,0.0,0.0,0.0,0.0,0.0,0.0,0.0,0.0,0,1,0,0,0,0,0,0.0,0.0,0.0,0.0,0.0,0.0,0.0,0.0,0.0,0.0,0.0,0.0,0.0,0.0,0.0,0.0,3
2024-01-09,30026.0,2145.0,494.0,1,9,0,0,31002.0,33122.0,15329.0,600.0,2840.0,1206.5,8336.0,3512.0,4254.0,0,1,0,0,0,0,0,29322.0,29774.0,33122.0,15593.0,15176.0,15955.0,30032.666666666668,30939.714285714286,25093.714285714286,20438.533333333333,1309.1852064401155,6844.795756421538,29304.217117277676,22461.11332135341,0.0,0.0,4
2024-01-09,584.0,762.0,578.0,1,9,0,0,0.0,0.0,145.0,894.0,374.0,512.0,286.0,1386.0,165.0,0,1,0,0,0,0,0,631.0,96.0,0.0,26.0,226.0,145.0,242.33333333333331,151.0,162.57142857142858,279.75,224.5996438109377,345.1734883634108,189.08882478185097,225.3042941869038,0.0,0.0,5
2024-01-09,212.0,132.0,0.0,1,9,0,0,296.0,140.0,50.0,0.0,168.0,48.0,56.0,0.0,11.0,0,1,0,0,0,0,0,288.0,0.0,140.0,75.0,0.0,0.0,194.66666666666663,151.42857142857142,114.21428571428572,60.66666666666666,149.86978474980327,107.86752198345232,183.30208045440517,90.39195883183368,0.0,0.0,6
2024-01-09,250.0,0.0,1050.0,1,9,0,0,340.0,0.0,415.0,0.0,0.0,55.0,0.0,0.0,70.0,0,1,0,0,0,0,0,70.0,0.0,0.0,0.0,35.0,110.0,136.66666666666666,111.42857142857144,64.64285714285714,72.5,131.96319833304167,113.2874738183263,135.04485017671306,78.87256568287324,0.0,0.0,8
2024-01-10,1472.0,3736.0,1818.0,1,10,0,0,1910.0,0.0,443.0,1014.0,4504.0,518.5,4840.8,10052.5,3176.0,0,0,1,0,0,0,0,1890.0,1309.8,0.0,1556.0,1468.9,519.0,1703.2666666666669,2124.7714285714287,1732.8714285714286,1185.6416666666669,2040.4286785822608,1174.9655496111316,1840.8085589602715,1403.8436624949445,0.0,0.0,0
2024-01-10,844.0,784.0,963.0,1,10,0,0,444.0,514.0,131.0,60.0,756.0,231.0,1030.0,406.0,767.0,0,0,1,0,0,0,0,2581.0,716.0,514.0,265.0,1095.0,30.0,1247.0,829.8571428571429,606.6428571428571,547.6,820.6957269234907,526.4191885455598,917.0706915075272,607.395266010987,0.0,0.0,1
2024-01-10,1078.0,13922.4,3498.0,1,10,0,0,160.0,0.0,0.0,1490.0,1333.0,893.0,18836.7,11529.2,7005.75,0,0,1,0,0,0,0,591.0,1852.0,0.0,501.0,247.5,130.0,867.6666666666666,567.0,462.0,356.9,661.7892413752281,425.68847683528463,585.6851797056718,436.189674185686,0.0,0.0,2
2024-01-10,0.0,0.0,0.0,1,10,0,0,0.0,0.0,0.0,0.0,0.0,0.0,0.0,0.0,0.0,0,0,1,0,0,0,0,0.0,0.0,0.0,0.0,0.0,0.0,0.0,0.0,0.0,0.0,0.0,0.0,0.0,0.0,0.0,0.0,3
2024-01-10,33922.0,2275.0,2880.0,1,10,0,0,30026.0,30936.0,18513.0,494.0,350.0,886.0,2145.0,4886.0,3597.75,0,0,1,0,0,0,0,31002.0,29322.0,30936.0,17912.0,15479.0,17919.0,30116.666666666668,30497.42857142857,26124.64285714286,20928.43333333333,911.6817531613576,6990.87524826337,29484.66283795825,22949.170526427384,0.0,0.0,4
2024-01-10,912.0,294.0,98.0,1,10,0,0,584.0,150.0,164.0,578.0,410.0,380.0,762.0,590.0,450.0,0,0,1,0,0,0,0,0.0,631.0,150.0,351.0,505.5,290.0,405.0,234.42857142857144,202.42857142857144,294.3833333333333,264.14507197299577,348.55286254527573,287.81661858638824,248.4459526264584,0.0,0.0,5
2024-01-10,50.0,0.0,68.0,1,10,0,0,212.0,0.0,18.0,0.0,0.0,6.0,132.0,108.0,0.0,0,0,1,0,0,0,0,296.0,288.0,0.0,64.0,0.0,42.0,265.3333333333333,161.71428571428572,124.0,66.06666666666666,151.41742995850274,111.31500296481812,190.47656034080387,98.23763890719924,0.0,0.0,6
2024-01-10,850.0,0.0,660.0,1,10,0,0,250.0,0.0,0.0,1050.0,0.0,35.0,0.0,0.0,145.0,0,0,1,0,0,0,0,340.0,70.0,0.0,0.0,0.0,105.0,220.0,147.14285714285714,82.5,67.0,130.602997121593,99.21762913431525,163.7836376325348,89.91304531623626,0.0,0.0,8
2024-01-11,565.8,3383.0,310.0,1,11,0,0,1472.0,6179.8,347.5,1818.0,1248.0,400.0,3736.0,5715.0,2001.0,0,0,0,1,0,0,0,1910.0,1890.0,6179.8,2099.0,548.9,563.0,1757.3333333333333,2335.057142857143,1726.8714285714286,1219.9416666666666,1852.1164243977237,1167.534493183387,1748.6064192202036,1408.2408455597867,0.0,0.0,0
2024-01-11,752.0,1080.0,1138.0,1,11,0,0,844.0,516.0,401.0,963.0,731.0,677.5,784.0,570.0,819.0,0,0,0,1,0,0,0,444.0,2581.0,516.0,172.0,569.0,727.0,1289.6666666666667,877.0,648.0,571.3666666666667,808.9217102620834,523.0464298856193,898.8030186306454,622.6600875586654,0.0,0.0,1
2024-01-11,400.0,21281.3,1770.0,1,11,0,0,1078.0,96.0,165.5,3498.0,1597.0,2267.4,13922.4,11114.3,9604.6,0,0,0,1,0,0,0,160.0,591.0,96.0,233.0,531.5,495.0,609.6666666666666,721.0,503.2142857142857,392.8333333333333,632.641288567226,439.7876120107986,708.7638847792539,477.5967919801579,0.0,0.0,2
2024-01-11,0.0,0.0,0.0,1,11,0,0,0.0,0.0,0.0,0.0,0.0,0.0,0.0,0.0,0.0,0,0,0,1,0,0,0,0.0,0.0,0.0,0.0,0.0,0.0,0.0,0.0,0.0,0.0,0.0,0.0,0.0,0.0,0.0,0.0,3
2024-01-11,31944.0,4515.0,1168.0,1,11,0,0,33922.0,32046.0,15955.0,2880.0,1608.0,453.0,2275.0,4940.0,2243.25,0,0,0,1,0,0,0,30026.0,31002.0,32046.0,15070.0,15669.0,17388.0,31650.0,30924.0,27268.214285714286,21442.066666666666,1594.186521918439,7363.426970780846,30593.99712846869,23657.09500859336,0.0,0.0,4
2024-01-11,0.0,344.0,458.0,1,11,0,0,912.0,0.0,145.0,98.0,1010.0,1990.0,294.0,1340.0,21203.0,0,0,0,1,0,0,0,584.0,0.0,0.0,208.0,0.0,30.0,498.6666666666667,343.2857142857143,242.5,319.31666666666666,362.32154885116177,365.2577852868352,443.8624639397912,291.2558911666869,0.0,0.0,5
2024-01-11,0.0,96.0,32.0,1,11,0,0,50.0,12.0,0.0,68.0,74.0,24.0,0.0,214.0,22.0,0,0,0,1,0,0,0,212.0,296.0,12.0,0.0,0.0,25.0,186.0,168.85714285714286,123.0,67.13333333333334,143.48917330984537,110.99137379756708,155.3574202556029,95.12553317125092,0.0,0.0,6
2024-01-11,830.0,0.0,110.0,1,11,0,0,850.0,220.0,110.0,660.0,0.0,0.0,0.0,0.0,105.0,0,0,0,1,0,0,0,250.0,340.0,220.0,35.0,0.0,0.0,480.0,268.57142857142856,143.21428571428572,95.33333333333331,280.32294301564457,173.20474894607048,335.3377282244011,138.95091336035006,0.0,0.0,8
2024-01-12,2750.8,4668.0,1672.0,1,12,1,0,565.8,3023.8,519.0,310.0,4208.0,410.0,3383.0,6806.0,1735.0,0,0,0,0,1,0,0,1472.0,1910.0,3023.8,950.0,469.75,211.0,1315.9333333333332,1533.0571428571427,1617.357142857143,1227.2183333333337,859.0505124014198,1162.5792572524583,1452.9048144151527,1353.889823265607,0.0,0.0,0
2024-01-12,558.0,514.0,930.0,1,12,1,0,752.0,60.0,30.0,1138.0,540.0,370.0,1080.0,1207.0,294.0,0,0,0,0,1,0,0,844.0,444.0,60.0,86.0,170.0,623.0,680.0,910.7142857142856,689.4285714285714,583.0666666666667,796.1860574609674,523.029845745183,862.102263972984,631.0045980387515,0.0,0.0,1
2024-01-12,96.0,18754.8,3900.0,1,12,1,0,400.0,994.0,130.0,1770.0,2042.0,1215.5,21281.3,10353.6,9484.45,0,0,0,0,1,0,0,1078.0,160.0,994.0,0.0,335.0,201.0,546.0,764.4285714285714,515.1428571428571,400.65,591.6958275845388,437.6866724905637,631.5729135844404,472.5905473362768,0.0,0.0,2
2024-01-12,0.0,0.0,0.0,1,12,1,0,0.0,0.0,0.0,0.0,0.0,0.0,0.0,0.0,0.0,0,0,0,0,1,0,0,0.0,0.0,0.0,0.0,0.0,0.0,0.0,0.0,0.0,0.0,0.0,0.0,0.0,0.0,0.0,0.0,3
2024-01-12,30282.0,33788.0,5120.0,1,12,1,0,31944.0,30376.0,17919.0,1168.0,640.0,780.0,4515.0,22087.0,2342.5,0,0,0,0,1,0,0,33922.0,30026.0,30376.0,17664.0,14843.0,16882.0,31964.0,30909.42857142857,28473.5,21975.033333333333,1582.64618673306,7529.351176348556,30931.49784635152,24191.73404029701,0.0,0.0,4
2024-01-12,0.0,450.0,1835.0,1,12,1,0,0.0,180.0,290.0,458.0,1414.0,39.0,344.0,1180.0,808.0,0,0,0,0,1,0,0,912.0,584.0,180.0,85.0,0.0,388.0,498.6666666666667,343.2857142857143,227.64285714285717,314.4833333333333,362.32154885116177,368.5881844452475,332.89684795484334,272.46518851077167,0.0,0.0,5
2024-01-12,0.0,24000.0,0.0,1,12,1,0,0.0,3000.0,0.0,0.0,14000.0,0.0,64500.0,0.0,20400.0,0,0,0,0,1,0,0,0.0,0.0,3000.0,0.0,0.0,0.0,0.0,600.0,514.2857142857143,256.6666666666667,1148.912529307606,781.5472423046631,328.8217663838175,445.3779794556645,0.0,0.0,7
2024-01-12,630.0,0.0,0.0,1,12,1,0,830.0,150.0,105.0,110.0,70.0,0.0,0.0,0.0,0.0,0,0,0,0,1,0,0,850.0,250.0,150.0,0.0,0.0,105.0,643.3333333333334,355.7142857142857,200.0,119.33333333333331,349.0872452008304,219.10764687600536,459.0032961683008,183.53472540161775,0.0,0.0,8
2024-01-13,1696.0,7346.0,650.0,1,13,1,0,2750.8,560.0,563.0,1672.0,897.0,755.0,4668.0,3786.0,1864.0,0,0,0,0,0,1,0,565.8,1472.0,560.0,1253.0,736.0,340.0,1596.2,1494.0571428571427,1745.9857142857145,1301.611666666667,782.9158210543085,1186.8506892470054,1777.3786108113643,1444.0130604742776,0.0,0.0,0
2024-01-13,70.0,1134.0,835.0,1,13,1,0,558.0,978.0,727.0,930.0,152.0,237.0,514.0,270.0,612.0,0,0,0,0,0,1,0,752.0,844.0,978.0,687.0,170.0,622.5,718.0,981.8571428571428,723.1428571428571,600.6666666666666,726.7205855924341,512.5561085069771,786.076697979738,626.2946239717353,0.0,0.0,1
2024-01-13,628.0,15129.0,2132.0,1,13,1,0,96.0,276.0,495.0,3900.0,2096.0,1511.0,18754.8,19631.8,6936.05,0,0,0,0,0,1,0,400.0,1078.0,276.0,317.0,0.0,0.0,524.6666666666666,636.1428571428571,522.0,399.51666666666665,629.7508577661033,438.45499677321743,497.6796851883303,448.29438299200086,0.0,0.0,2
2024-01-13,0.0,0.0,0.0,1,13,1,0,0.0,0.0,0.0,0.0,0.0,0.0,0.0,0.0,0.0,0,0,0,0,0,1,0,0.0,0.0,0.0,0.0,0.0,0.0,0.0,0.0,0.0,0.0,0.0,0.0,0.0,0.0,0.0,0.0,3
2024-01-13,29128.0,12662.0,4116.4,1,13,1,0,30282.0,29774.0,17388.0,5120.0,7723.6,725.0,33788.0,9680.2,2084.0,0,0,0,0,0,1,0,31944.0,33922.0,29774.0,16421.0,15659.0,18545.0,32049.33333333333,30896.0,29374.785714285717,22387.13333333333,1588.3152499844218,7637.254971444277,30769.12338476364,24584.654424793986,0.0,0.0,4
2024-01-13,0.0,1806.0,572.0,1,13,1,0,0.0,96.0,30.0,1835.0,120.0,485.0,450.0,544.0,629.5,0,0,0,0,0,1,0,0.0,912.0,96.0,257.0,514.0,1426.0,304.0,317.57142857142856,221.57142857142856,304.81666666666666,381.7101243713861,373.0284837819276,249.6726359661325,254.88678925201225,0.0,0.0,5
2024-01-13,0.0,154.0,18.0,1,13,1,0,0.0,324.0,42.0,32.0,32.0,0.0,96.0,234.0,74.0,0,0,0,0,0,1,0,50.0,212.0,324.0,20.0,22.0,9.0,87.33333333333333,167.14285714285714,123.0,67.13333333333334,145.72969106240103,110.99137379756708,116.51806519170218,88.98840199891214,0.0,0.0,6
2024-01-13,0.0,0.0,10200.0,1,13,1,0,0.0,0.0,0.0,0.0,0.0,0.0,24000.0,20310.0,1200.0,0,0,0,0,0,1,0,0.0,0.0,0.0,0.0,0.0,0.0,0.0,171.42857142857142,514.2857142857143,256.6666666666667,453.5573676110732,781.5472423046631,246.6163247878631,416.6439162649765,0.0,0.0,7
2024-01-13,770.0,0.0,0.0,1,13,1,0,630.0,0.0,0.0,0.0,150.0,385.0,0.0,0.0,0.0,0,0,0,0,0,1,0,830.0,850.0,0.0,0.0,0.0,325.0,770.0,424.2857142857143,245.0,136.83333333333334,349.0872452008304,238.0686779110156,501.7524721262256,212.33893666602955,0.0,0.0,8
2024-01-14,982.8,6172.0,980.0,1,14,0,0,1696.0,1309.8,211.0,650.0,2075.0,185.0,7346.0,6300.0,1205.5,0,0,0,0,0,0,1,2750.8,565.8,1309.8,1337.0,2007.0,582.0,1670.8666666666668,1656.3428571428572,1777.6285714285716,1339.378333333333,666.0461316784359,1180.546739620317,1757.0339581085234,1460.270282379163,0.0,0.0,0
2024-01-14,492.0,714.0,0.0,1,14,0,0,70.0,716.0,623.0,835.0,1083.0,190.0,1134.0,694.0,192.0,0,0,0,0,0,0,1,558.0,752.0,716.0,1102.0,801.0,115.0,460.0,852.1428571428571,679.0714285714286,578.7666666666667,804.4071167784444,520.939399039144,607.0575234848035,590.4046482316234,0.0,0.0,1
2024-01-14,0.0,14212.2,3823.0,1,14,0,0,628.0,1852.0,201.0,2132.0,1458.0,1735.0,15129.0,17426.6,6326.0,0,0,0,0,0,0,1,96.0,400.0,1852.0,0.0,280.0,0.0,374.6666666666667,686.4285714285714,544.2142857142857,403.95,609.9425812164227,440.1229716481675,530.2597638912478,459.8882937667105,0.0,0.0,2
2024-01-14,0.0,0.0,0.0,1,14,0,0,0.0,0.0,0.0,0.0,0.0,0.0,0.0,0.0,0.0,0,0,0,0,0,0,1,0.0,0.0,0.0,0.0,0.0,0.0,0.0,0.0,0.0,0.0,0.0,0.0,0.0,0.0,0.0,0.0,3
2024-01-14,26656.0,4485.0,1880.0,1,14,0,0,29128.0,29322.0,16882.0,4116.4,1040.0,4295.0,12662.0,5448.0,12899.0,0,0,0,0,0,0,1,30282.0,31944.0,29322.0,17636.0,16584.0,17652.0,30451.33333333333,30803.714285714286,30282.42857142857,22778.466666666667,1680.465978460037,7672.961792636798,30358.84253857273,24877.773494162117,0.0,0.0,4
2024-01-14,0.0,2282.0,1084.6,1,14,0,0,0.0,631.0,388.0,572.0,1212.0,650.6,1806.0,510.0,181.4,0,0,0,0,0,0,1,0.0,0.0,631.0,0.0,1335.0,437.0,0.0,303.85714285714283,203.2142857142857,303.81666666666666,392.5677982087632,373.8299558884231,187.25447697459936,238.44248026801145,0.0,0.0,5
2024-01-14,128.0,0.0,200.0,1,14,0,0,0.0,0.0,25.0,18.0,48.0,0.0,154.0,256.0,18.0,0,0,0,0,0,0,1,0.0,50.0,0.0,0.0,18.0,0.0,16.666666666666668,120.85714285714286,121.57142857142856,65.73333333333333,138.89975830483957,111.5826377958115,87.38854889377663,83.24721477317587,0.0,0.0,6
2024-01-14,0.0,5200.0,0.0,1,14,0,0,0.0,1200.0,0.0,10200.0,0.0,2800.0,0.0,21000.0,0.0,0,0,0,0,0,0,1,0.0,0.0,1200.0,0.0,0.0,0.0,0.0,171.42857142857142,514.2857142857143,256.6666666666667,453.5573676110732,781.5472423046631,184.96224359089732,389.76366360272,0.0,0.0,7
2024-01-14,560.0,0.0,140.0,1,14,0,0,770.0,70.0,105.0,0.0,250.0,210.0,0.0,0.0,55.0,0,0,0,0,0,0,1,630.0,830.0,70.0,0.0,0.0,105.0,743.3333333333334,534.2857142857143,300.0,162.5,312.5090474880762,263.00894832030286,568.8143540946692,248.31706978435025,0.0,0.0,8
2024-01-15,3110.0,6786.0,718.0,1,15,0,0,982.8,1890.0,340.0,980.0,1311.0,0.0,6172.0,2880.0,2187.0,1,0,0,0,0,0,0,1696.0,2750.8,1890.0,1374.0,1147.0,469.0,1809.8666666666668,1609.6285714285716,1752.3285714285716,1365.105,704.7454805679505,1163.3939963529124,1563.4754685813923,1429.4657480321205,0.0,0.0,0
2024-01-15,1612.0,1440.0,648.5,1,15,0,0,492.0,2581.0,622.5,0.0,1161.0,190.0,714.0,704.0,401.0,1,0,0,0,0,0,0,70.0,558.0,2581.0,0.0,890.0,110.0,373.3333333333333,820.1428571428571,635.5,574.4,815.109896184032,521.1048507903582,578.2931426136026,584.055961248938,0.0,0.0,1
2024-01-15,445.0,15736.8,3217.5,1,15,0,0,0.0,591.0,0.0,3823.0,2386.0,1519.5,14212.2,14684.6,9630.1,1,0,0,0,0,0,0,628.0,96.0,591.0,448.0,1215.0,473.5,241.33333333333331,421.8571428571428,544.2142857142857,397.25,377.45217294002026,444.8238270022924,397.6948229184358,430.2180812656324,0.0,0.0,2
2024-01-15,0.0,0.0,0.0,1,15,0,0,0.0,0.0,0.0,0.0,0.0,0.0,0.0,0.0,0.0,1,0,0,0,0,0,0,0.0,0.0,0.0,0.0,0.0,0.0,0.0,0.0,0.0,0.0,0.0,0.0,0.0,0.0,0.0,0.0,3
2024-01-15,29670.0,3440.0,2666.0,1,15,0,0,26656.0,31002.0,18545.0,1880.0,600.0,2877.4,4485.0,8336.0,1138.0,1,0,0,0,0,0,0,29128.0,30282.0,31002.0,34438.0,14986.0,15265.0,28688.666666666668,30422.85714285714,30926.714285714286,23104.266666666663,2270.7005841495024,7621.291667759292,29433.13190392955,24992.49778486133,0.0,0.0,4
2024-01-15,1090.0,686.0,3766.0,1,15,0,0,0.0,0.0,1426.0,1084.6,894.0,86.0,2282.0,286.0,266.0,1,0,0,0,0,0,0,0.0,0.0,0.0,292.0,220.0,291.0,0.0,213.7142857142857,203.2142857142857,290.8833333333333,377.0683909167825,377.5107142424122,140.44085773094957,223.0590944442688,0.0,0.0,5
2024-01-15,0.0,114.0,76.0,1,15,0,0,128.0,288.0,9.0,200.0,0.0,0.0,0.0,136.0,47.0,1,0,0,0,0,0,0,0.0,0.0,288.0,12.0,0.0,12.0,42.66666666666666,139.14285714285714,130.71428571428572,69.16666666666667,128.36332364481237,111.87033236907725,97.54141167033248,86.1344912394226,0.0,0.0,6
2024-01-16,1942.6,4328.0,740.0,1,16,0,0,3110.0,1910.0,582.0,718.0,1014.0,330.0,6786.0,4840.8,1637.0,0,1,0,0,0,0,0,982.8,1696.0,1910.0,817.8,1334.0,123.0,1929.6,1783.9142857142858,1876.328571428572,1457.4383333333333,907.3656804702484,1188.872794135293,1950.1066014360445,1537.8873126752096,0.0,0.0,0
2024-01-16,484.0,1025.0,964.0,1,16,0,0,1612.0,444.0,115.0,648.5,60.0,130.0,1440.0,1030.0,345.0,0,1,0,0,0,0,0,492.0,70.0,444.0,372.0,1297.0,183.5,724.6666666666666,681.7142857142857,750.6428571428571,607.3833333333333,479.358499902288,554.4994898062597,836.7198569602019,650.3749314909421,0.0,0.0,1
2024-01-16,890.0,16723.18,2452.02,1,16,0,0,445.0,160.0,0.0,3217.5,1490.0,793.0,15736.8,18836.7,9107.0,0,1,0,0,0,0,0,0.0,628.0,160.0,1000.0,165.0,0.0,357.6666666666667,401.0,544.0,412.0833333333333,370.5181057204449,438.4947033717252,409.5211171888269,431.1717534420432,0.0,0.0,2
2024-01-16,0.0,0.0,0.0,1,16,0,0,0.0,0.0,0.0,0.0,0.0,0.0,0.0,0.0,0.0,0,1,0,0,0,0,0,0.0,0.0,0.0,0.0,0.0,0.0,0.0,0.0,0.0,0.0,0.0,0.0,0.0,0.0,0.0,0.0,3
2024-01-16,30630.0,4569.0,2404.0,1,16,0,0,29670.0,30026.0,17652.0,2666.0,494.0,981.0,3440.0,2145.0,3521.0,0,1,0,0,0,0,0,26656.0,29128.0,30026.0,33122.0,15593.0,15176.0,28484.666666666668,30232.571428571428,30586.14285714286,23475.1,2269.890368655288,7662.346211991045,29492.34892794716,25294.272121321897,0.0,0.0,4
2024-01-16,0.0,484.0,1728.0,1,16,0,0,1090.0,584.0,437.0,3766.0,578.0,676.0,686.0,762.0,193.0,0,1,0,0,0,0,0,0.0,0.0,584.0,0.0,26.0,226.0,363.3333333333333,369.4285714285714,260.2142857142857,279.68333333333334,484.0037386711172,346.37284285054443,377.8306432982122,278.990765770445,0.0,0.0,5
2024-01-16,0.0,112.0,292.0,1,16,0,0,0.0,296.0,0.0,76.0,0.0,9.0,114.0,56.0,0.0,0,1,0,0,0,0,0,128.0,0.0,296.0,368.0,0.0,25.0,42.66666666666666,98.0,129.85714285714286,68.86666666666666,118.47362575695904,112.0491681894784,73.15605875274936,80.57742728849212,0.0,0.0,6
2024-01-16,0.0,0.0,9040.0,1,16,0,0,0.0,0.0,0.0,0.0,0.0,11250.0,5200.0,0.0,0.0,0,1,0,0,0,0,0,0.0,0.0,0.0,0.0,0.0,0.0,0.0,0.0,514.2857142857143,256.6666666666667,0.0,781.5472423046631,138.72168269317302,364.6176207896413,0.0,0.0,7
2024-01-16,40.0,0.0,510.0,1,16,0,0,560.0,340.0,325.0,140.0,0.0,160.0,0.0,0.0,0.0,0,1,0,0,0,0,0,770.0,630.0,340.0,90.0,0.0,70.0,653.3333333333334,604.2857142857143,340.0,177.66666666666666,236.91469230204217,272.5256499580498,566.6107655710018,268.4256459272954,0.0,0.0,8
2024-01-17,1376.8,3958.0,754.0,1,17,0,0,1942.6,1472.0,469.0,740.0,1818.0,161.0,4328.0,3736.0,1382.0,0,0,1,0,0,0,0,3110.0,982.8,1472.0,0.0,1556.0,1468.9,2011.8,1788.571428571429,1956.6714285714288,1502.7916666666667,908.2039596813872,1180.245721353392,1948.229951077033,1563.9978086316478,0.0,0.0,0
2024-01-17,479.0,646.0,1485.0,1,17,0,0,484.0,844.0,110.0,964.0,963.0,348.5,1025.0,784.0,313.0,0,0,1,0,0,0,0,1612.0,492.0,844.0,514.0,265.0,1095.0,862.6666666666666,687.4285714285714,758.6428571428571,619.6833333333333,476.2810294853443,547.2459020393397,748.5398927201514,639.6410649431394,0.0,0.0,1
2024-01-17,651.0,20957.6,1795.0,1,17,0,0,890.0,1078.0,473.5,2452.02,3498.0,2050.5,16723.18,13922.4,6673.15,0,0,1,0,0,0,0,445.0,0.0,1078.0,0.0,501.0,247.5,445.0,505.2857142857143,536.1428571428571,441.75,393.4067929788514,439.7585103369723,529.6408378916201,460.77357580062113,0.0,0.0,2
2024-01-17,0.0,0.0,0.0,1,17,0,0,0.0,0.0,0.0,0.0,0.0,0.0,0.0,0.0,0.0,0,0,1,0,0,0,0,0.0,0.0,0.0,0.0,0.0,0.0,0.0,0.0,0.0,0.0,0.0,0.0,0.0,0.0,0.0,0.0,3
2024-01-17,34322.0,5480.0,2907.0,1,17,0,0,30630.0,33922.0,15265.0,2404.0,2880.0,620.0,4569.0,2275.0,2567.0,0,0,1,0,0,0,0,29670.0,26656.0,33922.0,30936.0,17912.0,15479.0,28985.33333333333,30318.85714285714,30408.14285714286,23907.7,2272.207988467802,7688.560136713621,29776.76169596037,25638.51262962371,0.0,0.0,4
2024-01-17,118.0,840.0,644.6,1,17,0,0,0.0,912.0,291.0,1728.0,98.0,661.6,484.0,294.0,865.4,0,0,1,0,0,0,0,1090.0,0.0,912.0,150.0,351.0,505.5,363.3333333333333,286.0,260.2142857142857,265.1166666666667,491.1333831048344,348.7098804839441,283.37298247365914,260.9913615271905,0.0,0.0,5
2024-01-17,0.0,108.0,32.0,1,17,0,0,0.0,212.0,12.0,292.0,0.0,41.0,112.0,132.0,48.0,0,0,1,0,0,0,0,0.0,128.0,212.0,140.0,75.0,0.0,42.66666666666666,55.71428571428572,103.57142857142856,68.86666666666666,83.76497733881043,112.0491681894784,54.86704406456202,75.37888359246037,0.0,0.0,6
2024-01-17,0.0,10000.0,0.0,1,17,0,0,0.0,0.0,0.0,9040.0,0.0,18000.0,0.0,0.0,0.0,0,0,1,0,0,0,0,0.0,0.0,0.0,0.0,0.0,0.0,0.0,0.0,514.2857142857143,256.6666666666667,0.0,781.5472423046631,104.04126201987977,341.0939033193419,0.0,0.0,7
2024-01-18,3904.0,5593.0,1572.0,1,18,0,0,1376.8,565.8,123.0,754.0,310.0,677.5,3958.0,3383.0,871.0,0,0,0,1,0,0,0,1942.6,3110.0,565.8,6179.8,2099.0,548.9,2143.133333333333,1774.9714285714288,2055.014285714286,1533.0516666666667,914.4260599127836,1164.3571199773523,1805.3724633077752,1551.9205306554124,0.0,0.0,0
2024-01-18,190.0,431.0,1204.0,1,18,0,0,479.0,752.0,183.5,1485.0,1138.0,520.0,646.0,1080.0,637.0,0,0,0,1,0,0,0,484.0,1612.0,752.0,516.0,172.0,569.0,858.3333333333334,635.2857142857143,756.1428571428571,631.9833333333333,476.2627826056098,539.4869926419775,681.1549195401136,629.2771252693885,0.0,0.0,1
2024-01-18,657.0,29862.2,2806.5,1,18,0,0,651.0,400.0,0.0,1795.0,1770.0,692.0,20957.6,21281.3,7734.7,0,0,0,1,0,0,0,890.0,445.0,400.0,96.0,233.0,531.5,662.0,444.2857142857143,582.6428571428571,447.6666666666667,315.1183451158811,441.3914583906555,559.980628418715,473.0462483296133,0.0,0.0,2
2024-01-18,0.0,0.0,0.0,1,18,0,0,0.0,0.0,0.0,0.0,0.0,0.0,0.0,0.0,0.0,0,0,0,1,0,0,0,0.0,0.0,0.0,0.0,0.0,0.0,0.0,0.0,0.0,0.0,0.0,0.0,0.0,0.0,0.0,0.0,3
2024-01-18,33312.0,4502.0,2300.0,1,18,0,0,34322.0,31944.0,15176.0,2907.0,1168.0,420.0,5480.0,4515.0,2688.0,0,0,0,1,0,0,0,30630.0,29670.0,31944.0,32046.0,15070.0,15669.0,31540.666666666668,30376.0,30650.0,24542.93333333333,2380.379241493482,7736.970118598859,30913.07127197028,26198.73762126089,0.0,0.0,4
2024-01-18,558.0,2375.0,620.0,1,18,0,0,118.0,0.0,226.0,644.6,458.0,208.0,840.0,344.0,291.0,0,0,0,1,0,0,0,0.0,1090.0,0.0,0.0,208.0,0.0,402.6666666666667,172.57142857142858,257.92857142857144,259.35,406.931139605895,349.6961525924058,242.02973685524435,251.76611239640405,0.0,0.0,5
2024-01-18,0.0,54.0,0.0,1,18,0,0,0.0,50.0,25.0,32.0,68.0,0.0,108.0,0.0,87.0,0,0,0,1,0,0,0,0.0,0.0,50.0,0.0,64.0,0.0,0.0,25.428571428571427,93.57142857142856,68.46666666666667,48.91781251193044,112.28035518700293,41.15028304842152,70.51572981230164,0.0,0.0,6
2024-01-18,0.0,24000.0,15000.0,1,18,0,0,0.0,0.0,0.0,0.0,0.0,0.0,10000.0,13000.0,7600.0,0,0,0,1,0,0,0,0.0,0.0,0.0,0.0,0.0,0.0,0.0,0.0,514.2857142857143,256.6666666666667,0.0,781.5472423046631,78.03094651490983,319.0878450406747,0.0,0.0,7
2024-01-18,330.0,0.0,0.0,1,18,0,0,40.0,250.0,105.0,510.0,1050.0,145.0,0.0,0.0,105.0,0,0,0,1,0,0,0,560.0,770.0,250.0,0.0,0.0,35.0,456.6666666666667,561.4285714285714,336.42857142857144,168.16666666666666,308.8920292177925,272.1798446176571,434.95807417825137,253.6885074803732,0.0,0.0,8
2024-01-19,3618.6,6288.0,1340.0,1,19,1,0,3904.0,2750.8,1468.9,1572.0,1672.0,165.5,5593.0,4668.0,1438.0,0,0,0,0,1,0,0,1376.8,1942.6,2750.8,3023.8,950.0,469.75,2407.8,2251.8571428571427,1892.4571428571428,1659.085,1040.4948612033002,1210.1968469939668,2330.029347480832,1703.667593193773,0.0,0.0,0
2024-01-19,840.0,460.0,400.0,1,19,1,0,190.0,558.0,1095.0,1204.0,930.0,215.0,431.0,514.0,361.0,0,0,0,0,1,0,0,479.0,484.0,558.0,60.0,86.0,170.0,384.3333333333333,555.0,732.8571428571429,632.2,500.08232655567167,539.3019370541375,558.3661896550852,600.9366655745893,0.0,0.0,1
2024-01-19,1360.0,22082.5,2897.0,1,19,1,0,657.0,96.0,247.5,2806.5,3900.0,257.0,29862.2,18754.8,8401.0,0,0,0,0,1,0,0,651.0,890.0,96.0,994.0,0.0,335.0,732.6666666666666,481.0,622.7142857142857,469.56666666666666,323.9464976401712,434.6616943161048,584.2354713140362,484.914232308348,0.0,0.0,2
2024-01-19,0.0,0.0,0.0,1,19,1,0,0.0,0.0,0.0,0.0,0.0,0.0,0.0,0.0,0.0,0,0,0,0,1,0,0,0.0,0.0,0.0,0.0,0.0,0.0,0.0,0.0,0.0,0.0,0.0,0.0,0.0,0.0,0.0,0.0,3
2024-01-19,30468.0,23539.0,1520.0,1,19,1,0,33312.0,30282.0,15479.0,2300.0,5120.0,420.0,4502.0,33788.0,1910.0,0,0,0,0,1,0,0,34322.0,30630.0,30282.0,30376.0,17664.0,14843.0,32754.666666666668,30571.42857142857,30740.42857142857,25147.466666666667,2578.4800986331798,7688.22154554179,31512.803453977707,26657.657774727933,0.0,0.0,4
2024-01-19,414.0,1801.0,559.6,1,19,1,0,558.0,0.0,505.5,620.0,1835.0,268.0,2375.0,450.0,486.0,0,0,0,0,1,0,0,118.0,0.0,0.0,180.0,85.0,0.0,225.33333333333331,252.28571428571428,297.7857142857143,270.4166666666667,421.8711155023986,353.8331986561811,321.02230264143327,271.5231374030877,0.0,0.0,5
2024-01-19,0.0,70.0,0.0,1,19,1,0,0.0,0.0,0.0,0.0,32.0,75.0,54.0,96.0,93.0,0,0,0,0,1,0,0,0.0,0.0,0.0,12.0,0.0,0.0,0.0,18.285714285714285,93.57142857142856,67.63333333333334,48.37945254518105,112.70605140358924,30.862712286316132,65.96632788892735,0.0,0.0,6
2024-01-19,0.0,12800.0,0.0,1,19,1,0,0.0,0.0,0.0,15000.0,0.0,3750.0,24000.0,64500.0,0.0,0,0,0,0,1,0,0,0.0,0.0,0.0,3000.0,0.0,500.0,0.0,0.0,514.2857142857143,256.6666666666667,0.0,781.5472423046631,58.52320988618237,298.5015324574054,0.0,0.0,7
2024-01-19,140.0,0.0,300.0,1,19,1,0,330.0,850.0,70.0,0.0,660.0,70.0,0.0,0.0,0.0,0,0,0,0,1,0,0,40.0,560.0,850.0,0.0,0.0,0.0,310.0,572.8571428571429,360.0,175.66666666666666,296.68806771390285,273.47613314930953,408.7185556336885,258.6118295784136,0.0,0.0,8
2024-01-20,2518.0,5560.0,1145.0,1,20,1,0,3618.6,1696.0,548.9,1340.0,650.0,350.0,6288.0,7346.0,2418.0,0,0,0,0,0,1,0,3904.0,1376.8,1696.0,560.0,1253.0,736.0,2966.4666666666667,2375.828571428571,1934.9428571428573,1730.7416666666666,1155.2227053895786,1261.118882120934,2652.172010610624,1827.211619439336,0.0,0.0,0
2024-01-20,220.0,994.0,851.0,1,20,1,0,840.0,70.0,569.0,400.0,835.0,512.0,460.0,1134.0,402.0,0,0,0,0,0,1,0,190.0,479.0,70.0,978.0,687.0,170.0,503.0,595.2857142857143,788.5714285714286,623.7,511.5905635973996,533.7369977419785,628.7746422413139,616.360106505261,0.0,0.0,1
2024-01-20,0.0,13747.3,2239.0,1,20,1,0,1360.0,628.0,531.5,2897.0,2132.0,1489.25,22082.5,15129.0,11511.5,0,0,0,0,0,1,0,657.0,651.0,628.0,276.0,317.0,0.0,889.3333333333334,661.5714285714286,648.8571428571429,506.65,413.4855326541496,461.679676048082,778.1766034855272,541.3713786110352,0.0,0.0,2
2024-01-20,0.0,0.0,0.0,1,20,1,0,0.0,0.0,0.0,0.0,0.0,0.0,0.0,0.0,0.0,0,0,0,0,0,1,0,0.0,0.0,0.0,0.0,0.0,0.0,0.0,0.0,0.0,0.0,0.0,0.0,0.0,0.0,0.0,0.0,3
2024-01-20,29110.0,7336.0,9476.0,1,20,1,0,30468.0,29128.0,15669.0,1520.0,4116.4,3728.0,23539.0,12662.0,2981.5,0,0,0,0,0,1,0,33312.0,34322.0,29128.0,29774.0,16421.0,15659.0,32700.666666666668,30598.0,30747.0,25647.1,2575.95755658611,7523.511626664198,31251.60259048328,26903.48630539065,0.0,0.0,4
2024-01-20,200.0,1272.0,1096.0,1,20,1,0,414.0,0.0,0.0,559.6,572.0,90.0,1801.0,1806.0,515.5,0,0,0,0,0,1,0,558.0,118.0,0.0,96.0,257.0,514.0,363.3333333333333,311.42857142857144,314.5,267.3666666666667,409.4446878162573,352.12717954556246,344.2667269810749,280.71519305450136,0.0,0.0,5
2024-01-20,0.0,260.0,50.0,1,20,1,0,0.0,0.0,0.0,0.0,18.0,0.0,70.0,154.0,138.0,0,0,0,0,0,1,0,0.0,0.0,0.0,324.0,20.0,22.0,0.0,18.285714285714285,92.71428571428572,67.63333333333334,48.37945254518105,112.70605140358924,23.1470342147371,61.71043576706108,0.0,0.0,6
2024-01-20,0.0,32800.0,8640.0,1,20,1,0,0.0,0.0,0.0,0.0,0.0,20900.0,12800.0,24000.0,1300.0,0,0,0,0,0,1,0,0.0,0.0,0.0,3000.0,0.0,0.0,0.0,0.0,300.0,256.6666666666667,0.0,781.5472423046631,43.89240741463678,279.24336907305667,0.0,0.0,7
2024-01-20,670.0,0.0,90.0,1,20,1,0,140.0,830.0,35.0,300.0,110.0,0.0,0.0,0.0,0.0,0,0,0,0,0,1,0,330.0,40.0,830.0,220.0,35.0,0.0,170.0,471.4285714285714,370.0,178.0,307.3233135439271,272.8413711171813,341.5389167252664,250.9594534765805,0.0,0.0,8
2024-01-21,8210.8,3454.0,560.0,1,21,0,0,2518.0,982.8,469.75,1145.0,980.0,163.0,5560.0,6172.0,1054.0,0,0,0,0,0,0,1,3618.6,3904.0,982.8,1309.8,1337.0,2007.0,3346.866666666667,2493.2571428571428,2074.8,1796.378333333333,1115.7028081843634,1248.668049099501,2618.629007957968,1871.7786117335727,0.0,0.0,0
2024-01-21,350.0,2044.0,1874.0,1,21,0,0,220.0,492.0,170.0,851.0,0.0,503.0,994.0,714.0,331.0,0,0,0,0,0,0,1,840.0,190.0,492.0,716.0,1102.0,801.0,416.6666666666667,616.7142857142857,734.4285714285714,612.0666666666667,488.5436569661968,538.7502097500726,526.5809816809855,590.7884867307281,0.0,0.0,1
2024-01-21,240.0,15241.7,488.0,1,21,0,0,0.0,0.0,335.0,2239.0,3823.0,1106.0,13747.3,14212.2,8626.25,0,0,0,0,0,0,1,1360.0,657.0,0.0,1852.0,0.0,280.0,672.3333333333334,571.8571428571429,629.1428571428571,488.9333333333333,484.0851951779524,470.801073251445,583.6324526141453,506.4441928941943,0.0,0.0,2
2024-01-21,0.0,0.0,0.0,1,21,0,0,0.0,0.0,0.0,0.0,0.0,0.0,0.0,0.0,0.0,0,0,0,0,0,0,1,0.0,0.0,0.0,0.0,0.0,0.0,0.0,0.0,0.0,0.0,0.0,0.0,0.0,0.0,0.0,0.0,3
2024-01-21,27156.0,8410.0,1140.0,1,21,0,0,29110.0,26656.0,14843.0,9476.0,1880.0,610.0,7336.0,4485.0,13337.9,0,0,0,0,0,0,1,30468.0,33312.0,26656.0,29322.0,17636.0,16584.0,30963.33333333333,30595.42857142857,30699.571428571428,26095.13333333333,2577.677950995308,7305.880412537457,30716.20194286246,27045.842027623512,0.0,0.0,4
2024-01-21,340.0,959.0,582.0,1,21,0,0,200.0,0.0,0.0,1096.0,1084.6,335.0,1272.0,2282.0,0.0,0,0,0,0,0,0,1,414.0,558.0,0.0,631.0,0.0,1335.0,390.6666666666667,340.0,321.92857142857144,274.03333333333336,390.6370864796805,348.76792830776753,308.2000452358062,275.5077612445335,0.0,0.0,5
2024-01-21,24.0,230.0,36.0,1,21,0,0,0.0,128.0,0.0,50.0,200.0,9.0,260.0,0.0,128.0,0,0,0,0,0,0,1,0.0,0.0,128.0,0.0,0.0,18.0,0.0,18.285714285714285,69.57142857142857,67.63333333333334,48.37945254518105,112.70605140358924,17.360275661052825,57.7291173304765,0.0,0.0,6
2024-01-21,120.0,0.0,650.0,1,21,0,0,670.0,630.0,0.0,90.0,0.0,0.0,0.0,0.0,185.0,0,0,0,0,0,0,1,140.0,330.0,630.0,150.0,0.0,0.0,380.0,448.57142857142856,402.1428571428572,199.16666666666663,281.0355002147456,285.6936004416853,423.6541875439498,277.9943274458334,0.0,0.0,8
2024-01-22,1492.0,4199.0,560.0,1,22,0,0,8210.8,3110.0,736.0,560.0,718.0,284.0,3454.0,6786.0,2983.0,1,0,0,0,0,0,0,2518.0,3618.6,3110.0,1890.0,1374.0,1147.0,4782.466666666666,3525.828571428571,2567.7285714285717,2054.413333333333,2251.4493774117186,1687.7181672986417,4016.671755968476,2280.747733557213,0.0,0.0,0
2024-01-22,1036.0,631.0,310.0,1,22,0,0,350.0,1612.0,170.0,1874.0,648.5,167.5,2044.0,1440.0,1325.0,1,0,0,0,0,0,0,220.0,840.0,1612.0,2581.0,0.0,890.0,470.0,596.4285714285714,708.2857142857143,618.0666666666667,497.4521273927968,534.6438668570099,482.4357362607391,575.2537456513263,0.0,0.0,1
2024-01-22,40.0,12641.7,1814.0,1,22,0,0,240.0,445.0,0.0,488.0,3217.5,1241.0,15241.7,15736.8,11164.1,1,0,0,0,0,0,0,0.0,1360.0,445.0,591.0,448.0,1215.0,533.3333333333334,606.1428571428571,514.0,485.76666666666665,443.6422840425338,472.18959395954295,497.724339460609,489.2542449655366,0.0,0.0,2
2024-01-22,0.0,0.0,0.0,1,22,0,0,0.0,0.0,0.0,0.0,0.0,0.0,0.0,0.0,0.0,1,0,0,0,0,0,0,0.0,0.0,0.0,0.0,0.0,0.0,0.0,0.0,0.0,0.0,0.0,0.0,0.0,0.0,0.0,0.0,3
2024-01-22,27802.0,11824.0,4564.0,1,22,0,0,27156.0,29670.0,15659.0,1140.0,2666.0,6450.2,8410.0,3440.0,2735.0,1,0,0,0,0,0,0,29110.0,30468.0,29670.0,31002.0,34438.0,14986.0,28911.33333333333,30666.85714285714,30544.85714285714,26505.566666666666,2454.2955152528443,6991.033758511204,29826.151457146843,27052.948993583286,0.0,0.0,4
2024-01-22,200.0,1484.0,356.0,1,22,0,0,340.0,1090.0,514.0,582.0,3766.0,143.0,959.0,686.0,1077.0,1,0,0,0,0,0,0,200.0,414.0,1090.0,0.0,292.0,220.0,318.0,388.57142857142856,301.1428571428572,285.3666666666667,361.35617569689566,345.0605627335919,316.1500339268547,279.6685508416604,0.0,0.0,5
2024-01-22,0.0,220.0,64.0,1,22,0,0,24.0,0.0,22.0,36.0,76.0,0.0,230.0,114.0,150.0,1,0,0,0,0,0,0,0.0,0.0,0.0,288.0,12.0,0.0,8.0,3.4285714285714284,71.28571428571429,68.43333333333334,9.071147352221328,112.29385199289538,19.02020674578962,55.55304524463931,0.0,0.0,6
2024-01-22,0.0,0.0,63320.0,1,22,0,0,0.0,0.0,500.0,8640.0,10200.0,31070.0,32800.0,0.0,27000.0,1,0,0,0,0,0,0,0.0,0.0,0.0,0.0,0.0,0.0,0.0,0.0,85.71428571428571,256.6666666666667,0.0,781.5472423046631,32.919305560977584,261.2276678425369,0.0,0.0,7
2024-01-22,280.0,0.0,0.0,1,22,0,0,120.0,770.0,0.0,650.0,0.0,0.0,0.0,0.0,0.0,1,0,0,0,0,0,0,670.0,140.0,770.0,0.0,0.0,0.0,310.0,375.7142857142857,400.0,203.16666666666663,292.0534849907428,283.641600389055,347.7406406579624,267.8011450299732,0.0,0.0,8
2024-01-23,1062.0,7168.0,864.0,1,23,0,0,1492.0,1942.6,2007.0,560.0,740.0,178.0,4199.0,4328.0,1835.0,0,1,0,0,0,0,0,8210.8,2518.0,1942.6,1910.0,817.8,1334.0,4073.6,3294.6857142857143,2539.3,2079.613333333333,2380.6057320414416,1672.932894285246,3385.5038169763566,2229.860783005135,0.0,0.0,0
2024-01-23,340.0,662.0,524.0,1,23,0,0,1036.0,484.0,801.0,310.0,964.0,688.0,631.0,1025.0,1066.0,0,1,0,0,0,0,0,350.0,220.0,484.0,444.0,372.0,1297.0,535.3333333333334,514.1428571428571,597.9285714285714,646.9333333333333,316.0149936165628,532.9936231315068,620.8268021955544,604.979310448015,0.0,0.0,1
2024-01-23,1238.0,23757.6,1780.0,1,23,0,0,40.0,890.0,280.0,1814.0,2452.02,1513.0,12641.7,16723.18,8520.5,0,1,0,0,0,0,0,240.0,0.0,890.0,160.0,1000.0,165.0,93.33333333333331,548.2857142857143,474.6428571428572,487.1,491.9399401978913,470.8251267721381,383.2932545954568,460.2701001290504,0.0,0.0,2
2024-01-23,0.0,0.0,0.0,1,23,0,0,0.0,0.0,0.0,0.0,0.0,0.0,0.0,0.0,0.0,0,1,0,0,0,0,0,0.0,0.0,0.0,0.0,0.0,0.0,0.0,0.0,0.0,0.0,0.0,0.0,0.0,0.0,0.0,0.0,3
2024-01-23,27286.0,6226.0,7464.0,1,23,0,0,27802.0,30630.0,16584.0,4564.0,2404.0,415.0,11824.0,4569.0,28094.0,0,1,0,0,0,0,0,27156.0,29110.0,30630.0,30026.0,33122.0,15593.0,28022.666666666668,30400.0,30316.285714285717,26910.33333333333,2672.5952430798584,6686.269220720447,29320.11359286013,27101.27486496501,0.0,0.0,4
2024-01-23,194.0,120.0,900.0,1,23,0,0,200.0,0.0,1335.0,356.0,1728.0,309.0,1484.0,484.0,262.5,0,1,0,0,0,0,0,340.0,200.0,0.0,584.0,0.0,26.0,246.66666666666663,261.42857142857144,315.42857142857144,274.9,188.7987086315805,342.64008964872,287.11252544514105,274.52864433574683,0.0,0.0,5
2024-01-23,0.0,44.0,0.0,1,23,0,0,0.0,0.0,18.0,64.0,292.0,26.0,220.0,112.0,145.0,0,1,0,0,0,0,0,24.0,0.0,0.0,296.0,368.0,0.0,8.0,3.4285714285714284,50.71428571428572,67.7,9.071147352221328,112.67871628416908,14.265155059342211,51.96897780950129,0.0,0.0,6
2024-01-23,0.0,0.0,79320.0,1,23,0,0,0.0,0.0,0.0,63320.0,0.0,22920.0,0.0,5200.0,0.0,0,1,0,0,0,0,0,0.0,0.0,0.0,1200.0,0.0,0.0,0.0,0.0,85.71428571428571,240.0,0.0,781.5104738195489,24.689479170733183,244.374269917212,0.0,0.0,7
2024-01-23,1210.0,0.0,320.0,1,23,0,0,280.0,560.0,0.0,0.0,140.0,0.0,0.0,0.0,0.0,0,1,0,0,0,0,0,120.0,670.0,560.0,70.0,0.0,0.0,356.6666666666667,305.7142857142857,420.0,212.5,234.9366682645304,281.3230747979858,330.80548049347175,268.5881679312653,0.0,0.0,8
2024-01-24,1148.0,3490.0,1212.0,1,24,0,0,1062.0,1376.8,1147.0,864.0,754.0,379.5,7168.0,3958.0,1680.0,0,0,1,0,0,0,0,1492.0,8210.8,1376.8,1472.0,0.0,1556.0,3588.2666666666664,3168.8857142857137,2478.7285714285717,2048.113333333333,2484.943733386178,1683.2125103469575,2804.627862732267,2154.514926037062,0.0,0.0,0
2024-01-24,1390.0,704.0,1632.0,1,24,0,0,340.0,479.0,890.0,524.0,1485.0,890.0,662.0,646.0,963.0,0,0,1,0,0,0,0,1036.0,350.0,479.0,844.0,514.0,265.0,575.3333333333334,493.57142857142856,590.5,631.5666666666667,322.9158079865696,535.0401649978436,550.6201016466657,587.8838710642721,0.0,0.0,1
2024-01-24,374.0,15834.5,2054.0,1,24,0,0,1238.0,651.0,1215.0,1780.0,1795.0,1084.5,23757.6,20957.6,7951.0,0,0,1,0,0,0,0,40.0,240.0,651.0,1078.0,0.0,501.0,506.0,598.0,551.6428571428571,519.0333333333333,546.7580208221307,488.45219886362736,596.9699409465926,510.4462227013697,0.0,0.0,2
2024-01-24,0.0,0.0,0.0,1,24,0,0,0.0,0.0,0.0,0.0,0.0,0.0,0.0,0.0,0.0,0,0,1,0,0,0,0,0.0,0.0,0.0,0.0,0.0,0.0,0.0,0.0,0.0,0.0,0.0,0.0,0.0,0.0,0.0,0.0,3
2024-01-24,28614.0,2962.0,3368.0,1,24,0,0,27286.0,34322.0,14986.0,7464.0,2907.0,15592.8,6226.0,5480.0,6192.0,0,0,1,0,0,0,0,27802.0,27156.0,34322.0,33922.0,30936.0,17912.0,27414.666666666668,29922.285714285717,30120.571428571428,27267.066666666666,2912.7081164147453,6395.499203687496,28811.5851946451,27113.19261561243,0.0,0.0,4
2024-01-24,728.0,300.0,410.0,1,24,0,0,194.0,118.0,220.0,900.0,644.6,286.0,120.0,840.0,55.0,0,0,1,0,0,0,0,200.0,340.0,118.0,912.0,150.0,351.0,244.66666666666663,289.1428571428572,287.57142857142856,236.86666666666667,155.29265766226544,278.17145957042453,263.8343940838558,269.333247926989,0.0,0.0,5
2024-01-24,0.0,12.0,0.0,1,24,0,0,0.0,0.0,0.0,0.0,32.0,57.0,44.0,108.0,201.0,0,0,1,0,0,0,0,0.0,24.0,0.0,212.0,140.0,75.0,8.0,3.4285714285714284,29.571428571428573,67.1,9.071147352221328,112.99995422641732,10.69886629450666,48.61614053146895,0.0,0.0,6
2024-01-24,0.0,6800.0,53200.0,1,24,0,0,0.0,0.0,0.0,79320.0,9040.0,0.0,0.0,0.0,34150.0,0,0,1,0,0,0,0,0.0,0.0,0.0,0.0,0.0,0.0,0.0,0.0,0.0,240.0,0.0,781.5104738195489,18.517109378049888,228.60818798706927,0.0,0.0,7
2024-01-24,290.0,0.0,70.0,1,24,0,0,1210.0,40.0,0.0,320.0,510.0,0.0,0.0,0.0,0.0,0,0,1,0,0,0,0,280.0,120.0,40.0,340.0,90.0,0.0,536.6666666666666,398.57142857142856,501.4285714285714,252.83333333333331,413.0951694798899,331.9838055183367,550.6041103701039,329.32441516150624,0.0,0.0,8
2024-01-25,914.0,7116.0,2202.0,1,25,0,0,1148.0,3904.0,1334.0,1212.0,1572.0,1213.0,3490.0,5593.0,3051.0,0,0,0,1,0,0,0,1062.0,1492.0,3904.0,565.8,6179.8,2099.0,1234.0,3136.2,2455.585714285714,2048.1466666666665,2513.7820616221547,1683.194059689706,2390.4708970492,2089.578479195962,0.0,0.0,0
2024-01-25,1001.0,621.0,460.0,1,25,0,0,1390.0,190.0,1297.0,1632.0,1204.0,269.0,704.0,431.0,256.0,0,0,0,1,0,0,0,340.0,1036.0,190.0,752.0,516.0,172.0,922.0,623.7142857142857,629.5,648.2333333333333,467.34345481872856,550.9199631045572,760.4650762349993,639.6332987375448,0.0,0.0,1
2024-01-25,0.0,21622.0,1736.0,1,25,0,0,374.0,657.0,165.0,2054.0,2806.5,1690.0,15834.5,29862.2,9507.4,0,0,0,1,0,0,0,1238.0,40.0,657.0,400.0,96.0,233.0,550.6666666666666,558.4285714285714,501.3571428571428,491.0,552.2788719306149,470.9517143416926,541.2274557099445,501.643240591604,0.0,0.0,2
2024-01-25,0.0,0.0,0.0,1,25,0,0,0.0,0.0,0.0,0.0,0.0,0.0,0.0,0.0,0.0,0,0,0,1,0,0,0,0.0,0.0,0.0,0.0,0.0,0.0,0.0,0.0,0.0,0.0,0.0,0.0,0.0,0.0,0.0,0.0,3
2024-01-25,28806.0,5848.0,2708.0,1,25,0,0,28614.0,33312.0,15593.0,3368.0,2300.0,395.0,2962.0,4502.0,2157.5,0,0,0,1,0,0,0,27286.0,27802.0,33312.0,31944.0,32046.0,15070.0,27900.666666666668,29106.85714285714,29741.42857142857,27721.33333333333,2183.37929431808,5962.43637041637,28762.188895983825,27210.01889847614,0.0,0.0,4
2024-01-25,200.0,235.0,1824.0,1,25,0,0,728.0,558.0,26.0,410.0,620.0,205.0,300.0,2375.0,1319.0,0,0,0,1,0,0,0,194.0,200.0,558.0,0.0,0.0,208.0,374.0,376.2857142857143,274.42857142857144,253.8,206.09198131393853,292.2166650113319,379.8757955628918,298.92465128653805,0.0,0.0,5
2024-01-25,0.0,106.0,0.0,1,25,0,0,0.0,0.0,0.0,0.0,0.0,32.0,12.0,54.0,0.0,0,0,0,1,0,0,0,0.0,0.0,0.0,50.0,0.0,64.0,0.0,3.4285714285714284,14.428571428571429,67.1,9.071147352221328,112.99995422641732,8.024149720879995,45.47961533589031,0.0,0.0,6
2024-01-25,0.0,31400.0,26396.0,1,25,0,0,0.0,0.0,0.0,53200.0,0.0,0.0,6800.0,10000.0,32300.0,0,0,0,1,0,0,0,0.0,0.0,0.0,0.0,0.0,0.0,0.0,0.0,0.0,240.0,0.0,781.5104738195489,13.887832033537416,213.8592726330648,0.0,0.0,7
2024-01-25,470.0,0.0,370.0,1,25,0,0,290.0,330.0,0.0,70.0,0.0,0.0,0.0,0.0,255.0,0,0,0,1,0,0,0,1210.0,280.0,330.0,250.0,0.0,0.0,593.3333333333334,434.2857142857143,497.8571428571428,262.5,386.9046886446816,328.57253962116715,485.4530827775779,326.7873561188284,0.0,0.0,8
2024-01-26,2466.0,6548.0,2912.0,1,26,1,0,914.0,3618.6,1556.0,2202.0,1340.0,559.0,7116.0,6288.0,3009.0,0,0,0,0,1,0,0,1148.0,1062.0,3618.6,2750.8,3023.8,950.0,1041.3333333333333,2709.0571428571425,2480.4571428571426,2034.1466666666663,2613.621382205886,1691.0670803255914,2021.3531727869,2013.734706344609,0.0,0.0,0
2024-01-26,74.0,1038.0,380.0,1,26,1,0,1001.0,840.0,265.0,460.0,400.0,543.0,621.0,460.0,1435.0,0,0,0,0,1,0,0,1390.0,340.0,840.0,558.0,60.0,86.0,910.3333333333334,739.5714285714286,647.2857142857143,638.3666666666667,441.7268602288291,541.4698057830306,820.5988071762495,662.9472794641549,0.0,0.0,1
2024-01-26,1000.0,21317.2,3475.0,1,26,1,0,0.0,1360.0,501.0,1736.0,2897.0,2175.0,21622.0,22082.5,8487.35,0,0,0,0,1,0,0,374.0,1238.0,1360.0,96.0,994.0,0.0,537.3333333333334,464.57142857142856,472.7857142857143,485.5,587.442722638516,475.8284064805222,405.9205917824584,469.279160553436,0.0,0.0,2
2024-01-26,0.0,0.0,0.0,1,26,1,0,0.0,0.0,0.0,0.0,0.0,0.0,0.0,0.0,0.0,0,0,0,0,1,0,0,0.0,0.0,0.0,0.0,0.0,0.0,0.0,0.0,0.0,0.0,0.0,0.0,0.0,0.0,0.0,0.0,3
2024-01-26,27972.0,16188.0,1850.0,1,26,1,0,28806.0,30468.0,17912.0,2708.0,1520.0,190.0,5848.0,23539.0,2444.0,0,0,0,0,1,0,0,28614.0,27286.0,30468.0,30282.0,30376.0,17664.0,28235.33333333333,28463.14285714286,29517.285714285717,28161.766666666663,1162.582101555381,5506.201404706783,28773.14167198787,27312.985421155103,0.0,0.0,4
2024-01-26,220.0,326.0,922.0,1,26,1,0,200.0,414.0,351.0,1824.0,559.6,932.0,235.0,1801.0,717.0,0,0,0,0,1,0,0,728.0,194.0,414.0,0.0,180.0,85.0,374.0,325.1428571428572,288.7142857142857,259.6,197.7333461773108,289.2510662216216,334.90684667216885,292.54241571966463,0.0,0.0,5
2024-01-26,0.0,418.0,0.0,1,26,1,0,0.0,0.0,75.0,0.0,0.0,25.0,106.0,70.0,171.0,0,0,0,0,1,0,0,0.0,0.0,0.0,0.0,12.0,0.0,0.0,3.4285714285714284,10.857142857142858,67.1,9.071147352221328,112.99995422641732,6.018112290659996,42.54544660454255,0.0,0.0,6
2024-01-26,0.0,36170.0,9000.0,1,26,1,0,0.0,0.0,0.0,26396.0,15000.0,0.0,31400.0,24000.0,17400.0,0,0,0,0,1,0,0,0.0,0.0,0.0,0.0,0.0,0.0,0.0,0.0,0.0,240.0,0.0,781.5104738195489,10.415874025153062,200.0619002051252,0.0,0.0,7
2024-01-26,390.0,0.0,0.0,1,26,1,0,470.0,140.0,0.0,370.0,300.0,0.0,0.0,0.0,0.0,0,0,0,0,1,0,0,290.0,1210.0,140.0,850.0,0.0,0.0,656.6666666666666,454.2857142857143,513.5714285714286,278.1666666666667,384.22463667569696,326.8250700860961,481.5898120831834,336.0268815305169,0.0,0.0,8
2024-01-27,2586.8,4300.0,2686.0,1,27,1,0,2466.0,2518.0,2099.0,2912.0,1145.0,329.0,6548.0,5560.0,3986.0,0,0,0,0,0,1,0,914.0,1148.0,2518.0,1696.0,560.0,1253.0,1509.3333333333333,2544.4,2460.1142857142854,2064.48,2582.896472309075,1690.3559915612148,2132.514879590175,2042.9131123868929,0.0,0.0,0
2024-01-27,232.0,1140.0,2231.0,1,27,1,0,74.0,220.0,172.0,380.0,851.0,0.0,1038.0,994.0,162.0,0,0,0,0,0,1,0,1001.0,1390.0,220.0,70.0,978.0,687.0,821.6666666666666,630.1428571428571,612.7142857142857,632.0,503.29131013474006,547.1048566206766,633.9491053821871,624.9506807890482,0.0,0.0,1
2024-01-27,194.0,22843.6,1844.0,1,27,1,0,1000.0,0.0,233.0,3475.0,2239.0,1014.5,21317.2,13747.3,9656.4,0,0,0,0,0,1,0,0.0,374.0,0.0,628.0,276.0,317.0,458.0,413.1428571428572,537.3571428571429,502.1333333333333,506.1144233508956,485.0217722331955,554.4404438368438,503.5192147112788,0.0,0.0,2
2024-01-27,0.0,0.0,0.0,1,27,1,0,0.0,0.0,0.0,0.0,0.0,0.0,0.0,0.0,0.0,0,0,0,0,0,1,0,0.0,0.0,0.0,0.0,0.0,0.0,0.0,0.0,0.0,0.0,0.0,0.0,0.0,0.0,0.0,0.0,3
2024-01-27,32036.0,4788.0,9090.0,1,27,1,0,27972.0,29110.0,15070.0,1850.0,9476.0,459.0,16188.0,7336.0,2634.0,0,0,0,0,0,1,0,28806.0,28614.0,29110.0,29128.0,29774.0,16421.0,28464.0,28106.571428571428,29352.285714285717,28497.1,757.3363095178221,5155.62700524785,28572.856253990903,27355.502490758,0.0,0.0,4
2024-01-27,1222.0,200.0,510.0,1,27,1,0,220.0,200.0,208.0,922.0,1096.0,924.0,326.0,1272.0,340.0,0,0,0,0,0,1,0,200.0,728.0,200.0,0.0,96.0,257.0,382.6666666666667,297.42857142857144,304.42857142857144,255.2333333333333,196.79672858295285,288.81215507582147,306.18013500412667,287.86225986678306,0.0,0.0,5
2024-01-27,54.0,0.0,0.0,1,27,1,0,0.0,0.0,64.0,0.0,50.0,90.0,418.0,260.0,125.0,0,0,0,0,0,1,0,0.0,0.0,0.0,0.0,324.0,20.0,0.0,3.4285714285714284,10.857142857142858,64.6,9.071147352221328,113.64694270505868,4.513584217994997,39.80057908166884,0.0,0.0,6
2024-01-27,1050.0,380.0,160.0,1,27,1,0,390.0,670.0,0.0,0.0,90.0,0.0,0.0,0.0,0.0,0,0,0,0,0,1,0,470.0,290.0,670.0,830.0,220.0,35.0,383.3333333333333,490.0,480.7142857142857,291.1666666666667,361.063244690825,323.1143795915784,458.69235906238754,339.5090182059675,0.0,0.0,8
2024-01-28,1639.6,6378.0,2600.0,1,28,0,0,2586.8,8210.8,950.0,2686.0,560.0,965.5,4300.0,3454.0,2997.0,0,0,0,0,0,0,1,2466.0,914.0,8210.8,982.8,1309.8,1337.0,1988.9333333333332,2554.2285714285717,2523.742857142857,2080.74,2582.9101711791973,1693.0435040543675,2246.086159692632,2078.0025890070933,0.0,0.0,0
2024-01-28,560.0,1598.0,532.0,1,28,0,0,232.0,350.0,86.0,2231.0,1874.0,802.0,1140.0,2044.0,362.0,0,0,0,0,0,0,1,74.0,1001.0,350.0,492.0,716.0,1102.0,435.6666666666667,631.8571428571429,624.2857142857143,634.0,501.6793227323039,545.4725253045007,533.4618290366403,599.5990239639484,0.0,0.0,1
2024-01-28,0.0,28219.1,4578.0,1,28,0,0,194.0,240.0,0.0,1844.0,488.0,455.0,22843.6,15241.7,10189.25,0,0,0,0,0,0,1,1000.0,0.0,240.0,0.0,1852.0,0.0,398.0,440.8571428571428,506.3571428571428,500.8333333333333,484.5738432105158,485.81961199842345,464.3303328776328,483.5502331170028,0.0,0.0,2
2024-01-28,0.0,0.0,0.0,1,28,0,0,0.0,0.0,0.0,0.0,0.0,0.0,0.0,0.0,0.0,0,0,0,0,0,0,1,0.0,0.0,0.0,0.0,0.0,0.0,0.0,0.0,0.0,0.0,0.0,0.0,0.0,0.0,0.0,0.0,3
2024-01-28,26772.0,6693.0,2696.0,1,28,0,0,32036.0,27156.0,17664.0,9090.0,1140.0,140.0,4788.0,8410.0,12768.0,0,0,0,0,0,0,1,27972.0,28806.0,27156.0,26656.0,29322.0,17636.0,29604.666666666668,28524.571428571428,29560.0,29062.63333333333,1665.9242536944475,4523.79214196206,29438.642190493178,27657.47007199942,0.0,0.0,4
2024-01-28,0.0,40.0,1896.0,1,28,0,0,1222.0,340.0,85.0,510.0,582.0,147.0,200.0,959.0,502.0,0,0,0,0,0,0,1,220.0,200.0,340.0,0.0,631.0,0.0,547.3333333333334,443.4285714285714,391.7142857142857,289.03333333333336,393.3831284057384,338.20494534744967,535.135101253095,348.1292108431196,0.0,0.0,5
2024-01-28,132.0,56.0,50.0,1,28,0,0,54.0,24.0,0.0,0.0,36.0,179.0,0.0,230.0,46.0,0,0,0,0,0,0,1,0.0,0.0,24.0,128.0,0.0,0.0,18.0,11.142857142857142,14.714285714285714,64.26666666666667,20.907961573115024,113.66342733106228,16.88518816349625,40.71667075381924,0.0,0.0,6
2024-01-28,0.0,0.0,15900.0,1,28,0,0,0.0,0.0,0.0,9000.0,0.0,0.0,36170.0,12800.0,11077.5,0,0,0,0,0,0,1,0.0,0.0,0.0,0.0,3000.0,0.0,0.0,0.0,0.0,240.0,0.0,781.5104738195489,7.811905518864797,187.15468083705255,0.0,0.0,7
2024-01-28,340.0,0.0,160.0,1,28,0,0,1050.0,120.0,0.0,160.0,650.0,0.0,380.0,0.0,0.0,0,0,0,0,0,0,1,390.0,470.0,120.0,630.0,150.0,0.0,636.6666666666666,544.2857142857143,496.4285714285714,326.1666666666667,416.88756049471897,346.50890254108896,606.5192692967906,385.347146063647,0.0,0.0,8
2024-01-29,2079.6,6710.0,2188.0,1,29,0,0,1639.6,1492.0,1253.0,2600.0,560.0,2769.5,6378.0,4199.0,4894.0,1,0,0,0,0,0,0,2586.8,2466.0,1492.0,3110.0,1890.0,1374.0,2230.8,1615.4857142857145,2570.6571428571438,2103.7266666666665,670.7741483504254,1681.80601651778,2094.4646197694738,2049.718551006636,0.0,0.0,0
2024-01-29,1114.0,2515.0,441.0,1,29,0,0,560.0,1036.0,687.0,532.0,310.0,235.5,1598.0,631.0,130.0,1,0,0,0,0,0,0,232.0,74.0,1036.0,1612.0,2581.0,0.0,288.6666666666667,661.8571428571429,629.1428571428571,649.8,488.1107895315809,535.8316385093235,540.0963717774803,597.0442482243388,0.0,0.0,1
2024-01-29,40.0,23877.5,5712.0,1,29,0,0,0.0,40.0,317.0,4578.0,1814.0,542.25,28219.1,12641.7,9305.75,1,0,0,0,0,0,0,194.0,1000.0,40.0,445.0,591.0,448.0,398.0,406.57142857142856,506.3571428571428,500.8333333333333,509.0274573939528,485.81961199842345,348.2477496582246,452.3534438836478,0.0,0.0,2
2024-01-29,0.0,0.0,0.0,1,29,0,0,0.0,0.0,0.0,0.0,0.0,0.0,0.0,0.0,0.0,1,0,0,0,0,0,0,0.0,0.0,0.0,0.0,0.0,0.0,0.0,0.0,0.0,0.0,0.0,0.0,0.0,0.0,0.0,0.0,3
2024-01-29,26490.0,5472.0,2770.0,1,29,0,0,26772.0,27802.0,16421.0,2696.0,4564.0,5896.6,6693.0,11824.0,3860.0,1,0,0,0,0,0,0,32036.0,27972.0,27802.0,29670.0,31002.0,34438.0,28926.666666666668,28469.714285714286,29568.285714285717,29366.233333333334,1723.8172480752387,4008.736731821757,28771.981642869883,27600.342970580103,0.0,0.0,4
2024-01-29,76.0,972.0,1744.0,1,29,0,0,0.0,200.0,257.0,1896.0,356.0,749.0,40.0,1484.0,817.5,1,0,0,0,0,0,0,1222.0,220.0,200.0,1090.0,0.0,292.0,480.6666666666667,394.8571428571428,391.7142857142857,286.2,427.7691856486115,340.3226055701694,401.3513259398212,325.6692617564668,0.0,0.0,5
2024-01-29,74.0,126.0,0.0,1,29,0,0,132.0,0.0,20.0,50.0,64.0,0.0,56.0,220.0,113.0,1,0,0,0,0,0,0,54.0,0.0,0.0,0.0,288.0,12.0,62.0,26.571428571428573,15.0,68.66666666666667,50.65852064841324,113.64473783146146,45.66389112262219,46.60591780195993,0.0,0.0,6
2024-01-29,0.0,0.0,6400.0,1,29,0,0,0.0,0.0,0.0,15900.0,8640.0,51350.0,0.0,32800.0,0.0,1,0,0,0,0,0,0,0.0,0.0,0.0,0.0,3000.0,0.0,0.0,0.0,0.0,240.0,0.0,781.5104738195489,5.858929139148597,175.08018529917825,0.0,0.0,7
2024-01-29,830.0,0.0,370.0,1,29,0,0,340.0,280.0,35.0,160.0,0.0,0.0,0.0,0.0,0.0,1,0,0,0,0,0,0,1050.0,390.0,280.0,770.0,0.0,0.0,593.3333333333334,575.7142857142857,475.7142857142857,337.5,386.7754362614539,340.9893061322477,539.889451972593,382.4215237369601,0.0,0.0,8
2024-01-30,1232.0,4523.0,2206.0,1,30,0,0,2079.6,1062.0,1337.0,2188.0,864.0,853.0,6710.0,7168.0,2321.0,0,1,0,0,0,0,0,1639.6,2586.8,1062.0,1942.6,1910.0,817.8,2102.0,1699.428571428571,2497.057142857143,2131.28,689.2576047562231,1674.1415040098243,2090.748464827105,2051.646386425563,0.0,0.0,0
2024-01-30,374.0,928.0,694.0,1,30,0,0,1114.0,340.0,1102.0,441.0,524.0,412.0,2515.0,662.0,536.0,0,1,0,0,0,0,0,560.0,232.0,340.0,484.0,444.0,372.0,635.3333333333334,673.0,593.5714285714286,664.0333333333333,498.8476721405046,542.483782267257,683.5722788331102,630.3962322098654,0.0,0.0,1
2024-01-30,282.0,18295.7,4116.0,1,30,0,0,40.0,1238.0,0.0,5712.0,1780.0,940.5,23877.5,23757.6,8663.25,0,1,0,0,0,0,0,0.0,194.0,1238.0,890.0,160.0,1000.0,78.0,406.57142857142856,477.4285714285714,491.6,509.0274573939528,492.02660427089177,271.18581224366847,425.7499958911544,0.0,0.0,2
2024-01-30,0.0,0.0,0.0,1,30,0,0,0.0,0.0,0.0,0.0,0.0,0.0,0.0,0.0,0.0,0,1,0,0,0,0,0,0.0,0.0,0.0,0.0,0.0,0.0,0.0,0.0,0.0,0.0,0.0,0.0,0.0,0.0,0.0,0.0,3
2024-01-30,27422.0,23996.0,1590.0,1,30,0,0,26490.0,27286.0,17636.0,2770.0,7464.0,0.0,5472.0,6226.0,38289.0,0,1,0,0,0,0,0,26772.0,32036.0,27286.0,30630.0,30026.0,33122.0,28432.666666666668,28282.285714285717,29341.14285714286,29701.866666666665,1873.3568546226563,3234.2098937423816,28201.48623215241,27528.7079402201,0.0,0.0,4
2024-01-30,0.0,330.0,806.0,1,30,0,0,76.0,194.0,0.0,1744.0,900.0,263.0,972.0,120.0,593.0,0,1,0,0,0,0,0,0.0,1222.0,194.0,0.0,584.0,0.0,432.6666666666667,377.1428571428572,319.2857142857143,280.1666666666667,439.5874689491761,342.4558449597941,320.0134944548659,309.561567449598,0.0,0.0,5
2024-01-30,0.0,312.0,96.0,1,30,0,0,74.0,0.0,0.0,0.0,0.0,26.0,126.0,44.0,121.0,0,1,0,0,0,0,0,132.0,54.0,0.0,0.0,296.0,368.0,86.66666666666667,37.142857142857146,20.285714285714285,70.46666666666667,51.89549939197862,113.27437952807892,52.74791834196664,48.37327794376897,0.0,0.0,6
2024-01-30,0.0,25900.0,0.0,1,30,0,0,0.0,0.0,0.0,6400.0,63320.0,0.0,0.0,0.0,6740.0,0,1,0,0,0,0,0,0.0,0.0,0.0,0.0,0.0,0.0,0.0,0.0,0.0,240.0,0.0,781.5104738195489,4.394196854361448,163.7846894734248,0.0,0.0,7
2024-01-30,210.0,0.0,180.0,1,30,0,0,830.0,1210.0,0.0,370.0,320.0,0.0,0.0,0.0,0.0,0,1,0,0,0,0,0,340.0,1050.0,1210.0,560.0,70.0,0.0,740.0,654.2857142857143,480.0,364.0,372.28381390444304,347.4994418254014,612.4170889794448,411.2975544636079,0.0,0.0,8
2024-01-31,1390.0,3990.0,1710.0,1,31,0,0,1232.0,1148.0,1374.0,2206.0,1212.0,952.0,4523.0,3490.0,8137.8,0,0,1,0,0,0,0,2079.6,1639.6,1148.0,1376.8,1472.0,0.0,1650.4,1723.7142857142858,2446.3,2127.78,665.6452995116131,1675.96806598661,1876.0613486203288,1998.7659743981076,0.0,0.0,0
2024-01-31,654.0,1412.0,740.0,1,31,0,0,374.0,1390.0,0.0,694.0,1632.0,396.0,928.0,704.0,1339.0,0,0,1,0,0,0,0,1114.0,560.0,1390.0,479.0,844.0,514.0,682.6666666666666,677.8571428571429,585.7142857142857,639.7666666666667,495.2172683349634,538.4847632290863,606.1792091248326,613.854539809229,0.0,0.0,1
2024-01-31,688.0,25490.4,2575.0,1,31,0,0,282.0,374.0,448.0,4116.0,2054.0,1224.0,18295.7,15834.5,17560.8,0,0,1,0,0,0,0,40.0,0.0,374.0,651.0,1078.0,0.0,107.33333333333331,270.0,434.0,501.0,353.16096424529525,484.9538193442254,273.8893591827514,416.4758026078541,0.0,0.0,2
2024-01-31,0.0,0.0,0.0,1,31,0,0,0.0,0.0,0.0,0.0,0.0,0.0,0.0,0.0,0.0,0,0,1,0,0,0,0,0.0,0.0,0.0,0.0,0.0,0.0,0.0,0.0,0.0,0.0,0.0,0.0,0.0,0.0,0.0,0.0,3
2024-01-31,29510.0,5898.0,3430.0,1,31,0,0,27422.0,28614.0,34438.0,1590.0,3368.0,1846.0,23996.0,2962.0,5956.0,0,0,1,0,0,0,0,26490.0,26772.0,28614.0,34322.0,33922.0,30936.0,26894.666666666668,28301.714285714286,29112.0,30028.066666666666,1861.972942363832,2347.1461458299823,28006.61467411431,27521.823556980096,0.0,0.0,4
2024-01-31,280.0,790.0,568.0,1,31,0,0,0.0,728.0,292.0,806.0,410.0,1790.0,330.0,300.0,678.0,0,0,1,0,0,0,0,76.0,0.0,728.0,118.0,912.0,150.0,25.33333333333333,349.42857142857144,319.2857142857143,280.1666666666667,458.7558744920357,342.4558449597941,240.01012084114944,289.5898534205916,0.0,0.0,5
2024-01-31,50.0,48.0,0.0,1,31,0,0,0.0,0.0,12.0,96.0,0.0,0.0,312.0,12.0,27.0,0,0,1,0,0,0,0,74.0,132.0,0.0,0.0,212.0,140.0,68.66666666666667,37.142857142857146,20.285714285714285,70.46666666666667,51.89549939197862,113.27437952807892,39.56093875647498,45.25242130223549,0.0,0.0,6
2024-01-31,0.0,26300.0,0.0,1,31,0,0,0.0,0.0,0.0,0.0,79320.0,30840.0,25900.0,0.0,15600.0,0,0,1,0,0,0,0,0.0,0.0,0.0,0.0,1200.0,0.0,0.0,0.0,0.0,240.0,0.0,781.5104738195489,3.295647640771086,153.217935313849,0.0,0.0,7
2024-01-31,200.0,0.0,220.0,1,31,0,0,210.0,290.0,0.0,180.0,70.0,0.0,0.0,0.0,0.0,0,0,1,0,0,0,0,830.0,340.0,290.0,40.0,340.0,90.0,460.0,511.4285714285714,455.0,371.0,310.184277026231,341.9855814665795,511.8128167345836,398.3106154659558,0.0,0.0,8
2024-02-01,1426.0,5762.0,682.0,2,1,0,0,1390.0,914.0,817.8,1710.0,2202.0,1561.0,3990.0,7116.0,8881.0,0,0,0,1,0,0,0,1232.0,2079.6,914.0,3904.0,565.8,6179.8,1567.2,1758.2857142857142,2447.242857142857,2128.313333333333,636.4031725999159,1675.7224514515674,1754.5460114652465,1959.490750243391,0.0,0.0,0
2024-02-01,982.0,2675.0,372.0,2,1,0,0,654.0,1001.0,372.0,740.0,460.0,490.0,1412.0,621.0,1214.0,0,0,0,1,0,0,0,374.0,1114.0,1001.0,190.0,752.0,516.0,714.0,572.7142857142857,598.2142857142857,661.5666666666667,384.59446792940855,524.7545687950362,618.1344068436244,616.4445694989562,0.0,0.0,1
2024-02-01,448.0,26214.7,5635.0,2,1,0,0,688.0,0.0,1000.0,2575.0,1736.0,1604.0,25490.4,21622.0,17805.8,0,0,0,1,0,0,0,282.0,40.0,0.0,657.0,400.0,96.0,336.6666666666667,314.85714285714283,436.6428571428572,509.0,386.9019809423867,486.0277415099279,377.41701938706353,433.9934927621861,0.0,0.0,2
2024-02-01,0.0,0.0,0.0,2,1,0,0,0.0,0.0,0.0,0.0,0.0,0.0,0.0,0.0,0.0,0,0,0,1,0,0,0,0.0,0.0,0.0,0.0,0.0,0.0,0.0,0.0,0.0,0.0,0.0,0.0,0.0,0.0,0.0,0.0,3
2024-02-01,30342.0,3790.0,1070.0,2,1,0,0,29510.0,28806.0,33122.0,3430.0,2708.0,2840.0,5898.0,5848.0,3512.0,0,0,0,1,0,0,0,27422.0,26490.0,28806.0,33312.0,31944.0,32046.0,27807.33333333333,28429.714285714286,28768.285714285717,29863.8,1917.00301810622,2195.411600714366,28382.461005585734,27650.093004916867,0.0,0.0,4
2024-02-01,0.0,302.0,410.0,2,1,0,0,280.0,200.0,0.0,568.0,1824.0,374.0,790.0,235.0,1386.0,0,0,0,1,0,0,0,0.0,76.0,200.0,558.0,0.0,0.0,118.66666666666669,285.42857142857144,330.85714285714283,279.76666666666665,427.3120862409805,342.4485547402387,250.00759063086207,288.9711531999083,0.0,0.0,5
2024-02-01,68.0,126.0,134.0,2,1,0,0,50.0,0.0,368.0,0.0,0.0,202.0,48.0,106.0,22.0,0,0,0,1,0,0,0,0.0,74.0,0.0,0.0,50.0,0.0,41.333333333333336,44.285714285714285,23.857142857142858,71.73333333333333,49.30758658906448,112.8095536836258,42.17070406735624,45.55871670209127,0.0,0.0,6
2024-02-01,0.0,0.0,14900.0,2,1,0,0,0.0,0.0,0.0,0.0,53200.0,19640.0,26300.0,6800.0,27600.0,0,0,0,1,0,0,0,0.0,0.0,0.0,0.0,0.0,0.0,0.0,0.0,0.0,240.0,0.0,781.5104738195489,2.4717357305783145,143.33290722908455,0.0,0.0,7
2024-02-01,480.0,0.0,180.0,2,1,0,0,200.0,470.0,0.0,220.0,370.0,0.0,0.0,0.0,110.0,0,0,0,1,0,0,0,210.0,830.0,470.0,330.0,250.0,0.0,413.3333333333333,498.57142857142856,466.4285714285714,377.6666666666667,322.5124582311288,336.4078326749505,433.8596125509377,385.51638221008767,0.0,0.0,8
2024-02-02,2318.0,3146.0,1195.0,2,2,1,0,1426.0,2466.0,0.0,682.0,2912.0,4504.0,5762.0,6548.0,10052.5,0,0,0,0,1,0,0,1390.0,1232.0,2466.0,3618.6,2750.8,3023.8,1349.3333333333333,1831.4285714285716,2270.242857142857,2148.586666666667,546.2295418420288,1662.9512078879802,1672.4095085989347,1925.0719921631724,0.0,0.0,0
2024-02-02,974.0,666.5,280.0,2,2,1,0,982.0,74.0,514.0,372.0,380.0,756.0,2675.0,1038.0,406.0,0,0,0,0,1,0,0,654.0,374.0,74.0,840.0,558.0,60.0,670.0,570.0,654.7857142857143,681.9,381.1194038618345,524.9656376275072,709.1008051327183,640.0287908216043,0.0,0.0,1
2024-02-02,100.0,24375.5,3883.0,2,2,1,0,448.0,1000.0,0.0,5635.0,3475.0,1333.0,26214.7,21317.2,11529.2,0,0,0,0,1,0,0,688.0,282.0,1000.0,1360.0,96.0,994.0,472.6666666666667,378.8571428571428,421.7142857142857,490.6,362.4175439882516,477.16653638774346,395.0627645402976,434.8971383904322,0.0,0.0,2
2024-02-02,0.0,0.0,0.0,2,2,1,0,0.0,0.0,0.0,0.0,0.0,0.0,0.0,0.0,0.0,0,0,0,0,1,0,0,0.0,0.0,0.0,0.0,0.0,0.0,0.0,0.0,0.0,0.0,0.0,0.0,0.0,0.0,0.0,0.0,3
2024-02-02,29336.0,25882.0,1660.0,2,2,1,0,30342.0,27972.0,30936.0,1070.0,1850.0,350.0,3790.0,16188.0,4886.0,0,0,0,0,1,0,0,29510.0,27422.0,27972.0,30468.0,30282.0,30376.0,29091.33333333333,28649.14285714286,28556.14285714286,29771.13333333333,2050.512409827584,2110.158724759267,28872.3457541893,27823.76442395449,0.0,0.0,4
2024-02-02,280.0,280.0,80.0,2,2,1,0,0.0,220.0,150.0,410.0,922.0,410.0,302.0,326.0,590.0,0,0,0,0,1,0,0,280.0,0.0,220.0,414.0,0.0,180.0,93.33333333333331,256.85714285714283,291.0,279.76666666666665,440.4601490000462,342.4485547402387,187.50569297314652,270.3278529934626,0.0,0.0,5
2024-02-02,160.0,140.0,112.0,2,2,1,0,68.0,0.0,140.0,134.0,0.0,168.0,126.0,418.0,0.0,0,0,0,0,1,0,0,50.0,0.0,0.0,0.0,0.0,12.0,39.333333333333336,54.0,28.714285714285715,61.73333333333333,45.6946386351834,97.96091174486412,48.62802805051718,47.006541430988605,0.0,0.0,6
2024-02-02,8000.0,34420.0,0.0,2,2,1,0,0.0,0.0,0.0,14900.0,26396.0,0.0,0.0,31400.0,33900.0,0,0,0,0,1,0,0,0.0,0.0,0.0,0.0,0.0,0.0,0.0,0.0,0.0,240.0,0.0,781.5104738195489,1.853801797933736,134.08562289172426,0.0,0.0,7
2024-02-02,70.0,0.0,560.0,2,2,1,0,480.0,390.0,90.0,180.0,0.0,0.0,0.0,0.0,0.0,0,0,0,0,1,0,0,200.0,210.0,390.0,140.0,850.0,0.0,296.6666666666667,500.0,477.1428571428572,393.6666666666667,322.3869310833384,329.1628182519105,445.39470941320326,391.6120994868562,0.0,0.0,8
2024-02-03,3036.0,6758.0,1575.0,2,3,1,0,2318.0,2586.8,6179.8,1195.0,2686.0,1248.0,3146.0,4300.0,5715.0,0,0,0,0,0,1,0,1426.0,1390.0,2586.8,2518.0,1696.0,560.0,1711.3333333333333,1810.2857142857144,2177.3428571428567,2225.853333333333,519.7983565081479,1612.7719439723546,1833.807131449201,1950.4221862171607,0.0,0.0,0
2024-02-03,240.0,1722.5,1292.0,2,3,1,0,974.0,232.0,516.0,280.0,2231.0,731.0,666.5,1140.0,570.0,0,0,0,0,0,1,0,982.0,654.0,232.0,220.0,70.0,978.0,870.0,698.5714285714286,664.3571428571429,697.2333333333333,334.91235527266844,526.6077964333303,775.3256038495388,661.5753204460169,0.0,0.0,1
2024-02-03,602.0,22338.0,1480.0,2,3,1,0,100.0,194.0,96.0,3883.0,1844.0,1597.0,24375.5,22843.6,11114.3,0,0,0,0,0,1,0,448.0,688.0,194.0,0.0,628.0,276.0,412.0,250.28571428571428,331.7142857142857,493.9333333333333,246.41003380930903,473.9596908026536,321.2970734052232,413.2908713975011,0.0,0.0,2
2024-02-03,0.0,0.0,0.0,2,3,1,0,0.0,0.0,0.0,0.0,0.0,0.0,0.0,0.0,0.0,0,0,0,0,0,1,0,0.0,0.0,0.0,0.0,0.0,0.0,0.0,0.0,0.0,0.0,0.0,0.0,0.0,0.0,0.0,0.0,3
2024-02-03,21282.0,3938.0,5692.0,2,3,1,0,29336.0,32036.0,32046.0,1660.0,9090.0,1608.0,25882.0,4788.0,4940.0,0,0,0,0,0,1,0,30342.0,29510.0,32036.0,29110.0,29128.0,29774.0,29729.33333333333,28844.0,28475.285714285717,29717.8,2040.2235171666316,2099.8967035349,28988.25931564197,27921.32800950581,0.0,0.0,4
2024-02-03,0.0,305.2,1276.8,2,3,1,0,280.0,1222.0,0.0,80.0,510.0,1010.0,280.0,200.0,1340.0,0,0,0,0,0,1,0,0.0,280.0,1222.0,200.0,0.0,96.0,186.66666666666663,265.42857142857144,281.42857142857144,284.1,440.2070941208079,341.57125272723886,210.6292697298599,270.95186247775536,0.0,0.0,5
2024-02-03,0.0,50.0,0.0,2,3,1,0,160.0,54.0,0.0,112.0,0.0,0.0,140.0,0.0,108.0,0,0,0,0,0,1,0,68.0,50.0,54.0,0.0,0.0,324.0,92.66666666666669,76.85714285714286,40.142857142857146,62.4,53.52702922022529,98.57802790788064,76.47102103788788,54.29644198382805,0.0,0.0,6
2024-02-03,0.0,58420.0,0.0,2,3,1,0,8000.0,0.0,0.0,0.0,9000.0,14000.0,34420.0,36170.0,0.0,0,0,0,0,0,1,0,0.0,0.0,0.0,0.0,0.0,0.0,2666.6666666666665,1142.857142857143,571.4285714285714,506.6666666666667,3023.7157840738178,1616.0687364464238,2001.3903513484504,641.5639698019356,0.0,0.0,7
2024-02-03,460.0,370.0,590.0,2,3,1,0,70.0,1050.0,0.0,560.0,160.0,0.0,0.0,380.0,0.0,0,0,0,0,0,1,0,480.0,200.0,1050.0,670.0,830.0,220.0,250.0,454.2857142857143,472.1428571428572,393.0,360.96431692791737,329.8186544566365,351.5460320599025,370.8629317780268,0.0,0.0,8
2024-02-04,3078.0,3494.0,3706.0,2,4,0,0,3036.0,1639.6,3023.8,1575.0,2600.0,4208.0,6758.0,6378.0,6806.0,0,0,0,0,0,0,1,2318.0,1426.0,1639.6,8210.8,982.8,1309.8,2260.0,1874.457142857143,2214.3428571428567,2121.06,644.4270397211849,1439.8654277636383,2134.3553485869006,2020.459464525732,0.0,0.0,0
2024-02-04,774.0,1715.0,400.0,2,4,0,0,240.0,560.0,60.0,1292.0,532.0,540.0,1722.5,1598.0,1207.0,0,0,0,0,0,0,1,974.0,982.0,560.0,350.0,492.0,716.0,732.0,699.7142857142857,665.7857142857143,688.0333333333333,333.06341452527994,532.2637072194465,641.4942028871541,634.3769126753062,0.0,0.0,1
2024-02-04,282.0,33101.3,634.0,2,4,0,0,602.0,0.0,994.0,1480.0,4578.0,2042.0,22338.0,28219.1,10353.6,0,0,0,0,0,0,1,100.0,448.0,0.0,240.0,0.0,1852.0,383.3333333333333,308.57142857142856,374.7142857142857,510.8,277.2068163801516,468.27963941394574,391.4728050539174,425.4656538879849,0.0,0.0,2
2024-02-04,0.0,0.0,0.0,2,4,0,0,0.0,0.0,0.0,0.0,0.0,0.0,0.0,0.0,0.0,0,0,0,0,0,0,1,0.0,0.0,0.0,0.0,0.0,0.0,0.0,0.0,0.0,0.0,0.0,0.0,0.0,0.0,0.0,0.0,3
2024-02-04,23032.0,34438.0,160.0,2,4,0,0,21282.0,26772.0,30376.0,5692.0,2696.0,640.0,3938.0,6693.0,22087.0,0,0,0,0,0,0,1,29336.0,30342.0,26772.0,27156.0,26656.0,29322.0,26986.666666666668,27307.714285714286,27916.14285714286,29359.0,3039.979041281103,2557.9996360301825,27061.69448673148,27492.984266957053,0.0,0.0,4
2024-02-04,0.0,1044.0,742.0,2,4,0,0,0.0,0.0,180.0,1276.8,1896.0,1414.0,305.2,40.0,1180.0,0,0,0,0,0,0,1,280.0,0.0,0.0,340.0,0.0,631.0,93.33333333333331,90.85714285714286,267.1428571428572,284.1,132.15575226656983,341.57125272723886,157.97195229739492,253.47109715660983,0.0,0.0,5
2024-02-04,58.0,108.0,0.0,2,4,0,0,0.0,132.0,12.0,0.0,50.0,74.0,50.0,56.0,214.0,0,0,0,0,0,0,1,160.0,68.0,132.0,24.0,128.0,0.0,76.0,69.14285714285714,40.142857142857146,62.4,60.77123379645054,98.57802790788064,57.35326577841591,50.793445726806894,0.0,0.0,6
2024-02-04,0.0,26800.0,0.0,2,4,0,0,0.0,0.0,0.0,0.0,15900.0,50250.0,58420.0,0.0,0.0,0,0,0,0,0,0,1,8000.0,0.0,0.0,0.0,0.0,3000.0,2666.6666666666665,1142.857142857143,571.4285714285714,506.6666666666667,3023.7157840738178,1616.0687364464238,1501.042763511338,600.1727459437462,0.0,0.0,7
2024-02-04,170.0,0.0,820.0,2,4,0,0,460.0,340.0,0.0,590.0,160.0,0.0,370.0,0.0,0.0,0,0,0,0,0,0,1,70.0,480.0,340.0,120.0,630.0,150.0,336.6666666666667,370.0,457.1428571428572,408.3333333333333,250.73226092121965,321.505974989615,378.65952404492685,376.6137103729928,0.0,0.0,8
2024-02-05,3010.0,4164.0,1262.0,2,5,0,0,3078.0,2079.6,560.0,3706.0,2188.0,897.0,3494.0,6710.0,3786.0,1,0,0,0,0,0,0,3036.0,2318.0,2079.6,1492.0,3110.0,1890.0,2810.6666666666665,2079.942857142857,1847.7142857142856,2122.866666666667,773.4666699501729,1441.0706961368578,2370.2665114401752,2088.687886169233,0.0,0.0,0
2024-02-05,1534.0,1810.0,764.0,2,5,0,0,774.0,1114.0,978.0,400.0,441.0,152.0,1715.0,2515.0,270.0,1,0,0,0,0,0,0,240.0,974.0,1114.0,1036.0,1612.0,2581.0,662.6666666666666,730.2857142857143,696.0714285714286,711.8333333333334,327.88296402106425,519.0112006852855,674.6206521653655,643.3848537930285,0.0,0.0,1
2024-02-05,480.0,19595.0,2306.0,2,5,0,0,282.0,40.0,276.0,634.0,5712.0,2096.0,33101.3,23877.5,19631.8,1,0,0,0,0,0,0,602.0,100.0,40.0,40.0,445.0,591.0,328.0,348.85714285714283,377.7142857142857,487.06666666666666,243.30736978249604,460.9307624970282,364.104603790438,416.2098052500504,0.0,0.0,2
2024-02-05,0.0,0.0,0.0,2,5,0,0,0.0,0.0,0.0,0.0,0.0,0.0,0.0,0.0,0.0,1,0,0,0,0,0,0,0.0,0.0,0.0,0.0,0.0,0.0,0.0,0.0,0.0,0.0,0.0,0.0,0.0,0.0,0.0,0.0,3
2024-02-05,27204.0,7820.0,15960.0,2,5,0,0,23032.0,26490.0,29774.0,160.0,2770.0,7723.6,34438.0,5472.0,9680.2,1,0,0,0,0,0,0,21282.0,29336.0,26490.0,27802.0,29670.0,31002.0,24550.0,26773.42857142857,27621.571428571428,29114.2,3450.733007016639,2797.5132479424137,26054.27086504861,27205.178830379184,0.0,0.0,4
2024-02-05,0.0,610.0,1002.0,2,5,0,0,0.0,76.0,96.0,742.0,1744.0,120.0,1044.0,972.0,544.0,1,0,0,0,0,0,0,0.0,280.0,76.0,200.0,1090.0,0.0,93.33333333333331,90.85714285714286,242.8571428571429,278.1,132.15575226656983,345.0263708062389,118.4789642230462,237.118123146506,0.0,0.0,5
2024-02-05,0.0,44.0,64.0,2,5,0,0,58.0,74.0,324.0,0.0,0.0,32.0,108.0,126.0,234.0,1,0,0,0,0,0,0,0.0,160.0,74.0,0.0,0.0,288.0,72.66666666666667,58.57142857142857,42.57142857142857,63.93333333333333,54.08282889191704,98.12375484238164,57.514949333811934,51.25838471217419,0.0,0.0,6
2024-02-05,0.0,0.0,11790.0,2,5,0,0,0.0,0.0,0.0,0.0,6400.0,0.0,26800.0,0.0,3000.0,1,0,0,0,0,0,0,0.0,8000.0,0.0,0.0,0.0,3000.0,2666.6666666666665,1142.857142857143,571.4285714285714,506.6666666666667,3023.7157840738178,1616.0687364464238,1125.7820726335035,561.4519236247949,0.0,0.0,7
2024-02-05,1850.0,0.0,220.0,2,5,0,0,170.0,830.0,220.0,820.0,370.0,0.0,0.0,0.0,0.0,1,0,0,0,0,0,0,460.0,70.0,830.0,280.0,770.0,0.0,233.33333333333331,345.7142857142857,460.7142857142857,414.0,262.0977643842809,315.5028826580151,326.4946430336951,363.2837935747352,0.0,0.0,8
2024-02-06,1474.0,5271.0,1912.0,2,6,0,0,3010.0,1232.0,1309.8,1262.0,2206.0,2075.0,4164.0,4523.0,6300.0,0,1,0,0,0,0,0,3078.0,3036.0,1232.0,1062.0,1942.6,1910.0,3041.333333333333,2212.8571428571427,1956.142857142857,2204.5333333333333,849.592731562488,1418.6957072906994,2530.1998835801314,2148.127377384121,0.0,0.0,0
2024-02-06,150.0,790.0,1323.0,2,6,0,0,1534.0,374.0,716.0,764.0,694.0,1083.0,1810.0,928.0,694.0,0,1,0,0,0,0,0,774.0,240.0,374.0,340.0,484.0,444.0,849.3333333333334,790.2857142857143,731.6428571428571,730.3666666666667,431.7722062560751,538.4080930972749,889.4654891240241,700.8438954838009,0.0,0.0,1
2024-02-06,0.0,21824.8,1846.0,2,6,0,0,480.0,282.0,1852.0,2306.0,4116.0,1458.0,19595.0,18295.7,17426.6,0,1,0,0,0,0,0,282.0,602.0,282.0,1238.0,890.0,160.0,454.6666666666667,411.7142857142857,409.1428571428572,493.8666666666667,203.85428969872453,459.21114768798833,393.0784528428285,420.32530168553103,0.0,0.0,2
2024-02-06,0.0,0.0,0.0,2,6,0,0,0.0,0.0,0.0,0.0,0.0,0.0,0.0,0.0,0.0,0,1,0,0,0,0,0,0.0,0.0,0.0,0.0,0.0,0.0,0.0,0.0,0.0,0.0,0.0,0.0,0.0,0.0,0.0,0.0,3
2024-02-06,35640.0,3180.0,140.0,2,6,0,0,27204.0,27422.0,29322.0,15960.0,1590.0,1040.0,7820.0,23996.0,5448.0,0,1,0,0,0,0,0,23032.0,21282.0,27422.0,27286.0,30630.0,30026.0,23839.33333333333,26875.42857142857,27578.85714285714,29028.533333333333,3451.511304590221,2815.901248921504,26341.70314878646,27205.102776806336,0.0,0.0,4
2024-02-06,0.0,0.0,304.0,2,6,0,0,0.0,0.0,631.0,1002.0,806.0,1212.0,610.0,330.0,510.0,0,1,0,0,0,0,0,0.0,0.0,0.0,194.0,0.0,584.0,0.0,80.0,228.57142857142856,274.9,136.62601021279508,347.2117857128861,88.85922316728464,221.8201797176992,0.0,0.0,5
2024-02-06,100.0,32.0,48.0,2,6,0,0,0.0,0.0,0.0,64.0,96.0,48.0,44.0,312.0,256.0,0,1,0,0,0,0,0,58.0,0.0,0.0,0.0,0.0,296.0,19.33333333333333,48.0,42.57142857142857,53.13333333333333,57.67726299562647,85.53552733678333,43.13621200035895,47.95139215009844,0.0,0.0,6
2024-02-06,0.0,52500.0,0.0,2,6,0,0,0.0,0.0,3000.0,11790.0,0.0,0.0,0.0,25900.0,0.0,0,1,0,0,0,0,0,0.0,0.0,0.0,0.0,0.0,0.0,0.0,1142.857142857143,571.4285714285714,506.6666666666667,3023.7157840738178,1616.0687364464238,844.3365544751276,525.2292188748081,0.0,0.0,7
2024-02-06,1200.0,0.0,210.0,2,6,0,0,1850.0,210.0,150.0,220.0,180.0,70.0,0.0,0.0,0.0,0,1,0,0,0,0,0,170.0,460.0,210.0,1210.0,560.0,70.0,826.6666666666666,491.4285714285714,572.8571428571429,468.3333333333333,618.0460762604615,407.79544680731976,707.3709822752713,459.2009681828168,0.0,0.0,8
2024-02-07,2194.0,3118.0,244.0,2,7,0,0,1474.0,1390.0,1890.0,1912.0,1710.0,1311.0,5271.0,3990.0,2880.0,0,0,1,0,0,0,0,3010.0,3078.0,1390.0,1148.0,1376.8,1472.0,2520.6666666666665,2247.428571428572,1985.571428571429,2210.0066666666667,806.8776977012187,1415.4377935961122,2266.1499126850986,2104.6352885206297,0.0,0.0,0
2024-02-07,1215.0,927.0,352.0,2,7,0,0,150.0,654.0,2581.0,1323.0,740.0,1161.0,790.0,1412.0,704.0,0,0,1,0,0,0,0,1534.0,774.0,654.0,1390.0,479.0,844.0,819.3333333333334,758.2857142857143,718.0714285714286,711.5,474.0020092382576,548.7463926517203,704.599116843018,665.3055796461364,0.0,0.0,1
2024-02-07,604.0,27815.8,1978.0,2,7,0,0,0.0,688.0,591.0,1846.0,2575.0,2386.0,21824.8,25490.4,14684.6,0,0,1,0,0,0,0,480.0,282.0,688.0,374.0,651.0,1078.0,254.0,371.4285714285714,320.7142857142857,432.1333333333333,255.1671720936802,389.53639406203166,294.8088396321214,393.20754028646456,0.0,0.0,2
2024-02-07,0.0,0.0,0.0,2,7,0,0,0.0,0.0,0.0,0.0,0.0,0.0,0.0,0.0,0.0,0,0,1,0,0,0,0,0.0,0.0,0.0,0.0,0.0,0.0,0.0,0.0,0.0,0.0,0.0,0.0,0.0,0.0,0.0,0.0,3
2024-02-07,34772.0,5816.0,890.0,2,7,0,0,35640.0,29510.0,31002.0,140.0,3430.0,600.0,3180.0,5898.0,8336.0,0,0,1,0,0,0,0,27204.0,23032.0,29510.0,28614.0,34322.0,33922.0,28625.33333333333,28049.42857142857,28175.571428571428,29239.13333333333,4801.885423356894,3063.942093777639,28666.277361589844,27749.289694431736,0.0,0.0,4
2024-02-07,64.0,1333.0,500.0,2,7,0,0,0.0,280.0,0.0,304.0,568.0,894.0,0.0,790.0,286.0,0,0,1,0,0,0,0,0.0,0.0,280.0,728.0,118.0,912.0,0.0,80.0,214.7142857142857,253.86666666666667,136.62601021279508,343.99355781190445,66.64441737546348,207.50920038107344,0.0,0.0,5
2024-02-07,0.0,0.0,64.0,2,7,0,0,100.0,50.0,288.0,48.0,0.0,0.0,32.0,48.0,136.0,0,0,1,0,0,0,0,0.0,58.0,50.0,0.0,0.0,212.0,52.66666666666666,62.285714285714285,49.71428571428572,56.46666666666667,56.171506079489184,85.34180094482274,57.35215900026921,51.3093668500921,0.0,0.0,6
2024-02-07,0.0,20000.0,67000.0,2,7,0,0,0.0,0.0,3000.0,0.0,0.0,14000.0,52500.0,26300.0,0.0,0,0,1,0,0,0,0,0.0,0.0,0.0,0.0,0.0,1200.0,0.0,1142.857142857143,571.4285714285714,406.6666666666667,3023.7157840738178,1547.8423989392536,633.2524158563457,491.3434628183689,0.0,0.0,7
2024-02-07,610.0,0.0,0.0,2,7,0,0,1200.0,200.0,0.0,210.0,220.0,150.0,0.0,0.0,0.0,0,0,1,0,0,0,0,1850.0,170.0,200.0,290.0,40.0,340.0,1073.3333333333333,632.8571428571429,572.1428571428571,503.3333333333333,655.0754227749728,424.2586502345598,830.5282367064535,506.9944541065061,0.0,0.0,8
2024-02-08,1868.0,3542.0,2340.0,2,8,0,0,2194.0,1426.0,1910.0,244.0,682.0,1014.0,3118.0,5762.0,4840.8,0,0,0,1,0,0,0,1474.0,3010.0,1426.0,914.0,3904.0,565.8,2226.0,2362.285714285714,2060.285714285714,2220.14,716.6630343208062,1414.1554283692465,2248.112434513824,2110.400753777364,0.0,0.0,0
2024-02-08,814.0,580.0,630.0,2,8,0,0,1215.0,982.0,444.0,352.0,372.0,60.0,927.0,2675.0,1030.0,0,0,0,1,0,0,0,150.0,1534.0,982.0,1001.0,190.0,752.0,966.3333333333334,838.4285714285714,705.5714285714286,665.9666666666667,500.1366003879537,432.6677058415164,832.1993376322635,700.7697357979986,0.0,0.0,1
2024-02-08,164.0,19486.2,6057.0,2,8,0,0,604.0,448.0,160.0,1978.0,5635.0,1490.0,27815.8,26214.7,18836.7,0,0,0,1,0,0,0,0.0,480.0,448.0,0.0,657.0,400.0,361.3333333333333,359.42857142857144,337.1428571428572,432.56666666666666,239.2786779349255,389.72640123051934,372.1066297240911,406.80705381637006,0.0,0.0,2
2024-02-08,0.0,0.0,0.0,2,8,0,0,0.0,0.0,0.0,0.0,0.0,0.0,0.0,0.0,0.0,0,0,0,1,0,0,0,0.0,0.0,0.0,0.0,0.0,0.0,0.0,0.0,0.0,0.0,0.0,0.0,0.0,0.0,0.0,0.0,3
2024-02-08,34181.0,3890.0,1340.0,2,8,0,0,34772.0,30342.0,30026.0,890.0,1070.0,494.0,5816.0,3790.0,2145.0,0,0,0,1,0,0,0,35640.0,27204.0,30342.0,28806.0,33312.0,31944.0,32538.666666666668,28801.14285714286,28615.42857142857,29364.8,5438.333060432236,3212.452306368013,30192.708021192386,28202.36777866195,0.0,0.0,4
2024-02-08,0.0,140.0,0.0,2,8,0,0,64.0,0.0,584.0,500.0,410.0,578.0,1333.0,302.0,762.0,0,0,0,1,0,0,0,0.0,0.0,0.0,200.0,558.0,0.0,21.33333333333333,49.142857142857146,167.28571428571428,256.0,104.55529409747577,342.560339512467,65.9833130315976,198.25054229197195,0.0,0.0,5
2024-02-08,12.0,56.0,0.0,2,8,0,0,0.0,68.0,296.0,64.0,134.0,0.0,0.0,126.0,56.0,0,0,0,1,0,0,0,100.0,0.0,68.0,0.0,0.0,50.0,33.333333333333336,55.142857142857146,49.71428571428572,46.86666666666667,60.96837587752238,73.81931965294038,43.01411925020191,47.999085117828095,0.0,0.0,6
2024-02-08,0.0,59500.0,0.0,2,8,0,0,0.0,0.0,0.0,67000.0,14900.0,0.0,20000.0,0.0,20310.0,0,0,0,1,0,0,0,0.0,0.0,0.0,0.0,0.0,0.0,0.0,1142.857142857143,571.4285714285714,306.6666666666667,3023.7157840738178,1469.443557206636,474.9393118922593,459.64388457202256,0.0,0.0,7
2024-02-08,650.0,0.0,0.0,2,8,0,0,610.0,480.0,70.0,0.0,180.0,250.0,0.0,0.0,0.0,0,0,0,1,0,0,0,1200.0,1850.0,480.0,470.0,330.0,250.0,1220.0,691.4285714285714,595.0,523.6666666666666,627.6790201854386,413.7922461676943,775.3961775298401,513.639973196409,0.0,0.0,8
2024-02-09,3392.0,3116.0,804.0,2,9,1,0,1868.0,2318.0,1472.0,2340.0,1195.0,1818.0,3542.0,3146.0,3736.0,0,0,0,0,1,0,0,2194.0,1474.0,2318.0,2466.0,3618.6,2750.8,1845.3333333333333,2425.428571428572,2128.428571428572,2218.74,635.2707709165853,1414.4938006714383,2153.0843258853683,2094.7619954691468,0.0,0.0,0
2024-02-09,642.0,1612.0,534.0,2,9,1,0,814.0,974.0,844.0,630.0,280.0,963.0,580.0,666.5,784.0,0,0,0,0,1,0,0,1215.0,150.0,974.0,74.0,840.0,558.0,726.3333333333334,814.4285714285714,692.2142857142857,678.3,496.11351427633946,431.3939035266958,827.6495032241976,708.0749141336116,0.0,0.0,1
2024-02-09,518.0,20313.7,5735.0,2,9,1,0,164.0,100.0,1078.0,6057.0,3883.0,3498.0,19486.2,24375.5,13922.4,0,0,0,0,1,0,0,604.0,0.0,100.0,1000.0,1360.0,96.0,256.0,318.85714285714283,348.85714285714283,432.7,245.7474506964612,389.6306075564745,320.0799722930683,391.1420826024107,0.0,0.0,2
2024-02-09,0.0,0.0,0.0,2,9,1,0,0.0,0.0,0.0,0.0,0.0,0.0,0.0,0.0,0.0,0,0,0,0,1,0,0,0.0,0.0,0.0,0.0,0.0,0.0,0.0,0.0,0.0,0.0,0.0,0.0,0.0,0.0,0.0,0.0,3
2024-02-09,23562.0,16830.0,3658.0,2,9,1,0,34181.0,29336.0,33922.0,1340.0,1660.0,2880.0,3890.0,25882.0,2275.0,0,0,0,0,1,0,0,34772.0,35640.0,29336.0,27972.0,30468.0,30282.0,34864.333333333336,29349.571428571428,28999.35714285714,29503.3,5801.091904608482,3329.382122960529,31189.78101589429,28588.08598649021,0.0,0.0,4
2024-02-09,0.0,1160.0,794.0,2,9,1,0,0.0,280.0,912.0,0.0,80.0,98.0,140.0,280.0,294.0,0,0,0,0,1,0,0,64.0,0.0,280.0,220.0,414.0,0.0,21.33333333333333,49.142857142857146,153.0,236.53333333333333,104.55529409747577,339.86120223057134,49.4874847736982,185.46018472474796,0.0,0.0,5
2024-02-09,12.0,126.0,32.0,2,9,1,0,12.0,160.0,212.0,0.0,112.0,0.0,56.0,140.0,132.0,0,0,0,0,1,0,0,0.0,100.0,160.0,0.0,0.0,0.0,37.333333333333336,47.142857142857146,50.57142857142857,37.4,62.65096054445497,57.08106757815652,35.26058943765143,45.67656349732306,0.0,0.0,6
2024-02-09,0.0,28000.0,0.0,2,9,1,0,0.0,8000.0,1200.0,0.0,0.0,0.0,59500.0,34420.0,21000.0,0,0,0,0,1,0,0,0.0,0.0,8000.0,0.0,0.0,0.0,0.0,1142.857142857143,571.4285714285714,306.6666666666667,3023.7157840738178,1469.443557206636,356.20448391919444,429.9894404060856,0.0,0.0,7
2024-02-09,690.0,100.0,0.0,2,9,1,0,650.0,70.0,340.0,0.0,560.0,0.0,0.0,0.0,0.0,0,0,0,0,1,0,0,610.0,1200.0,70.0,390.0,140.0,850.0,820.0,715.7142857142857,607.8571428571429,543.0,621.392445583764,405.3278791980295,744.04713314738,522.4373942805116,0.0,0.0,8
2024-02-10,2734.8,4285.0,2752.0,2,10,1,0,3392.0,3036.0,565.8,804.0,1575.0,310.0,3116.0,6758.0,3383.0,0,0,0,0,0,1,0,1868.0,2194.0,3036.0,2586.8,2518.0,1696.0,2484.6666666666665,2578.8571428571427,2194.5714285714284,2282.74,727.9366796114961,1422.9525769595634,2462.8132444140265,2178.4547699550085,0.0,0.0,0
2024-02-10,809.0,1888.0,911.0,2,10,1,0,642.0,240.0,752.0,534.0,1292.0,1138.0,1612.0,1722.5,1080.0,0,0,0,0,0,1,0,814.0,1215.0,240.0,232.0,220.0,70.0,890.3333333333334,767.0,732.7857142857143,671.5666666666667,494.1818153945642,430.2934590712951,781.2371274181482,703.8120164475722,0.0,0.0,1
2024-02-10,300.0,16334.6,3298.0,2,10,1,0,518.0,602.0,400.0,5735.0,1480.0,1770.0,20313.7,22338.0,21281.3,0,0,0,0,0,1,0,164.0,604.0,602.0,194.0,0.0,628.0,428.6666666666667,378.57142857142856,314.42857142857144,414.03333333333336,234.2184572451236,370.5987218592071,369.5599792198012,399.3264643699972,0.0,0.0,2
2024-02-10,0.0,0.0,0.0,2,10,1,0,0.0,0.0,0.0,0.0,0.0,0.0,0.0,0.0,0.0,0,0,0,0,0,1,0,0.0,0.0,0.0,0.0,0.0,0.0,0.0,0.0,0.0,0.0,0.0,0.0,0.0,0.0,0.0,0.0,3
2024-02-10,28432.0,3718.0,5814.0,2,10,1,0,23562.0,21282.0,31944.0,3658.0,5692.0,1168.0,16830.0,3938.0,4515.0,0,0,0,0,0,1,0,34181.0,34772.0,21282.0,32036.0,29110.0,29128.0,30838.33333333333,28524.714285714286,28684.35714285714,29157.966666666667,6200.122007248058,3391.954258020776,29282.83576192072,28263.82237445859,0.0,0.0,4
2024-02-10,282.0,202.0,628.0,2,10,1,0,0.0,0.0,0.0,794.0,1276.8,458.0,1160.0,305.2,344.0,0,0,0,0,0,1,0,0.0,64.0,0.0,1222.0,200.0,0.0,21.33333333333333,9.142857142857142,137.28571428571428,206.13333333333333,24.18972627259329,317.4049663185475,37.115613580273646,173.4950115166997,0.0,0.0,5
2024-02-10,50.0,162.0,32.0,2,10,1,0,12.0,0.0,50.0,32.0,0.0,68.0,126.0,50.0,0.0,0,0,0,0,0,1,0,12.0,0.0,0.0,54.0,0.0,0.0,8.0,26.0,51.42857142857143,30.73333333333333,38.55731664245664,46.72585737176408,29.44544207823857,43.50388198136673,0.0,0.0,6
2024-02-10,0.0,52000.0,4800.0,2,10,1,0,0.0,0.0,0.0,0.0,0.0,0.0,28000.0,58420.0,0.0,0,0,0,0,0,1,0,0.0,0.0,0.0,0.0,0.0,0.0,0.0,0.0,571.4285714285714,266.6666666666667,0.0,1460.5934866804432,267.15336293939583,402.2481861863382,0.0,0.0,7
2024-02-10,700.0,0.0,210.0,2,10,1,0,690.0,460.0,250.0,0.0,590.0,1050.0,100.0,370.0,0.0,0,0,0,0,0,1,0,650.0,610.0,460.0,1050.0,670.0,830.0,650.0,804.2857142857143,629.2857142857143,554.6666666666666,554.6126919709266,404.319209274684,730.535349860535,533.2478849720916,0.0,0.0,8
2024-02-11,3592.0,7394.0,2220.0,2,11,0,0,2734.8,3078.0,2750.8,2752.0,3706.0,1672.0,4285.0,3494.0,4668.0,0,0,0,0,0,0,1,3392.0,1868.0,3078.0,1639.6,8210.8,982.8,2664.9333333333334,2535.828571428571,2205.1428571428573,2355.04,704.950262345474,1387.3651985713411,2530.80993331052,2214.3480106030725,0.0,0.0,0
2024-02-11,175.0,1875.0,480.0,2,11,0,0,809.0,774.0,558.0,911.0,400.0,930.0,1888.0,1715.0,514.0,0,0,0,0,0,0,1,642.0,814.0,774.0,560.0,350.0,492.0,755.0,848.2857142857143,774.0,673.4666666666667,436.4778399436854,430.7864286702134,788.1778455636112,710.5983379670838,0.0,0.0,1
2024-02-11,200.0,16197.8,1190.0,2,11,0,0,300.0,282.0,96.0,3298.0,634.0,3900.0,16334.6,33101.3,18754.8,0,0,0,0,0,0,1,518.0,164.0,282.0,0.0,240.0,0.0,327.3333333333333,335.42857142857144,322.0,410.7,213.06247686446136,371.1785656341253,352.1699844148509,392.9183053783845,0.0,0.0,2
2024-02-11,0.0,0.0,0.0,2,11,0,0,0.0,0.0,0.0,0.0,0.0,0.0,0.0,0.0,0.0,0,0,0,0,0,0,1,0.0,0.0,0.0,0.0,0.0,0.0,0.0,0.0,0.0,0.0,0.0,0.0,0.0,0.0,0.0,0.0,3
2024-02-11,31318.0,5922.0,1130.0,2,11,0,0,28432.0,23032.0,30282.0,5814.0,160.0,5120.0,3718.0,34438.0,33788.0,0,0,0,0,0,0,1,23562.0,34181.0,23032.0,26772.0,27156.0,26656.0,28725.0,29546.14285714286,28426.92857142857,29040.9,5336.939648293166,3352.863751255378,29070.12682144053,28274.67254384836,0.0,0.0,4
2024-02-11,36.0,128.0,160.0,2,11,0,0,50.0,58.0,0.0,32.0,0.0,32.0,162.0,108.0,96.0,0,0,0,0,0,0,1,12.0,12.0,58.0,132.0,24.0,128.0,24.666666666666668,33.142857142857146,51.142857142857146,30.73333333333333,37.55630693340583,46.72585737176408,34.58408155867893,43.92298636966566,0.0,0.0,6
2024-02-11,0.0,22400.0,4800.0,2,11,0,0,0.0,0.0,0.0,4800.0,0.0,0.0,52000.0,26800.0,0.0,0,0,0,0,0,0,1,0.0,0.0,0.0,0.0,0.0,0.0,0.0,0.0,571.4285714285714,266.6666666666667,0.0,1460.5934866804432,200.36502220454688,376.2966903033487,0.0,0.0,7
2024-02-11,1020.0,0.0,100.0,2,11,0,0,700.0,170.0,850.0,210.0,820.0,660.0,0.0,0.0,0.0,0,0,0,0,0,0,1,690.0,650.0,170.0,340.0,120.0,630.0,680.0,838.5714285714286,604.2857142857143,569.6666666666666,536.9180127179122,400.9599114309467,722.9015123954013,544.0060859416341,0.0,0.0,8
2024-02-12,3136.0,6475.0,2950.0,2,12,0,0,3592.0,3010.0,1696.0,2220.0,1262.0,650.0,7394.0,4164.0,7346.0,1,0,0,0,0,0,0,2734.8,3392.0,3010.0,2079.6,1492.0,3110.0,3239.6,2609.2571428571428,2344.6,2383.08,792.2052740233913,1404.0402348100704,2796.10744998289,2303.228784112552,0.0,0.0,0
2024-02-12,42.0,970.0,2204.0,2,12,0,0,175.0,1534.0,70.0,480.0,764.0,835.0,1875.0,1810.0,1134.0,1,0,0,0,0,0,0,809.0,642.0,1534.0,1114.0,1036.0,1612.0,542.0,762.7142857142857,746.5,660.7,506.5595438135303,439.9050955643141,634.8833841727084,676.0436064853365,0.0,0.0,1
2024-02-12,1007.0,21203.5,1816.0,2,12,0,0,200.0,480.0,628.0,1190.0,2306.0,2132.0,16197.8,19595.0,15129.0,1,0,0,0,0,0,0,300.0,518.0,480.0,40.0,40.0,445.0,339.3333333333333,323.7142857142857,336.2857142857143,414.1666666666667,218.6700057817064,368.6148427543991,314.12748831113817,380.47196309590805,0.0,0.0,2
2024-02-12,0.0,0.0,0.0,2,12,0,0,0.0,0.0,0.0,0.0,0.0,0.0,0.0,0.0,0.0,1,0,0,0,0,0,0,0.0,0.0,0.0,0.0,0.0,0.0,0.0,0.0,0.0,0.0,0.0,0.0,0.0,0.0,0.0,0.0,3
2024-02-12,29836.0,3412.0,1910.0,2,12,0,0,31318.0,27204.0,29128.0,1130.0,15960.0,4116.4,5922.0,7820.0,12662.0,1,0,0,0,0,0,0,28432.0,23562.0,27204.0,26490.0,27802.0,29670.0,27770.666666666668,30729.85714285714,28751.64285714286,29075.43333333333,4505.454339966566,3371.371578896048,29632.095116080403,28471.01625069685,0.0,0.0,4
2024-02-12,0.0,0.0,204.0,2,12,0,0,282.0,0.0,0.0,628.0,742.0,1835.0,202.0,1044.0,450.0,1,0,0,0,0,0,0,0.0,0.0,0.0,0.0,340.0,0.0,94.0,49.42857142857143,70.14285714285714,215.53333333333333,105.2914322928786,315.2582666840693,98.33671018520523,180.495333354332,0.0,0.0,5
2024-02-12,68.0,114.0,126.0,2,12,0,0,36.0,0.0,0.0,160.0,64.0,18.0,128.0,44.0,154.0,1,0,0,0,0,0,0,50.0,12.0,0.0,74.0,0.0,0.0,32.666666666666664,30.0,44.285714285714285,31.933333333333334,36.01851375797355,46.37027387077391,34.9380611690092,43.41182595871949,0.0,0.0,6
2024-02-12,310.0,90.0,140.0,2,12,0,0,1020.0,1850.0,830.0,100.0,220.0,110.0,0.0,0.0,0.0,1,0,0,0,0,0,0,700.0,690.0,1850.0,830.0,280.0,770.0,803.3333333333334,960.0,652.8571428571429,575.3333333333334,449.5182606598606,406.2251230225829,797.1761342965509,574.7153707195931,0.0,0.0,8
2024-02-13,2788.0,5889.8,1886.0,2,13,0,0,3136.0,1474.0,982.8,2950.0,1912.0,980.0,6475.0,5271.0,6172.0,0,1,0,0,0,0,0,3592.0,2734.8,1474.0,1232.0,1062.0,1942.6,3154.2666666666664,2627.2571428571428,2420.057142857143,2431.08,804.1693827736024,1404.3556633707076,2881.080587487168,2356.955959331097,0.0,0.0,0
2024-02-13,694.0,1116.0,1015.0,2,13,0,0,42.0,150.0,492.0,2204.0,1323.0,0.0,970.0,790.0,714.0,0,1,0,0,0,0,0,175.0,809.0,150.0,374.0,340.0,484.0,342.0,549.5714285714286,669.9285714285714,659.7666666666667,437.06477671807295,441.2292924384636,486.6625381295313,635.1375673572503,0.0,0.0,1
2024-02-13,300.0,22996.7,2816.0,2,13,0,0,1007.0,0.0,0.0,1816.0,1846.0,3823.0,21203.5,21824.8,14212.2,0,1,0,0,0,0,0,200.0,300.0,0.0,282.0,1238.0,890.0,502.3333333333333,399.0,405.3571428571428,426.8,339.0373627394677,382.4318194812298,487.3456162333536,420.8931267671399,0.0,0.0,2
2024-02-13,0.0,0.0,0.0,2,13,0,0,0.0,0.0,0.0,0.0,0.0,0.0,0.0,0.0,0.0,0,1,0,0,0,0,0,0.0,0.0,0.0,0.0,0.0,0.0,0.0,0.0,0.0,0.0,0.0,0.0,0.0,0.0,0.0,0.0,3
2024-02-13,30140.0,7354.0,5992.0,2,13,0,0,29836.0,35640.0,26656.0,1910.0,140.0,1880.0,3412.0,3180.0,4485.0,0,1,0,0,0,0,0,31318.0,28432.0,35640.0,27422.0,27286.0,30630.0,29862.0,31105.85714285714,28990.64285714286,29099.033333333333,4265.606499610994,3374.229071423028,29683.071337060304,28559.07971839383,0.0,0.0,4
2024-02-13,254.0,230.0,558.0,2,13,0,0,0.0,0.0,0.0,204.0,1002.0,572.0,0.0,610.0,1806.0,0,1,0,0,0,0,0,282.0,0.0,0.0,76.0,200.0,1090.0,94.0,49.42857142857143,70.14285714285714,215.53333333333333,105.2914322928786,315.2582666840693,73.75253263890393,168.85047313792344,0.0,0.0,5
2024-02-13,44.0,50.0,76.0,2,13,0,0,68.0,100.0,128.0,126.0,48.0,200.0,114.0,32.0,0.0,0,1,0,0,0,0,0,36.0,50.0,100.0,0.0,0.0,0.0,51.333333333333336,39.71428571428572,43.85714285714285,34.2,35.74779380471973,46.41744618508034,43.203545876756905,44.998159767834366,0.0,0.0,6
2024-02-13,0.0,0.0,7400.0,2,13,0,0,0.0,0.0,0.0,4800.0,11790.0,0.0,22400.0,0.0,13000.0,0,1,0,0,0,0,0,0.0,0.0,0.0,0.0,0.0,0.0,0.0,0.0,571.4285714285714,266.6666666666667,0.0,1460.5934866804432,150.27376665341015,352.0194844773262,0.0,0.0,7
2024-02-13,350.0,0.0,0.0,2,13,0,0,310.0,1200.0,630.0,140.0,210.0,0.0,90.0,0.0,0.0,0,1,0,0,0,0,0,1020.0,700.0,1200.0,210.0,1210.0,560.0,676.6666666666666,740.0,615.7142857142857,558.0,289.8275349237883,406.07796091985534,675.3821007224132,557.6369597054259,0.0,0.0,8
2024-02-14,2528.0,5656.0,1694.0,2,14,0,0,2788.0,2194.0,3110.0,1886.0,244.0,718.0,5889.8,3118.0,6786.0,0,0,1,0,0,0,0,3136.0,3592.0,2194.0,1390.0,1148.0,1376.8,3172.0,2814.9714285714285,2531.2000000000003,2491.253333333333,623.0716965547541,1378.5985146675878,2857.810440615376,2384.765252277478,0.0,0.0,0
2024-02-14,620.0,1061.0,1113.0,2,14,0,0,694.0,1215.0,1612.0,1015.0,352.0,648.5,1116.0,927.0,1440.0,0,0,1,0,0,0,0,42.0,175.0,1215.0,654.0,1390.0,479.0,303.6666666666667,627.2857142857143,692.7857142857143,666.5,401.0568182048169,440.1207318687563,538.4969035971485,638.9351436567825,0.0,0.0,1
2024-02-14,580.0,21423.6,680.0,2,14,0,0,300.0,604.0,445.0,2816.0,1978.0,3217.5,22996.7,27815.8,15736.8,0,0,1,0,0,0,0,1007.0,200.0,604.0,688.0,374.0,651.0,502.3333333333333,441.8571428571428,406.6428571428572,436.8,296.48520399924894,374.7315728947025,440.5092121750152,413.093570201518,0.0,0.0,2
2024-02-14,0.0,0.0,0.0,2,14,0,0,0.0,0.0,0.0,0.0,0.0,0.0,0.0,0.0,0.0,0,0,1,0,0,0,0,0.0,0.0,0.0,0.0,0.0,0.0,0.0,0.0,0.0,0.0,0.0,0.0,0.0,0.0,0.0,0.0,3
2024-02-14,30586.0,34930.0,1470.0,2,14,0,0,30140.0,34772.0,29670.0,5992.0,890.0,2666.0,7354.0,5816.0,3440.0,0,0,1,0,0,0,0,29836.0,31318.0,34772.0,29510.0,28614.0,34322.0,30431.33333333333,30320.14285714286,29184.785714285717,29215.166666666668,3768.850241500305,3347.0925322643457,29797.30350279523,28661.07457527165,0.0,0.0,4
2024-02-14,0.0,734.0,586.0,2,14,0,0,254.0,0.0,0.0,558.0,304.0,1084.6,230.0,0.0,2282.0,0,0,1,0,0,0,0,0.0,282.0,0.0,0.0,194.0,0.0,178.66666666666666,85.71428571428571,82.85714285714286,224.0,126.95631044538464,312.67036735304765,118.81439947917796,174.3439909999929,0.0,0.0,5
2024-02-14,0.0,42.0,182.0,2,14,0,0,44.0,0.0,0.0,76.0,64.0,76.0,50.0,0.0,114.0,0,0,1,0,0,0,0,68.0,36.0,0.0,50.0,0.0,0.0,49.333333333333336,31.714285714285715,47.0,31.4,24.506558888824543,42.969596308280046,43.40265940756768,44.93376236345796,0.0,0.0,6
2024-02-14,0.0,20000.0,10800.0,2,14,0,0,0.0,0.0,0.0,7400.0,0.0,0.0,0.0,52500.0,64500.0,0,0,1,0,0,0,0,0.0,0.0,0.0,0.0,0.0,0.0,0.0,0.0,571.4285714285714,266.6666666666667,0.0,1460.5934866804432,112.70532499005762,329.3085499949181,0.0,0.0,7
2024-02-14,850.0,0.0,0.0,2,14,0,0,350.0,610.0,770.0,0.0,0.0,0.0,0.0,0.0,0.0,0,0,1,0,0,0,0,310.0,1020.0,610.0,200.0,290.0,40.0,560.0,618.5714285714286,625.7142857142857,548.6666666666666,238.49727960912287,407.58103347748494,594.0365755418098,544.2410268212049,0.0,0.0,8
2024-02-15,2432.0,5850.5,2900.0,2,15,0,0,2528.0,1868.0,1942.6,1694.0,2340.0,740.0,5656.0,3542.0,4328.0,0,0,0,1,0,0,0,2788.0,3136.0,1868.0,1426.0,914.0,3904.0,2817.333333333333,2862.6857142857143,2612.4857142857145,2471.853333333333,578.8092012300531,1373.6773469811592,2775.357830461532,2394.0062037434477,0.0,0.0,0
2024-02-15,699.0,330.0,1177.0,2,15,0,0,620.0,814.0,484.0,1113.0,630.0,964.0,1061.0,580.0,1025.0,0,0,0,1,0,0,0,694.0,42.0,814.0,982.0,1001.0,190.0,452.0,542.2857142857143,690.3571428571429,633.4333333333333,307.99064611646565,402.27248299468937,558.8726776978614,637.7135214853772,0.0,0.0,1
2024-02-15,450.0,31303.2,3932.0,2,15,0,0,580.0,164.0,890.0,680.0,6057.0,2452.02,21423.6,19486.2,16723.18,0,0,0,1,0,0,0,300.0,1007.0,164.0,448.0,0.0,657.0,629.0,438.4285714285714,398.9285714285714,441.3,294.4293107820944,375.6429109563017,475.3819091312614,423.8617269627104,0.0,0.0,2
2024-02-15,0.0,0.0,0.0,2,15,0,0,0.0,0.0,0.0,0.0,0.0,0.0,0.0,0.0,0.0,0,0,0,1,0,0,0,0.0,0.0,0.0,0.0,0.0,0.0,0.0,0.0,0.0,0.0,0.0,0.0,0.0,0.0,0.0,0.0,3
2024-02-15,30776.0,17060.0,2295.0,2,15,0,0,30586.0,34181.0,30630.0,1470.0,1340.0,2404.0,34930.0,3890.0,4569.0,0,0,0,1,0,0,0,30140.0,29836.0,34181.0,30342.0,28806.0,33312.0,30187.33333333333,29722.14285714286,29261.64285714286,29245.7,3239.69681856038,3355.5520965130777,29994.47762709642,28785.2633123509,0.0,0.0,4
2024-02-15,626.0,730.0,1610.0,2,15,0,0,0.0,64.0,1090.0,586.0,500.0,3766.0,734.0,1333.0,686.0,0,0,0,1,0,0,0,254.0,0.0,64.0,280.0,728.0,118.0,84.66666666666667,85.71428571428571,82.85714285714286,224.0,126.95631044538464,312.67036735304765,89.11079960938346,163.09599158063855,0.0,0.0,5
2024-02-15,0.0,68.0,394.0,2,15,0,0,0.0,12.0,0.0,182.0,0.0,292.0,42.0,56.0,112.0,0,0,0,1,0,0,0,44.0,68.0,12.0,68.0,0.0,0.0,37.333333333333336,31.714285714285715,43.42857142857143,31.4,24.506558888824543,42.969596308280046,32.55199455567576,42.03480995291228,0.0,0.0,6
2024-02-15,0.0,0.0,47560.0,2,15,0,0,0.0,0.0,0.0,10800.0,67000.0,0.0,20000.0,20000.0,24000.0,0,0,0,1,0,0,0,0.0,0.0,0.0,0.0,0.0,0.0,0.0,0.0,571.4285714285714,266.6666666666667,0.0,1460.5934866804432,84.52899374254321,308.0628370920202,0.0,0.0,7
2024-02-15,0.0,110.0,610.0,2,15,0,0,850.0,650.0,560.0,0.0,0.0,140.0,0.0,0.0,0.0,0,0,0,1,0,0,0,350.0,310.0,650.0,480.0,470.0,330.0,503.3333333333333,652.8571428571429,672.1428571428571,551.3333333333334,253.8184578075623,409.337002492073,658.0274316563574,563.9674121875788,0.0,0.0,8
2024-02-16,2570.8,4071.0,178.5,2,16,1,0,2432.0,3392.0,1376.8,2900.0,804.0,754.0,5850.5,3116.0,3958.0,0,0,0,0,1,0,0,2528.0,2788.0,3392.0,2318.0,2466.0,3618.6,2582.6666666666665,2943.2571428571428,2684.342857142857,2488.1666666666665,439.842543255133,1370.0766352422709,2689.518372846149,2396.4574164051605,0.0,0.0,0
2024-02-16,320.0,134.0,60.0,2,16,1,0,699.0,642.0,479.0,1177.0,534.0,1485.0,330.0,1612.0,646.0,0,0,0,0,1,0,0,620.0,694.0,642.0,974.0,74.0,840.0,671.0,525.8571428571429,670.1428571428571,640.6,293.8227518825072,401.4327443991859,593.904508273396,641.6674878411594,0.0,0.0,1
2024-02-16,982.0,18158.2,2060.0,2,16,1,0,450.0,518.0,651.0,3932.0,5735.0,1795.0,31303.2,20313.7,20957.6,0,0,0,0,1,0,0,580.0,300.0,518.0,100.0,1000.0,1360.0,443.3333333333333,479.2857142857143,399.07142857142856,426.6333333333333,268.72210818719685,365.9852534558274,469.03643184844606,425.5480671586646,0.0,0.0,2
2024-02-16,0.0,0.0,0.0,2,16,1,0,0.0,0.0,0.0,0.0,0.0,0.0,0.0,0.0,0.0,0,0,0,0,1,0,0,0.0,0.0,0.0,0.0,0.0,0.0,0.0,0.0,0.0,0.0,0.0,0.0,0.0,0.0,0.0,0.0,3
2024-02-16,24318.0,17090.0,1650.0,2,16,1,0,30776.0,23562.0,34322.0,2295.0,3658.0,2907.0,17060.0,16830.0,5480.0,0,0,0,0,1,0,0,30586.0,30140.0,23562.0,29336.0,27972.0,30468.0,30500.666666666668,29235.714285714286,29292.64285714286,29250.566666666666,2662.91605289421,3357.734187620003,30189.85822032232,28913.69793736052,0.0,0.0,4
2024-02-16,428.0,306.0,798.0,2,16,1,0,626.0,0.0,0.0,1610.0,0.0,1728.0,730.0,140.0,484.0,0,0,0,0,1,0,0,0.0,254.0,0.0,0.0,200.0,558.0,293.3333333333333,166.0,107.57142857142856,208.53333333333333,239.10388258384003,277.897988395064,223.3330997070376,192.96076631737157,0.0,0.0,5
2024-02-16,36.0,42.0,0.0,2,16,1,0,0.0,12.0,0.0,394.0,32.0,32.0,68.0,126.0,108.0,0,0,0,0,1,0,0,0.0,44.0,12.0,160.0,0.0,0.0,14.666666666666666,30.0,38.57142857142857,31.4,26.457513110645845,42.969596308280046,24.41399591675682,39.32288673014375,0.0,0.0,6
2024-02-16,0.0,12300.0,0.0,2,16,1,0,0.0,0.0,0.0,47560.0,0.0,10200.0,0.0,59500.0,0.0,0,0,0,0,1,0,0,0.0,0.0,0.0,0.0,0.0,0.0,0.0,0.0,571.4285714285714,266.6666666666667,0.0,1460.5934866804432,63.396745306907405,288.1878153441479,0.0,0.0,7
2024-02-16,1160.0,0.0,0.0,2,16,1,0,0.0,690.0,40.0,610.0,0.0,510.0,110.0,100.0,0.0,0,0,0,0,1,0,0,850.0,350.0,690.0,70.0,390.0,140.0,400.0,560.0,637.8571428571429,532.6666666666666,354.11862419251514,421.5156014892575,493.5205737422681,527.5824178528964,0.0,0.0,8
2024-02-17,2750.0,6324.0,2108.0,2,17,1,0,2570.8,2734.8,3904.0,178.5,2752.0,1572.0,4071.0,4285.0,5593.0,0,0,0,0,0,1,0,2432.0,2528.0,2734.8,3036.0,2586.8,2518.0,2510.266666666667,2825.942857142857,2702.4000000000005,2527.9666666666667,408.61237890019527,1353.9261020768668,2659.8387796346115,2407.705325024183,0.0,0.0,0
2024-02-17,230.0,10556.0,1196.0,2,17,1,0,320.0,809.0,190.0,60.0,911.0,1204.0,134.0,1888.0,431.0,0,0,0,0,0,1,0,699.0,620.0,809.0,240.0,232.0,220.0,546.3333333333334,479.8571428571428,623.4285714285714,635.3,297.7881957428958,404.6763841170732,525.428381205047,620.9147466901169,0.0,0.0,1
2024-02-17,513.0,15382.5,4004.0,2,17,1,0,982.0,300.0,657.0,2060.0,3298.0,2806.5,18158.2,16334.6,29862.2,0,0,0,0,0,1,0,450.0,580.0,300.0,602.0,194.0,0.0,670.6666666666666,545.5714285714286,462.07142857142856,437.6666666666667,330.0847654481383,377.78166777352624,597.2773238863346,461.4481918581056,0.0,0.0,2
2024-02-17,0.0,0.0,0.0,2,17,1,0,0.0,0.0,0.0,0.0,0.0,0.0,0.0,0.0,0.0,0,0,0,0,0,1,0,0.0,0.0,0.0,0.0,0.0,0.0,0.0,0.0,0.0,0.0,0.0,0.0,0.0,0.0,0.0,0.0,3
2024-02-17,22138.0,43332.0,4920.0,2,17,1,0,24318.0,28432.0,33312.0,1650.0,5814.0,2300.0,17090.0,3718.0,4502.0,0,0,0,0,0,1,0,30776.0,30586.0,28432.0,21282.0,32036.0,29110.0,28560.0,29343.714285714286,28934.214285714286,28917.1,2396.4544445412844,3333.382690611519,28721.893665241736,28617.201296240488,0.0,0.0,4
2024-02-17,960.0,360.0,1242.0,2,17,1,0,428.0,0.0,118.0,798.0,794.0,644.6,306.0,1160.0,840.0,0,0,0,0,0,1,0,626.0,0.0,0.0,280.0,220.0,414.0,351.3333333333333,227.14285714285717,138.14285714285714,222.8,244.24811740757173,277.809460875119,274.49982478027823,208.12458784528303,0.0,0.0,5
2024-02-17,106.0,402.0,24.0,2,17,1,0,36.0,50.0,0.0,0.0,32.0,0.0,42.0,162.0,54.0,0,0,0,0,0,1,0,0.0,0.0,50.0,0.0,54.0,0.0,12.0,33.42857142857143,29.714285714285715,32.6,25.26431701601512,42.563218701208434,27.310496937567617,39.10850694110222,0.0,0.0,6
2024-02-17,200.0,0.0,600.0,2,17,1,0,1160.0,700.0,330.0,0.0,210.0,0.0,0.0,0.0,0.0,0,0,0,0,0,1,0,0.0,850.0,700.0,460.0,1050.0,670.0,670.0,627.1428571428571,715.7142857142857,570.0,421.0983371183141,425.9512680561248,660.1404303067011,568.3835521849676,0.0,0.0,8
2024-02-18,1366.0,5958.0,544.0,2,18,0,0,2750.0,3592.0,3618.6,2108.0,2220.0,1340.0,6324.0,7394.0,6288.0,0,0,0,0,0,0,1,2570.8,2432.0,3592.0,3078.0,1639.6,8210.8,2584.266666666667,2828.1142857142863,2681.971428571429,2489.5,408.0873575946356,1329.659035112075,2682.379084725959,2429.7888524419777,0.0,0.0,0
2024-02-18,476.0,1504.0,428.0,2,18,0,0,230.0,175.0,840.0,1196.0,480.0,400.0,10556.0,1875.0,460.0,0,0,0,0,0,0,1,320.0,699.0,175.0,774.0,560.0,350.0,416.3333333333333,397.1428571428572,622.7142857142857,636.6333333333333,270.2680327449198,403.2218935056712,451.5712859037852,595.6944404520449,0.0,0.0,1
2024-02-18,0.0,19185.0,3346.5,2,18,0,0,513.0,200.0,1360.0,4004.0,1190.0,2897.0,15382.5,16197.8,22082.5,0,0,0,0,0,0,1,982.0,450.0,200.0,282.0,0.0,240.0,648.3333333333334,576.0,455.7142857142857,432.8666666666667,313.0521788243404,375.8084373842546,576.2079929147509,464.7741149640343,0.0,0.0,2
2024-02-18,0.0,0.0,0.0,2,18,0,0,0.0,0.0,0.0,0.0,0.0,0.0,0.0,0.0,0.0,0,0,0,0,0,0,1,0.0,0.0,0.0,0.0,0.0,0.0,0.0,0.0,0.0,0.0,0.0,0.0,0.0,0.0,0.0,0.0,3
2024-02-18,23216.0,5393.0,1240.0,2,18,0,0,22138.0,31318.0,30468.0,4920.0,1130.0,1520.0,43332.0,5922.0,23539.0,0,0,0,0,0,0,1,24318.0,30776.0,31318.0,23032.0,26772.0,27156.0,25744.0,28444.571428571428,28995.35714285714,28544.63333333333,3648.969117305243,3447.692246479711,27075.920248931303,28199.188309386263,0.0,0.0,4
2024-02-18,0.0,412.0,150.0,2,18,0,0,960.0,282.0,558.0,1242.0,628.0,620.0,360.0,202.0,2375.0,0,0,0,0,0,0,1,428.0,626.0,282.0,0.0,1222.0,200.0,671.3333333333334,364.2857142857143,186.7142857142857,250.86666666666667,344.4249866495918,307.7736218373022,445.8748685852087,256.632678952039,0.0,0.0,5
2024-02-18,0.0,236.0,64.0,2,18,0,0,106.0,36.0,0.0,24.0,160.0,0.0,402.0,128.0,70.0,0,0,0,0,0,0,1,36.0,0.0,36.0,58.0,132.0,24.0,47.333333333333336,41.42857142857143,37.285714285714285,36.13333333333333,37.357985058338514,44.13438204122634,46.98287270317572,43.42408713845047,0.0,0.0,6
2024-02-18,400.0,0.0,70.0,2,18,0,0,200.0,1020.0,140.0,600.0,100.0,300.0,0.0,0.0,0.0,0,0,0,0,0,0,1,1160.0,0.0,1020.0,170.0,340.0,120.0,453.3333333333333,555.7142857142857,697.1428571428571,565.6666666666666,448.2133845561039,429.1264851181817,545.1053227300258,544.6168713988407,0.0,0.0,8
2024-02-19,2076.0,2814.0,1514.0,2,19,0,0,1366.0,3136.0,2518.0,544.0,2950.0,1145.0,5958.0,6475.0,5560.0,1,0,0,0,0,0,0,2750.0,2570.8,3136.0,3010.0,2079.6,1492.0,2228.9333333333334,2510.1142857142863,2559.6857142857148,2414.4133333333334,554.6170673794413,1327.3001707467563,2353.284313544469,2361.157313574753,0.0,0.0,0
2024-02-19,540.0,382.0,265.0,2,19,0,0,476.0,42.0,220.0,428.0,2204.0,851.0,1504.0,970.0,994.0,1,0,0,0,0,0,0,230.0,320.0,42.0,1534.0,1114.0,1036.0,342.0,440.1428571428572,601.4285714285714,624.5,252.3875515758965,402.3670266534412,457.6784644278389,587.9722184873968,0.0,0.0,1
2024-02-19,2180.0,31216.7,1426.0,2,19,0,0,0.0,1007.0,0.0,3346.5,1816.0,2239.0,19185.0,21203.5,13747.3,1,0,0,0,0,0,0,513.0,982.0,1007.0,480.0,40.0,40.0,498.3333333333333,547.4285714285714,435.57142857142856,387.53333333333336,358.86295301635573,340.47995873303665,432.1559946860632,434.7886881921612,0.0,0.0,2
2024-02-19,0.0,0.0,0.0,2,19,0,0,0.0,0.0,0.0,0.0,0.0,0.0,0.0,0.0,0.0,1,0,0,0,0,0,0,0.0,0.0,0.0,0.0,0.0,0.0,0.0,0.0,0.0,0.0,0.0,0.0,0.0,0.0,0.0,0.0,3
2024-02-19,29224.0,4076.0,2404.0,2,19,0,0,23216.0,29836.0,29110.0,1240.0,1910.0,9476.0,5393.0,3412.0,7336.0,1,0,0,0,0,0,0,22138.0,24318.0,29836.0,27204.0,26490.0,27802.0,23224.0,27287.14285714286,29008.5,28302.9,3864.232024976884,3560.5734558470067,26110.94018669848,27877.69228942586,0.0,0.0,4
2024-02-19,0.0,1154.0,890.0,2,19,0,0,0.0,0.0,414.0,150.0,204.0,559.6,412.0,0.0,1801.0,1,0,0,0,0,0,0,960.0,428.0,0.0,0.0,0.0,340.0,462.6666666666667,324.0,186.7142857142857,232.26666666666668,371.1118429799837,305.4244004132876,334.4061514389065,240.0757319228752,0.0,0.0,5
2024-02-19,0.0,434.0,0.0,2,19,0,0,0.0,68.0,0.0,64.0,126.0,50.0,236.0,114.0,260.0,1,0,0,0,0,0,0,106.0,36.0,68.0,0.0,74.0,0.0,47.333333333333336,36.285714285714285,33.142857142857146,36.13333333333333,40.56975180975055,44.13438204122634,35.23715452738179,40.62253312951818,0.0,0.0,6
2024-02-19,630.0,0.0,140.0,2,19,0,0,400.0,310.0,670.0,70.0,140.0,90.0,0.0,90.0,0.0,1,0,0,0,0,0,0,200.0,1160.0,310.0,1850.0,830.0,280.0,586.6666666666666,467.1428571428572,713.5714285714286,574.3333333333334,399.82138869393,422.8122868189351,508.82899204751936,535.2867506634316,0.0,0.0,8
2024-02-20,1826.0,3894.0,80.0,2,20,0,0,2076.0,2788.0,8210.8,1514.0,1886.0,560.0,2814.0,5889.8,3454.0,0,1,0,0,0,0,0,1366.0,2750.0,2788.0,1474.0,1232.0,1062.0,2064.0,2358.6857142857148,2492.971428571429,2399.6800000000003,496.9588427914043,1328.563234942688,2283.963235158352,2342.760067537673,0.0,0.0,0
2024-02-20,324.0,134.0,560.0,2,20,0,0,540.0,694.0,350.0,265.0,1015.0,1874.0,382.0,1116.0,2044.0,0,1,0,0,0,0,0,476.0,230.0,694.0,150.0,374.0,340.0,415.3333333333333,511.2857142857143,530.4285714285714,635.1666666666666,181.76056987670503,395.4562692884515,478.2588483208792,584.8772366495003,0.0,0.0,1
2024-02-20,100.0,25142.8,2746.0,2,20,0,0,2180.0,300.0,240.0,1426.0,2816.0,488.0,31216.7,22996.7,15241.7,0,1,0,0,0,0,0,0.0,513.0,300.0,0.0,282.0,1238.0,897.6666666666666,715.0,557.0,460.2,710.6590837619212,464.8400837366284,869.1169960145473,547.3829663733121,0.0,0.0,2
2024-02-20,0.0,0.0,0.0,2,20,0,0,0.0,0.0,0.0,0.0,0.0,0.0,0.0,0.0,0.0,0,1,0,0,0,0,0,0.0,0.0,0.0,0.0,0.0,0.0,0.0,0.0,0.0,0.0,0.0,0.0,0.0,0.0,0.0,0.0,3
2024-02-20,31296.0,4107.0,420.0,2,20,0,0,29224.0,30140.0,27156.0,2404.0,5992.0,1140.0,4076.0,7354.0,8410.0,0,1,0,0,0,0,0,23216.0,22138.0,30140.0,35640.0,27422.0,27286.0,24859.33333333333,27199.714285714286,29152.785714285717,28306.7,3803.3969778907353,3561.5252365165634,26889.205140023856,27964.550851398388,0.0,0.0,4
2024-02-20,0.0,2358.0,154.0,2,20,0,0,0.0,254.0,200.0,890.0,558.0,1096.0,1154.0,230.0,1272.0,0,1,0,0,0,0,0,0.0,960.0,254.0,0.0,76.0,200.0,320.0,324.0,186.7142857142857,218.46666666666667,371.1118429799837,306.281674880846,250.80461357917983,224.5869750246252,0.0,0.0,5
2024-02-20,0.0,0.0,26900.0,2,20,0,0,0.0,0.0,0.0,0.0,0.0,0.0,12300.0,28000.0,5200.0,0,1,0,0,0,0,0,0.0,0.0,0.0,8000.0,0.0,0.0,0.0,0.0,571.4285714285714,266.6666666666667,0.0,1460.5934866804432,47.54755898018056,269.5950530638803,0.0,0.0,7
2024-02-20,430.0,0.0,0.0,2,20,0,0,630.0,350.0,120.0,140.0,0.0,650.0,0.0,0.0,0.0,0,1,0,0,0,0,0,400.0,200.0,350.0,1200.0,210.0,1210.0,410.0,512.8571428571429,626.4285714285714,573.0,397.14457005454494,422.5631966610601,539.1217440356395,541.3972828786941,0.0,0.0,8
2024-02-21,2060.0,2820.0,584.0,2,21,0,0,1826.0,2528.0,1492.0,80.0,1694.0,560.0,3894.0,5656.0,4199.0,0,0,1,0,0,0,0,2076.0,1366.0,2528.0,2194.0,1390.0,1148.0,1756.0,2221.257142857143,2518.1142857142863,2186.853333333333,491.4342236662769,751.7442979306628,2169.472426368764,2309.4207083416945,0.0,0.0,0
2024-02-21,899.5,904.0,322.0,2,21,0,0,324.0,620.0,1036.0,560.0,1113.0,310.0,134.0,1061.0,631.0,0,0,1,0,0,0,0,540.0,476.0,620.0,1215.0,654.0,1390.0,446.6666666666667,458.4285714285714,542.8571428571429,634.3,173.37613940299107,396.1306950820738,439.69413624065936,568.0464471882423,0.0,0.0,1
2024-02-21,908.0,27613.8,1877.0,2,21,0,0,100.0,580.0,40.0,2746.0,680.0,1814.0,25142.8,21423.6,12641.7,0,0,1,0,0,0,0,2180.0,0.0,580.0,604.0,688.0,374.0,760.0,686.4285714285714,564.1428571428571,455.53333333333336,733.7692319212396,467.8201638954079,676.8377470109106,518.5195491879372,0.0,0.0,2
2024-02-21,0.0,0.0,0.0,2,21,0,0,0.0,0.0,0.0,0.0,0.0,0.0,0.0,0.0,0.0,0,0,1,0,0,0,0,0.0,0.0,0.0,0.0,0.0,0.0,0.0,0.0,0.0,0.0,0.0,0.0,0.0,0.0,0.0,0.0,3
2024-02-21,32451.0,7970.0,1069.0,2,21,0,0,31296.0,30586.0,27802.0,420.0,1470.0,4564.0,4107.0,34930.0,11824.0,0,0,1,0,0,0,0,29224.0,23216.0,30586.0,34772.0,29510.0,28614.0,27912.0,27364.85714285714,28842.5,28444.7,3973.6285444821856,3595.446748415165,27990.90385501789,28179.48305453398,0.0,0.0,4
2024-02-21,0.0,488.0,1170.0,2,21,0,0,0.0,0.0,340.0,154.0,586.0,582.0,2358.0,734.0,959.0,0,0,1,0,0,0,0,0.0,0.0,0.0,0.0,0.0,194.0,0.0,287.7142857142857,186.7142857142857,211.8,390.982401260259,308.8632550900604,188.1034601843849,210.097492764972,0.0,0.0,5
2024-02-21,32.0,330.0,0.0,2,21,0,0,0.0,44.0,24.0,0.0,76.0,36.0,434.0,50.0,230.0,0,0,1,0,0,0,0,0.0,106.0,44.0,100.0,0.0,0.0,35.333333333333336,26.571428571428573,33.142857142857146,36.13333333333333,39.84493754065935,44.13438204122634,26.427865895536343,38.00172454051701,0.0,0.0,6
2024-02-21,0.0,82260.0,0.0,2,21,0,0,0.0,0.0,0.0,26900.0,4800.0,9040.0,0.0,52000.0,0.0,0,0,1,0,0,0,0,0.0,0.0,0.0,0.0,0.0,0.0,0.0,0.0,0.0,266.6666666666667,0.0,1460.5934866804432,35.660669235135416,252.20182383395252,0.0,0.0,7
2024-02-21,370.0,0.0,140.0,2,21,0,0,430.0,850.0,280.0,0.0,0.0,0.0,0.0,0.0,0.0,0,0,1,0,0,0,0,630.0,400.0,850.0,610.0,200.0,290.0,486.6666666666667,524.2857142857143,571.4285714285714,583.3333333333334,392.8043254538294,414.823047719796,511.8413080267296,534.2103614026494,0.0,0.0,8
2024-02-22,3184.0,3876.0,3398.0,2,22,0,0,2060.0,2432.0,1062.0,584.0,2900.0,864.0,2820.0,5850.5,7168.0,0,0,0,1,0,0,0,1826.0,2076.0,2432.0,1868.0,1426.0,914.0,1987.3333333333333,2154.4,2508.542857142857,2205.786666666667,474.28351577229984,740.7121846613217,2142.104319776573,2293.329049739005,0.0,0.0,0
2024-02-22,260.0,162.0,2334.0,2,22,0,0,899.5,699.0,340.0,322.0,1177.0,524.0,904.0,330.0,662.0,0,0,0,1,0,0,0,324.0,540.0,699.0,814.0,982.0,1001.0,587.8333333333334,498.3571428571428,520.3214285714286,629.75,237.21802810314108,392.1212591744444,554.6456021804945,589.430547369646,0.0,0.0,1
2024-02-22,690.0,32251.7,2198.0,2,22,0,0,908.0,450.0,1238.0,1877.0,3932.0,1780.0,27613.8,31303.2,23757.6,0,0,0,1,0,0,0,100.0,2180.0,450.0,164.0,448.0,0.0,1062.6666666666667,733.2857142857143,585.8571428571429,484.4666666666666,736.3085209986627,468.0760130822646,734.6283102581829,543.6473202080703,0.0,0.0,2
2024-02-22,0.0,0.0,0.0,2,22,0,0,0.0,0.0,0.0,0.0,0.0,0.0,0.0,0.0,0.0,0,0,0,1,0,0,0,0.0,0.0,0.0,0.0,0.0,0.0,0.0,0.0,0.0,0.0,0.0,0.0,0.0,0.0,0.0,0.0,3
2024-02-22,32594.0,2805.0,2204.0,2,22,0,0,32451.0,30776.0,27286.0,1069.0,2295.0,7464.0,7970.0,17060.0,6226.0,0,0,0,1,0,0,0,31296.0,29224.0,30776.0,34181.0,30342.0,28806.0,30990.33333333333,27631.285714285717,28676.714285714286,28599.666666666668,4276.574591667383,3666.280736220447,29105.927891263414,28455.064792951143,0.0,0.0,4
2024-02-22,0.0,1762.0,80.0,2,22,0,0,0.0,626.0,200.0,1170.0,1610.0,356.0,488.0,730.0,1484.0,0,0,0,1,0,0,0,0.0,0.0,626.0,64.0,280.0,728.0,0.0,287.7142857142857,186.7142857142857,200.46666666666667,390.982401260259,310.23180802851897,141.07759513828867,196.5428158123932,0.0,0.0,5
2024-02-22,12.0,170.0,0.0,2,22,0,0,32.0,0.0,0.0,0.0,182.0,64.0,330.0,42.0,220.0,0,0,0,1,0,0,0,0.0,0.0,0.0,0.0,50.0,0.0,10.666666666666666,24.857142857142858,28.285714285714285,36.4,39.22341380446362,44.082680937310194,27.820899421652257,37.61451650564494,0.0,0.0,6
2024-02-22,0.0,37390.0,0.0,2,22,0,0,0.0,0.0,0.0,0.0,4800.0,0.0,82260.0,22400.0,10000.0,0,0,0,1,0,0,0,0.0,0.0,0.0,0.0,0.0,0.0,0.0,0.0,0.0,266.6666666666667,0.0,1460.5934866804432,26.74550192635156,235.93073842531047,0.0,0.0,7
2024-02-22,280.0,0.0,210.0,2,22,0,0,370.0,0.0,1210.0,140.0,610.0,320.0,0.0,110.0,0.0,0,0,0,1,0,0,0,430.0,630.0,0.0,650.0,480.0,470.0,476.6666666666667,455.7142857142857,554.2857142857143,586.3333333333334,367.55304119982185,412.8745600044286,476.3809810200472,523.6161445379623,0.0,0.0,8
2024-02-23,834.0,7380.0,1757.5,2,23,1,0,3184.0,2570.8,1148.0,3398.0,178.5,1212.0,3876.0,4071.0,3490.0,0,0,0,0,1,0,0,2060.0,1826.0,2570.8,3392.0,2318.0,2466.0,2356.6666666666665,2261.828571428571,2602.542857142857,2276.52,612.6305621777989,728.9467822209971,2402.57823983243,2350.7916916913277,0.0,0.0,0
2024-02-23,1083.5,1146.0,958.0,2,23,1,0,260.0,320.0,1390.0,2334.0,60.0,1632.0,162.0,134.0,704.0,0,0,0,0,1,0,0,899.5,324.0,320.0,642.0,974.0,74.0,494.5,435.6428571428572,480.75,627.0833333333334,233.33072277451123,394.42494332830967,480.9842016353709,568.1769636683786,0.0,0.0,1
2024-02-23,600.0,21702.8,6234.0,2,23,1,0,690.0,982.0,374.0,2198.0,2060.0,2054.0,32251.7,18158.2,15834.5,0,0,0,0,1,0,0,908.0,100.0,982.0,518.0,100.0,1000.0,566.0,767.5714285714286,623.4285714285714,466.2,726.4406048542113,447.91396957220576,723.4712326936371,553.0894285817432,0.0,0.0,2
2024-02-23,0.0,0.0,0.0,2,23,1,0,0.0,0.0,0.0,0.0,0.0,0.0,0.0,0.0,0.0,0,0,0,0,1,0,0,0.0,0.0,0.0,0.0,0.0,0.0,0.0,0.0,0.0,0.0,0.0,0.0,0.0,0.0,0.0,0.0,3
2024-02-23,32146.0,16964.0,1796.0,2,23,1,0,32594.0,24318.0,28614.0,2204.0,1650.0,3368.0,2805.0,17090.0,2962.0,0,0,0,0,1,0,0,32451.0,31296.0,24318.0,23562.0,29336.0,27972.0,32113.666666666668,27891.0,28563.35714285714,28776.6,4546.091471436366,3728.2548159176727,29977.945918447564,28722.092870825265,0.0,0.0,4
2024-02-23,474.0,1456.0,660.0,2,23,1,0,0.0,428.0,194.0,80.0,798.0,900.0,1762.0,306.0,120.0,0,0,0,0,1,0,0,0.0,0.0,428.0,0.0,0.0,200.0,0.0,198.28571428571428,182.14285714285717,193.8,371.8340643735745,312.38365006444616,105.80819635371653,183.8626341470775,0.0,0.0,5
2024-02-23,0.0,250.0,0.0,2,23,1,0,12.0,0.0,0.0,0.0,394.0,0.0,170.0,68.0,44.0,0,0,0,0,1,0,0,32.0,0.0,0.0,12.0,68.0,0.0,14.666666666666666,26.571428571428573,29.142857142857142,36.8,38.20496103412545,43.79450445763323,23.865674566239196,35.96196705366785,0.0,0.0,6
2024-02-23,0.0,64390.0,0.0,2,23,1,0,0.0,0.0,0.0,0.0,7400.0,15000.0,37390.0,0.0,24000.0,0,0,0,0,1,0,0,0.0,0.0,0.0,0.0,0.0,0.0,0.0,0.0,0.0,266.6666666666667,0.0,1460.5934866804432,20.05912644476367,220.70940046238724,0.0,0.0,7
2024-02-23,0.0,0.0,180.0,2,23,1,0,280.0,1160.0,290.0,210.0,0.0,70.0,0.0,0.0,0.0,0,0,0,0,1,0,0,370.0,430.0,1160.0,690.0,70.0,390.0,360.0,495.7142857142857,527.8571428571429,555.3333333333334,322.12094741246585,399.1174171139091,427.2857357650354,507.89897392261,0.0,0.0,8
2024-02-24,4318.0,3912.0,1220.0,2,24,1,0,834.0,2750.0,914.0,1757.5,2108.0,2202.0,7380.0,6324.0,7116.0,0,0,0,0,0,1,0,3184.0,2060.0,2750.0,2734.8,3036.0,2586.8,2026.0,2013.7142857142856,2419.828571428572,2266.0533333333337,792.0651728836699,747.7220337906948,2010.4336798743225,2252.934163195113,0.0,0.0,0
2024-02-24,668.0,1006.0,540.0,2,24,1,0,1083.5,230.0,1001.0,958.0,1196.0,460.0,1146.0,10556.0,621.0,0,0,0,0,0,1,0,260.0,899.5,230.0,809.0,240.0,232.0,747.6666666666666,544.7142857142857,512.2857142857143,616.8666666666667,329.0716559685818,377.59232562092166,631.6131512265281,601.4236111736444,0.0,0.0,1
2024-02-24,400.0,26279.6,2574.0,2,24,1,0,600.0,513.0,0.0,6234.0,4004.0,1736.0,21702.8,15382.5,21622.0,0,0,0,0,0,1,0,690.0,908.0,513.0,300.0,602.0,194.0,732.6666666666666,713.0,629.2857142857143,473.73333333333335,721.982225081292,448.2102287938129,692.6034245202279,556.1159170603404,0.0,0.0,2
2024-02-24,0.0,0.0,0.0,2,24,1,0,0.0,0.0,0.0,0.0,0.0,0.0,0.0,0.0,0.0,0,0,0,0,0,1,0,0.0,0.0,0.0,0.0,0.0,0.0,0.0,0.0,0.0,0.0,0.0,0.0,0.0,0.0,0.0,0.0,3
2024-02-24,30656.0,11342.0,3344.0,2,24,1,0,32146.0,22138.0,28806.0,1796.0,4920.0,2708.0,16964.0,43332.0,5848.0,0,0,0,0,0,1,0,32594.0,32451.0,22138.0,28432.0,21282.0,32036.0,32397.0,29009.285714285717,29176.5,28894.33333333333,4483.0503274104585,3778.3741197114496,30519.95943883567,28942.99010496557,0.0,0.0,4
2024-02-24,1210.0,642.0,1278.0,2,24,1,0,474.0,960.0,728.0,660.0,1242.0,410.0,1456.0,360.0,300.0,0,0,0,0,0,1,0,0.0,0.0,960.0,0.0,280.0,220.0,158.0,204.8571428571429,216.0,203.13333333333333,376.9418295402395,316.54500506229,197.85614726528735,202.5811738795241,0.0,0.0,5
2024-02-24,50.0,186.0,132.0,2,24,1,0,0.0,36.0,0.0,0.0,0.0,0.0,250.0,42.0,12.0,0,0,0,0,0,1,0,12.0,32.0,36.0,12.0,160.0,0.0,14.666666666666666,26.571428571428573,28.285714285714285,36.8,38.20496103412545,43.79450445763323,17.899255924679395,33.641840146979604,0.0,0.0,6
2024-02-24,0.0,57800.0,51000.0,2,24,1,0,0.0,0.0,0.0,0.0,10800.0,0.0,64390.0,20000.0,12800.0,0,0,0,0,0,1,0,0.0,0.0,0.0,0.0,0.0,0.0,0.0,0.0,0.0,266.6666666666667,0.0,1460.5934866804432,15.044344833572753,206.47008430352355,0.0,0.0,7
2024-02-24,800.0,90.0,140.0,2,24,1,0,0.0,200.0,470.0,180.0,600.0,370.0,0.0,0.0,0.0,0,0,0,0,0,1,0,280.0,370.0,200.0,700.0,460.0,1050.0,216.66666666666663,330.0,478.57142857142856,545.6666666666666,197.82146833277017,409.15120999903945,320.4643018237765,475.13129818566745,0.0,0.0,8
2024-02-25,1754.0,6188.0,1724.0,2,25,0,0,4318.0,1366.0,2466.0,1220.0,544.0,2912.0,3912.0,5958.0,6548.0,0,0,0,0,0,0,1,834.0,3184.0,1366.0,3592.0,3078.0,1639.6,2778.6666666666665,2237.714285714286,2532.914285714286,2379.52,1167.660583429636,792.4156721804802,2587.325259905742,2386.164217182525,0.0,0.0,0
2024-02-25,580.0,1252.0,352.0,2,25,0,0,668.0,476.0,74.0,540.0,428.0,380.0,1006.0,1504.0,1038.0,0,0,0,0,0,0,1,1083.5,260.0,476.0,175.0,774.0,560.0,670.5,607.2857142857143,502.2142857142857,605.7666666666667,299.57662586040453,370.7430966021632,640.709863419896,605.7188620656674,0.0,0.0,1
2024-02-25,540.0,26530.6,3956.0,2,25,0,0,400.0,0.0,1000.0,2574.0,3346.5,3475.0,26279.6,19185.0,21317.2,0,0,0,0,0,0,1,600.0,690.0,0.0,200.0,282.0,0.0,563.3333333333334,696.8571428571429,636.4285714285714,487.06666666666666,728.4338058628317,439.4965719793603,619.4525683901709,546.0439224112862,0.0,0.0,2
2024-02-25,0.0,0.0,0.0,2,25,0,0,0.0,0.0,0.0,0.0,0.0,0.0,0.0,0.0,0.0,0,0,0,0,0,0,1,0.0,0.0,0.0,0.0,0.0,0.0,0.0,0.0,0.0,0.0,0.0,0.0,0.0,0.0,0.0,0.0,3
2024-02-25,26406.0,6756.0,2282.0,2,25,0,0,30656.0,23216.0,27972.0,3344.0,1240.0,1850.0,11342.0,5393.0,16188.0,0,0,0,0,0,0,1,32146.0,32594.0,23216.0,31318.0,23032.0,26772.0,31798.666666666668,30226.14285714286,29335.35714285714,28956.0,3309.540573784157,3791.955195792281,30553.96957912675,29053.50687238715,0.0,0.0,4
2024-02-25,0.0,80.0,1182.0,2,25,0,0,1210.0,0.0,200.0,1278.0,150.0,1824.0,642.0,412.0,235.0,0,0,0,0,0,0,1,474.0,0.0,0.0,282.0,0.0,1222.0,561.3333333333334,240.57142857142856,302.42857142857144,219.2,462.53895588835087,354.10756207294065,450.8921104489655,267.57593685503866,0.0,0.0,5
2024-02-25,50.0,100.0,0.0,2,25,0,0,50.0,106.0,0.0,132.0,24.0,0.0,186.0,402.0,106.0,0,0,0,0,0,0,1,0.0,12.0,106.0,50.0,0.0,54.0,20.666666666666668,28.571428571428573,31.0,38.46666666666667,39.13590483966155,43.29428833343785,25.924441943509542,34.697205298787374,0.0,0.0,6
2024-02-25,0.0,49200.0,42000.0,2,25,0,0,0.0,0.0,0.0,51000.0,47560.0,8640.0,57800.0,0.0,32800.0,0,0,0,0,0,0,1,0.0,0.0,0.0,0.0,0.0,0.0,0.0,0.0,0.0,266.6666666666667,0.0,1460.5934866804432,11.283258625179563,193.14943370329624,0.0,0.0,7
2024-02-25,110.0,0.0,500.0,2,25,0,0,800.0,400.0,390.0,140.0,70.0,0.0,90.0,0.0,0.0,0,0,0,0,0,0,1,0.0,280.0,400.0,1020.0,170.0,340.0,360.0,415.7142857142857,485.7142857142857,556.6666666666666,254.09034763623865,411.47617631906814,440.3482263678324,496.0905692704631,0.0,0.0,8
2024-02-26,3608.0,6684.0,728.0,2,26,0,0,1754.0,2076.0,2586.8,1724.0,1514.0,2686.0,6188.0,2814.0,4300.0,1,0,0,0,0,0,0,4318.0,834.0,2076.0,3136.0,3010.0,2079.6,2302.0,2293.1428571428573,2401.628571428572,2355.786666666667,1127.916579151051,800.3588349257345,2378.9939449293065,2345.379428977201,0.0,0.0,0
2024-02-26,724.0,194.0,576.0,2,26,0,0,580.0,540.0,232.0,352.0,265.0,2231.0,1252.0,382.0,1140.0,1,0,0,0,0,0,0,668.0,1083.5,540.0,42.0,1534.0,1114.0,777.1666666666666,622.1428571428571,531.1428571428571,622.6333333333333,294.51665406867846,356.9708027598175,625.532397564922,604.059580642076,0.0,0.0,1
2024-02-26,542.0,22042.2,3304.0,2,26,0,0,540.0,2180.0,194.0,3956.0,1426.0,1844.0,26530.6,31216.7,22843.6,1,0,0,0,0,0,0,400.0,600.0,2180.0,1007.0,480.0,40.0,513.3333333333334,774.0,660.7142857142857,471.73333333333335,668.4599215111305,428.8801724244785,599.5894262926281,545.6539919331387,0.0,0.0,2
2024-02-26,0.0,0.0,0.0,2,26,0,0,0.0,0.0,0.0,0.0,0.0,0.0,0.0,0.0,0.0,1,0,0,0,0,0,0,0.0,0.0,0.0,0.0,0.0,0.0,0.0,0.0,0.0,0.0,0.0,0.0,0.0,0.0,0.0,0.0,3
2024-02-26,27096.0,7332.0,1440.0,2,26,0,0,26406.0,29224.0,32036.0,2282.0,2404.0,9090.0,6756.0,4076.0,4788.0,1,0,0,0,0,0,0,30656.0,32146.0,29224.0,29836.0,27204.0,26490.0,29736.0,30681.85714285714,28984.5,28903.8,2225.4592356463336,3816.666268734545,29516.977184345065,28882.699977394437,0.0,0.0,4
2024-02-26,0.0,37870.0,1078.0,2,26,0,0,0.0,0.0,220.0,1182.0,890.0,922.0,80.0,1154.0,326.0,1,0,0,0,0,0,0,1210.0,474.0,0.0,0.0,0.0,0.0,561.3333333333334,240.57142857142856,282.2857142857143,212.53333333333333,462.53895588835087,356.35702102916645,338.16908283672416,250.31297318697167,0.0,0.0,5
2024-02-26,114.0,44.0,32.0,2,26,0,0,50.0,0.0,0.0,0.0,64.0,0.0,100.0,236.0,418.0,1,0,0,0,0,0,0,50.0,0.0,0.0,36.0,58.0,132.0,33.333333333333336,20.571428571428573,31.0,40.13333333333333,23.114621223063786,42.721014237389845,31.94333145763216,35.68448237628497,0.0,0.0,6
2024-02-26,0.0,0.0,50440.0,2,26,0,0,0.0,0.0,0.0,42000.0,0.0,63320.0,49200.0,12300.0,0.0,1,0,0,0,0,0,0,0.0,0.0,0.0,0.0,0.0,0.0,0.0,0.0,0.0,266.6666666666667,0.0,1460.5934866804432,8.462443968884674,180.6881799159868,0.0,0.0,7
2024-02-26,830.0,0.0,80.0,2,26,0,0,110.0,630.0,1050.0,500.0,140.0,160.0,0.0,0.0,380.0,1,0,0,0,0,0,0,800.0,0.0,630.0,310.0,1850.0,830.0,303.3333333333333,374.2857142857143,420.7142857142857,547.3333333333334,279.4552524023085,418.502530238578,357.76116977587424,471.181500285272,0.0,0.0,8
2024-02-27,3282.8,4570.0,3801.8,2,27,0,0,3608.0,1826.0,1639.6,728.0,80.0,2600.0,6684.0,3894.0,6378.0,0,1,0,0,0,0,0,1754.0,4318.0,1826.0,2788.0,1474.0,1232.0,3226.6666666666665,2512.0,2435.342857142857,2389.826666666667,1223.3549498544296,831.6282968321575,2686.24545869698,2426.838820656092,0.0,0.0,0
2024-02-27,764.0,1165.0,758.0,2,27,0,0,724.0,324.0,560.0,576.0,560.0,532.0,194.0,134.0,1598.0,0,1,0,0,0,0,0,580.0,668.0,324.0,694.0,150.0,374.0,657.3333333333334,648.4285714285714,579.8571428571429,639.0333333333333,294.1743287819076,349.63175044543686,650.1492981736915,611.797672213555,0.0,0.0,1
2024-02-27,315.0,23828.2,9043.5,2,27,0,0,542.0,100.0,0.0,3304.0,2746.0,4578.0,22042.2,25142.8,28219.1,0,1,0,0,0,0,0,540.0,400.0,100.0,300.0,0.0,282.0,494.0,540.0,627.5,483.3333333333333,249.90931688647908,425.804417894942,585.1920697194711,545.4182505180976,0.0,0.0,2
2024-02-27,0.0,0.0,0.0,2,27,0,0,0.0,0.0,0.0,0.0,0.0,0.0,0.0,0.0,0.0,0,1,0,0,0,0,0,0.0,0.0,0.0,0.0,0.0,0.0,0.0,0.0,0.0,0.0,0.0,0.0,0.0,0.0,0.0,0.0,3
2024-02-27,28752.0,5526.0,2700.0,2,27,0,0,27096.0,31296.0,26772.0,1440.0,420.0,2696.0,7332.0,4107.0,6693.0,0,1,0,0,0,0,0,26406.0,30656.0,31296.0,30140.0,35640.0,27422.0,28052.666666666668,30377.85714285714,28788.785714285717,28739.13333333333,2575.5945869236166,3783.290446463023,28911.7328882588,28767.42901111092,0.0,0.0,4
2024-02-27,0.0,0.0,250.0,2,27,0,0,0.0,0.0,1222.0,1078.0,154.0,510.0,37870.0,2358.0,200.0,0,1,0,0,0,0,0,0.0,1210.0,0.0,254.0,0.0,76.0,403.3333333333333,240.57142857142856,282.2857142857143,205.2,462.53895588835087,358.455537568878,253.62681212754316,234.16374911039287,0.0,0.0,5
2024-02-27,10.0,160.0,0.0,2,27,0,0,114.0,0.0,54.0,32.0,0.0,0.0,44.0,434.0,0.0,0,1,0,0,0,0,0,50.0,50.0,0.0,68.0,0.0,74.0,71.33333333333333,36.85714285714285,36.57142857142857,43.93333333333333,40.11412291379251,44.07668343907589,52.45749859322412,40.73709641652465,0.0,0.0,6
2024-02-27,0.0,0.0,59300.0,2,27,0,0,0.0,0.0,0.0,50440.0,26900.0,79320.0,0.0,0.0,0.0,0,1,0,0,0,0,0,0.0,0.0,0.0,0.0,8000.0,0.0,0.0,0.0,0.0,266.6666666666667,0.0,1460.5934866804432,6.346832976663506,169.03087798592315,0.0,0.0,7
2024-02-27,880.0,0.0,510.0,2,27,0,0,830.0,430.0,340.0,80.0,0.0,160.0,0.0,0.0,0.0,0,1,0,0,0,0,0,110.0,800.0,430.0,350.0,1200.0,210.0,580.0,402.8571428571428,457.8571428571428,540.0,317.5801361186538,411.2554370251639,475.8208773319057,494.3310809120287,0.0,0.0,8
2024-02-28,781.0,3925.0,2582.0,2,28,0,0,3282.8,2060.0,2079.6,3801.8,584.0,2188.0,4570.0,2820.0,6710.0,0,0,1,0,0,0,0,3608.0,1754.0,2060.0,2528.0,2194.0,1390.0,2881.6,2720.1142857142854,2470.6857142857143,2444.6,1211.055995716922,834.6198986199735,2835.384094022734,2482.0621225492478,0.0,0.0,0
2024-02-28,792.0,1008.0,1854.0,2,28,0,0,764.0,899.5,1114.0,758.0,322.0,441.0,1165.0,904.0,2515.0,0,0,1,0,0,0,0,724.0,580.0,899.5,620.0,1215.0,654.0,689.3333333333334,711.2857142857143,584.8571428571429,645.8333333333334,258.0945978291133,350.0252043470026,678.6119736302686,621.6171772320353,0.0,0.0,1
2024-02-28,560.0,29599.4,2282.0,2,28,0,0,315.0,908.0,40.0,9043.5,1877.0,5712.0,23828.2,27613.8,23877.5,0,0,1,0,0,0,0,542.0,540.0,908.0,580.0,604.0,688.0,465.6666666666667,570.7142857142857,628.5714285714286,493.8333333333333,193.71346045617156,417.2731746696047,517.6440522896033,530.5525569362849,0.0,0.0,2
2024-02-28,0.0,0.0,0.0,2,28,0,0,0.0,0.0,0.0,0.0,0.0,0.0,0.0,0.0,0.0,0,0,1,0,0,0,0,0.0,0.0,0.0,0.0,0.0,0.0,0.0,0.0,0.0,0.0,0.0,0.0,0.0,0.0,0.0,0.0,3
2024-02-28,31990.0,5307.0,3450.0,2,28,0,0,28752.0,32451.0,26490.0,2700.0,1069.0,2770.0,5526.0,7970.0,5472.0,0,0,1,0,0,0,0,27096.0,26406.0,32451.0,30586.0,34772.0,29510.0,27418.0,30014.42857142857,28689.64285714286,28805.13333333333,2603.7789113224226,3765.016753484972,28871.7996661941,28766.43359103925,0.0,0.0,4
2024-02-28,70.0,484.0,234.0,2,28,0,0,0.0,0.0,0.0,250.0,1170.0,1896.0,0.0,488.0,40.0,0,0,1,0,0,0,0,0.0,0.0,0.0,0.0,0.0,0.0,0.0,240.57142857142856,264.1428571428572,164.46666666666667,462.53895588835087,304.26108721853086,190.2201090956573,219.05641045810947,0.0,0.0,5
2024-02-28,12.0,148.0,32.0,2,28,0,0,10.0,32.0,132.0,0.0,0.0,50.0,160.0,330.0,56.0,0,0,1,0,0,0,0,114.0,50.0,32.0,44.0,100.0,0.0,58.0,38.285714285714285,32.42857142857143,42.46666666666667,38.73720987076153,44.46054689143015,41.84312394491809,38.7540579380392,0.0,0.0,6
2024-02-28,0.0,138400.0,0.0,2,28,0,0,0.0,0.0,0.0,59300.0,0.0,53200.0,0.0,82260.0,6800.0,0,0,1,0,0,0,0,0.0,0.0,0.0,0.0,0.0,0.0,0.0,0.0,0.0,266.6666666666667,0.0,1460.5934866804432,4.760124732497629,158.12566005134747,0.0,0.0,7
2024-02-28,1150.0,0.0,210.0,2,28,0,0,880.0,370.0,830.0,510.0,140.0,370.0,0.0,0.0,0.0,0,0,1,0,0,0,0,830.0,110.0,370.0,850.0,610.0,200.0,606.6666666666666,467.1428571428572,495.7142857142857,558.0,365.8649243329328,414.0081625049072,576.8656579989292,519.2129466596398,0.0,0.0,8
2024-02-29,1036.0,6725.0,220.0,2,29,0,0,781.0,3184.0,1232.0,2582.0,3398.0,2206.0,3925.0,3876.0,4523.0,0,0,0,1,0,0,0,3282.8,3608.0,3184.0,2432.0,1868.0,1426.0,2557.266666666667,2537.4,2345.9,2401.313333333333,1407.7559873784946,886.2794915022417,2321.788070517051,2372.3161791589737,0.0,0.0,0
2024-02-29,304.0,485.0,394.0,2,29,0,0,792.0,260.0,374.0,1854.0,2334.0,694.0,1008.0,162.0,928.0,0,0,0,1,0,0,0,764.0,724.0,260.0,699.0,814.0,982.0,760.0,695.9285714285714,597.1428571428571,635.1,248.03098404759697,339.966539935715,706.9589802227015,632.6096174106137,0.0,0.0,1
2024-02-29,624.0,28852.4,5162.0,2,29,0,0,560.0,690.0,282.0,2282.0,2198.0,4116.0,29599.4,32251.7,18295.7,0,0,0,1,0,0,0,315.0,542.0,690.0,450.0,164.0,448.0,472.3333333333333,521.0,627.1428571428571,511.1666666666667,125.30097099916382,408.4786816142713,528.2330392172025,532.4523919726537,0.0,0.0,2
2024-02-29,0.0,0.0,0.0,2,29,0,0,0.0,0.0,0.0,0.0,0.0,0.0,0.0,0.0,0.0,0,0,0,1,0,0,0,0.0,0.0,0.0,0.0,0.0,0.0,0.0,0.0,0.0,0.0,0.0,0.0,0.0,0.0,0.0,0.0,3
2024-02-29,30688.0,4134.0,780.0,2,29,0,0,31990.0,32594.0,27422.0,3450.0,2204.0,1590.0,5307.0,2805.0,23996.0,0,0,0,1,0,0,0,28752.0,27096.0,32594.0,30776.0,34181.0,30342.0,29279.33333333333,29948.571428571428,28789.92857142857,28988.466666666667,2536.8494146048,3782.265255685717,29651.34974964557,28974.405617423818,0.0,0.0,4
2024-02-29,172.0,280.0,348.6,2,29,0,0,70.0,0.0,76.0,234.0,80.0,1744.0,484.0,1762.0,972.0,0,0,0,1,0,0,0,0.0,0.0,0.0,626.0,64.0,280.0,23.33333333333333,250.57142857142856,269.1428571428572,166.8,457.1968420505029,303.2229633738869,160.165081821743,209.43986784790889,0.0,0.0,5
2024-02-29,0.0,214.0,64.0,2,29,0,0,12.0,12.0,74.0,32.0,0.0,0.0,148.0,170.0,126.0,0,0,0,1,0,0,0,10.0,114.0,12.0,0.0,0.0,50.0,45.333333333333336,35.42857142857143,30.142857142857142,38.46666666666667,39.99523781175758,41.42191102114532,34.38234295868857,37.02798968397215,0.0,0.0,6
2024-02-29,0.0,43540.0,13960.0,2,29,0,0,0.0,0.0,0.0,0.0,0.0,26396.0,138400.0,37390.0,31400.0,0,0,0,1,0,0,0,0.0,0.0,0.0,0.0,0.0,0.0,0.0,0.0,0.0,266.6666666666667,0.0,1460.5934866804432,3.570093549373221,147.92400456416377,0.0,0.0,7
2024-02-29,720.0,0.0,850.0,2,29,0,0,1150.0,280.0,210.0,210.0,210.0,180.0,0.0,0.0,0.0,0,0,0,1,0,0,0,880.0,830.0,280.0,0.0,650.0,480.0,953.3333333333334,578.5714285714286,517.1428571428571,568.6666666666666,442.1699737818993,425.2279983429037,720.1492434991969,559.9088855848244,0.0,0.0,8
2024-03-01,2372.0,6476.0,1767.0,3,1,1,0,1036.0,834.0,1390.0,220.0,1757.5,1710.0,6725.0,7380.0,3990.0,0,0,0,0,1,0,0,781.0,3282.8,834.0,2570.8,3392.0,2318.0,1699.9333333333334,2230.542857142857,2246.1857142857143,2394.78,1475.7846939364642,895.8670442456951,2000.341052887788,2286.10223211646,0.0,0.0,0
2024-03-01,438.0,967.0,330.0,3,1,1,0,304.0,1083.5,654.0,394.0,958.0,740.0,485.0,1146.0,1412.0,0,0,0,0,1,0,0,792.0,764.0,1083.5,320.0,642.0,974.0,620.0,702.2142857142857,568.9285714285714,632.7666666666667,235.37697726959556,342.054183380084,606.2192351670261,611.4089969325097,0.0,0.0,1
2024-03-01,154.0,29172.2,3426.0,3,1,1,0,624.0,600.0,688.0,5162.0,6234.0,2575.0,28852.4,21702.8,25490.4,0,0,0,0,1,0,0,560.0,315.0,600.0,982.0,518.0,100.0,499.6666666666667,511.57142857142856,639.5714285714286,522.5666666666667,112.27029459130767,406.6306197515629,552.1747794129019,538.3586892647406,0.0,0.0,2
2024-03-01,0.0,0.0,0.0,3,1,1,0,0.0,0.0,0.0,0.0,0.0,0.0,0.0,0.0,0.0,0,0,0,0,1,0,0,0.0,0.0,0.0,0.0,0.0,0.0,0.0,0.0,0.0,0.0,0.0,0.0,0.0,0.0,0.0,0.0,3
2024-03-01,30976.0,20770.0,1830.0,3,1,1,0,30688.0,32146.0,29510.0,780.0,1796.0,3430.0,4134.0,16964.0,5898.0,0,0,0,0,1,0,0,31990.0,28752.0,32146.0,24318.0,23562.0,29336.0,30476.666666666668,29676.285714285717,28783.64285714286,29097.33333333333,2296.48700658818,3782.625527997319,29910.512312234183,29084.96009371905,0.0,0.0,4
2024-03-01,1316.0,55200.0,128.0,3,1,1,0,172.0,474.0,0.0,348.6,660.0,806.0,280.0,1456.0,330.0,0,0,0,0,1,0,0,70.0,0.0,474.0,428.0,0.0,0.0,80.66666666666667,275.1428571428572,236.7142857142857,170.0,445.96989007907575,302.7378517736953,163.12381136630725,207.0243925028825,0.0,0.0,5
2024-03-01,184.0,106.0,206.0,3,1,1,0,0.0,0.0,0.0,64.0,0.0,96.0,214.0,250.0,312.0,0,0,0,0,1,0,0,12.0,10.0,0.0,0.0,12.0,68.0,7.333333333333333,33.714285714285715,30.142857142857142,36.0,41.39933286787068,41.43628261851419,25.786757219016422,34.63908712371589,0.0,0.0,6
2024-03-01,0.0,110500.0,5600.0,3,1,1,0,0.0,0.0,0.0,13960.0,0.0,9000.0,43540.0,64390.0,36170.0,0,0,0,0,1,0,0,0.0,0.0,0.0,0.0,0.0,0.0,0.0,0.0,0.0,266.6666666666667,0.0,1460.5934866804432,2.677570162029916,138.38052039873386,0.0,0.0,7
2024-03-01,80.0,70.0,250.0,3,1,1,0,720.0,0.0,200.0,850.0,180.0,220.0,0.0,0.0,0.0,0,0,0,0,1,0,0,1150.0,880.0,0.0,1160.0,690.0,70.0,916.6666666666666,641.4285714285714,568.5714285714286,585.6666666666666,423.5338857529018,420.5635245250347,720.1119326243977,570.2373445793519,0.0,0.0,8
2024-03-02,1944.0,9657.0,3482.0,3,2,1,0,2372.0,4318.0,1426.0,1767.0,1220.0,682.0,6476.0,3912.0,5762.0,0,0,0,0,0,1,0,1036.0,781.0,4318.0,2750.0,2734.8,3036.0,1396.3333333333333,2450.2571428571428,2231.985714285714,2427.513333333334,1341.603541608751,875.5992433690808,2093.255789665841,2291.644023592817,0.0,0.0,0
2024-03-02,1129.0,412.0,1274.0,3,2,1,0,438.0,668.0,982.0,330.0,540.0,372.0,967.0,1006.0,2675.0,0,0,0,0,0,1,0,304.0,792.0,668.0,230.0,809.0,240.0,511.3333333333333,610.0,577.3571428571429,625.5666666666667,181.34681322445863,343.860379979346,564.1644263752696,600.2213197110575,0.0,0.0,1
2024-03-02,324.0,23477.9,2176.0,3,2,1,0,154.0,400.0,448.0,3426.0,2574.0,5635.0,29172.2,26279.6,26214.7,0,0,0,0,0,1,0,624.0,560.0,400.0,513.0,300.0,602.0,446.0,447.8571428571428,580.4285714285714,504.76666666666665,166.9575081384766,410.80548995201184,452.6310845596764,513.5613544734671,0.0,0.0,2
2024-03-02,0.0,0.0,0.0,3,2,1,0,0.0,0.0,0.0,0.0,0.0,0.0,0.0,0.0,0.0,0,0,0,0,0,1,0,0.0,0.0,0.0,0.0,0.0,0.0,0.0,0.0,0.0,0.0,0.0,0.0,0.0,0.0,0.0,0.0,3
2024-03-02,30478.0,8896.0,14564.0,3,2,1,0,30976.0,30656.0,30342.0,1830.0,3344.0,1070.0,20770.0,11342.0,3790.0,0,0,0,0,0,1,0,30688.0,31990.0,30656.0,22138.0,28432.0,21282.0,31218.0,29509.14285714286,29259.214285714286,29146.2,2122.786174549125,3797.580340345525,30176.88423417564,29206.96266831783,0.0,0.0,4
2024-03-02,0.0,454.0,982.0,3,2,1,0,1316.0,1210.0,280.0,128.0,1278.0,568.0,55200.0,642.0,790.0,0,0,0,0,0,1,0,172.0,70.0,1210.0,960.0,0.0,280.0,519.3333333333334,395.4285714285714,300.1428571428572,213.86666666666667,596.6425108172277,365.99149541026753,451.3428585247305,278.5712058897933,0.0,0.0,5
2024-03-02,64.0,38.0,254.0,3,2,1,0,184.0,50.0,50.0,206.0,132.0,0.0,106.0,186.0,48.0,0,0,0,0,0,1,0,0.0,12.0,50.0,36.0,12.0,160.0,65.33333333333333,60.0,43.285714285714285,42.13333333333333,66.95271963607351,48.874034664306336,65.34006791426232,44.27527505121809,0.0,0.0,6
2024-03-02,0.0,46000.0,0.0,3,2,1,0,0.0,0.0,0.0,5600.0,51000.0,15900.0,110500.0,57800.0,0.0,0,0,0,0,0,1,0,0.0,0.0,0.0,0.0,0.0,0.0,0.0,0.0,0.0,266.6666666666667,0.0,1460.5934866804432,2.008177621522437,129.45274488913813,0.0,0.0,7
2024-03-02,370.0,0.0,140.0,3,2,1,0,80.0,800.0,480.0,250.0,140.0,180.0,70.0,90.0,0.0,0,0,0,0,0,1,0,720.0,1150.0,800.0,200.0,700.0,460.0,650.0,652.8571428571429,491.4285714285714,581.6666666666666,403.96840989175865,424.9063453266502,560.0839494682982,538.6091288000389,0.0,0.0,8
2024-03-03,7984.0,5489.0,3586.0,3,3,0,0,1944.0,1754.0,2318.0,3482.0,1724.0,1195.0,9657.0,6188.0,3146.0,0,0,0,0,0,0,1,2372.0,1036.0,1754.0,1366.0,3592.0,3078.0,1784.0,2111.1142857142854,2174.4142857142856,2444.78,1061.611051544729,860.1395048839868,2055.941842249381,2269.2153769094098,0.0,0.0,0
2024-03-03,709.0,335.0,574.0,3,3,0,0,1129.0,580.0,974.0,1274.0,352.0,280.0,412.0,1252.0,666.5,0,0,0,0,0,0,1,438.0,304.0,580.0,476.0,175.0,774.0,623.6666666666666,675.8571428571429,641.5714285714286,630.4666666666667,268.62515926561383,350.1053519603269,705.3733197814522,634.3360732780861,0.0,0.0,1
2024-03-03,0.0,23091.4,3688.0,3,3,0,0,324.0,540.0,100.0,2176.0,3956.0,3883.0,23477.9,26530.6,24375.5,0,0,0,0,0,0,1,154.0,624.0,540.0,0.0,200.0,282.0,367.3333333333333,437.0,566.9285714285714,500.6333333333333,172.9518237352046,412.01836947108205,420.47331341975735,501.3315896687273,0.0,0.0,2
2024-03-03,0.0,0.0,0.0,3,3,0,0,0.0,0.0,0.0,0.0,0.0,0.0,0.0,0.0,0.0,0,0,0,0,0,0,1,0.0,0.0,0.0,0.0,0.0,0.0,0.0,0.0,0.0,0.0,0.0,0.0,0.0,0.0,0.0,0.0,3
2024-03-03,29210.0,5001.0,2517.0,3,3,0,0,30478.0,26406.0,29336.0,14564.0,2282.0,1660.0,8896.0,6756.0,25882.0,0,0,0,0,0,0,1,30976.0,30688.0,26406.0,23216.0,31318.0,23032.0,30714.0,29483.714285714286,29854.92857142857,29150.733333333334,2107.7714703990896,3799.137896157826,30252.16317563173,29288.965076813456,0.0,0.0,4
2024-03-03,758.0,0.0,578.0,3,3,0,0,0.0,0.0,0.0,982.0,1182.0,410.0,454.0,80.0,302.0,0,0,0,0,0,0,1,1316.0,172.0,0.0,0.0,282.0,0.0,496.0,222.57142857142856,231.57142857142856,204.53333333333333,486.41095695678894,367.812520959677,338.50714389354783,260.5988700259357,0.0,0.0,5
2024-03-03,72.0,150.0,50.0,3,3,0,0,64.0,50.0,68.0,254.0,0.0,134.0,38.0,100.0,126.0,0,0,0,0,0,0,1,184.0,0.0,50.0,106.0,50.0,0.0,82.66666666666667,62.0,45.285714285714285,42.6,66.81317235396024,49.01836390578536,65.00505093569674,45.5478379511395,0.0,0.0,6
2024-03-03,0.0,0.0,13000.0,3,3,0,0,0.0,0.0,0.0,0.0,42000.0,6400.0,46000.0,49200.0,0.0,0,0,0,0,0,0,1,0.0,0.0,0.0,0.0,0.0,0.0,0.0,0.0,0.0,266.6666666666667,0.0,1460.5934866804432,1.5061332161418275,121.10095489629052,0.0,0.0,7
2024-03-03,800.0,410.0,650.0,3,3,0,0,370.0,110.0,70.0,140.0,500.0,560.0,0.0,0.0,0.0,0,0,0,0,0,0,1,80.0,720.0,110.0,400.0,1020.0,170.0,390.0,591.4285714285714,503.57142857142856,578.0,410.504915578712,426.28628877785866,512.5629621012237,527.731120490359,0.0,0.0,8
2024-03-04,1274.0,6845.2,1164.0,3,4,0,0,7984.0,3608.0,3036.0,3586.0,728.0,1575.0,5489.0,6684.0,6758.0,1,0,0,0,0,0,0,1944.0,2372.0,3608.0,2076.0,3136.0,3010.0,4100.0,3001.1142857142854,2647.128571428572,2633.646666666667,2435.1818600319302,1326.8074929183847,3537.956381687036,2637.9111590442867,0.0,0.0,0
2024-03-04,1910.0,1903.0,1022.0,3,4,0,0,709.0,724.0,240.0,574.0,576.0,1292.0,335.0,194.0,1722.5,1,0,0,0,0,0,0,1129.0,438.0,724.0,540.0,42.0,1534.0,758.6666666666666,694.2857142857143,658.2142857142857,621.6333333333333,265.3580689594816,344.4360942010952,706.2799898360892,639.1531008085323,0.0,0.0,1
2024-03-04,0.0,31297.0,2028.0,3,4,0,0,0.0,542.0,602.0,3688.0,3304.0,1480.0,23091.4,22042.2,22338.0,1,0,0,0,0,0,0,324.0,154.0,542.0,2180.0,1007.0,480.0,159.33333333333334,359.85714285714283,566.9285714285714,497.3,230.28129796072488,415.75889481848674,315.35498506481804,468.98761614171264,0.0,0.0,2
2024-03-04,0.0,0.0,0.0,3,4,0,0,0.0,0.0,0.0,0.0,0.0,0.0,0.0,0.0,0.0,1,0,0,0,0,0,0,0.0,0.0,0.0,0.0,0.0,0.0,0.0,0.0,0.0,0.0,0.0,0.0,0.0,0.0,0.0,0.0,3
2024-03-04,27066.0,5176.0,2150.0,3,4,0,0,29210.0,27096.0,21282.0,2517.0,1440.0,5692.0,5001.0,7332.0,3938.0,1,0,0,0,0,0,0,30478.0,30976.0,27096.0,29224.0,29836.0,27204.0,30221.33333333333,29884.285714285717,30283.071428571428,29146.533333333333,1639.8981385322888,3798.995663405558,29991.6223817238,29283.87055572872,0.0,0.0,4
2024-03-04,0.0,308.0,692.0,3,4,0,0,758.0,0.0,280.0,578.0,1078.0,80.0,0.0,37870.0,280.0,1,0,0,0,0,0,0,0.0,1316.0,0.0,0.0,0.0,0.0,691.3333333333334,330.85714285714283,285.7142857142857,229.8,512.2887950402679,379.13853350221086,443.38035792016086,292.6892655081334,0.0,0.0,5
2024-03-04,12.0,148.0,0.0,3,4,0,0,72.0,114.0,160.0,50.0,32.0,112.0,150.0,44.0,140.0,1,0,0,0,0,0,0,64.0,184.0,114.0,0.0,36.0,58.0,106.66666666666669,65.14285714285714,42.85714285714285,42.73333333333333,66.67190455613859,49.09521595720971,66.75378820177255,47.25442905106598,0.0,0.0,6
2024-03-04,0.0,84500.0,0.0,3,4,0,0,0.0,0.0,0.0,13000.0,50440.0,0.0,0.0,0.0,25900.0,1,0,0,0,0,0,0,0.0,0.0,0.0,0.0,0.0,0.0,0.0,0.0,0.0,266.6666666666667,0.0,1460.5934866804432,1.129599912106371,113.28799006427178,0.0,0.0,7
2024-03-04,540.0,0.0,510.0,3,4,0,0,800.0,830.0,460.0,650.0,80.0,590.0,410.0,0.0,370.0,1,0,0,0,0,0,0,370.0,80.0,830.0,630.0,310.0,1850.0,416.6666666666667,690.0,532.1428571428571,602.3333333333334,354.68295701936364,417.02297409080495,584.4222215759178,545.2968546522713,0.0,0.0,8
2024-03-05,1639.8,5979.0,1768.0,3,5,0,0,1274.0,3282.8,3078.0,1164.0,3801.8,3706.0,6845.2,4570.0,3494.0,0,1,0,0,0,0,0,7984.0,1944.0,3282.8,1826.0,2788.0,1474.0,3734.0,2667.6857142857143,2589.842857142857,2574.9133333333334,2497.2336477447543,1347.2243278204508,2971.967286265277,2549.9168907188487,0.0,0.0,0
2024-03-05,82.0,1476.0,312.0,3,5,0,0,1910.0,764.0,774.0,1022.0,758.0,400.0,1903.0,1165.0,1715.0,0,1,0,0,0,0,0,709.0,1129.0,764.0,324.0,694.0,150.0,1249.3333333333333,863.7142857142857,756.0714285714286,677.3,532.0754063995429,409.44587449128255,1007.2099923770668,721.1432233370141,0.0,0.0,1
2024-03-05,596.0,81993.0,5502.0,3,5,0,0,0.0,315.0,282.0,2028.0,9043.5,634.0,31297.0,23828.2,33101.3,0,1,0,0,0,0,0,0.0,324.0,315.0,100.0,300.0,0.0,108.0,282.42857142857144,411.2142857142857,477.23333333333335,249.1758797468547,424.9573352486212,236.51623879861356,438.7303505841828,0.0,0.0,2
2024-03-05,0.0,0.0,0.0,3,5,0,0,0.0,0.0,0.0,0.0,0.0,0.0,0.0,0.0,0.0,0,1,0,0,0,0,0,0.0,0.0,0.0,0.0,0.0,0.0,0.0,0.0,0.0,0.0,0.0,0.0,0.0,0.0,0.0,0.0,3
2024-03-05,27896.0,3902.0,3660.0,3,5,0,0,27066.0,28752.0,23032.0,2150.0,2700.0,160.0,5176.0,5526.0,34438.0,0,1,0,0,0,0,0,29210.0,30478.0,28752.0,31296.0,30140.0,35640.0,28918.0,29880.0,30128.92857142857,29339.33333333333,1648.4166140066336,3522.8380636906977,29260.216786292847,29140.78213277848,0.0,0.0,4
2024-03-05,1066.0,1800.0,688.0,3,5,0,0,0.0,0.0,0.0,692.0,250.0,1276.8,308.0,0.0,305.2,0,1,0,0,0,0,0,758.0,0.0,0.0,0.0,254.0,0.0,252.66666666666663,330.85714285714283,285.7142857142857,220.46666666666667,512.2887950402679,381.3003823879483,332.53526844012066,273.80608708825383,0.0,0.0,5
2024-03-05,0.0,230.0,134.0,3,5,0,0,12.0,10.0,0.0,0.0,0.0,0.0,148.0,160.0,50.0,0,1,0,0,0,0,0,72.0,64.0,10.0,0.0,68.0,0.0,49.333333333333336,50.57142857142857,43.71428571428572,37.8,65.34742316484798,44.08565330792104,53.06534115132941,44.97994975744883,0.0,0.0,6
2024-03-05,0.0,0.0,100760.0,3,5,0,0,0.0,0.0,0.0,0.0,59300.0,0.0,84500.0,0.0,26300.0,0,1,0,0,0,0,0,0.0,0.0,0.0,0.0,0.0,8000.0,0.0,0.0,0.0,266.6666666666667,0.0,1460.5934866804432,0.847199934079778,105.97908747948006,0.0,0.0,7
2024-03-05,0.0,0.0,240.0,3,5,0,0,540.0,880.0,170.0,510.0,510.0,820.0,0.0,0.0,0.0,0,1,0,0,0,0,0,800.0,370.0,880.0,430.0,350.0,1200.0,570.0,648.5714285714286,525.7142857142857,605.0,352.535037096956,416.33665091672106,573.3166661819383,544.9551220940604,0.0,0.0,8
2024-03-06,3105.8,4192.0,1235.0,3,6,0,0,1639.8,781.0,3010.0,1768.0,2582.0,1262.0,5979.0,3925.0,4164.0,0,0,1,0,0,0,0,1274.0,7984.0,781.0,2060.0,2528.0,2194.0,3632.6,2432.9714285714285,2576.542857142857,2526.9733333333334,2506.977038662491,1354.2752450164512,2638.925464698957,2491.199671962794,0.0,0.0,0
2024-03-06,562.0,777.0,1180.0,3,6,0,0,82.0,792.0,1534.0,312.0,1854.0,764.0,1476.0,1008.0,1810.0,0,0,1,0,0,0,0,1910.0,709.0,792.0,899.5,620.0,1215.0,900.3333333333334,766.2857142857143,738.7857142857143,654.2333333333333,610.0974551347556,423.07580093091286,775.9074942828001,679.9081766701099,0.0,0.0,1
2024-03-06,330.0,26090.0,4366.0,3,6,0,0,596.0,560.0,480.0,5502.0,2282.0,2306.0,81993.0,29599.4,19595.0,0,0,1,0,0,0,0,0.0,0.0,560.0,908.0,580.0,604.0,198.66666666666663,322.57142857142856,446.6428571428572,487.7,276.4409865552122,423.8483910795103,326.38717909896013,448.87677957875167,0.0,0.0,2
2024-03-06,0.0,0.0,0.0,3,6,0,0,0.0,0.0,0.0,0.0,0.0,0.0,0.0,0.0,0.0,0,0,1,0,0,0,0,0.0,0.0,0.0,0.0,0.0,0.0,0.0,0.0,0.0,0.0,0.0,0.0,0.0,0.0,0.0,0.0,3
2024-03-06,29210.0,3370.0,1734.0,3,6,0,0,27896.0,31990.0,27204.0,3660.0,3450.0,15960.0,3902.0,5307.0,7820.0,0,0,1,0,0,0,0,27066.0,29210.0,31990.0,32451.0,30586.0,34772.0,28057.33333333333,29757.714285714286,29886.071428571428,29501.466666666667,1773.079215591246,3329.1471076489447,28919.162589719635,29060.47360808309,0.0,0.0,4
2024-03-06,38.0,288.0,2134.0,3,6,0,0,1066.0,70.0,0.0,688.0,234.0,742.0,1800.0,484.0,1044.0,0,0,1,0,0,0,0,0.0,758.0,70.0,0.0,0.0,0.0,608.0,483.1428571428572,361.8571428571428,256.0,554.2669118067662,408.7302457527503,515.9014513300905,324.91537179223747,0.0,0.0,5
2024-03-06,0.0,42.0,0.0,3,6,0,0,0.0,12.0,58.0,134.0,32.0,0.0,230.0,148.0,108.0,0,0,1,0,0,0,0,12.0,72.0,12.0,32.0,44.0,100.0,28.0,49.142857142857146,43.71428571428572,37.8,66.48164802266503,44.08565330792104,39.79900586349706,42.078017515032776,0.0,0.0,6
2024-03-06,0.0,19500.0,92400.0,3,6,0,0,0.0,0.0,0.0,100760.0,0.0,14900.0,0.0,138400.0,0.0,0,0,1,0,0,0,0,0.0,0.0,0.0,0.0,0.0,0.0,0.0,0.0,0.0,266.6666666666667,0.0,1460.5934866804432,0.6353999505598336,99.14172699693296,0.0,0.0,7
2024-03-06,680.0,0.0,740.0,3,6,0,0,0.0,1150.0,1850.0,240.0,210.0,220.0,0.0,0.0,0.0,0,0,1,0,0,0,0,540.0,800.0,1150.0,370.0,850.0,610.0,446.6666666666667,522.8571428571429,495.0,599.3333333333334,408.68546527104354,423.55582894098507,429.9874996364538,509.79672712025007,0.0,0.0,8
2024-03-07,1212.0,4734.0,1050.0,3,7,0,0,3105.8,1036.0,1474.0,1235.0,220.0,1912.0,4192.0,6725.0,5271.0,0,0,0,1,0,0,0,1639.8,1274.0,1036.0,3184.0,2432.0,1868.0,2006.5333333333333,2765.0857142857144,2651.242857142857,2530.1666666666665,2403.51106469166,1355.5658109498384,2755.644098524218,2530.851306029711,0.0,0.0,0
2024-03-07,3106.0,846.0,1059.5,3,7,0,0,562.0,304.0,150.0,1180.0,394.0,1323.0,777.0,485.0,790.0,0,0,0,1,0,0,0,82.0,1910.0,304.0,260.0,699.0,814.0,851.3333333333334,733.4285714285714,714.6785714285714,621.8333333333334,614.6581318486068,389.244434623101,722.4306207121001,672.3011975301029,0.0,0.0,1
2024-03-07,590.0,19989.8,4364.0,3,7,0,0,330.0,624.0,0.0,4366.0,5162.0,1846.0,26090.0,28852.4,21824.8,0,0,0,1,0,0,0,596.0,0.0,624.0,690.0,450.0,164.0,308.6666666666667,289.7142857142857,405.3571428571428,482.7,256.4642368087697,424.825980600414,327.2903843242201,441.2073099285097,0.0,0.0,2
2024-03-07,0.0,0.0,0.0,3,7,0,0,0.0,0.0,0.0,0.0,0.0,0.0,0.0,0.0,0.0,0,0,0,1,0,0,0,0.0,0.0,0.0,0.0,0.0,0.0,0.0,0.0,0.0,0.0,0.0,0.0,0.0,0.0,0.0,0.0,3
2024-03-07,25120.0,7032.0,11590.0,3,7,0,0,29210.0,30688.0,35640.0,1734.0,780.0,140.0,3370.0,4134.0,3180.0,0,0,0,1,0,0,0,27896.0,27066.0,30688.0,32594.0,30776.0,34181.0,28057.33333333333,29360.571428571428,29654.571428571428,29568.33333333333,1476.2392372898294,3301.4409532529294,28991.871942289727,29070.12047207773,0.0,0.0,4
2024-03-07,500.0,816.0,3666.0,3,7,0,0,38.0,172.0,0.0,2134.0,348.6,1002.0,288.0,280.0,610.0,0,0,0,1,0,0,0,1066.0,0.0,172.0,0.0,626.0,64.0,368.0,478.57142857142856,364.57142857142856,257.26666666666665,558.3591607388137,407.9677077597108,396.4260884975679,306.4047026443512,0.0,0.0,5
2024-03-07,168.0,398.0,0.0,3,7,0,0,0.0,0.0,0.0,0.0,64.0,64.0,42.0,214.0,44.0,0,0,0,1,0,0,0,0.0,12.0,0.0,12.0,0.0,0.0,4.0,47.42857142857143,41.42857142857143,35.86666666666667,67.74180674408069,44.43960126868312,29.849254397622797,39.36330670761131,0.0,0.0,6
2024-03-07,24000.0,104140.0,0.0,3,7,0,0,0.0,0.0,8000.0,92400.0,13960.0,0.0,19500.0,43540.0,34420.0,0,0,0,1,0,0,0,0.0,0.0,0.0,0.0,0.0,0.0,0.0,0.0,0.0,266.6666666666667,0.0,1460.5934866804432,0.4765499629198751,92.74548654551792,0.0,0.0,7
2024-03-07,270.0,140.0,580.0,3,7,0,0,680.0,720.0,1200.0,740.0,850.0,210.0,0.0,0.0,0.0,0,0,0,1,0,0,0,0.0,540.0,720.0,280.0,0.0,650.0,406.6666666666667,455.7142857142857,517.1428571428571,560.3333333333334,316.74685701451125,352.2977123980789,492.49062472734033,520.7775834350726,0.0,0.0,8
2024-03-08,1842.0,1928.0,750.0,3,8,1,0,1212.0,2372.0,2194.0,1050.0,1767.0,244.0,4734.0,6476.0,3118.0,0,0,0,0,1,0,0,3105.8,1639.8,2372.0,834.0,2570.8,3392.0,1985.8666666666668,2790.228571428572,2510.3857142857146,2521.4333333333334,2383.24377387507,1363.4260670200956,2369.7330738931632,2445.764124995536,0.0,0.0,0
2024-03-08,1050.0,1382.0,318.0,3,8,1,0,3106.0,438.0,1215.0,1059.5,330.0,352.0,846.0,967.0,927.0,0,0,0,0,1,0,0,562.0,82.0,438.0,1083.5,320.0,642.0,1250.0,1133.7142857142858,917.9642857142856,720.3666666666667,1048.0071110264023,588.716267550134,1318.3229655340751,829.3140234959027,0.0,0.0,1
2024-03-08,1643.0,21477.8,3703.0,3,8,1,0,590.0,154.0,604.0,4364.0,3426.0,1978.0,19989.8,29172.2,27815.8,0,0,0,0,1,0,0,330.0,596.0,154.0,600.0,982.0,518.0,505.3333333333333,284.85714285714283,398.2142857142857,502.3666666666667,249.29997230340024,415.2584142130205,392.96778824316505,450.8068383202188,0.0,0.0,2
2024-03-08,0.0,0.0,0.0,3,8,1,0,0.0,0.0,0.0,0.0,0.0,0.0,0.0,0.0,0.0,0,0,0,0,1,0,0,0.0,0.0,0.0,0.0,0.0,0.0,0.0,0.0,0.0,0.0,0.0,0.0,0.0,0.0,0.0,0.0,3
2024-03-08,25050.0,13864.0,5260.0,3,8,1,0,25120.0,30976.0,34772.0,11590.0,1830.0,890.0,7032.0,20770.0,5816.0,0,0,0,0,1,0,0,29210.0,27896.0,30976.0,32146.0,24318.0,23562.0,27408.666666666668,28565.14285714286,29120.714285714286,29217.666666666668,2035.8097020244609,3191.148202539993,28023.90395671729,28815.273990008205,0.0,0.0,4
2024-03-08,948.0,568.0,3842.0,3,8,1,0,500.0,1316.0,0.0,3666.0,128.0,304.0,816.0,55200.0,0.0,0,0,0,0,1,0,0,38.0,1066.0,1316.0,474.0,428.0,0.0,534.6666666666666,525.4285714285714,400.2857142857143,273.93333333333334,541.8630999132705,407.3078928037488,422.3195663731759,318.89472182858657,0.0,0.0,5
2024-03-08,0.0,208.0,0.0,3,8,1,0,168.0,184.0,100.0,0.0,206.0,48.0,398.0,106.0,32.0,0,0,0,0,1,0,0,0.0,0.0,184.0,0.0,0.0,12.0,56.0,71.42857142857143,52.57142857142857,41.46666666666667,77.2331041778872,50.001195388009336,64.3869407982171,47.662448210346064,0.0,0.0,6
2024-03-08,12000.0,21000.0,2500.0,3,8,1,0,24000.0,0.0,0.0,0.0,5600.0,0.0,104140.0,110500.0,58420.0,0,0,0,0,1,0,0,0.0,0.0,0.0,0.0,0.0,0.0,8000.0,3428.5714285714284,1714.2857142857142,800.0,9071.147352221453,4381.780460041329,6000.35741247219,1635.149003542581,0.0,0.0,7
2024-03-08,1550.0,140.0,0.0,3,8,1,0,270.0,80.0,610.0,580.0,250.0,0.0,140.0,70.0,0.0,0,0,0,0,1,0,0,680.0,0.0,80.0,0.0,1160.0,690.0,316.6666666666667,391.4285714285714,516.4285714285714,529.3333333333334,299.3564526017195,334.539656257962,436.8679685455053,504.59838450377765,0.0,0.0,8
2024-03-09,3132.0,4824.0,472.0,3,9,1,0,1842.0,1944.0,1868.0,750.0,3482.0,2340.0,1928.0,9657.0,3542.0,0,0,0,0,0,1,0,1212.0,3105.8,1944.0,4318.0,2750.0,2734.8,2053.266666666667,2714.514285714286,2582.3857142857146,2509.7,2407.0451812880256,1367.8484930722411,2237.7998054198724,2406.811600802276,0.0,0.0,0
2024-03-09,270.0,2336.0,707.0,3,9,1,0,1050.0,1129.0,814.0,318.0,1274.0,630.0,1382.0,412.0,580.0,0,0,0,0,0,1,0,3106.0,562.0,1129.0,668.0,230.0,809.0,1572.6666666666667,1221.142857142857,915.5714285714286,714.8666666666667,1004.9375484031224,584.692874483061,1251.2422241505565,843.551828431651,0.0,0.0,1
2024-03-09,0.0,16555.0,2502.0,3,9,1,0,1643.0,324.0,164.0,3703.0,2176.0,6057.0,21477.8,23477.9,19486.2,0,0,0,0,0,1,0,590.0,330.0,324.0,400.0,513.0,300.0,854.3333333333334,497.57142857142856,472.7142857142857,537.0,560.2974975084984,464.4417486951775,705.4758411823738,527.7225261705273,0.0,0.0,2
2024-03-09,0.0,0.0,0.0,3,9,1,0,0.0,0.0,0.0,0.0,0.0,0.0,0.0,0.0,0.0,0,0,0,0,0,1,0,0.0,0.0,0.0,0.0,0.0,0.0,0.0,0.0,0.0,0.0,0.0,0.0,0.0,0.0,0.0,0.0,3
2024-03-09,18474.0,2510.0,2442.0,3,9,1,0,25050.0,30478.0,34181.0,5260.0,14564.0,1340.0,13864.0,8896.0,3890.0,0,0,0,0,0,1,0,25120.0,29210.0,30478.0,30656.0,22138.0,28432.0,26460.0,27718.571428571428,28613.85714285714,28893.6,2097.39289413804,3099.9868142099217,27280.427967537973,28572.353087427036,0.0,0.0,4
2024-03-09,0.0,0.0,64.0,3,9,1,0,0.0,64.0,0.0,0.0,254.0,64.0,208.0,38.0,0.0,0,0,0,0,0,1,0,168.0,0.0,64.0,50.0,36.0,12.0,56.0,45.142857142857146,52.57142857142857,38.13333333333333,62.42710034226205,49.29274503051823,48.29020559866282,44.58745155161406,0.0,0.0,6
2024-03-09,0.0,0.0,6000.0,3,9,1,0,12000.0,0.0,0.0,2500.0,0.0,0.0,21000.0,46000.0,26800.0,0,0,0,0,0,1,0,24000.0,0.0,0.0,0.0,0.0,0.0,12000.0,5142.857142857143,2571.428571428572,1200.0,9441.549509633318,4830.934799237386,7500.268059354143,2303.8490678301564,0.0,0.0,7
2024-03-09,900.0,0.0,0.0,3,9,1,0,1550.0,370.0,650.0,0.0,140.0,0.0,140.0,0.0,0.0,0,0,0,0,0,1,0,270.0,680.0,370.0,800.0,200.0,700.0,833.3333333333334,601.4285714285714,627.1428571428571,560.6666666666666,495.6957592256418,382.883193976812,715.1509764091289,572.043650019663,0.0,0.0,8
2024-03-10,713.8,3636.0,80.0,3,10,0,0,3132.0,7984.0,3392.0,472.0,3586.0,804.0,4824.0,5489.0,3116.0,0,0,0,0,0,0,1,1842.0,1212.0,7984.0,1754.0,1366.0,3592.0,2062.0,2884.228571428572,2497.671428571429,2551.833333333333,2385.4482637541355,1366.8677680749884,2461.3498540649043,2453.597949137613,0.0,0.0,0
2024-03-10,502.0,242.0,522.0,3,10,0,0,270.0,709.0,642.0,707.0,574.0,534.0,2336.0,335.0,1612.0,0,0,0,0,0,0,1,1050.0,3106.0,709.0,580.0,476.0,175.0,1475.3333333333333,1098.428571428571,887.1428571428571,696.7333333333333,1068.5011085851154,589.924640618779,1005.9316681129174,806.5484846618671,0.0,0.0,1
2024-03-10,244.0,17994.4,1856.5,3,10,0,0,0.0,0.0,518.0,2502.0,3688.0,5735.0,16555.0,23091.4,20313.7,0,0,0,0,0,0,1,1643.0,590.0,0.0,540.0,0.0,200.0,744.3333333333334,451.2857142857143,444.1428571428572,531.5333333333333,589.6402050645559,469.9164073375789,529.1068808867803,493.6759115788804,0.0,0.0,2
2024-03-10,0.0,0.0,0.0,3,10,0,0,0.0,0.0,0.0,0.0,0.0,0.0,0.0,0.0,0.0,0,0,0,0,0,0,1,0.0,0.0,0.0,0.0,0.0,0.0,0.0,0.0,0.0,0.0,0.0,0.0,0.0,0.0,0.0,0.0,3
2024-03-10,15310.0,10844.0,9801.0,3,10,0,0,18474.0,29210.0,23562.0,2442.0,2517.0,3658.0,2510.0,5001.0,16830.0,0,0,0,0,0,0,1,25050.0,25120.0,29210.0,26406.0,23216.0,31318.0,22881.33333333333,26003.714285714286,27743.714285714286,28370.033333333333,3734.007039552603,3479.3748594601298,25078.82097565348,27920.84643662529,0.0,0.0,4
2024-03-10,0.0,108.0,1683.0,3,10,0,0,948.0,0.0,64.0,3842.0,982.0,500.0,568.0,454.0,1333.0,0,0,0,0,0,0,1,500.0,38.0,0.0,1210.0,960.0,0.0,495.3333333333333,472.8571428571428,434.1428571428572,305.53333333333336,464.742017529234,421.83758382396064,553.739674779882,359.48215912996807,0.0,0.0,5
2024-03-10,0.0,200.0,0.0,3,10,0,0,0.0,72.0,12.0,64.0,50.0,0.0,0.0,150.0,56.0,0,0,0,0,0,0,1,0.0,168.0,72.0,50.0,106.0,50.0,56.0,36.0,49.0,38.13333333333333,63.87487769068522,49.29274503051823,36.21765419899712,41.710841774090575,0.0,0.0,6
2024-03-10,0.0,9600.0,0.0,3,10,0,0,0.0,0.0,0.0,6000.0,13000.0,11790.0,0.0,0.0,0.0,0,0,0,0,0,0,1,12000.0,24000.0,0.0,0.0,0.0,0.0,12000.0,5142.857142857143,2571.428571428572,1200.0,9441.549509633318,4830.934799237386,5625.201044515607,2155.2136440991785,0.0,0.0,7
2024-03-10,780.0,880.0,0.0,3,10,0,0,900.0,800.0,690.0,0.0,650.0,0.0,0.0,410.0,100.0,0,0,0,0,0,0,1,1550.0,270.0,800.0,110.0,400.0,1020.0,906.6666666666666,677.1428571428571,634.2857142857143,569.0,494.9314526852608,387.58625291446526,761.3632323068467,593.2021242119429,0.0,0.0,8
2024-03-11,426.0,3670.0,890.0,3,11,0,0,713.8,1274.0,2734.8,80.0,1164.0,2752.0,3636.0,6845.2,4285.0,1,0,0,0,0,0,0,3132.0,1842.0,1274.0,3608.0,2076.0,3136.0,1895.9333333333332,1845.628571428572,2423.371428571428,2462.56,939.365242622708,1397.224984129565,2024.4623905486785,2341.3529201609927,0.0,0.0,0
2024-03-11,0.0,1154.0,154.0,3,11,0,0,502.0,1910.0,809.0,522.0,1022.0,911.0,242.0,1903.0,1888.0,1,0,0,0,0,0,0,270.0,1050.0,1910.0,724.0,540.0,42.0,607.3333333333334,1068.857142857143,881.5714285714286,692.0666666666667,1083.829542036236,590.9254392160179,879.948751084688,786.9001953288434,0.0,0.0,1
2024-03-11,248.0,8912.5,5658.0,3,11,0,0,244.0,0.0,300.0,1856.5,2028.0,3298.0,17994.4,31297.0,16334.6,1,0,0,0,0,0,0,0.0,1643.0,0.0,542.0,2180.0,1007.0,629.0,486.1428571428572,423.0,522.4,565.2222066206731,472.8421476050163,457.83016066508526,477.56778825121074,0.0,0.0,2
2024-03-11,0.0,0.0,0.0,3,11,0,0,0.0,0.0,0.0,0.0,0.0,0.0,0.0,0.0,0.0,1,0,0,0,0,0,0,0.0,0.0,0.0,0.0,0.0,0.0,0.0,0.0,0.0,0.0,0.0,0.0,0.0,0.0,0.0,0.0,3
2024-03-11,22438.0,19518.0,700.0,3,11,0,0,15310.0,27066.0,28432.0,9801.0,2150.0,5814.0,10844.0,5176.0,3718.0,1,0,0,0,0,0,0,18474.0,25050.0,27066.0,27096.0,29224.0,29836.0,19611.33333333333,24018.0,26951.14285714286,28094.966666666667,5166.086203952324,4136.685617182169,22636.61573174011,27107.243440713984,0.0,0.0,4
2024-03-11,0.0,1088.0,0.0,3,11,0,0,0.0,758.0,0.0,1683.0,578.0,0.0,108.0,0.0,140.0,1,0,0,0,0,0,0,948.0,500.0,758.0,0.0,0.0,282.0,482.6666666666667,472.8571428571428,347.7142857142857,303.4,464.742017529234,423.2606272979922,415.30475608491145,336.28976176674433,0.0,0.0,5
2024-03-11,2800.0,0.0,0.0,3,11,0,0,0.0,0.0,0.0,0.0,0.0,0.0,9600.0,84500.0,52500.0,1,0,0,0,0,0,0,0.0,12000.0,0.0,0.0,0.0,0.0,4000.0,5142.857142857143,2571.428571428572,1200.0,9441.549509633318,4830.934799237386,4218.900783386705,2016.1676025443928,0.0,0.0,7
2024-03-11,180.0,70.0,0.0,3,11,0,0,780.0,540.0,700.0,0.0,510.0,210.0,880.0,0.0,0.0,1,0,0,0,0,0,0,900.0,1550.0,540.0,830.0,630.0,310.0,1076.6666666666667,674.2857142857143,682.1428571428571,572.0,494.1611458777772,388.90119301827104,766.022424230135,605.253600069237,0.0,0.0,8
2024-03-12,1604.0,2743.0,1600.0,3,12,0,0,426.0,1639.8,3592.0,890.0,1768.0,2220.0,3670.0,5979.0,7394.0,0,1,0,0,0,0,0,713.8,3132.0,1639.8,3282.8,1826.0,2788.0,1423.9333333333334,1724.4857142857145,2196.0857142857144,2385.6,1070.8485162533048,1444.4981087585047,1624.8467929115086,2217.781764021574,0.0,0.0,0
2024-03-12,0.0,150.0,6000.0,3,12,0,0,0.0,82.0,175.0,154.0,312.0,480.0,1154.0,1476.0,1875.0,0,1,0,0,0,0,0,502.0,270.0,82.0,764.0,324.0,694.0,257.3333333333333,796.0,829.8571428571429,665.1,1077.179650754692,603.7257941174607,659.961563313516,736.1324407914988,0.0,0.0,1
2024-03-12,734.0,7427.5,2772.0,3,12,0,0,248.0,596.0,200.0,5658.0,5502.0,1190.0,8912.5,81993.0,16197.8,0,1,0,0,0,0,0,244.0,0.0,596.0,315.0,100.0,300.0,164.0,521.5714285714286,402.0,520.6666666666666,536.7258322902104,473.7799091338197,405.37262049881394,462.7569632027456,0.0,0.0,2
2024-03-12,0.0,0.0,0.0,3,12,0,0,0.0,0.0,0.0,0.0,0.0,0.0,0.0,0.0,0.0,0,1,0,0,0,0,0,0.0,0.0,0.0,0.0,0.0,0.0,0.0,0.0,0.0,0.0,0.0,0.0,0.0,0.0,0.0,0.0,3
2024-03-12,19040.0,15804.0,380.0,3,12,0,0,22438.0,27896.0,31318.0,700.0,3660.0,1130.0,19518.0,3902.0,5922.0,0,1,0,0,0,0,0,15310.0,18474.0,27896.0,28752.0,31296.0,30140.0,18740.666666666668,23356.85714285714,26618.42857142857,27895.166666666668,5004.614651451567,4262.680669309545,22586.96179880508,26806.00192840986,0.0,0.0,4
2024-03-12,0.0,24.0,0.0,3,12,0,0,0.0,12.0,12.0,0.0,0.0,32.0,200.0,148.0,126.0,0,1,0,0,0,0,0,0.0,0.0,12.0,114.0,0.0,36.0,0.0,25.714285714285715,45.42857142857143,37.73333333333333,62.90128320289996,49.56008776072311,27.16324064924784,39.01981972414925,0.0,0.0,6
2024-03-12,0.0,0.0,2400.0,3,12,0,0,2800.0,0.0,0.0,0.0,100760.0,67000.0,0.0,0.0,20000.0,0,1,0,0,0,0,0,0.0,0.0,0.0,0.0,0.0,0.0,933.3333333333334,5542.857142857143,2771.428571428572,1293.3333333333333,9244.612330587865,4833.998368833512,3864.175587540029,2066.737434638303,0.0,0.0,7
2024-03-12,600.0,0.0,0.0,3,12,0,0,180.0,0.0,1020.0,0.0,240.0,100.0,70.0,0.0,0.0,0,1,0,0,0,0,0,780.0,900.0,0.0,880.0,430.0,350.0,620.0,622.8571428571429,635.7142857142857,554.6666666666666,528.037697066989,394.5467354278597,619.5168181726012,577.8178839357379,0.0,0.0,8
2024-03-13,752.8,1728.0,420.0,3,13,0,0,1604.0,3105.8,3136.0,1600.0,1235.0,2950.0,2743.0,4192.0,6475.0,0,0,1,0,0,0,0,426.0,713.8,3105.8,781.0,2060.0,2528.0,914.6,1719.3714285714286,2076.171428571429,2319.333333333333,1071.4057210261751,1432.798422507587,1619.6350946836317,2178.1829405363114,0.0,0.0,0
2024-03-13,0.0,545.0,350.0,3,13,0,0,0.0,562.0,42.0,6000.0,1180.0,2204.0,150.0,777.0,970.0,0,0,1,0,0,0,0,0.0,502.0,562.0,792.0,899.5,620.0,167.33333333333334,784.2857142857143,775.2857142857143,659.2666666666667,1086.64279845245,609.4429159618577,494.971172485137,688.6400252565634,0.0,0.0,1
2024-03-13,280.0,7590.0,2564.0,3,13,0,0,734.0,330.0,1007.0,2772.0,4366.0,1816.0,7427.5,26090.0,21203.5,0,0,1,0,0,0,0,248.0,244.0,330.0,560.0,908.0,580.0,408.6666666666667,541.2857142857143,431.9285714285714,538.4666666666667,542.4194915025683,471.3419384995416,487.5294653741105,480.2565139638588,0.0,0.0,2
2024-03-13,0.0,0.0,0.0,3,13,0,0,0.0,0.0,0.0,0.0,0.0,0.0,0.0,0.0,0.0,0,0,1,0,0,0,0,0.0,0.0,0.0,0.0,0.0,0.0,0.0,0.0,0.0,0.0,0.0,0.0,0.0,0.0,0.0,0.0,3
2024-03-13,14894.0,15970.0,670.0,3,13,0,0,19040.0,29210.0,29836.0,380.0,1734.0,1910.0,15804.0,3370.0,3412.0,0,0,1,0,0,0,0,22438.0,15310.0,29210.0,31990.0,32451.0,30586.0,18929.33333333333,22091.714285714286,25924.714285714286,27485.9,4780.243010359946,4505.231291471582,21700.221349103813,26304.969545931806,0.0,0.0,4
2024-03-13,0.0,320.0,0.0,3,13,0,0,0.0,0.0,0.0,0.0,692.0,794.0,1088.0,308.0,1160.0,0,0,1,0,0,0,0,0.0,948.0,0.0,0.0,0.0,0.0,316.0,364.57142857142856,347.7142857142857,303.4,475.4152070008058,423.2606272979922,311.4785670636836,314.59364810437376,0.0,0.0,5
2024-03-13,12.0,56.0,0.0,3,13,0,0,0.0,0.0,50.0,0.0,134.0,32.0,24.0,230.0,162.0,0,0,1,0,0,0,0,0.0,0.0,0.0,10.0,0.0,68.0,0.0,24.0,37.285714285714285,37.333333333333336,63.49803146555014,49.82267406086022,20.37243048693588,36.502412000010594,0.0,0.0,6
2024-03-13,0.0,8000.0,5900.0,3,13,0,0,0.0,0.0,0.0,2400.0,92400.0,0.0,0.0,19500.0,59500.0,0,0,1,0,0,0,0,2800.0,0.0,0.0,0.0,0.0,0.0,933.3333333333334,5542.857142857143,2771.428571428572,1293.3333333333333,9244.612330587865,4833.998368833512,2898.131690655022,1933.3995356293804,0.0,0.0,7
2024-03-13,150.0,0.0,70.0,3,13,0,0,600.0,680.0,310.0,0.0,740.0,140.0,0.0,0.0,90.0,0,0,1,0,0,0,0,180.0,780.0,680.0,1150.0,370.0,850.0,520.0,708.5714285714286,615.7142857142857,540.6666666666666,453.5206195763894,384.79670703778953,614.6376136294509,579.2489881979484,0.0,0.0,8
2024-03-14,854.0,2696.0,670.0,3,14,0,0,752.8,1212.0,2788.0,420.0,1050.0,1886.0,1728.0,4734.0,5889.8,0,0,0,1,0,0,0,1604.0,426.0,1212.0,1036.0,3184.0,2432.0,927.6,1383.2285714285713,2074.157142857143,2239.893333333333,922.7308486485202,1451.8975585914036,1402.9263210127235,2086.222750824292,0.0,0.0,0
2024-03-14,0.0,514.0,604.0,3,14,0,0,0.0,3106.0,694.0,350.0,1059.5,1015.0,545.0,846.0,1116.0,0,0,0,1,0,0,0,0.0,0.0,3106.0,304.0,260.0,699.0,0.0,704.0,718.7142857142857,657.8666666666667,1125.85730297701,610.9561462524771,371.2283793638528,644.2116365303335,0.0,0.0,1
2024-03-14,0.0,13421.0,1456.0,3,14,0,0,280.0,590.0,300.0,2564.0,4364.0,2816.0,7590.0,19989.8,22996.7,0,0,0,1,0,0,0,734.0,248.0,590.0,624.0,690.0,450.0,420.6666666666667,534.1428571428571,411.9285714285714,514.2333333333333,545.9830365409499,465.0694188697167,435.64709903058286,467.3367388694164,0.0,0.0,2
2024-03-14,0.0,0.0,0.0,3,14,0,0,0.0,0.0,0.0,0.0,0.0,0.0,0.0,0.0,0.0,0,0,0,1,0,0,0,0.0,0.0,0.0,0.0,0.0,0.0,0.0,0.0,0.0,0.0,0.0,0.0,0.0,0.0,0.0,0.0,3
2024-03-14,12918.0,13265.0,1442.0,3,14,0,0,14894.0,25120.0,30140.0,670.0,11590.0,5992.0,15970.0,7032.0,7354.0,0,0,0,1,0,0,0,19040.0,22438.0,25120.0,30688.0,32594.0,30776.0,18790.666666666668,20046.571428571428,24703.571428571428,26987.83333333333,4261.517212493793,5031.648198349478,19998.66601182786,25568.777962323304,0.0,0.0,4
2024-03-14,0.0,598.0,0.0,3,14,0,0,0.0,1066.0,282.0,0.0,688.0,628.0,320.0,1800.0,202.0,0,0,0,1,0,0,0,0.0,0.0,1066.0,0.0,0.0,254.0,0.0,364.57142857142856,347.7142857142857,303.4,475.4152070008058,423.2606272979922,233.6089252977627,294.2972837105432,0.0,0.0,5
2024-03-14,0.0,12.0,0.0,3,14,0,0,12.0,0.0,36.0,0.0,0.0,160.0,56.0,42.0,128.0,0,0,0,1,0,0,0,0.0,0.0,0.0,12.0,32.0,44.0,4.0,25.714285714285715,37.42857142857143,36.06666666666667,62.90128320289996,49.97236017649353,18.27932286520191,34.92161122581636,0.0,0.0,6
2024-03-14,0.0,32700.0,0.0,3,14,0,0,0.0,24000.0,0.0,5900.0,0.0,0.0,8000.0,104140.0,28000.0,0,0,0,1,0,0,0,0.0,2800.0,24000.0,0.0,0.0,0.0,933.3333333333334,5542.857142857143,2771.428571428572,1293.3333333333333,9244.612330587865,4833.998368833512,2173.5987679912664,1808.6640817178077,0.0,0.0,7
2024-03-14,650.0,70.0,140.0,3,14,0,0,150.0,270.0,350.0,70.0,580.0,0.0,0.0,140.0,0.0,0,0,0,1,0,0,0,600.0,180.0,270.0,720.0,280.0,0.0,310.0,632.8571428571429,544.2857142857143,535.3333333333334,500.85640942004784,389.187777861512,498.4782102220882,551.5555050884033,0.0,0.0,8
2024-03-15,1060.0,3346.0,610.0,3,15,1,0,854.0,1842.0,2528.0,670.0,750.0,1694.0,2696.0,1928.0,5656.0,0,0,0,0,1,0,0,752.8,1604.0,1842.0,2372.0,834.0,2570.8,1070.2666666666669,1332.0857142857142,2061.157142857143,2175.4266666666667,943.4906666709732,1469.5505995989415,1265.6947407595426,2006.7245088356276,0.0,0.0,0
2024-03-15,0.0,0.0,1906.0,3,15,1,0,0.0,1050.0,620.0,604.0,318.0,1113.0,514.0,1382.0,1061.0,0,0,0,0,1,0,0,0.0,0.0,1050.0,438.0,1083.5,320.0,0.0,260.2857142857143,697.0,634.7333333333333,398.5731694790434,622.5692972553799,278.42128452288955,602.6495954638605,0.0,0.0,1
2024-03-15,440.0,10808.8,1894.0,3,15,1,0,0.0,1643.0,580.0,1456.0,3703.0,680.0,13421.0,21477.8,21423.6,0,0,0,0,1,0,0,280.0,734.0,1643.0,154.0,600.0,982.0,338.0,449.8571428571428,367.3571428571428,504.23333333333335,580.3798838035391,472.9925772788823,326.73532427293713,437.18598152300245,0.0,0.0,2
2024-03-15,0.0,0.0,0.0,3,15,1,0,0.0,0.0,0.0,0.0,0.0,0.0,0.0,0.0,0.0,0,0,0,0,1,0,0,0.0,0.0,0.0,0.0,0.0,0.0,0.0,0.0,0.0,0.0,0.0,0.0,0.0,0.0,0.0,0.0,3
2024-03-15,14500.0,37984.0,570.0,3,15,1,0,12918.0,25050.0,30586.0,1442.0,5260.0,1470.0,13265.0,13864.0,34930.0,0,0,0,0,1,0,0,14894.0,19040.0,25050.0,30976.0,32146.0,24318.0,15617.333333333334,18303.42857142857,23434.285714285717,26413.766666666663,4335.323857842789,5608.935307926566,18228.499508870897,24752.598738947607,0.0,0.0,4
2024-03-15,0.0,950.0,0.0,3,15,1,0,0.0,38.0,0.0,0.0,2134.0,204.0,598.0,288.0,0.0,0,0,0,0,1,0,0,0.0,0.0,38.0,70.0,0.0,0.0,0.0,212.28571428571428,347.7142857142857,294.0,372.9815519502783,426.8683072378859,175.20669397332205,275.31036218083074,0.0,0.0,5
2024-03-15,0.0,32.0,0.0,3,15,1,0,0.0,168.0,68.0,0.0,0.0,126.0,12.0,398.0,114.0,0,0,0,0,1,0,0,12.0,0.0,168.0,0.0,12.0,0.0,4.0,25.714285714285715,36.57142857142857,34.86666666666667,62.90128320289997,50.40438769443169,13.709492148901433,32.668604049957246,0.0,0.0,6
2024-03-15,0.0,0.0,0.0,3,15,1,0,0.0,12000.0,0.0,0.0,2500.0,4800.0,32700.0,21000.0,52000.0,0,0,0,0,1,0,0,0.0,0.0,12000.0,0.0,0.0,0.0,0.0,2114.285714285714,2771.428571428572,1293.3333333333333,4482.346324351629,4833.998368833512,1630.1990759934497,1691.976076445691,0.0,0.0,7
2024-03-15,330.0,0.0,140.0,3,15,1,0,650.0,1550.0,850.0,140.0,0.0,0.0,70.0,140.0,0.0,0,0,0,0,1,0,0,150.0,600.0,1550.0,80.0,0.0,1160.0,466.6666666666667,687.1428571428571,539.2857142857143,545.3333333333334,474.8934717637306,388.114214733448,536.3586576665662,557.9067628246353,0.0,0.0,8
2024-03-16,1599.0,3208.0,540.0,3,16,1,0,1060.0,3132.0,2432.0,610.0,472.0,2900.0,3346.0,4824.0,5850.5,0,0,0,0,0,1,0,854.0,752.8,3132.0,1944.0,4318.0,2750.0,888.9333333333334,1220.3714285714286,1967.4428571428573,2126.4933333333333,919.0307679185456,1481.7955619923516,1214.271055569657,1945.645508265587,0.0,0.0,0
2024-03-16,0.0,60.0,202.0,3,16,1,0,0.0,270.0,699.0,1906.0,707.0,1177.0,0.0,2336.0,330.0,0,0,0,0,0,1,0,0.0,0.0,270.0,1129.0,668.0,230.0,0.0,110.28571428571428,665.7142857142857,614.0666666666667,199.90140426862888,633.273906165322,208.8159633921672,563.7689764016759,0.0,0.0,1
2024-03-16,328.0,6197.0,1868.0,3,16,1,0,440.0,0.0,450.0,1894.0,2502.0,3932.0,10808.8,16555.0,31303.2,0,0,0,0,0,1,0,0.0,280.0,0.0,324.0,400.0,513.0,240.0,278.0,387.7857142857143,499.56666666666666,255.21494209130236,472.9098976172604,355.05149320470287,437.3675311021636,0.0,0.0,2
2024-03-16,0.0,0.0,0.0,3,16,1,0,0.0,0.0,0.0,0.0,0.0,0.0,0.0,0.0,0.0,0,0,0,0,0,1,0,0.0,0.0,0.0,0.0,0.0,0.0,0.0,0.0,0.0,0.0,0.0,0.0,0.0,0.0,0.0,0.0,3
2024-03-16,14372.0,56794.4,300.0,3,16,1,0,14500.0,18474.0,30776.0,570.0,2442.0,2295.0,37984.0,2510.0,17060.0,0,0,0,0,0,1,0,12918.0,14894.0,18474.0,30478.0,30656.0,22138.0,14104.0,16796.285714285714,22257.42857142857,25877.566666666666,3312.0910673010176,5954.567923080082,17296.374631653172,24091.1407557897,0.0,0.0,4
2024-03-16,0.0,400.0,0.0,3,16,1,0,0.0,500.0,254.0,0.0,3666.0,558.0,950.0,816.0,230.0,0,0,0,0,0,1,0,0.0,0.0,500.0,172.0,0.0,626.0,0.0,206.8571428571429,342.7142857142857,294.0,376.2035922969674,426.8683072378859,131.40502047999155,257.54840333045456,0.0,0.0,5
2024-03-16,0.0,32.0,34.0,3,16,1,0,0.0,0.0,44.0,0.0,0.0,76.0,32.0,208.0,50.0,0,0,0,0,0,1,0,0.0,12.0,0.0,184.0,0.0,0.0,4.0,1.7142857142857142,36.57142857142857,32.6,4.535573676110191,50.39198075227777,10.282119111676074,30.560952175766456,0.0,0.0,6
2024-03-16,410.0,0.0,40.0,3,16,1,0,330.0,900.0,0.0,140.0,0.0,610.0,0.0,0.0,110.0,0,0,0,0,0,1,0,650.0,150.0,900.0,370.0,800.0,200.0,376.6666666666667,512.8571428571429,557.1428571428571,528.0,295.3932004246926,385.6423213289745,484.7689932499246,543.2031007069169,0.0,0.0,8
2024-03-17,718.0,880.0,360.0,3,17,0,0,1599.0,713.8,2570.8,540.0,80.0,178.5,3208.0,3636.0,4071.0,0,0,0,0,0,0,1,1060.0,854.0,713.8,7984.0,1754.0,1366.0,1171.0,1001.3714285714286,1942.8,2098.726666666667,451.1123500647613,1483.6768144070982,1310.4532916772428,1923.281281925872,0.0,0.0,0
2024-03-17,90.0,610.0,0.0,3,17,0,0,0.0,502.0,320.0,202.0,522.0,60.0,60.0,242.0,134.0,0,0,0,0,0,0,1,0.0,0.0,502.0,709.0,580.0,476.0,0.0,71.71428571428571,585.0714285714286,590.7666666666667,189.73816545062743,642.8282568587756,156.61197254412536,527.3967843757614,0.0,0.0,1
2024-03-17,0.0,11544.0,3630.0,3,17,0,0,328.0,244.0,982.0,1868.0,1856.5,2060.0,6197.0,17994.4,18158.2,0,0,0,0,0,0,1,440.0,0.0,244.0,0.0,540.0,0.0,256.0,324.85714285714283,388.07142857142856,495.5,223.85071556093573,473.87440137220113,348.28861990352715,430.3115613536369,0.0,0.0,2
2024-03-17,0.0,0.0,0.0,3,17,0,0,0.0,0.0,0.0,0.0,0.0,0.0,0.0,0.0,0.0,0,0,0,0,0,0,1,0.0,0.0,0.0,0.0,0.0,0.0,0.0,0.0,0.0,0.0,0.0,0.0,0.0,0.0,0.0,0.0,3
2024-03-17,17118.0,34857.4,0.0,3,17,0,0,14372.0,15310.0,24318.0,300.0,9801.0,1650.0,56794.4,10844.0,17090.0,0,0,0,0,0,0,1,14500.0,12918.0,15310.0,29210.0,26406.0,23216.0,13930.0,16210.285714285714,21107.0,25330.766666666663,3328.622022914067,6235.778864514518,16565.28097373988,23464.099416706496,0.0,0.0,4
2024-03-17,0.0,567.0,0.0,3,17,0,0,0.0,948.0,0.0,0.0,3842.0,586.0,400.0,568.0,734.0,0,0,0,0,0,0,1,0.0,0.0,948.0,1316.0,474.0,428.0,0.0,135.42857142857142,330.42857142857144,285.53333333333336,358.31032041274744,430.1950426407119,98.55376535999366,240.9323773091349,0.0,0.0,5
2024-03-17,22.0,0.0,0.0,3,17,0,0,0.0,0.0,0.0,34.0,64.0,182.0,32.0,0.0,42.0,0,0,0,0,0,0,1,0.0,0.0,0.0,64.0,50.0,36.0,0.0,1.7142857142857142,23.428571428571427,31.133333333333333,4.535573676110191,50.68818357391583,7.711589333757056,28.58927784184604,0.0,0.0,6
2024-03-17,0.0,18900.0,0.0,3,17,0,0,0.0,0.0,0.0,0.0,6000.0,4800.0,0.0,0.0,22400.0,0,0,0,0,0,0,1,0.0,0.0,0.0,0.0,0.0,0.0,0.0,400.0,2771.428571428572,1293.3333333333333,1058.3005244258252,4833.998368833512,1222.6493069950873,1582.8163295782272,0.0,0.0,7
2024-03-17,70.0,0.0,210.0,3,17,0,0,410.0,780.0,1160.0,40.0,0.0,0.0,0.0,880.0,0.0,0,0,0,0,0,0,1,330.0,650.0,780.0,800.0,110.0,400.0,463.3333333333333,442.8571428571428,560.0,541.6666666666666,241.50322880617836,373.3546278820172,466.0767449374434,534.6093522742126,0.0,0.0,8
2024-03-18,2584.0,1419.0,270.0,3,18,0,0,718.0,426.0,2750.0,360.0,890.0,2108.0,880.0,3670.0,6324.0,1,0,0,0,0,0,0,1599.0,1060.0,426.0,1274.0,3608.0,2076.0,1125.6666666666667,1001.9714285714284,1423.8,2036.9666666666667,450.6686946981693,1501.8004569994234,1162.3399687579322,1845.521199220977,0.0,0.0,0
2024-03-18,0.0,0.0,375.0,3,18,0,0,90.0,0.0,230.0,0.0,154.0,1196.0,610.0,1154.0,10556.0,1,0,0,0,0,0,0,0.0,0.0,0.0,1910.0,724.0,540.0,30.0,12.857142857142858,540.8571428571429,583.1,34.01680257080177,647.5232974107226,139.95897940809402,499.17763699668006,0.0,0.0,1
2024-03-18,580.0,11285.2,1986.0,3,18,0,0,0.0,248.0,513.0,3630.0,5658.0,4004.0,11544.0,8912.5,15382.5,1,0,0,0,0,0,0,328.0,440.0,248.0,0.0,542.0,2180.0,256.0,290.0,388.07142857142856,462.76666666666665,255.3246299648093,473.0256742564266,261.21646492764535,402.5495251372733,0.0,0.0,2
2024-03-18,0.0,0.0,0.0,3,18,0,0,0.0,0.0,0.0,0.0,0.0,0.0,0.0,0.0,0.0,1,0,0,0,0,0,0,0.0,0.0,0.0,0.0,0.0,0.0,0.0,0.0,0.0,0.0,0.0,0.0,0.0,0.0,0.0,0.0,3
2024-03-18,17556.0,16813.4,818.0,3,18,0,0,17118.0,22438.0,22138.0,0.0,700.0,4920.0,34857.4,19518.0,43332.0,1,0,0,0,0,0,0,14372.0,14500.0,22438.0,27066.0,27096.0,29224.0,15330.0,16468.571428571428,20243.285714285717,25090.766666666663,3317.247797856065,6412.162590079009,16703.46073030491,23054.673647886724,0.0,0.0,4
2024-03-18,0.0,240.0,0.0,3,18,0,0,0.0,0.0,626.0,0.0,1683.0,1610.0,567.0,108.0,730.0,1,0,0,0,0,0,0,0.0,0.0,0.0,0.0,1210.0,960.0,0.0,0.0,236.42857142857144,285.53333333333336,0.0,430.1950426407119,73.91532401999524,225.3883529666101,0.0,0.0,5
2024-03-18,0.0,32.0,0.0,3,18,0,0,22.0,0.0,0.0,0.0,0.0,394.0,0.0,200.0,68.0,1,0,0,0,0,0,0,0.0,0.0,0.0,72.0,50.0,106.0,7.333333333333333,4.857142857142857,20.428571428571427,31.866666666666667,8.78310065653653,50.38043772881621,11.283692000317792,28.164163142372104,0.0,0.0,6
2024-03-18,0.0,59800.0,8420.0,3,18,0,0,0.0,0.0,0.0,0.0,0.0,7400.0,18900.0,9600.0,0.0,1,0,0,0,0,0,0,0.0,0.0,0.0,0.0,0.0,0.0,0.0,400.0,2771.428571428572,1293.3333333333333,1058.3005244258252,4833.998368833512,916.9869802463154,1480.699147024793,0.0,0.0,7
2024-03-18,470.0,0.0,0.0,3,18,0,0,70.0,180.0,200.0,210.0,0.0,600.0,0.0,70.0,0.0,1,0,0,0,0,0,0,410.0,330.0,180.0,540.0,830.0,630.0,270.0,341.42857142857144,507.8571428571428,505.3333333333333,224.827976567906,364.0266505337906,367.0575587030826,504.6345553532957,0.0,0.0,8
2024-03-19,3060.0,914.0,1713.0,3,19,0,0,2584.0,1604.0,1366.0,270.0,1600.0,544.0,1419.0,2743.0,5958.0,0,1,0,0,0,0,0,718.0,1599.0,1604.0,1639.8,3282.8,1826.0,1633.6666666666667,1310.2571428571428,1517.3714285714286,2031.4333333333332,673.8452316299906,1499.3865891350902,1517.7549765684491,1893.164992819624,0.0,0.0,0
2024-03-19,0.0,130.0,0.0,3,19,0,0,0.0,0.0,476.0,375.0,6000.0,428.0,0.0,150.0,1504.0,0,1,0,0,0,0,0,90.0,0.0,0.0,82.0,764.0,324.0,30.0,12.857142857142858,404.4285714285714,575.4333333333333,34.01680257080177,653.1850048605775,104.96923455607052,466.9726281581846,0.0,0.0,1
2024-03-19,0.0,13550.0,1622.0,3,19,0,0,580.0,734.0,0.0,1986.0,2772.0,3346.5,11285.2,7427.5,19185.0,0,1,0,0,0,0,0,0.0,328.0,734.0,596.0,315.0,100.0,302.6666666666667,337.42857142857144,429.5,465.0,276.2045480815848,473.4290173645449,340.912348695734,413.99794287035246,0.0,0.0,2
2024-03-19,0.0,0.0,0.0,3,19,0,0,0.0,0.0,0.0,0.0,0.0,0.0,0.0,0.0,0.0,0,1,0,0,0,0,0,0.0,0.0,0.0,0.0,0.0,0.0,0.0,0.0,0.0,0.0,0.0,0.0,0.0,0.0,0.0,0.0,3
2024-03-19,21914.0,27564.0,882.0,3,19,0,0,17556.0,19040.0,23216.0,818.0,380.0,1240.0,16813.4,15804.0,5393.0,0,1,0,0,0,0,0,17118.0,14372.0,19040.0,27896.0,28752.0,31296.0,16348.666666666666,15771.142857142857,19564.0,24938.033333333333,2166.732365304287,6538.251102673309,16916.59554772868,22699.92050931339,0.0,0.0,4
2024-03-19,0.0,220.0,0.0,3,19,0,0,0.0,0.0,428.0,0.0,0.0,798.0,240.0,1088.0,306.0,0,1,0,0,0,0,0,0.0,0.0,0.0,758.0,0.0,0.0,0.0,0.0,236.42857142857144,264.6666666666667,0.0,428.2890848829623,55.43649301499643,210.84716890424815,0.0,0.0,5
2024-03-19,0.0,0.0,20.0,3,19,0,0,0.0,0.0,36.0,0.0,0.0,0.0,32.0,24.0,42.0,0,1,0,0,0,0,0,22.0,0.0,0.0,12.0,114.0,0.0,7.333333333333333,4.857142857142857,15.285714285714286,31.866666666666667,8.78310065653653,50.38043772881621,8.462769000238344,26.34712035899326,0.0,0.0,6
2024-03-19,0.0,8200.0,4420.0,3,19,0,0,0.0,2800.0,0.0,8420.0,0.0,10800.0,59800.0,0.0,20000.0,0,1,0,0,0,0,0,0.0,0.0,2800.0,0.0,0.0,0.0,0.0,400.0,2771.428571428572,1293.3333333333333,1058.3005244258252,4833.998368833512,687.7402351847365,1385.1701697973874,0.0,0.0,7
2024-03-19,380.0,0.0,0.0,3,19,0,0,470.0,600.0,400.0,0.0,0.0,70.0,0.0,0.0,0.0,0,1,0,0,0,0,0,70.0,410.0,600.0,0.0,880.0,430.0,316.6666666666667,382.8571428571428,502.8571428571428,514.3333333333334,216.69596871456253,359.5273078049444,392.79316902731193,502.4000679111476,0.0,0.0,8
2024-03-20,2742.0,2810.0,370.0,3,20,0,0,3060.0,752.8,2076.0,1713.0,420.0,1514.0,914.0,1728.0,2814.0,0,0,1,0,0,0,0,2584.0,718.0,752.8,3105.8,781.0,2060.0,2120.6666666666665,1518.2571428571428,1618.814285714286,2087.9,948.4084543014554,1505.348367287968,1903.316232426337,1968.444670702229,0.0,0.0,0
2024-03-20,372.0,510.0,4376.0,3,20,0,0,0.0,0.0,540.0,0.0,350.0,265.0,130.0,545.0,382.0,0,0,1,0,0,0,0,0.0,90.0,0.0,562.0,792.0,899.5,30.0,12.857142857142858,398.57142857142856,559.5666666666667,34.01680257080177,661.4131388397763,78.72692591705288,436.8453618253985,0.0,0.0,1
2024-03-20,0.0,12485.5,1136.0,3,20,0,0,0.0,280.0,2180.0,1622.0,2564.0,1426.0,13550.0,7590.0,31216.7,0,0,1,0,0,0,0,580.0,0.0,280.0,330.0,560.0,908.0,193.33333333333331,232.57142857142856,386.9285714285714,465.0,237.1208251383372,473.4290173645449,255.6842615218005,387.2883981690394,0.0,0.0,2
2024-03-20,0.0,0.0,0.0,3,20,0,0,0.0,0.0,0.0,0.0,0.0,0.0,0.0,0.0,0.0,0,0,1,0,0,0,0,0.0,0.0,0.0,0.0,0.0,0.0,0.0,0.0,0.0,0.0,0.0,0.0,0.0,0.0,0.0,0.0,3
2024-03-20,22630.0,24950.0,510.0,3,20,0,0,21914.0,14894.0,29224.0,882.0,670.0,2404.0,27564.0,15970.0,4076.0,0,0,1,0,0,0,0,17556.0,17118.0,14894.0,29210.0,31990.0,32451.0,18862.666666666668,16181.714285714286,19136.714285714286,24894.63333333333,3001.045912915785,6554.377239589595,18165.94666079651,22649.21596032543,0.0,0.0,4
2024-03-20,0.0,56.0,0.0,3,20,0,0,0.0,12.0,106.0,20.0,0.0,24.0,0.0,56.0,402.0,0,0,1,0,0,0,0,0.0,22.0,12.0,0.0,10.0,0.0,7.333333333333333,4.857142857142857,14.428571428571429,30.666666666666668,8.78310065653653,50.7062761084031,6.347076750178758,24.647306142284016,0.0,0.0,6
2024-03-20,0.0,11450.0,8940.0,3,20,0,0,0.0,0.0,0.0,4420.0,2400.0,47560.0,8200.0,0.0,0.0,0,0,1,0,0,0,0,0.0,0.0,0.0,0.0,0.0,0.0,0.0,0.0,2771.428571428572,1293.3333333333333,0.0,4833.998368833512,515.8051763885524,1295.8043523911044,0.0,0.0,7
2024-03-20,180.0,0.0,1160.0,3,20,0,0,380.0,150.0,630.0,0.0,70.0,140.0,0.0,0.0,0.0,0,0,1,0,0,0,0,470.0,70.0,150.0,680.0,1150.0,370.0,306.6666666666667,351.42857142857144,530.0,513.6666666666666,194.80148625618563,359.76508938504566,389.594876770484,494.5032893362349,0.0,0.0,8
2024-03-21,4150.0,1868.0,450.0,3,21,0,0,2742.0,854.0,1826.0,370.0,670.0,80.0,2810.0,2696.0,3894.0,0,0,0,1,0,0,0,3060.0,2584.0,854.0,1212.0,1036.0,3184.0,2795.333333333333,1802.4285714285716,1592.8285714285714,2110.1,978.3676638740088,1510.0703055110405,2112.9871743197527,2018.351466140795,0.0,0.0,0
2024-03-21,210.0,380.0,0.0,3,21,0,0,372.0,0.0,324.0,4376.0,604.0,560.0,510.0,514.0,134.0,0,0,0,1,0,0,0,0.0,0.0,0.0,3106.0,304.0,260.0,124.0,66.0,385.0,553.9666666666667,139.03956271507124,662.2951333643944,152.04519443778966,432.6617900947277,0.0,0.0,1
2024-03-21,0.0,9544.0,5053.0,3,21,0,0,0.0,0.0,100.0,1136.0,1456.0,2746.0,12485.5,13421.0,25142.8,0,0,0,1,0,0,0,0.0,580.0,0.0,590.0,624.0,690.0,193.33333333333331,192.57142857142856,363.3571428571428,392.3333333333333,250.9972490837684,353.1387666424446,191.7631961413504,362.3020499000691,0.0,0.0,2
2024-03-21,0.0,0.0,0.0,3,21,0,0,0.0,0.0,0.0,0.0,0.0,0.0,0.0,0.0,0.0,0,0,0,1,0,0,0,0.0,0.0,0.0,0.0,0.0,0.0,0.0,0.0,0.0,0.0,0.0,0.0,0.0,0.0,0.0,0.0,3
2024-03-21,23850.0,33412.0,518.0,3,21,0,0,22630.0,12918.0,31296.0,510.0,1442.0,420.0,24950.0,13265.0,4107.0,0,0,0,1,0,0,0,21914.0,17556.0,12918.0,25120.0,30688.0,32594.0,20700.0,17286.85714285714,18666.714285714286,24674.83333333333,3772.939942475067,6514.630103471495,19281.959995597383,22647.9762209496,0.0,0.0,4
2024-03-21,0.0,950.0,0.0,3,21,0,0,0.0,0.0,960.0,0.0,0.0,1242.0,220.0,320.0,360.0,0,0,0,1,0,0,0,0.0,0.0,0.0,0.0,0.0,0.0,0.0,0.0,182.28571428571428,250.4,0.0,429.7866030228621,41.577369761247326,197.2441257491354,0.0,0.0,5
2024-03-21,7380.0,52800.0,0.0,3,21,0,0,0.0,0.0,0.0,8940.0,5900.0,0.0,11450.0,8000.0,12300.0,0,0,0,1,0,0,0,0.0,0.0,0.0,0.0,0.0,0.0,0.0,0.0,2771.428571428572,1293.3333333333333,0.0,4833.998368833512,386.8538822914143,1212.2040715916785,0.0,0.0,7
2024-03-21,140.0,0.0,340.0,3,21,0,0,180.0,650.0,430.0,1160.0,140.0,0.0,0.0,70.0,0.0,0,0,0,1,0,0,0,380.0,470.0,650.0,270.0,720.0,280.0,343.3333333333333,355.7142857142857,494.2857142857143,498.6666666666667,189.89972291160564,364.10242338199794,337.19615757786295,474.2127545403488,0.0,0.0,8
2024-03-22,416.0,1442.0,210.0,3,22,1,0,4150.0,1060.0,2060.0,450.0,610.0,584.0,1868.0,3346.0,2820.0,0,0,0,0,1,0,0,2742.0,3060.0,1060.0,1842.0,2372.0,834.0,3317.333333333333,2273.285714285714,1802.685714285714,2187.5666666666666,1211.2561956203035,1553.9660512719531,2622.2403807398146,2155.877178002679,0.0,0.0,0
2024-03-22,90.0,175.0,182.5,3,22,1,0,210.0,0.0,899.5,0.0,1906.0,322.0,380.0,0.0,904.0,0,0,0,0,1,0,0,372.0,0.0,0.0,1050.0,438.0,1083.5,194.0,96.0,178.14285714285714,550.1666666666666,144.95516548229085,663.9849828657757,166.53389582834225,418.2965133144227,0.0,0.0,1
2024-03-22,521.0,7165.5,2203.5,3,22,1,0,0.0,440.0,908.0,5053.0,1894.0,1877.0,9544.0,10808.8,27613.8,0,0,0,0,1,0,0,0.0,0.0,440.0,1643.0,154.0,600.0,0.0,192.57142857142856,321.2142857142857,389.0,250.9972490837684,356.4497352967221,143.8223971060128,338.92772410006467,0.0,0.0,2
2024-03-22,0.0,0.0,0.0,3,22,1,0,0.0,0.0,0.0,0.0,0.0,0.0,0.0,0.0,0.0,0,0,0,0,1,0,0,0.0,0.0,0.0,0.0,0.0,0.0,0.0,0.0,0.0,0.0,0.0,0.0,0.0,0.0,0.0,0.0,3
2024-03-22,12051.0,15275.0,669.0,3,22,1,0,23850.0,14500.0,32451.0,518.0,570.0,1069.0,33412.0,37984.0,7970.0,0,0,0,0,1,0,0,22630.0,21914.0,14500.0,25050.0,30976.0,32146.0,22798.0,18848.571428571428,18576.0,24426.63333333333,3922.705820270095,6394.405315874004,20423.96999669804,22725.526142178656,0.0,0.0,4
2024-03-22,0.0,435.0,0.0,3,22,1,0,0.0,0.0,0.0,0.0,0.0,150.0,950.0,598.0,412.0,0,0,0,0,1,0,0,0.0,0.0,0.0,1066.0,0.0,0.0,0.0,0.0,182.28571428571428,218.4,0.0,410.4340511517384,31.18302732093549,184.51869828144928,0.0,0.0,5
2024-03-22,0.0,16.0,0.0,3,22,1,0,0.0,0.0,0.0,0.0,0.0,64.0,56.0,12.0,236.0,0,0,0,0,1,0,0,0.0,0.0,0.0,0.0,12.0,32.0,0.0,3.142857142857143,14.428571428571429,27.133333333333333,8.31521840620271,48.93819700843896,4.760307562634068,23.057157358910857,0.0,0.0,6
2024-03-22,0.0,35700.0,0.0,3,22,1,0,7380.0,0.0,0.0,0.0,0.0,26900.0,52800.0,32700.0,0.0,0,0,0,0,1,0,0,0.0,0.0,0.0,24000.0,0.0,0.0,2460.0,1054.2857142857142,3298.5714285714284,1539.3333333333333,2789.3778108080933,4952.247788723777,2135.1404117185607,1610.1263895535058,0.0,0.0,7
2024-03-22,110.0,0.0,465.0,3,22,1,0,140.0,330.0,370.0,340.0,140.0,140.0,0.0,0.0,0.0,0,0,0,0,1,0,0,180.0,380.0,330.0,1550.0,80.0,0.0,233.33333333333331,282.85714285714283,485.0,489.0,152.28419547174306,369.7935118134312,287.8971181833972,452.6506413441973,0.0,0.0,8
2024-03-23,87.0,891.5,445.0,3,23,1,0,416.0,1599.0,3184.0,210.0,540.0,3398.0,1442.0,3208.0,3876.0,0,0,0,0,0,1,0,4150.0,2742.0,1599.0,3132.0,1944.0,4318.0,2436.0,2181.285714285714,1700.8285714285714,2132.766666666667,1336.727934707946,1587.2508022349216,2070.680285554861,2043.6270374863773,0.0,0.0,0
2024-03-23,0.0,0.0,35.0,3,23,1,0,90.0,0.0,260.0,182.5,202.0,2334.0,175.0,60.0,162.0,0,0,0,0,0,1,0,210.0,372.0,0.0,270.0,1129.0,668.0,224.0,108.85714285714286,109.57142857142856,523.1833333333333,138.88535868528845,665.7451682310497,147.4004218712567,397.116093100589,0.0,0.0,1
2024-03-23,64.0,10519.25,1211.0,3,23,1,0,521.0,328.0,690.0,2203.5,1868.0,2198.0,7165.5,6197.0,32251.7,0,0,0,0,0,1,0,0.0,0.0,328.0,0.0,324.0,400.0,173.66666666666666,204.14285714285717,241.07142857142856,376.1,265.7394893320833,343.79758980920803,238.1167978295096,350.6743225452218,0.0,0.0,2
2024-03-23,0.0,0.0,0.0,3,23,1,0,0.0,0.0,0.0,0.0,0.0,0.0,0.0,0.0,0.0,0,0,0,0,0,1,0,0.0,0.0,0.0,0.0,0.0,0.0,0.0,0.0,0.0,0.0,0.0,0.0,0.0,0.0,0.0,0.0,3
2024-03-23,15614.0,22651.0,1092.0,3,23,1,0,12051.0,14372.0,32594.0,669.0,300.0,2204.0,15275.0,56794.4,2805.0,0,0,0,0,0,1,0,23850.0,22630.0,14372.0,18474.0,30478.0,30656.0,19510.33333333333,18498.714285714286,17647.5,23746.63333333333,4449.079107496497,6593.251515798125,18330.727497523527,22036.847036231648,0.0,0.0,4
2024-03-23,0.0,220.0,0.0,3,23,1,0,0.0,0.0,0.0,0.0,0.0,890.0,435.0,950.0,1154.0,0,0,0,0,0,1,0,0.0,0.0,0.0,38.0,70.0,0.0,0.0,0.0,106.14285714285714,218.4,0.0,410.4340511517384,23.38727049070162,172.614266134259,0.0,0.0,5
2024-03-23,0.0,30840.0,17725.0,3,23,1,0,0.0,0.0,0.0,0.0,0.0,0.0,35700.0,0.0,82260.0,0,0,0,0,0,1,0,7380.0,0.0,0.0,12000.0,0.0,0.0,2460.0,1054.2857142857142,1584.2857142857142,1539.3333333333333,2789.3778108080933,4952.247788723777,1601.3553087889204,1506.247267646828,0.0,0.0,7
2024-03-23,180.0,70.0,55.0,3,23,1,0,110.0,410.0,280.0,465.0,40.0,210.0,0.0,0.0,0.0,0,0,0,0,0,1,0,140.0,180.0,410.0,900.0,370.0,800.0,143.33333333333334,251.42857142857144,382.1428571428572,480.3333333333333,163.2409845829745,375.6785431936351,243.4228386375479,430.5441483542492,0.0,0.0,8
2024-03-24,440.0,738.0,108.75,3,24,0,0,87.0,718.0,834.0,445.0,360.0,1757.5,891.5,880.0,7380.0,0,0,0,0,0,0,1,416.0,4150.0,718.0,713.8,7984.0,1754.0,1551.0,1965.2857142857144,1483.3285714285714,2029.5333333333333,1551.4205011629087,1616.9569574663549,1574.7602141661455,1917.393035067901,0.0,0.0,0
2024-03-24,241.0,30.0,87.5,3,24,0,0,0.0,90.0,1083.5,35.0,0.0,958.0,0.0,610.0,1146.0,0,0,0,0,0,0,1,90.0,210.0,90.0,502.0,709.0,580.0,100.0,108.85714285714286,90.28571428571428,514.5166666666667,138.88535868528845,670.9613340436312,110.55031640344252,371.4956999973252,0.0,0.0,1
2024-03-24,0.0,3936.0,560.0,3,24,0,0,64.0,0.0,600.0,1211.0,3630.0,6234.0,10519.25,11544.0,21702.8,0,0,0,0,0,0,1,521.0,0.0,0.0,244.0,0.0,540.0,195.0,166.42857142857142,245.64285714285717,355.2333333333333,263.9595026658811,343.0852596692236,194.58759837213225,332.17920496165914,0.0,0.0,2
2024-03-24,0.0,0.0,0.0,3,24,0,0,0.0,0.0,0.0,0.0,0.0,0.0,0.0,0.0,0.0,0,0,0,0,0,0,1,0.0,0.0,0.0,0.0,0.0,0.0,0.0,0.0,0.0,0.0,0.0,0.0,0.0,0.0,0.0,0.0,3
2024-03-24,11999.0,11974.0,99.0,3,24,0,0,15614.0,17118.0,32146.0,1092.0,0.0,1796.0,22651.0,34857.4,16964.0,0,0,0,0,0,0,1,12051.0,23850.0,17118.0,15310.0,29210.0,26406.0,17171.666666666668,18676.14285714286,17443.214285714286,23180.63333333333,4278.575870098648,6536.136022322242,17651.545623142643,21622.469808087677,0.0,0.0,4
2024-03-24,0.0,70.0,0.0,3,24,0,0,0.0,0.0,0.0,0.0,0.0,154.0,220.0,400.0,2358.0,0,0,0,0,0,0,1,0.0,0.0,0.0,500.0,172.0,0.0,0.0,0.0,103.42857142857144,218.4,0.0,410.4340511517384,17.540452868026215,161.47786186753262,0.0,0.0,5
2024-03-24,29.0,0.0,0.0,3,24,0,0,0.0,0.0,0.0,0.0,0.0,0.0,16.0,32.0,434.0,0,0,0,0,0,0,1,0.0,0.0,0.0,168.0,0.0,12.0,0.0,3.142857142857143,14.428571428571429,27.133333333333333,8.31521840620271,48.93819700843896,3.570230671975551,21.56959881962629,0.0,0.0,6
2024-03-24,0.0,44375.0,0.0,3,24,0,0,0.0,0.0,0.0,17725.0,0.0,0.0,30840.0,18900.0,37390.0,0,0,0,0,0,0,1,0.0,7380.0,0.0,0.0,0.0,0.0,2460.0,1054.2857142857142,727.1428571428571,1539.3333333333333,2789.3778108080933,4952.247788723777,1201.0164815916903,1409.0700245728392,0.0,0.0,7
2024-03-24,315.0,125.0,0.0,3,24,0,0,180.0,70.0,0.0,55.0,210.0,180.0,70.0,0.0,0.0,0,0,0,0,0,0,1,110.0,140.0,70.0,780.0,800.0,110.0,143.33333333333334,218.57142857142856,330.7142857142857,477.0,148.48440674905538,377.9541114273366,227.56712897816087,414.38000975074925,0.0,0.0,8
2024-03-25,155.0,917.0,277.0,3,25,0,0,440.0,2584.0,4318.0,108.75,270.0,1220.0,738.0,1419.0,3912.0,1,0,0,0,0,0,0,87.0,416.0,2584.0,426.0,1274.0,3608.0,314.3333333333333,1925.571428571429,1463.7714285714285,2016.4,1591.70598804583,1628.560671902943,1291.0701606246091,1822.077355386101,0.0,0.0,0
2024-03-25,120.0,111.0,0.0,3,25,0,0,241.0,0.0,668.0,87.5,375.0,540.0,30.0,0.0,1006.0,1,0,0,0,0,0,0,0.0,90.0,0.0,0.0,1910.0,724.0,110.33333333333331,130.42857142857142,71.64285714285714,486.4333333333333,146.9601500893496,663.9197439727046,143.1627373025819,363.076622578143,0.0,0.0,1
2024-03-25,190.0,4618.5,962.5,3,25,0,0,0.0,580.0,400.0,560.0,1986.0,2574.0,3936.0,11285.2,26279.6,1,0,0,0,0,0,0,64.0,521.0,580.0,248.0,0.0,542.0,195.0,166.42857142857142,228.2142857142857,335.2333333333333,263.9595026658811,345.8022838852133,145.94069877909916,310.7482885125199,0.0,0.0,2
2024-03-25,0.0,0.0,0.0,3,25,0,0,0.0,0.0,0.0,0.0,0.0,0.0,0.0,0.0,0.0,1,0,0,0,0,0,0,0.0,0.0,0.0,0.0,0.0,0.0,0.0,0.0,0.0,0.0,0.0,0.0,0.0,0.0,0.0,0.0,3
2024-03-25,12848.0,10795.0,180.0,3,25,0,0,11999.0,17556.0,30656.0,99.0,818.0,3344.0,11974.0,16813.4,11342.0,1,0,0,0,0,0,0,15614.0,12051.0,17556.0,22438.0,27066.0,27096.0,13221.333333333334,17944.85714285714,17206.714285714286,22509.066666666666,4970.751868968826,6617.719734029275,16238.409217356982,21001.60078821105,0.0,0.0,4
2024-03-25,0.0,290.0,0.0,3,25,0,0,0.0,0.0,0.0,0.0,0.0,1170.0,70.0,567.0,488.0,1,0,0,0,0,0,0,0.0,0.0,0.0,948.0,1316.0,474.0,0.0,0.0,67.71428571428571,218.4,0.0,410.4340511517384,13.15533965101966,151.05993529543375,0.0,0.0,5
2024-03-25,0.0,30.0,0.0,3,25,0,0,29.0,0.0,32.0,0.0,34.0,0.0,0.0,32.0,330.0,1,0,0,0,0,0,0,0.0,0.0,0.0,0.0,184.0,0.0,9.666666666666666,7.285714285714286,4.5,28.1,12.60574321112235,48.66943386873789,9.927673003981663,22.04897954094072,0.0,0.0,6
2024-03-25,0.0,0.0,6900.0,3,25,0,0,0.0,0.0,0.0,0.0,8420.0,0.0,44375.0,59800.0,64390.0,1,0,0,0,0,0,0,0.0,0.0,0.0,0.0,0.0,0.0,0.0,1054.2857142857142,727.1428571428571,1539.3333333333333,2789.3778108080933,4952.247788723777,900.7623611937676,1318.162281052011,0.0,0.0,7
2024-03-25,0.0,0.0,140.0,3,25,0,0,315.0,470.0,800.0,0.0,0.0,140.0,125.0,0.0,90.0,1,0,0,0,0,0,0,180.0,110.0,470.0,180.0,540.0,830.0,201.66666666666663,253.57142857142856,297.5,487.5,135.9753128854116,368.5029125417113,249.4253467336207,407.9683962184429,0.0,0.0,8
2024-03-26,340.5,1152.0,132.0,3,26,0,0,155.0,3060.0,1754.0,277.0,1713.0,1724.0,917.0,914.0,6188.0,0,1,0,0,0,0,0,440.0,87.0,3060.0,1604.0,1639.8,3282.8,227.33333333333331,1578.571428571429,1444.4142857142856,1877.6333333333332,1686.20380906766,1602.8406654594753,1007.0526204684568,1714.5239776192564,0.0,0.0,0
2024-03-26,120.0,75.0,165.0,3,26,0,0,120.0,0.0,580.0,0.0,0.0,352.0,111.0,130.0,1252.0,0,1,0,0,0,0,0,241.0,0.0,0.0,0.0,82.0,764.0,120.33333333333331,147.57142857142858,80.21428571428571,468.1666666666667,135.7839670737463,666.2864188575534,137.3720529769364,347.39425983116604,0.0,0.0,1
2024-03-26,680.0,6047.0,1195.0,3,26,0,0,190.0,0.0,540.0,962.5,1622.0,3956.0,4618.5,13550.0,26530.6,0,1,0,0,0,0,0,0.0,64.0,0.0,734.0,596.0,315.0,84.66666666666667,110.71428571428572,224.07142857142856,328.2333333333333,194.0074863553081,346.57065591337886,156.95552408432437,302.95807635042183,0.0,0.0,2
2024-03-26,0.0,0.0,0.0,3,26,0,0,0.0,0.0,0.0,0.0,0.0,0.0,0.0,0.0,0.0,0,1,0,0,0,0,0,0.0,0.0,0.0,0.0,0.0,0.0,0.0,0.0,0.0,0.0,0.0,0.0,0.0,0.0,0.0,0.0,3
2024-03-26,14288.0,13767.0,606.0,3,26,0,0,12848.0,21914.0,26406.0,180.0,882.0,2282.0,10795.0,27564.0,6756.0,0,1,0,0,0,0,0,11999.0,15614.0,21914.0,19040.0,27896.0,28752.0,13487.0,17272.285714285714,16521.714285714286,21915.466666666667,5337.142203910425,6660.29169255256,15390.806913017735,20475.562027681302,0.0,0.0,4
2024-03-26,0.0,20.0,0.0,3,26,0,0,0.0,0.0,0.0,0.0,0.0,80.0,290.0,240.0,1762.0,0,1,0,0,0,0,0,0.0,0.0,0.0,0.0,0.0,1210.0,0.0,0.0,0.0,218.4,0.0,410.4340511517384,9.866504738264746,141.314133018309,0.0,0.0,5
2024-03-26,6.0,16.0,0.0,3,26,0,0,0.0,22.0,12.0,0.0,0.0,0.0,30.0,0.0,170.0,0,1,0,0,0,0,0,29.0,0.0,22.0,0.0,64.0,50.0,9.666666666666666,7.285714285714286,4.5,27.03333333333333,12.60574321112235,48.93097413586878,7.445754752986248,20.62646473184777,0.0,0.0,6
2024-03-26,6900.0,0.0,0.0,3,26,0,0,0.0,0.0,0.0,6900.0,4420.0,51000.0,0.0,8200.0,57800.0,0,1,0,0,0,0,0,0.0,0.0,0.0,2800.0,0.0,0.0,0.0,1054.2857142857142,727.1428571428571,1539.3333333333333,2789.3778108080933,4952.247788723777,675.5717708953257,1233.119553242204,0.0,0.0,7
2024-03-26,165.0,0.0,285.0,3,26,0,0,0.0,380.0,110.0,140.0,0.0,500.0,0.0,0.0,0.0,0,1,0,0,0,0,0,315.0,180.0,380.0,600.0,0.0,880.0,165.0,186.42857142857144,284.6428571428572,460.8333333333333,127.040488484127,374.0138374107469,187.06901005021552,381.6478545269305,0.0,0.0,8
2024-03-27,251.0,1647.0,1392.0,3,27,0,0,340.5,2742.0,3608.0,132.0,370.0,728.0,1152.0,2810.0,6684.0,0,0,1,0,0,0,0,155.0,440.0,2742.0,752.8,3105.8,781.0,311.8333333333333,1190.071428571429,1354.1642857142856,1830.5166666666669,1599.0290915784756,1627.190746524424,840.4144653513426,1625.877269385756,0.0,0.0,0
2024-03-27,770.0,110.0,35.0,3,27,0,0,120.0,372.0,724.0,165.0,4376.0,576.0,75.0,510.0,194.0,0,0,1,0,0,0,0,120.0,241.0,372.0,0.0,562.0,792.0,160.33333333333334,164.71428571428572,88.78571428571429,452.8333333333333,120.79557702403672,668.9118844776211,133.0290397327023,332.72366242270374,0.0,0.0,1
2024-03-27,80.0,7240.6,1148.0,3,27,0,0,680.0,0.0,542.0,1195.0,1136.0,3304.0,6047.0,12485.5,22042.2,0,0,1,0,0,0,0,190.0,0.0,0.0,280.0,330.0,560.0,290.0,207.8571428571429,220.2142857142857,332.9,280.3583591117086,350.44143098629746,287.7166430632433,327.28336174716884,0.0,0.0,2
2024-03-27,0.0,0.0,0.0,3,27,0,0,0.0,0.0,0.0,0.0,0.0,0.0,0.0,0.0,0.0,0,0,1,0,0,0,0,0.0,0.0,0.0,0.0,0.0,0.0,0.0,0.0,0.0,0.0,0.0,0.0,0.0,0.0,0.0,0.0,3
2024-03-27,14291.0,31540.0,854.0,3,27,0,0,14288.0,22630.0,27096.0,606.0,510.0,1440.0,13767.0,24950.0,7332.0,0,0,1,0,0,0,0,12848.0,11999.0,22630.0,14894.0,29210.0,31990.0,13045.0,16182.857142857143,16182.285714285714,21511.533333333333,4999.38310956366,6745.480150765207,15115.105184763304,20076.36447750832,0.0,0.0,4
2024-03-27,0.0,70.0,0.0,3,27,0,0,0.0,0.0,474.0,0.0,0.0,660.0,20.0,220.0,1456.0,0,0,1,0,0,0,0,0.0,0.0,0.0,0.0,758.0,0.0,0.0,0.0,0.0,218.4,0.0,410.4340511517384,7.39987855369856,132.1970921784181,0.0,0.0,5
2024-03-27,68.0,0.0,0.0,3,27,0,0,6.0,0.0,0.0,0.0,0.0,0.0,16.0,32.0,250.0,0,0,1,0,0,0,0,0.0,29.0,0.0,0.0,72.0,50.0,11.666666666666666,5.0,4.928571428571429,26.83333333333333,10.816653826391748,49.00674361289712,7.084316064739686,19.68282184592211,0.0,0.0,6
2024-03-27,0.0,9600.0,4560.0,3,27,0,0,6900.0,0.0,0.0,0.0,8940.0,42000.0,0.0,11450.0,49200.0,0,0,1,0,0,0,0,0.0,0.0,0.0,0.0,0.0,0.0,2300.0,2040.0,1020.0,1769.3333333333333,3486.7176541842305,5037.782033404378,2231.6788281714944,1598.72474335561,0.0,0.0,7
2024-03-27,0.0,0.0,130.0,3,27,0,0,165.0,180.0,830.0,285.0,1160.0,80.0,0.0,0.0,0.0,0,0,1,0,0,0,0,0.0,315.0,180.0,150.0,680.0,1150.0,160.0,155.71428571428572,253.57142857142856,462.6666666666667,94.1819414497174,372.3659984230693,181.55175753766164,367.67057358970914,0.0,0.0,8
2024-03-28,66.0,1296.0,477.0,3,28,0,0,251.0,4150.0,3282.8,1392.0,450.0,3801.8,1647.0,1868.0,4570.0,0,0,0,1,0,0,0,340.5,155.0,4150.0,854.0,1212.0,1036.0,248.83333333333331,834.2142857142857,1318.321428571429,1718.6166666666666,1467.895144334875,1616.131178971459,693.060849013507,1537.175510070546,0.0,0.0,0
2024-03-28,0.0,450.0,76.0,3,28,0,0,770.0,210.0,764.0,35.0,0.0,758.0,110.0,380.0,1165.0,0,0,0,1,0,0,0,120.0,120.0,210.0,0.0,3106.0,304.0,336.6666666666667,221.57142857142856,143.78571428571428,454.3666666666667,254.4024745312392,669.6072695261745,292.2717797995267,360.9350390405938,0.0,0.0,1
2024-03-28,794.0,5441.05,760.0,3,28,0,0,80.0,0.0,315.0,1148.0,5053.0,9043.5,7240.6,9544.0,23828.2,0,0,0,1,0,0,0,680.0,190.0,0.0,0.0,590.0,624.0,316.6666666666667,219.28571428571428,205.92857142857144,317.5,271.9783779921454,351.08636819311886,235.7874822974325,311.329596473158,0.0,0.0,2
2024-03-28,0.0,0.0,0.0,3,28,0,0,0.0,0.0,0.0,0.0,0.0,0.0,0.0,0.0,0.0,0,0,0,1,0,0,0,0.0,0.0,0.0,0.0,0.0,0.0,0.0,0.0,0.0,0.0,0.0,0.0,0.0,0.0,0.0,0.0,3
2024-03-28,13513.0,25440.0,235.0,3,28,0,0,14291.0,23850.0,28752.0,854.0,518.0,2700.0,31540.0,33412.0,5526.0,0,0,0,1,0,0,0,14288.0,12848.0,23850.0,12918.0,25120.0,30688.0,13809.0,14991.57142857143,16139.214285714286,21084.7,4123.961075517187,6784.94226413061,14909.078888572476,19703.11515637875,0.0,0.0,4
2024-03-28,0.0,410.0,0.0,3,28,0,0,0.0,0.0,1210.0,0.0,0.0,1278.0,70.0,950.0,642.0,0,0,0,1,0,0,0,0.0,0.0,0.0,0.0,0.0,0.0,0.0,0.0,0.0,202.6,0.0,409.3773741705309,5.54990891527392,123.66824752174595,0.0,0.0,5
2024-03-28,29.0,53.0,38.0,3,28,0,0,68.0,0.0,50.0,0.0,20.0,132.0,0.0,0.0,186.0,0,0,0,1,0,0,0,6.0,0.0,0.0,0.0,12.0,114.0,24.666666666666668,14.714285714285714,9.785714285714286,29.1,25.772816982978227,49.29457548669829,22.313237048554765,22.8000591461852,0.0,0.0,6
2024-03-28,0.0,8975.0,0.0,3,28,0,0,0.0,7380.0,0.0,4560.0,0.0,50440.0,9600.0,52800.0,0.0,0,0,0,1,0,0,0,6900.0,0.0,7380.0,0.0,0.0,0.0,2300.0,2040.0,1020.0,1769.3333333333333,3486.7176541842305,5037.782033404378,1673.7591211286208,1495.5812115262158,0.0,0.0,7
2024-03-28,450.0,35.0,60.0,3,28,0,0,0.0,140.0,880.0,130.0,340.0,510.0,0.0,0.0,0.0,0,0,0,1,0,0,0,165.0,0.0,140.0,650.0,270.0,720.0,55.0,130.0,242.8571428571429,435.0,109.73452814254308,374.9574688525032,136.16381815324624,343.94989142263114,0.0,0.0,8
2024-03-29,1021.0,710.0,842.0,3,29,1,0,66.0,416.0,781.0,477.0,210.0,2582.0,1296.0,1442.0,3925.0,0,0,0,0,1,0,0,251.0,340.5,416.0,1060.0,1842.0,2372.0,219.16666666666663,250.78571428571428,1262.0357142857142,1611.39,153.4562524909633,1615.4861043490364,536.2956367601303,1442.2609610337367,0.0,0.0,0
2024-03-29,90.0,30.0,451.0,3,29,1,0,0.0,90.0,792.0,76.0,182.5,1854.0,450.0,175.0,1008.0,0,0,0,0,1,0,0,770.0,120.0,90.0,0.0,1050.0,438.0,296.6666666666667,191.57142857142856,143.78571428571428,428.9,268.0123486849397,671.949369500719,219.20383484964503,337.6489074895878,0.0,0.0,1
2024-03-29,679.4,7565.9,2340.5,3,29,1,0,794.0,521.0,560.0,760.0,2203.5,2282.0,5441.05,7165.5,29599.4,0,0,0,0,1,0,0,80.0,680.0,521.0,440.0,1643.0,154.0,518.0,332.7142857142857,262.6428571428572,333.46666666666664,325.5716584131747,361.7002696397544,375.3406117230744,342.46962250714785,0.0,0.0,2
2024-03-29,0.0,0.0,0.0,3,29,1,0,0.0,0.0,0.0,0.0,0.0,0.0,0.0,0.0,0.0,0,0,0,0,1,0,0,0.0,0.0,0.0,0.0,0.0,0.0,0.0,0.0,0.0,0.0,0.0,0.0,0.0,0.0,0.0,0.0,3
2024-03-29,13438.0,14851.0,95.0,3,29,1,0,13513.0,12051.0,31990.0,235.0,669.0,3450.0,25440.0,15275.0,5307.0,0,0,0,0,1,0,0,14291.0,14288.0,12051.0,14500.0,25050.0,30976.0,14030.666666666666,13514.857142857143,16181.714285714286,20576.733333333334,1322.368509981387,6761.52923905342,14560.059166429355,19303.75288822528,0.0,0.0,4
2024-03-29,0.0,220.0,47.0,3,29,1,0,0.0,0.0,0.0,0.0,0.0,1182.0,410.0,435.0,80.0,0,0,0,0,1,0,0,0.0,0.0,0.0,0.0,1066.0,0.0,0.0,0.0,0.0,162.26666666666668,0.0,363.768298113846,4.16243168645544,115.68965090743978,0.0,0.0,5
2024-03-29,0.0,183.0,420.0,3,29,1,0,29.0,0.0,50.0,38.0,0.0,0.0,53.0,56.0,100.0,0,0,0,0,1,0,0,68.0,6.0,0.0,12.0,0.0,10.0,34.333333333333336,18.857142857142858,11.857142857142858,28.4,25.340537822683498,49.13640409000799,23.984927786416076,23.200055330302288,0.0,0.0,6
2024-03-29,0.0,18060.0,6250.0,3,29,1,0,0.0,0.0,0.0,0.0,0.0,59300.0,8975.0,35700.0,0.0,0,0,0,0,1,0,0,0.0,6900.0,0.0,0.0,24000.0,0.0,2300.0,985.7142857142856,1020.0,1769.3333333333333,2607.9548637636635,5037.782033404378,1255.3193408464656,1399.0921011051698,0.0,0.0,7
2024-03-29,20.0,0.0,70.0,3,29,1,0,450.0,110.0,1150.0,60.0,465.0,210.0,35.0,0.0,0.0,0,0,0,0,1,0,0,0.0,165.0,110.0,330.0,1550.0,80.0,205.0,174.28571428571428,228.57142857142856,420.6666666666667,163.7179630601704,365.45845873022455,214.6228636149347,350.79183391149365,0.0,0.0,8
2024-03-30,631.0,1101.0,477.0,3,30,1,0,1021.0,87.0,1036.0,842.0,445.0,220.0,710.0,891.5,6725.0,0,0,0,0,0,1,0,66.0,251.0,87.0,1599.0,3132.0,1944.0,446.0,337.2142857142857,1259.25,1619.39,330.38813754214954,1611.8222504786097,657.4717275700978,1415.0828345154314,0.0,0.0,0
2024-03-30,0.0,3415.0,0.0,3,30,1,0,90.0,0.0,304.0,451.0,35.0,394.0,30.0,0.0,485.0,0,0,0,0,0,1,0,0.0,770.0,0.0,0.0,270.0,1129.0,286.6666666666667,191.57142857142856,150.21428571428572,405.5,268.0123486849397,671.0914296104158,186.90287613723376,321.6715586192919,0.0,0.0,1
2024-03-30,432.0,6530.05,908.0,3,30,1,0,679.4,64.0,624.0,2340.5,1211.0,5162.0,7565.9,10519.25,28852.4,0,0,0,0,0,1,0,794.0,80.0,64.0,328.0,0.0,324.0,517.8000000000001,355.3428571428572,279.74285714285713,337.44666666666666,345.72063315699904,364.921473587205,451.35545879230574,364.2070662163641,0.0,0.0,2
2024-03-30,0.0,0.0,0.0,3,30,1,0,0.0,0.0,0.0,0.0,0.0,0.0,0.0,0.0,0.0,0,0,0,0,0,1,0,0.0,0.0,0.0,0.0,0.0,0.0,0.0,0.0,0.0,0.0,0.0,0.0,0.0,0.0,0.0,0.0,3
2024-03-30,14268.0,16063.0,352.0,3,30,1,0,13438.0,15614.0,30688.0,95.0,1092.0,780.0,14851.0,22651.0,4134.0,0,0,0,0,0,1,0,13513.0,14291.0,15614.0,14372.0,18474.0,30478.0,13747.333333333334,13713.0,16105.857142857143,19958.33333333333,1160.470881438472,6525.959706583672,14279.544374822017,18925.3172180172,0.0,0.0,4
2024-03-30,0.0,335.0,0.0,3,30,1,0,0.0,0.0,0.0,47.0,0.0,1078.0,220.0,220.0,37870.0,0,0,0,0,0,1,0,0.0,0.0,0.0,0.0,38.0,70.0,0.0,0.0,0.0,162.26666666666668,0.0,363.768298113846,3.12182376484158,108.22580246179852,0.0,0.0,5
2024-03-30,28.0,142.0,0.0,3,30,1,0,0.0,0.0,114.0,420.0,0.0,32.0,183.0,16.0,44.0,0,0,0,0,0,1,0,29.0,68.0,0.0,0.0,0.0,12.0,32.333333333333336,18.857142857142858,11.0,26.73333333333333,25.340537822683498,49.22638298320524,17.988695839812053,21.70327756705698,0.0,0.0,6
2024-03-30,0.0,10050.0,7125.0,3,30,1,0,0.0,0.0,0.0,6250.0,17725.0,0.0,18060.0,30840.0,138400.0,0,0,0,0,0,1,0,0.0,0.0,0.0,0.0,12000.0,0.0,0.0,985.7142857142856,1020.0,1769.3333333333333,2607.9548637636635,5037.782033404378,941.4895056348493,1308.8280945822555,0.0,0.0,7
2024-03-30,55.0,0.0,375.0,3,30,1,0,20.0,180.0,720.0,70.0,55.0,850.0,0.0,70.0,0.0,0,0,0,0,0,1,0,450.0,0.0,180.0,410.0,900.0,370.0,156.66666666666666,161.42857142857142,206.42857142857144,383.0,172.88518072491237,345.3773548473891,165.96714771120102,329.4504252720425,0.0,0.0,8
2024-03-31,607.0,1257.0,248.0,3,31,0,0,631.0,440.0,2372.0,477.0,108.75,1767.0,1101.0,738.0,6476.0,0,0,0,0,0,0,1,1021.0,66.0,440.0,718.0,713.8,7984.0,572.6666666666666,414.9285714285714,1190.107142857143,1605.89,325.66962151995585,1618.5589743178425,650.8537956775733,1364.4968451918553,0.0,0.0,0
2024-03-31,0.0,167.5,251.0,3,31,0,0,0.0,241.0,438.0,0.0,87.5,330.0,3415.0,30.0,967.0,0,0,0,0,0,0,1,90.0,0.0,241.0,90.0,502.0,709.0,30.0,191.57142857142856,150.21428571428572,395.3666666666667,268.0123486849397,674.9609175573686,140.17715710292532,300.9185548374021,0.0,0.0,1
2024-03-31,1085.75,8936.75,749.0,3,31,0,0,432.0,0.0,154.0,908.0,560.0,3426.0,6530.05,3936.0,29172.2,0,0,0,0,0,0,1,679.4,794.0,0.0,0.0,244.0,0.0,635.1333333333333,407.9142857142857,287.1714285714286,331.0466666666667,321.1401325930859,361.3891538297004,446.5165940942293,368.5808038798245,0.0,0.0,2
2024-03-31,0.0,0.0,0.0,3,31,0,0,0.0,0.0,0.0,0.0,0.0,0.0,0.0,0.0,0.0,0,0,0,0,0,0,1,0.0,0.0,0.0,0.0,0.0,0.0,0.0,0.0,0.0,0.0,0.0,0.0,0.0,0.0,0.0,0.0,3
2024-03-31,15120.0,8403.6,573.6,3,31,0,0,14268.0,11999.0,30976.0,352.0,99.0,1830.0,16063.0,11974.0,20770.0,0,0,0,0,0,0,1,13438.0,13513.0,11999.0,17118.0,15310.0,29210.0,13739.666666666666,13520.714285714286,16098.42857142857,19411.0,867.521702761275,6278.928323890261,14276.658281116514,18624.845139435445,0.0,0.0,4
2024-03-31,0.0,100.0,0.0,3,31,0,0,0.0,0.0,0.0,0.0,0.0,250.0,335.0,70.0,0.0,0,0,0,0,0,0,1,0.0,0.0,0.0,0.0,500.0,172.0,0.0,0.0,0.0,162.26666666666668,0.0,363.768298113846,2.341367823631185,101.24349262555344,0.0,0.0,5
2024-03-31,0.0,177.0,0.0,3,31,0,0,28.0,29.0,10.0,0.0,0.0,0.0,142.0,0.0,160.0,0,0,0,0,0,0,1,0.0,29.0,29.0,0.0,168.0,0.0,19.0,22.857142857142858,13.0,23.866666666666667,24.044601413682305,46.39168573944182,20.49152187985904,22.10951772402105,0.0,0.0,6
2024-03-31,0.0,0.0,80.0,3,31,0,0,55.0,315.0,80.0,375.0,0.0,250.0,0.0,125.0,70.0,0,0,0,0,0,0,1,20.0,450.0,315.0,70.0,780.0,800.0,175.0,143.57142857142858,181.07142857142856,360.8333333333333,177.05258836746486,344.34115834929366,138.22536078340076,311.7439462222333,0.0,0.0,8
2024-04-01,0.0,733.0,350.0,4,1,0,0,607.0,155.0,1944.0,248.0,277.0,3482.0,1257.0,917.0,9657.0,1,0,0,0,0,0,0,631.0,1021.0,155.0,2584.0,426.0,1274.0,753.0,438.7857142857143,1182.178571428571,1547.0566666666668,333.8270332001844,1621.8261026903638,639.8903467581799,1315.626080985929,0.0,0.0,0
2024-04-01,0.0,0.0,95.0,4,1,0,0,0.0,120.0,1129.0,251.0,0.0,1274.0,167.5,111.0,412.0,1,0,0,0,0,0,0,0.0,90.0,120.0,0.0,0.0,1910.0,30.0,157.14285714285714,143.78571428571428,380.76666666666665,275.9658363949085,678.7335408982157,105.132867827194,281.50445452531164,0.0,0.0,1
2024-04-01,0.0,7216.55,738.0,4,1,0,0,1085.75,190.0,324.0,749.0,962.5,2176.0,8936.75,4618.5,23477.9,1,0,0,0,0,0,0,432.0,679.4,190.0,580.0,248.0,0.0,732.3833333333333,563.0214285714286,364.725,362.105,352.00509449100167,384.9207035109688,606.324945570672,414.8497842746746,0.0,0.0,2
2024-04-01,0.0,0.0,0.0,4,1,0,0,0.0,0.0,0.0,0.0,0.0,0.0,0.0,0.0,0.0,1,0,0,0,0,0,0,0.0,0.0,0.0,0.0,0.0,0.0,0.0,0.0,0.0,0.0,0.0,0.0,0.0,0.0,0.0,0.0,3
2024-04-01,10887.0,26630.0,80.0,4,1,0,0,15120.0,12848.0,30478.0,573.6,180.0,14564.0,8403.6,10795.0,8896.0,1,0,0,0,0,0,0,14268.0,13438.0,12848.0,17556.0,22438.0,27066.0,14275.333333333334,13966.57142857143,15955.714285714286,18882.466666666667,749.0153218598874,5929.488893094664,14487.493710837383,18398.726098181545,0.0,0.0,4
2024-04-01,0.0,190.0,0.0,4,1,0,0,0.0,0.0,70.0,0.0,0.0,234.0,100.0,290.0,484.0,1,0,0,0,0,0,0,0.0,0.0,0.0,0.0,948.0,1316.0,0.0,0.0,0.0,162.26666666666668,0.0,363.768298113846,1.7560258677233889,94.71165439164676,0.0,0.0,5
2024-04-01,0.0,36.0,0.0,4,1,0,0,0.0,0.0,12.0,0.0,0.0,32.0,177.0,30.0,148.0,1,0,0,0,0,0,0,28.0,0.0,0.0,0.0,0.0,184.0,9.333333333333334,18.714285714285715,13.0,23.53333333333333,25.276565468923145,46.53047450296706,15.36864140989428,20.683097225697107,0.0,0.0,6
2024-04-01,0.0,25620.0,2160.0,4,1,0,0,0.0,0.0,0.0,7125.0,0.0,13960.0,10050.0,44375.0,43540.0,1,0,0,0,0,0,0,0.0,0.0,0.0,0.0,0.0,0.0,0.0,985.7142857142856,1020.0,1769.3333333333333,2607.9548637636635,5037.782033404378,706.1171292261369,1224.3875723511426,0.0,0.0,7
2024-04-01,0.0,0.0,35.0,4,1,0,0,0.0,0.0,370.0,80.0,140.0,140.0,0.0,0.0,0.0,1,0,0,0,0,0,0,55.0,20.0,0.0,470.0,180.0,540.0,25.0,98.57142857142856,176.07142857142858,358.1666666666667,165.89942449453815,346.8913258558406,103.66902058755056,291.6314335627344,0.0,0.0,8
2024-04-02,643.0,1610.0,231.0,4,2,0,0,0.0,340.5,7984.0,350.0,132.0,3586.0,733.0,1152.0,5489.0,0,1,0,0,0,0,0,607.0,631.0,340.5,3060.0,1604.0,1639.8,412.6666666666667,416.6428571428572,997.6071428571428,1482.256666666667,359.9095620529438,1644.1025896515243,479.91776006863495,1230.7469789868371,0.0,0.0,0
2024-04-02,240.0,0.0,35.0,4,2,0,0,0.0,120.0,709.0,95.0,165.0,574.0,0.0,75.0,335.0,0,1,0,0,0,0,0,0.0,0.0,120.0,0.0,0.0,82.0,0.0,140.0,143.78571428571428,343.1333333333333,282.3118842698594,667.0144357292908,78.8496508703955,263.3428768140012,0.0,0.0,1
2024-04-02,345.5,7638.05,1047.0,4,2,0,0,0.0,680.0,0.0,738.0,1195.0,3688.0,7216.55,6047.0,23091.4,0,1,0,0,0,0,0,1085.75,432.0,680.0,0.0,734.0,596.0,505.9166666666667,535.8785714285715,323.2964285714285,351.305,390.7549358369672,390.5311737192711,454.743709178004,388.0852820634053,0.0,0.0,2
2024-04-02,0.0,0.0,0.0,4,2,0,0,0.0,0.0,0.0,0.0,0.0,0.0,0.0,0.0,0.0,0,1,0,0,0,0,0,0.0,0.0,0.0,0.0,0.0,0.0,0.0,0.0,0.0,0.0,0.0,0.0,0.0,0.0,0.0,0.0,3
2024-04-02,9579.0,9960.0,0.0,4,2,0,0,10887.0,14288.0,29210.0,80.0,606.0,2517.0,26630.0,13767.0,5001.0,0,1,0,0,0,0,0,15120.0,14268.0,14288.0,21914.0,19040.0,27896.0,13425.0,13686.42857142857,15479.357142857143,18229.43333333333,1357.0397755338165,5682.046241927459,13587.37028312804,17914.098607976284,0.0,0.0,4
2024-04-02,0.0,520.0,0.0,4,2,0,0,0.0,0.0,172.0,0.0,0.0,348.6,190.0,20.0,280.0,0,1,0,0,0,0,0,0.0,0.0,0.0,0.0,0.0,0.0,0.0,0.0,0.0,159.93333333333334,0.0,364.6040775050844,1.3170194007925415,88.60122507605666,0.0,0.0,5
2024-04-02,0.0,12.0,0.0,4,2,0,0,0.0,6.0,0.0,0.0,0.0,64.0,36.0,16.0,214.0,0,1,0,0,0,0,0,0.0,28.0,6.0,22.0,0.0,64.0,9.333333333333334,18.714285714285715,13.0,23.133333333333333,25.276565468923145,46.68436446025023,11.52648105742071,19.34870385629729,0.0,0.0,6
2024-04-02,0.0,15525.0,2700.0,4,2,0,0,0.0,0.0,0.0,2160.0,6900.0,5600.0,25620.0,0.0,110500.0,0,1,0,0,0,0,0,0.0,0.0,0.0,0.0,0.0,0.0,0.0,985.7142857142856,1020.0,1769.3333333333333,2607.9548637636635,5037.782033404378,529.5878469196026,1145.3948257478432,0.0,0.0,7
2024-04-02,35.0,0.0,240.0,4,2,0,0,0.0,165.0,800.0,35.0,285.0,650.0,0.0,0.0,410.0,0,1,0,0,0,0,0,0.0,55.0,165.0,380.0,600.0,0.0,18.33333333333333,98.57142857142856,142.5,345.8333333333333,165.89942449453815,352.9801287103395,77.75176544066292,272.81650236513866,0.0,0.0,8
2024-04-03,374.0,1957.0,394.0,4,3,0,0,643.0,251.0,1274.0,231.0,1392.0,1164.0,1610.0,1647.0,6845.2,0,0,1,0,0,0,0,0.0,607.0,251.0,2742.0,752.8,3105.8,416.6666666666667,459.8571428571428,824.9642857142857,1237.5566666666668,367.3274781315375,1098.9723901283255,520.6883200514762,1192.8278190522026,0.0,0.0,0
2024-04-03,0.0,365.5,17.5,4,3,0,0,240.0,770.0,1910.0,35.0,35.0,1022.0,0.0,110.0,1903.0,0,0,1,0,0,0,0,0.0,0.0,770.0,372.0,0.0,562.0,80.0,157.14285714285714,160.92857142857142,327.5,284.5296871279716,663.631220296125,119.1372381527966,261.836884761485,0.0,0.0,1
2024-04-03,196.0,4937.7,1262.5,4,3,0,0,345.5,80.0,0.0,1047.0,1148.0,2028.0,7638.05,7240.6,31297.0,0,0,1,0,0,0,0,0.0,1085.75,80.0,0.0,280.0,330.0,477.0833333333333,488.0928571428572,347.975,362.82166666666666,390.6458780325341,384.86732234300047,427.432781883503,385.3378445109276,0.0,0.0,2
2024-04-03,0.0,0.0,0.0,4,3,0,0,0.0,0.0,0.0,0.0,0.0,0.0,0.0,0.0,0.0,0,0,1,0,0,0,0,0.0,0.0,0.0,0.0,0.0,0.0,0.0,0.0,0.0,0.0,0.0,0.0,0.0,0.0,0.0,0.0,3
2024-04-03,10358.0,21612.0,350.0,4,3,0,0,9579.0,14291.0,27066.0,0.0,854.0,2150.0,9960.0,31540.0,5176.0,0,0,1,0,0,0,0,10887.0,15120.0,14291.0,22630.0,14894.0,29210.0,11862.0,13013.714285714286,14598.285714285714,17575.066666666666,2016.2097868926787,5501.395170589746,12585.27771234603,17376.350310687492,0.0,0.0,4
2024-04-03,0.0,115.0,0.0,4,3,0,0,0.0,0.0,1316.0,0.0,0.0,128.0,520.0,70.0,55200.0,0,0,1,0,0,0,0,0.0,0.0,0.0,0.0,0.0,758.0,0.0,0.0,0.0,154.2,0.0,365.758295920247,0.9877645505944062,82.88501700663366,0.0,0.0,5
2024-04-03,0.0,25.0,0.0,4,3,0,0,0.0,68.0,184.0,0.0,0.0,206.0,12.0,0.0,106.0,0,0,1,0,0,0,0,0.0,0.0,68.0,0.0,0.0,72.0,0.0,17.857142857142858,11.428571428571429,23.133333333333333,25.87423796899507,46.68436446025023,8.644860793065533,18.10040038169747,0.0,0.0,6
2024-04-03,0.0,7400.0,2880.0,4,3,0,0,0.0,6900.0,0.0,2700.0,0.0,0.0,15525.0,0.0,46000.0,0,0,1,0,0,0,0,0.0,0.0,6900.0,0.0,2800.0,0.0,0.0,985.7142857142856,1020.0,1769.3333333333333,2607.9548637636635,5037.782033404378,397.19088518970193,1071.4983853770148,0.0,0.0,7
2024-04-03,70.0,0.0,55.0,4,3,0,0,35.0,0.0,540.0,240.0,130.0,510.0,0.0,0.0,0.0,0,0,1,0,0,0,0,0.0,0.0,0.0,180.0,150.0,680.0,11.666666666666666,80.0,117.85714285714286,320.3333333333333,164.49417416228837,346.61399909382783,67.0638240804972,257.4735022125491,0.0,0.0,8
2024-04-04,469.0,2338.25,928.0,4,4,0,0,374.0,66.0,1639.8,394.0,477.0,1768.0,1957.0,1296.0,5979.0,0,0,0,1,0,0,0,643.0,0.0,66.0,4150.0,854.0,1212.0,339.0,477.4285714285714,655.8214285714286,1207.5566666666668,358.5074881332578,1110.170398751635,484.0162400386072,1140.0002178230284,0.0,0.0,0
2024-04-04,265.0,30.0,0.0,4,4,0,0,0.0,0.0,82.0,17.5,76.0,312.0,365.5,450.0,1476.0,0,0,0,1,0,0,0,240.0,0.0,0.0,210.0,0.0,3106.0,80.0,47.142857142857146,134.35714285714286,263.8333333333333,91.41741003299654,594.6059885413156,89.35292861459746,244.94418251880856,0.0,0.0,1
2024-04-04,180.0,5038.4,840.5,4,4,0,0,196.0,794.0,596.0,1262.5,760.0,5502.0,4937.7,5441.05,81993.0,0,0,0,1,0,0,0,345.5,0.0,794.0,0.0,0.0,590.0,180.5,504.6642857142857,361.975,369.355,372.4874457775789,380.1302948921953,369.5745864126272,373.122499703771,0.0,0.0,2
2024-04-04,0.0,0.0,0.0,4,4,0,0,0.0,0.0,0.0,0.0,0.0,0.0,0.0,0.0,0.0,0,0,0,1,0,0,0,0.0,0.0,0.0,0.0,0.0,0.0,0.0,0.0,0.0,0.0,0.0,0.0,0.0,0.0,0.0,0.0,3
2024-04-04,9498.0,13722.0,40.0,4,4,0,0,10358.0,13513.0,27896.0,350.0,235.0,3660.0,21612.0,25440.0,3902.0,0,0,0,1,0,0,0,9579.0,10887.0,13513.0,23850.0,12918.0,25120.0,10274.666666666666,12451.857142857143,13721.714285714286,17018.133333333335,2144.846026219689,5351.113675471283,12028.458284259525,16923.553516449592,0.0,0.0,4
2024-04-04,0.0,617.5,0.0,4,4,0,0,0.0,0.0,0.0,0.0,0.0,982.0,115.0,410.0,454.0,0,0,0,1,0,0,0,0.0,0.0,0.0,0.0,0.0,0.0,0.0,0.0,0.0,110.33333333333331,0.0,293.3671741190124,0.7408234129458047,77.53759655459278,0.0,0.0,5
2024-04-04,0.0,49.0,0.0,4,4,0,0,0.0,29.0,64.0,0.0,38.0,254.0,25.0,53.0,38.0,0,0,0,1,0,0,0,0.0,0.0,29.0,0.0,0.0,12.0,0.0,8.142857142857142,11.428571428571429,17.0,13.909571901255111,35.5896149129936,6.48364559479915,16.93263261513634,0.0,0.0,6
2024-04-04,0.0,12570.0,6000.0,4,4,0,0,0.0,0.0,0.0,2880.0,4560.0,13000.0,7400.0,9600.0,0.0,0,0,0,1,0,0,0,0.0,0.0,0.0,0.0,0.0,0.0,0.0,0.0,1020.0,1769.3333333333333,0.0,5037.782033404378,297.89316389227645,1002.3694572881752,0.0,0.0,7
2024-04-04,145.0,50.0,70.0,4,4,0,0,70.0,450.0,0.0,55.0,60.0,240.0,0.0,35.0,0.0,0,0,0,1,0,0,0,35.0,0.0,450.0,140.0,650.0,270.0,35.0,90.0,110.0,304.6666666666667,160.90887690449708,346.9645051242158,67.7978680603729,245.37843755367496,0.0,0.0,8
2024-04-05,701.0,1877.5,0.0,4,5,1,0,469.0,1021.0,3105.8,928.0,842.0,1235.0,2338.25,710.0,4192.0,0,0,0,0,1,0,0,374.0,643.0,1021.0,416.0,1060.0,1842.0,495.3333333333333,535.0,392.8928571428572,1168.53,310.5806390188099,1115.019875236496,480.2621800289554,1096.7098811892847,0.0,0.0,0
2024-04-05,280.0,90.0,133.0,4,5,1,0,265.0,90.0,562.0,0.0,451.0,1180.0,30.0,30.0,777.0,0,0,0,0,1,0,0,0.0,240.0,90.0,90.0,0.0,1050.0,168.33333333333334,85.0,138.28571428571428,269.93333333333334,119.26860441875846,593.614116695543,133.2646964609481,246.2381062272725,0.0,0.0,1
2024-04-05,188.0,3384.7,925.0,4,5,1,0,180.0,679.4,330.0,840.5,2340.5,4366.0,5038.4,7565.9,26090.0,0,0,0,0,1,0,0,196.0,345.5,679.4,521.0,440.0,1643.0,240.5,416.95,374.83214285714286,355.48833333333334,365.2206079891988,379.1638267709737,322.18093980947043,360.6629835938503,0.0,0.0,2
2024-04-05,0.0,0.0,0.0,4,5,1,0,0.0,0.0,0.0,0.0,0.0,0.0,0.0,0.0,0.0,0,0,0,0,1,0,0,0.0,0.0,0.0,0.0,0.0,0.0,0.0,0.0,0.0,0.0,0.0,0.0,0.0,0.0,0.0,0.0,3
2024-04-05,16183.0,14526.0,19805.0,4,5,1,0,9498.0,13438.0,29210.0,40.0,95.0,1734.0,13722.0,14851.0,3370.0,0,0,0,0,1,0,0,10358.0,9579.0,13438.0,12051.0,14500.0,25050.0,9811.666666666666,11878.285714285714,12696.57142857143,16404.866666666665,2341.600073616717,5110.299442831311,11395.84371319464,16444.485547646393,0.0,0.0,4
2024-04-05,0.0,100.0,0.0,4,5,1,0,0.0,0.0,758.0,0.0,47.0,578.0,617.5,220.0,0.0,0,0,0,0,1,0,0,0.0,0.0,0.0,0.0,0.0,1066.0,0.0,0.0,0.0,110.33333333333331,0.0,293.3671741190124,0.5556175597093536,72.53517097042551,0.0,0.0,5
2024-04-05,0.0,137.0,0.0,4,5,1,0,0.0,0.0,72.0,0.0,420.0,50.0,49.0,183.0,150.0,0,0,0,0,1,0,0,0.0,0.0,0.0,0.0,12.0,0.0,0.0,4.0,11.428571428571429,14.866666666666667,10.583005244258134,34.57897839911469,4.862734196099362,15.840204704482383,0.0,0.0,6
2024-04-05,0.0,33720.0,2400.0,4,5,1,0,0.0,0.0,0.0,6000.0,0.0,0.0,12570.0,8975.0,84500.0,0,0,0,0,1,0,0,0.0,0.0,0.0,7380.0,0.0,0.0,0.0,0.0,1020.0,1769.3333333333333,0.0,5037.782033404378,223.4198729192073,937.7004600437768,0.0,0.0,7
2024-04-05,175.0,0.0,265.0,4,5,1,0,145.0,20.0,680.0,70.0,70.0,740.0,50.0,0.0,0.0,0,0,0,0,1,0,0,70.0,35.0,20.0,110.0,330.0,1550.0,83.33333333333333,46.42857142857143,110.35714285714286,309.5,50.80307452263423,343.5673652760964,87.09840104527967,238.9024093244056,0.0,0.0,8
2024-04-06,875.0,771.0,389.2,4,6,1,0,701.0,631.0,1212.0,0.0,477.0,1050.0,1877.5,1101.0,4734.0,0,0,0,0,0,1,0,469.0,374.0,631.0,87.0,1599.0,3132.0,514.6666666666666,489.2857142857143,413.25,1088.37,243.4109791318044,1055.814946282302,535.4466350217166,1071.1802114351374,0.0,0.0,0
2024-04-06,164.0,0.0,0.0,4,6,1,0,280.0,0.0,3106.0,133.0,0.0,1059.5,90.0,3415.0,846.0,0,0,0,0,0,1,0,265.0,0.0,0.0,0.0,0.0,270.0,181.66666666666663,112.14285714285714,151.85714285714286,260.53333333333336,140.35244751627206,591.0569570158035,169.94852234571107,248.41629292228723,0.0,0.0,1
2024-04-06,100.0,9163.1,1378.25,4,6,1,0,188.0,432.0,590.0,925.0,908.0,4364.0,3384.7,6530.05,19989.8,0,0,0,0,0,1,0,180.0,196.0,432.0,64.0,328.0,0.0,188.0,346.75,351.0464285714285,350.755,353.4021257717617,380.37737938789127,288.63570485710284,349.5234362652148,0.0,0.0,2
2024-04-06,0.0,0.0,0.0,4,6,1,0,0.0,0.0,0.0,0.0,0.0,0.0,0.0,0.0,0.0,0,0,0,0,0,1,0,0.0,0.0,0.0,0.0,0.0,0.0,0.0,0.0,0.0,0.0,0.0,0.0,0.0,0.0,0.0,0.0,3
2024-04-06,16015.0,26630.0,1396.0,4,6,1,0,16183.0,14268.0,25120.0,19805.0,352.0,11590.0,14526.0,16063.0,7032.0,0,0,0,0,0,1,0,9498.0,10358.0,14268.0,15614.0,14372.0,18474.0,12013.0,12270.42857142857,12991.714285714286,15970.633333333331,2826.068226184133,4501.956199202737,12592.63278489598,16427.61551231437,0.0,0.0,4
2024-04-06,0.0,332.0,0.0,4,6,1,0,0.0,0.0,0.0,0.0,0.0,692.0,100.0,335.0,308.0,0,0,0,0,0,1,0,0.0,0.0,0.0,0.0,0.0,38.0,0.0,0.0,0.0,85.06666666666666,0.0,267.1312390016842,0.4167131697820151,67.85548252072064,0.0,0.0,5
2024-04-06,0.0,261.0,9.0,4,6,1,0,0.0,28.0,12.0,0.0,0.0,0.0,137.0,142.0,148.0,0,0,0,0,0,1,0,0.0,0.0,28.0,0.0,0.0,0.0,0.0,4.0,11.428571428571429,12.466666666666669,10.583005244258134,32.93644175381279,3.6470506470745216,14.81825601387062,0.0,0.0,6
2024-04-06,0.0,24620.0,2400.0,4,6,1,0,0.0,0.0,0.0,2400.0,6250.0,100760.0,33720.0,18060.0,0.0,0,0,0,0,0,1,0,0.0,0.0,0.0,0.0,0.0,24000.0,0.0,0.0,492.8571428571428,1769.3333333333333,0.0,5037.782033404378,167.5649046894055,877.2036561699847,0.0,0.0,7
2024-04-06,280.0,70.0,0.0,4,6,1,0,175.0,55.0,270.0,265.0,375.0,580.0,0.0,0.0,140.0,0,0,0,0,0,1,0,145.0,70.0,55.0,180.0,410.0,900.0,130.0,68.57142857142857,115.0,292.6666666666667,68.17344825970727,337.09901679838345,109.07380078395975,234.7796732389601,0.0,0.0,8
2024-04-07,932.0,1663.0,120.0,4,7,0,0,875.0,607.0,1842.0,389.2,248.0,750.0,771.0,1257.0,1928.0,0,0,0,0,0,0,1,701.0,469.0,607.0,440.0,718.0,713.8,681.6666666666666,524.1428571428571,469.5357142857143,1077.1366666666663,281.56729720821954,1056.246894623741,620.3349762662874,1058.5234236006124,0.0,0.0,0
2024-04-07,110.0,7770.9,666.0,4,7,0,0,100.0,1085.75,1643.0,1378.25,749.0,3703.0,9163.1,8936.75,21477.8,0,0,0,0,0,0,1,188.0,180.0,1085.75,0.0,0.0,244.0,156.0,299.32142857142856,353.61785714285713,334.4216666666667,362.2223279713061,380.27023686958506,241.47677864282716,333.4251500545558,0.0,0.0,2
2024-04-07,0.0,0.0,0.0,4,7,0,0,0.0,0.0,0.0,0.0,0.0,0.0,0.0,0.0,0.0,0,0,0,0,0,0,1,0.0,0.0,0.0,0.0,0.0,0.0,0.0,0.0,0.0,0.0,0.0,0.0,0.0,0.0,0.0,0.0,3
2024-04-07,14388.0,10570.0,200.0,4,7,0,0,16015.0,15120.0,25050.0,1396.0,573.6,5260.0,26630.0,8403.6,13864.0,0,0,0,0,0,0,1,16183.0,9498.0,15120.0,11999.0,17118.0,15310.0,13898.666666666666,12520.0,13020.357142857143,15667.133333333331,3096.1129393698243,4157.62021397793,13448.224588671988,16400.995156681183,0.0,0.0,4
2024-04-07,0.0,807.5,0.0,4,7,0,0,0.0,0.0,1066.0,0.0,0.0,688.0,332.0,100.0,1800.0,0,0,0,0,0,0,1,0.0,0.0,0.0,0.0,0.0,500.0,0.0,0.0,0.0,85.06666666666666,0.0,267.1312390016842,0.3125348773365113,63.4777094548677,0.0,0.0,5
2024-04-07,16.0,9.0,25.0,4,7,0,0,0.0,0.0,0.0,9.0,0.0,134.0,261.0,177.0,230.0,0,0,0,0,0,0,1,0.0,0.0,0.0,29.0,0.0,168.0,0.0,0.0,11.428571428571429,12.066666666666666,0.0,33.0150784081888,2.735287985305891,13.86223949684671,0.0,0.0,6
2024-04-07,0.0,0.0,2400.0,4,7,0,0,0.0,0.0,0.0,2400.0,7125.0,92400.0,24620.0,10050.0,19500.0,0,0,0,0,0,0,1,0.0,0.0,0.0,0.0,0.0,12000.0,0.0,0.0,492.8571428571428,1769.3333333333333,0.0,5037.782033404378,125.67367851705411,820.6098719009535,0.0,0.0,7
2024-04-07,420.0,0.0,45.0,4,7,0,0,280.0,0.0,1550.0,0.0,80.0,0.0,70.0,0.0,140.0,0,0,0,0,0,0,1,175.0,145.0,0.0,315.0,70.0,780.0,200.0,100.71428571428572,122.14285714285714,293.0,104.22046229941934,337.08077411187674,151.80535058796983,237.69711367515623,0.0,0.0,8
2024-04-08,110.0,2069.0,80.0,4,8,0,1,932.0,0.0,3132.0,120.0,350.0,472.0,1663.0,733.0,4824.0,1,0,0,0,0,0,0,875.0,701.0,0.0,155.0,2584.0,426.0,836.0,570.5714285714286,504.6785714285714,1046.8033333333333,321.474134336836,1046.546256942108,698.2512321997156,1050.3606220779925,0.0,0.0,0
2024-04-08,0.0,0.0,0.0,4,8,0,1,164.0,0.0,1050.0,0.0,251.0,318.0,0.0,167.5,1382.0,1,0,0,0,0,0,0,280.0,265.0,0.0,241.0,90.0,502.0,236.33333333333331,135.57142857142858,163.57142857142858,162.46666666666667,131.9493048394629,246.01846487097453,168.4613917592833,242.9700804756881,0.0,0.0,1
2024-04-08,650.0,3225.4,878.0,4,8,0,1,110.0,0.0,0.0,666.0,738.0,2502.0,7770.9,7216.55,16555.0,1,0,0,0,0,0,0,100.0,188.0,0.0,190.0,580.0,248.0,132.66666666666666,159.92857142857142,361.475,283.32166666666666,106.9191394510476,290.84950892506885,208.60758398212036,319.0106242445845,0.0,0.0,2
2024-04-08,0.0,0.0,0.0,4,8,0,1,0.0,0.0,0.0,0.0,0.0,0.0,0.0,0.0,0.0,1,0,0,0,0,0,0,0.0,0.0,0.0,0.0,0.0,0.0,0.0,0.0,0.0,0.0,0.0,0.0,0.0,0.0,0.0,0.0,3
2024-04-08,9754.0,9072.0,356.0,4,8,0,1,14388.0,10887.0,18474.0,200.0,80.0,2442.0,10570.0,26630.0,2510.0,1,0,0,0,0,0,0,16015.0,16183.0,10887.0,12848.0,17556.0,22438.0,15528.666666666666,12415.42857142857,13191.0,15311.733333333334,3004.6732965578035,3765.071276820662,13683.168441503987,16271.12450141143,0.0,0.0,4
2024-04-08,0.0,450.0,0.0,4,8,0,1,0.0,0.0,38.0,0.0,0.0,2134.0,807.5,190.0,288.0,1,0,0,0,0,0,0,0.0,0.0,0.0,0.0,0.0,948.0,0.0,0.0,0.0,49.53333333333333,0.0,192.6710137520175,0.2344011580023835,59.38237336100527,0.0,0.0,5
2024-04-08,2400.0,0.0,0.0,4,8,0,1,0.0,0.0,24000.0,2400.0,2160.0,0.0,0.0,25620.0,104140.0,1,0,0,0,0,0,0,0.0,0.0,0.0,0.0,0.0,0.0,0.0,0.0,492.8571428571428,1769.3333333333333,0.0,5037.782033404378,94.2552588877906,767.6672995202468,0.0,0.0,7
2024-04-08,480.0,0.0,140.0,4,8,0,1,420.0,0.0,900.0,45.0,35.0,0.0,0.0,0.0,0.0,1,0,0,0,0,0,0,280.0,175.0,0.0,0.0,470.0,180.0,291.6666666666667,160.71428571428572,129.64285714285714,255.33333333333331,148.19549507965706,241.30369094642512,218.85401294097736,249.4585902122429,0.0,0.0,8
2024-04-09,866.0,1299.0,195.0,4,9,0,1,110.0,643.0,713.8,80.0,231.0,80.0,2069.0,1610.0,3636.0,0,1,0,0,0,0,0,932.0,875.0,643.0,340.5,3060.0,1604.0,639.0,586.2857142857143,501.4642857142857,946.07,290.0917752974688,982.3906832753468,551.1884241497867,989.6921948471544,1.0,0.0,0
2024-04-09,270.0,128.0,27.0,4,9,0,1,0.0,0.0,270.0,0.0,95.0,707.0,0.0,0.0,2336.0,0,1,0,0,0,0,0,164.0,280.0,0.0,120.0,0.0,0.0,148.0,135.57142857142858,146.35714285714286,127.46666666666668,131.9493048394629,181.6739658978609,126.34604381946248,227.2945914127405,1.0,0.0,1
2024-04-09,80.0,6793.8,698.0,4,9,0,1,650.0,345.5,244.0,878.0,1047.0,1856.5,3225.4,7638.05,17994.4,0,1,0,0,0,0,0,110.0,100.0,345.5,680.0,0.0,734.0,286.6666666666667,252.78571428571428,394.33214285714286,304.98833333333334,192.71132494460437,293.21688856289546,318.95568798659025,340.3647775191275,1.0,0.0,2
2024-04-09,0.0,0.0,0.0,4,9,0,1,0.0,0.0,0.0,0.0,0.0,0.0,0.0,0.0,0.0,0,1,0,0,0,0,0,0.0,0.0,0.0,0.0,0.0,0.0,0.0,0.0,0.0,0.0,0.0,0.0,0.0,0.0,1.0,0.0,3
2024-04-09,12272.0,6574.0,888.0,4,9,0,1,9754.0,9579.0,15310.0,356.0,0.0,9801.0,9072.0,9960.0,10844.0,0,1,0,0,0,0,0,14388.0,16015.0,9579.0,14288.0,21914.0,19040.0,13385.666666666666,12253.57142857143,12970.0,15021.066666666668,3128.686990690216,3848.2013078510954,12700.87633112799,15850.66485615908,1.0,0.0,4
2024-04-09,0.0,456.0,0.0,4,9,0,1,0.0,0.0,500.0,0.0,0.0,3666.0,450.0,520.0,816.0,0,1,0,0,0,0,0,0.0,0.0,0.0,0.0,0.0,0.0,0.0,0.0,0.0,48.266666666666666,0.0,192.8742547903161,0.1758008685017876,55.55125249900493,1.0,0.0,5
2024-04-09,69.0,93.0,0.0,4,9,0,1,16.0,0.0,0.0,25.0,0.0,0.0,9.0,36.0,42.0,0,1,0,0,0,0,0,0.0,0.0,0.0,0.0,0.0,0.0,5.333333333333333,2.2857142857142856,10.5,12.6,6.047431568147228,32.94258327914573,6.051465988979418,14.000159529308212,0.0,0.0,6
2024-04-09,0.0,0.0,3000.0,4,9,0,1,2400.0,0.0,12000.0,0.0,2700.0,2500.0,0.0,15525.0,21000.0,0,1,0,0,0,0,0,0.0,0.0,0.0,0.0,0.0,0.0,800.0,342.85714285714283,664.2857142857143,1049.3333333333333,907.1147352221312,2795.5715390390305,670.691444165843,872.979086647973,1.0,0.0,7
2024-04-09,65.0,0.0,0.0,4,9,0,1,480.0,35.0,780.0,140.0,240.0,0.0,0.0,0.0,880.0,0,1,0,0,0,0,0,420.0,280.0,35.0,165.0,380.0,600.0,393.3333333333333,229.28571428571428,163.92857142857142,241.33333333333331,170.76857076729502,213.1533903462293,284.14050970573305,264.3322295533886,1.0,0.0,8
2024-04-10,1308.25,1383.0,562.0,4,10,0,1,866.0,374.0,426.0,195.0,394.0,890.0,1299.0,1957.0,3670.0,0,0,1,0,0,0,0,110.0,932.0,374.0,251.0,2742.0,752.8,636.0,618.1428571428571,539.0,951.1433333333334,308.9872859150387,981.5424503558525,629.8913181123401,981.7120532441122,1.0,0.0,0
2024-04-10,115.0,35.0,0.0,4,10,0,1,270.0,240.0,502.0,27.0,35.0,522.0,128.0,0.0,242.0,0,0,1,0,0,0,0,0.0,164.0,240.0,120.0,0.0,0.0,144.66666666666666,174.14285714285714,157.07142857142858,127.46666666666668,124.9939046132842,181.6739658978609,162.25953286459685,230.0497790635314,1.0,0.0,1
2024-04-10,32.0,4407.6,367.0,4,10,0,1,80.0,196.0,248.0,698.0,1262.5,5658.0,6793.8,4937.7,8912.5,0,0,1,0,0,0,0,650.0,110.0,196.0,80.0,0.0,280.0,280.0,214.8571428571429,351.475,299.52166666666665,197.4904458207443,295.9095742829193,259.2167659899427,323.5670499372483,1.0,0.0,2
2024-04-10,0.0,0.0,0.0,4,10,0,1,0.0,0.0,0.0,0.0,0.0,0.0,0.0,0.0,0.0,0,0,1,0,0,0,0,0.0,0.0,0.0,0.0,0.0,0.0,0.0,0.0,0.0,0.0,0.0,0.0,0.0,0.0,1.0,0.0,3
2024-04-10,12485.0,2374.5,200.0,4,10,0,1,12272.0,10358.0,22438.0,888.0,350.0,700.0,6574.0,21612.0,19518.0,0,0,1,0,0,0,0,9754.0,14388.0,10358.0,14291.0,22630.0,14894.0,12138.0,12638.285714285714,12826.0,14919.8,2902.385956087708,3880.1758882990966,12593.657248345991,15619.783252535915,1.0,0.0,4
2024-04-10,758.0,548.5,602.0,4,10,0,1,0.0,0.0,948.0,0.0,0.0,3842.0,456.0,115.0,568.0,0,0,1,0,0,0,0,0.0,0.0,0.0,0.0,0.0,0.0,0.0,0.0,0.0,31.6,0.0,173.08032817163314,0.1318506513763407,51.96730072487559,1.0,0.0,5
2024-04-10,42.0,191.0,0.0,4,10,0,1,69.0,0.0,168.0,0.0,0.0,0.0,93.0,12.0,398.0,0,0,1,0,0,0,0,16.0,0.0,0.0,6.0,22.0,0.0,28.33333333333333,12.142857142857142,15.428571428571429,14.9,25.770969270534877,34.40864967437398,21.78859949173457,17.548536333868974,1.0,0.0,6
2024-04-10,0.0,14250.0,0.0,4,10,0,1,0.0,0.0,0.0,3000.0,2880.0,6000.0,0.0,7400.0,0.0,0,0,1,0,0,0,0,2400.0,0.0,0.0,6900.0,0.0,2800.0,800.0,342.85714285714283,664.2857142857143,649.3333333333334,907.1147352221312,1884.8340882501784,503.0185831243823,816.6578552513296,1.0,0.0,7
2024-04-10,105.0,0.0,250.0,4,10,0,1,65.0,70.0,180.0,0.0,55.0,0.0,0.0,0.0,70.0,0,0,1,0,0,0,0,480.0,420.0,70.0,0.0,180.0,150.0,321.6666666666667,233.57142857142856,156.78571428571428,217.5,165.3711554280822,189.50821108586703,229.3553822792998,251.47208571123448,1.0,0.0,8
2024-04-11,1357.0,3015.0,454.0,4,11,0,1,1308.25,469.0,1604.0,562.0,928.0,1600.0,1383.0,2338.25,2743.0,0,0,0,1,0,0,0,866.0,110.0,469.0,66.0,4150.0,854.0,761.4166666666666,751.6071428571429,614.5178571428571,980.5516666666668,379.6472007322174,978.4778118890544,799.4809885842551,1002.7790175509438,1.0,0.0,0
2024-04-11,60.0,417.0,417.0,4,11,0,1,115.0,0.0,0.0,0.0,17.5,154.0,35.0,365.5,1154.0,0,0,0,1,0,0,0,270.0,0.0,0.0,770.0,372.0,0.0,128.33333333333334,156.28571428571428,156.71428571428572,114.56666666666666,122.9291317327588,167.33667968444857,150.44464964844764,222.62721267233584,1.0,0.0,1
2024-04-11,486.0,7377.45,1027.0,4,11,0,1,32.0,180.0,734.0,367.0,840.5,2772.0,4407.6,5038.4,7427.5,0,0,0,1,0,0,0,80.0,650.0,180.0,794.0,0.0,0.0,254.0,191.42857142857144,348.0464285714285,292.32166666666666,209.4650783486813,299.80855779098823,202.41257449245705,304.756272521942,1.0,0.0,2
2024-04-11,0.0,0.0,0.0,4,11,0,1,0.0,0.0,0.0,0.0,0.0,0.0,0.0,0.0,0.0,0,0,0,1,0,0,0,0.0,0.0,0.0,0.0,0.0,0.0,0.0,0.0,0.0,0.0,0.0,0.0,0.0,0.0,1.0,0.0,3
2024-04-11,15404.0,2726.8,690.0,4,11,0,1,12485.0,9498.0,19040.0,200.0,40.0,380.0,2374.5,13722.0,15804.0,0,0,0,1,0,0,0,12272.0,9754.0,9498.0,13513.0,23850.0,12918.0,11503.666666666666,12942.142857142857,12697.0,14588.033333333333,2730.0963004120813,3632.800899878863,12566.492936259496,15417.539171727149,1.0,0.0,4
2024-04-11,64.0,382.0,175.0,4,11,0,1,758.0,0.0,0.0,602.0,0.0,1683.0,548.5,617.5,108.0,0,0,0,1,0,0,0,0.0,0.0,0.0,0.0,0.0,0.0,252.66666666666663,108.28571428571428,54.142857142857146,25.266666666666666,286.49707054099423,138.3912328629728,189.59888798853223,97.51779745230296,1.0,0.0,5
2024-04-11,0.0,133.0,132.0,4,11,0,1,42.0,0.0,0.0,0.0,0.0,0.0,191.0,25.0,208.0,0,0,0,1,0,0,0,69.0,16.0,0.0,68.0,0.0,0.0,42.333333333333336,18.142857142857142,18.0,10.7,27.315615628113765,19.56448224505942,26.84144961880092,19.12605011878065,1.0,0.0,6
2024-04-11,0.0,0.0,350.0,4,11,0,1,105.0,145.0,600.0,250.0,70.0,0.0,0.0,50.0,0.0,0,0,0,1,0,0,0,65.0,480.0,145.0,450.0,140.0,650.0,216.66666666666663,238.57142857142856,164.28571428571428,215.0,160.04463663080244,190.51201428310745,198.26653670947485,242.0222737298645,1.0,0.0,8
2024-04-12,937.0,2756.5,0.0,4,12,1,1,1357.0,701.0,752.8,454.0,0.0,420.0,3015.0,1877.5,1728.0,0,0,0,0,1,0,0,1308.25,866.0,701.0,1021.0,416.0,1060.0,1177.0833333333333,878.4642857142857,706.7321428571429,972.3183333333334,416.088242558279,974.0802542950285,938.8607414381912,1025.6319841605605,1.0,0.0,0
2024-04-12,45.0,225.0,327.0,4,12,1,1,60.0,265.0,0.0,417.0,0.0,6000.0,417.0,30.0,150.0,0,0,0,0,1,0,0,115.0,270.0,265.0,0.0,210.0,0.0,148.33333333333334,164.85714285714286,106.0,116.56666666666666,111.80403774972272,166.27536017792443,127.83348723633571,212.13513443541092,1.0,0.0,1
2024-04-12,150.0,5459.0,1464.0,4,12,1,1,486.0,188.0,280.0,1027.0,925.0,2564.0,7377.45,3384.7,7590.0,0,0,0,0,1,0,0,32.0,80.0,188.0,679.4,521.0,440.0,199.33333333333331,235.14285714285717,326.0464285714285,284.055,236.8258351415156,290.484220103795,273.3094308693428,316.44941623020384,1.0,0.0,2
2024-04-12,0.0,0.0,0.0,4,12,1,1,0.0,0.0,0.0,0.0,0.0,0.0,0.0,0.0,0.0,0,0,0,0,1,0,0,0.0,0.0,0.0,0.0,0.0,0.0,0.0,0.0,0.0,0.0,0.0,0.0,0.0,0.0,1.0,0.0,3
2024-04-12,17018.0,4421.0,1643.5,4,12,1,1,15404.0,16183.0,14894.0,690.0,19805.0,670.0,2726.8,14526.0,15970.0,0,0,0,0,1,0,0,12485.0,12272.0,16183.0,13438.0,12051.0,14500.0,13387.0,13785.857142857143,12832.07142857143,14466.833333333334,2378.2416073345184,3538.581150330034,13275.86970219462,15416.665676777013,1.0,0.0,4
2024-04-12,0.0,158.0,575.0,4,12,1,1,64.0,0.0,0.0,175.0,0.0,0.0,382.0,100.0,1088.0,0,0,0,0,1,0,0,758.0,0.0,0.0,0.0,0.0,0.0,274.0,117.42857142857144,58.71428571428572,27.4,283.4706669968148,138.48156854826,158.19916599139918,95.3553589069931,1.0,0.0,5
2024-04-12,0.0,104.0,0.0,4,12,1,1,0.0,0.0,0.0,132.0,0.0,64.0,133.0,49.0,0.0,0,0,0,0,1,0,0,42.0,69.0,0.0,29.0,0.0,0.0,37.0,18.142857142857142,13.142857142857142,10.7,27.315615628113765,19.56448224505942,20.13108721410069,17.89211140143997,1.0,0.0,6
2024-04-12,140.0,0.0,50.0,4,12,1,1,0.0,175.0,150.0,350.0,265.0,70.0,0.0,0.0,0.0,0,0,0,0,1,0,0,105.0,65.0,175.0,20.0,110.0,330.0,56.66666666666666,217.8571428571429,132.14285714285714,195.0,182.04525863223157,179.89939717366568,148.69990253210614,226.40793348922813,1.0,0.0,8
2024-04-13,1245.0,1913.0,315.0,4,13,1,0,937.0,875.0,854.0,0.0,389.2,670.0,2756.5,771.0,2696.0,0,0,0,0,0,1,0,1357.0,1308.25,875.0,631.0,87.0,1599.0,1200.75,912.1785714285714,700.7321428571429,978.4583333333334,408.8098252418658,973.229001835829,938.3955560786436,1019.9137916340728,1.0,0.0,0
2024-04-13,60.0,51.0,601.0,4,13,1,0,45.0,280.0,0.0,327.0,133.0,350.0,225.0,90.0,545.0,0,0,0,0,0,1,0,60.0,115.0,280.0,90.0,90.0,0.0,73.33333333333333,133.42857142857142,109.21428571428572,118.06666666666666,109.86636904720892,165.38813978519997,107.1251154272518,201.3522225363522,1.0,0.0,1
2024-04-13,0.0,5872.8,1415.0,4,13,1,0,150.0,100.0,0.0,1464.0,1378.25,1456.0,5459.0,9163.1,13421.0,0,0,0,0,0,1,0,486.0,32.0,100.0,432.0,64.0,328.0,222.66666666666663,229.7142857142857,288.23214285714283,279.72166666666664,238.5160471790209,291.51461478810484,242.4820731520071,305.710744215352,1.0,0.0,2
2024-04-13,0.0,0.0,0.0,4,13,1,0,0.0,0.0,0.0,0.0,0.0,0.0,0.0,0.0,0.0,0,0,0,0,0,1,0,0.0,0.0,0.0,0.0,0.0,0.0,0.0,0.0,0.0,0.0,0.0,0.0,0.0,0.0,1.0,0.0,3
2024-04-13,18324.0,5891.0,832.0,4,13,1,0,17018.0,16015.0,12918.0,1643.5,1396.0,1442.0,4421.0,26630.0,13265.0,0,0,0,0,0,1,0,15404.0,12485.0,16015.0,14268.0,15614.0,14372.0,14969.0,13905.142857142857,13087.785714285714,14537.633333333331,2534.332550434218,3568.544284325916,14211.402276645966,15519.97756859785,1.0,0.0,4
2024-04-13,164.0,0.0,125.0,4,13,1,0,0.0,0.0,0.0,575.0,0.0,0.0,158.0,332.0,320.0,0,0,0,0,0,1,0,64.0,758.0,0.0,0.0,0.0,0.0,274.0,117.42857142857144,58.71428571428572,27.4,283.4706669968148,138.48156854826,118.6493744935494,89.20340026783227,1.0,0.0,5
2024-04-13,16.0,73.0,34.0,4,13,1,0,0.0,0.0,0.0,0.0,0.0,0.0,104.0,137.0,200.0,0,0,0,0,0,1,0,0.0,42.0,0.0,0.0,0.0,12.0,14.0,18.142857142857142,11.071428571428571,10.7,27.315615628113765,19.56448224505942,15.09831541057552,16.737781633605135,1.0,0.0,6
2024-04-13,0.0,15210.0,17000.0,4,13,1,0,0.0,0.0,0.0,0.0,6000.0,0.0,14250.0,12570.0,9600.0,0,0,0,0,0,1,0,0.0,2400.0,0.0,0.0,0.0,0.0,800.0,342.85714285714283,171.42857142857142,649.3333333333334,907.1147352221312,1884.8340882501784,377.2639373432866,763.9702516867277,1.0,0.0,7
2024-04-13,260.0,0.0,220.0,4,13,1,0,140.0,280.0,650.0,50.0,0.0,140.0,0.0,70.0,70.0,0,0,0,0,0,1,0,0.0,105.0,280.0,55.0,180.0,410.0,81.66666666666667,212.8571428571429,140.71428571428572,194.66666666666663,183.8898479810021,179.9948913706727,146.52492689907962,220.83322810282635,1.0,0.0,8
2024-04-14,153.0,1903.0,216.5,4,14,0,0,1245.0,932.0,1060.0,315.0,120.0,610.0,1913.0,1663.0,3346.0,0,0,0,0,0,0,1,937.0,1357.0,932.0,607.0,440.0,718.0,1179.6666666666667,965.0357142857144,744.5892857142857,991.4916666666668,426.7285541518994,974.1224974377524,1015.0466670589826,1034.4354824963907,0.0,0.0,0
2024-04-14,80.0,260.0,90.0,4,14,0,0,60.0,164.0,0.0,601.0,0.0,604.0,51.0,0.0,514.0,0,0,0,0,0,0,1,45.0,60.0,164.0,0.0,0.0,0.0,55.0,102.0,107.07142857142856,120.06666666666666,90.75424691622804,164.27015875523745,95.34383657043884,192.2327243082005,0.0,0.0,1
2024-04-14,690.0,8675.5,584.0,4,14,0,0,0.0,110.0,440.0,1415.0,666.0,1894.0,5872.8,7770.9,10808.8,0,0,0,0,0,0,1,150.0,486.0,110.0,1085.75,0.0,0.0,212.0,215.42857142857144,257.375,279.72166666666664,250.2844096508727,291.51461478810484,181.8615548640053,285.9874703950067,0.0,0.0,2
2024-04-14,0.0,0.0,0.0,4,14,0,0,0.0,0.0,0.0,0.0,0.0,0.0,0.0,0.0,0.0,0,0,0,0,0,0,1,0.0,0.0,0.0,0.0,0.0,0.0,0.0,0.0,0.0,0.0,0.0,0.0,0.0,0.0,0.0,0.0,3
2024-04-14,16731.0,2556.5,1561.0,4,14,0,0,18324.0,14388.0,14500.0,832.0,200.0,570.0,5891.0,10570.0,37984.0,0,0,0,0,0,0,1,17018.0,15404.0,14388.0,15120.0,11999.0,17118.0,16915.333333333332,14235.0,13377.5,14717.833333333334,2967.889541969726,3620.058773416291,15239.551707484474,15700.882241591537,0.0,0.0,4
2024-04-14,122.0,214.0,335.0,4,14,0,0,164.0,0.0,0.0,125.0,0.0,0.0,0.0,807.5,598.0,0,0,0,0,0,0,1,0.0,64.0,0.0,0.0,0.0,0.0,76.0,140.85714285714286,70.42857142857143,32.86666666666667,278.887927652805,140.5836929115319,129.98703087016204,94.02898734732696,0.0,0.0,5
2024-04-14,0.0,114.0,0.0,4,14,0,0,16.0,0.0,0.0,34.0,9.0,0.0,73.0,261.0,24.0,0,0,0,0,0,0,1,0.0,0.0,0.0,28.0,0.0,0.0,5.333333333333333,20.428571428571427,12.214285714285714,11.233333333333333,26.190692639798147,19.480641732213403,15.32373655793164,16.690182818533838,0.0,0.0,6
2024-04-14,0.0,14000.0,0.0,4,14,0,0,0.0,0.0,2800.0,17000.0,2400.0,0.0,15210.0,33720.0,0.0,0,0,0,0,0,0,1,0.0,0.0,0.0,0.0,7380.0,0.0,0.0,342.85714285714283,171.42857142857142,649.3333333333334,907.1147352221312,1884.8340882501784,282.947953007465,714.6818483521001,0.0,0.0,7
2024-04-14,285.0,0.0,200.0,4,14,0,0,260.0,420.0,330.0,220.0,45.0,140.0,0.0,0.0,0.0,0,0,0,0,0,0,1,140.0,0.0,420.0,0.0,315.0,70.0,133.33333333333334,210.0,155.35714285714286,181.66666666666663,182.82505298782192,158.8120410038739,174.8936951743097,223.36011661232143,0.0,0.0,8
2024-04-15,387.0,2630.2,1067.5,4,15,0,0,153.0,110.0,1599.0,216.5,80.0,540.0,1903.0,2069.0,3208.0,1,0,0,0,0,0,0,1245.0,937.0,110.0,0.0,155.0,2584.0,778.3333333333334,853.75,712.1607142857143,961.2583333333332,526.6565333940763,985.9264470435312,799.535000294237,977.5686771740428,0.0,1.0,0
2024-04-15,385.0,137.0,262.0,4,15,0,0,80.0,0.0,0.0,90.0,0.0,1906.0,260.0,0.0,0.0,1,0,0,0,0,0,0,60.0,45.0,0.0,0.0,241.0,90.0,61.66666666666666,90.0,112.78571428571428,122.73333333333332,86.65063954369664,162.89745734416806,91.50787742782914,184.99190338509075,0.0,1.0,1
2024-04-15,0.0,8049.5,3118.25,4,15,0,0,690.0,650.0,328.0,584.0,878.0,1868.0,8675.5,3225.4,6197.0,1,0,0,0,0,0,0,0.0,150.0,650.0,0.0,190.0,580.0,280.0,298.2857142857143,229.1071428571429,288.055,300.52715589206167,299.7124013260385,308.896166148004,312.05279488565145,0.0,1.0,2
2024-04-15,0.0,0.0,0.0,4,15,0,0,0.0,0.0,0.0,0.0,0.0,0.0,0.0,0.0,0.0,1,0,0,0,0,0,0,0.0,0.0,0.0,0.0,0.0,0.0,0.0,0.0,0.0,0.0,0.0,0.0,0.0,0.0,0.0,1.0,3
2024-04-15,15738.0,1229.0,1150.0,4,15,0,0,16731.0,9754.0,14372.0,1561.0,356.0,300.0,2556.5,9072.0,56794.4,1,0,0,0,0,0,0,18324.0,17018.0,9754.0,10887.0,12848.0,17556.0,17357.666666666668,14569.714285714286,13492.57142857143,14792.2,3116.4237363943053,3638.2992275189886,15612.413780613357,15767.34145181144,0.0,1.0,4
2024-04-15,125.0,220.0,875.0,4,15,0,0,122.0,0.0,0.0,335.0,0.0,0.0,214.0,450.0,950.0,1,0,0,0,0,0,0,164.0,0.0,0.0,0.0,0.0,0.0,95.33333333333331,158.28571428571428,79.14285714285714,36.93333333333333,272.35376154658013,141.36256474980885,127.99027315262154,95.83356880878976,0.0,1.0,5
2024-04-15,9.0,315.0,12.0,4,15,0,0,0.0,16.0,12.0,0.0,25.0,0.0,114.0,9.0,56.0,1,0,0,0,0,0,0,16.0,0.0,16.0,0.0,29.0,0.0,5.333333333333333,20.428571428571427,10.214285714285714,11.233333333333333,26.190692639798147,19.480641732213403,11.49280241844873,15.613396830241332,0.0,0.0,6
2024-04-15,7600.0,0.0,0.0,4,15,0,0,0.0,0.0,0.0,0.0,2400.0,2400.0,14000.0,24620.0,0.0,1,0,0,0,0,0,0,0.0,0.0,0.0,0.0,0.0,0.0,0.0,342.85714285714283,171.42857142857142,556.0,907.1147352221312,1843.5378282362224,212.21096475559875,668.5733420068034,0.0,0.0,7
2024-04-15,395.0,20.0,0.0,4,15,0,0,285.0,480.0,410.0,200.0,140.0,40.0,0.0,0.0,0.0,1,0,0,0,0,0,0,260.0,140.0,480.0,0.0,0.0,470.0,228.33333333333331,190.7142857142857,175.71428571428572,180.16666666666663,163.02935756657854,157.5703637751399,202.4202713807323,227.33688328249423,0.0,1.0,8
2024-04-16,930.3,7878.1,583.0,4,16,0,0,387.0,866.0,718.0,1067.5,195.0,360.0,2630.2,1299.0,880.0,0,1,0,0,0,0,0,153.0,1245.0,866.0,643.0,340.5,3060.0,595.0,893.3214285714286,739.8035714285714,920.8583333333332,468.6741652942744,983.72219253371,696.4012502206778,939.4674721950726,0.0,1.0,0
2024-04-16,636.0,827.0,308.0,4,16,0,0,385.0,270.0,0.0,262.0,27.0,202.0,137.0,128.0,60.0,0,1,0,0,0,0,0,80.0,60.0,270.0,0.0,120.0,0.0,175.0,145.0,140.28571428571428,135.56666666666666,130.89435944047335,167.98105051860162,164.88090807087184,197.89565155379455,0.0,1.0,1
2024-04-16,50.0,16875.75,1781.5,4,16,0,0,0.0,80.0,0.0,3118.25,698.0,3630.0,8049.5,6793.8,11544.0,0,1,0,0,0,0,0,690.0,0.0,80.0,345.5,680.0,0.0,230.0,205.42857142857144,229.1071428571429,277.12166666666667,272.89000051477257,304.1546866212616,231.672124611003,291.92035650593203,0.0,1.0,2
2024-04-16,0.0,0.0,0.0,4,16,0,0,0.0,0.0,0.0,0.0,0.0,0.0,0.0,0.0,0.0,0,1,0,0,0,0,0,0.0,0.0,0.0,0.0,0.0,0.0,0.0,0.0,0.0,0.0,0.0,0.0,0.0,0.0,0.0,1.0,3
2024-04-16,13255.0,9829.0,2104.0,4,16,0,0,15738.0,12272.0,17118.0,1150.0,888.0,0.0,1229.0,6574.0,34857.4,0,1,0,0,0,0,0,16731.0,18324.0,12272.0,9579.0,14288.0,21914.0,16931.0,15424.57142857143,13839.07142857143,14837.733333333334,2285.129599325656,3641.405506719565,15643.810335460015,15765.44845492038,0.0,1.0,4
2024-04-16,0.0,822.0,25.0,4,16,0,0,9.0,69.0,0.0,12.0,0.0,0.0,315.0,93.0,12.0,0,1,0,0,0,0,0,0.0,16.0,69.0,0.0,0.0,0.0,8.333333333333334,19.428571428571427,10.857142857142858,11.133333333333333,26.51953457897989,19.48427010717105,10.869601813836546,15.186726066999958,0.0,1.0,6
2024-04-16,0.0,0.0,6500.0,4,16,0,0,7600.0,0.0,0.0,0.0,2400.0,5900.0,0.0,0.0,8000.0,0,1,0,0,0,0,0,0.0,0.0,0.0,0.0,0.0,0.0,2533.333333333333,1428.571428571429,714.2857142857143,809.3333333333334,2864.5617964558323,2243.3333162542053,2059.1582235666992,1115.762158651526,0.0,0.0,7
2024-04-16,105.0,35.0,80.0,4,16,0,0,395.0,65.0,70.0,0.0,0.0,210.0,20.0,0.0,0.0,0,1,0,0,0,0,0,285.0,260.0,65.0,35.0,165.0,380.0,313.3333333333333,178.57142857142858,203.92857142857144,179.66666666666666,139.33515606007558,156.83800852962992,250.5652035355492,238.1538585545914,0.0,1.0,8
2024-04-17,748.0,2320.0,878.0,4,17,0,0,930.3,1308.25,2584.0,583.0,562.0,270.0,7878.1,1383.0,1419.0,0,0,1,0,0,0,0,387.0,153.0,1308.25,374.0,251.0,2742.0,490.1,902.5071428571428,760.3249999999999,927.935,468.6795550876334,982.9758911652232,754.8759376655082,938.8760223760356,0.0,1.0,0
2024-04-17,421.0,973.5,127.0,4,17,0,0,636.0,115.0,90.0,308.0,0.0,0.0,827.0,35.0,610.0,0,0,1,0,0,0,0,385.0,80.0,115.0,240.0,120.0,0.0,367.0,197.28571428571428,185.7142857142857,156.76666666666668,226.97996555181567,189.08886495659755,282.6606810531539,226.16044822774333,0.0,1.0,1
2024-04-17,0.0,13089.5,4545.0,4,17,0,0,50.0,32.0,580.0,1781.5,367.0,1986.0,16875.75,4407.6,11285.2,0,0,1,0,0,0,0,0.0,690.0,32.0,196.0,80.0,0.0,246.66666666666663,201.14285714285717,208.0,278.7883333333333,275.4120722187204,302.7173843256911,186.25409345825224,276.3125915700655,0.0,1.0,2
2024-04-17,0.0,0.0,0.0,4,17,0,0,0.0,0.0,0.0,0.0,0.0,0.0,0.0,0.0,0.0,0,0,1,0,0,0,0,0.0,0.0,0.0,0.0,0.0,0.0,0.0,0.0,0.0,0.0,0.0,0.0,0.0,0.0,0.0,1.0,3
2024-04-17,15053.0,3464.0,604.0,4,17,0,0,13255.0,12485.0,17556.0,2104.0,200.0,818.0,9829.0,2374.5,16813.4,0,0,1,0,0,0,0,15738.0,16731.0,12485.0,10358.0,14291.0,22630.0,15241.333333333334,15565.0,14101.642857142857,14708.966666666667,2080.1120162144985,3626.260498881304,15046.607751595013,15603.484038473904,0.0,1.0,4
2024-04-17,0.0,375.0,48.0,4,17,0,0,0.0,42.0,0.0,25.0,0.0,0.0,822.0,191.0,32.0,0,0,1,0,0,0,0,9.0,0.0,42.0,0.0,6.0,22.0,3.0,9.571428571428571,10.857142857142858,11.133333333333333,15.597618865894557,19.48427010717105,8.15220136037741,14.206937288483832,0.0,1.0,6
2024-04-17,0.0,1500.0,1500.0,4,17,0,0,0.0,2400.0,0.0,6500.0,0.0,0.0,0.0,0.0,32700.0,0,0,1,0,0,0,0,7600.0,0.0,2400.0,0.0,0.0,0.0,2533.333333333333,1428.571428571429,714.2857142857143,809.3333333333334,2864.5617964558323,2243.3333162542053,1544.3686676750244,1043.7775032546533,0.0,1.0,7
2024-04-17,565.0,0.0,35.0,4,17,0,0,105.0,105.0,470.0,80.0,250.0,0.0,35.0,0.0,0.0,0,0,1,0,0,0,0,395.0,285.0,105.0,70.0,0.0,180.0,261.6666666666667,184.28571428571428,208.92857142857144,180.83333333333331,134.64238347775682,156.12264925114306,214.1739026516619,229.5632870349404,0.0,1.0,8
2024-04-18,979.3,3853.0,417.5,4,18,0,0,748.0,1357.0,3060.0,878.0,454.0,1713.0,2320.0,3015.0,914.0,0,0,0,1,0,0,0,930.3,387.0,1357.0,469.0,66.0,4150.0,688.4333333333334,822.4714285714286,787.0392857142857,866.735,434.4284241555619,932.1548745773268,753.1569532491312,926.5614402872592,0.0,1.0,0
2024-04-18,135.0,508.0,766.0,4,18,0,0,421.0,60.0,0.0,127.0,417.0,375.0,973.5,417.0,0.0,0,0,0,1,0,0,0,636.0,385.0,60.0,0.0,770.0,372.0,480.6666666666667,241.0,198.64285714285717,167.8,237.7042980960424,194.63429899384963,317.2455107898654,238.7307418904696,0.0,1.0,1
2024-04-18,200.0,9790.3,677.5,4,18,0,0,0.0,486.0,0.0,4545.0,1027.0,1622.0,13089.5,7377.45,13550.0,0,0,0,1,0,0,0,50.0,0.0,486.0,180.0,794.0,0.0,16.666666666666668,196.57142857142856,194.0,259.455,278.93061093090137,301.334832768558,139.6905700936892,258.4859727590936,0.0,1.0,2
2024-04-18,0.0,0.0,0.0,4,18,0,0,0.0,0.0,0.0,0.0,0.0,0.0,0.0,0.0,0.0,0,0,0,1,0,0,0,0.0,0.0,0.0,0.0,0.0,0.0,0.0,0.0,0.0,0.0,0.0,0.0,0.0,0.0,0.0,1.0,3
2024-04-18,12815.0,2909.0,3542.0,4,18,0,0,15053.0,15404.0,21914.0,604.0,690.0,882.0,3464.0,2726.8,27564.0,0,0,0,1,0,0,0,13255.0,15738.0,15404.0,9498.0,13513.0,23850.0,14682.0,15931.857142857143,14437.0,14625.533333333333,1622.4904137951296,3587.079868306385,15048.20581369626,15567.968939217524,0.0,1.0,4
2024-04-18,481.0,2174.0,1018.0,4,18,0,0,125.0,0.0,0.0,875.0,0.0,0.0,220.0,456.0,400.0,0,0,0,1,0,0,0,122.0,164.0,0.0,0.0,0.0,0.0,137.0,176.14285714285714,88.07142857142857,41.1,264.2223991081683,142.07680050374,127.24270486446616,97.71527404693236,0.0,1.0,5
2024-04-18,0.0,83.0,0.0,4,18,0,0,0.0,0.0,0.0,48.0,132.0,34.0,375.0,133.0,32.0,0,0,0,1,0,0,0,0.0,9.0,0.0,0.0,68.0,0.0,3.0,3.571428571428572,10.857142857142858,11.133333333333333,6.425396041156497,19.48427010717105,6.114151020283057,13.290360689226812,0.0,1.0,6
2024-04-18,0.0,1520.0,17000.0,4,18,0,0,0.0,0.0,0.0,1500.0,3000.0,0.0,1500.0,0.0,0.0,0,0,0,1,0,0,0,0.0,7600.0,0.0,0.0,0.0,0.0,2533.333333333333,1085.7142857142858,714.2857142857143,809.3333333333334,2872.529994870123,2243.3333162542053,1158.2765007562684,976.437019173708,0.0,1.0,7
2024-04-18,70.0,35.0,0.0,4,18,0,0,565.0,0.0,380.0,35.0,350.0,0.0,0.0,0.0,0.0,0,0,0,1,0,0,0,105.0,395.0,0.0,145.0,450.0,140.0,355.0,250.0,244.28571428571428,184.0,190.26297590440416,163.0020097189413,301.8804269887464,251.20436529075067,0.0,1.0,8
2024-04-19,1437.5,3481.5,1016.0,4,19,1,0,979.3,937.0,2742.0,417.5,0.0,370.0,3853.0,2756.5,2810.0,0,0,0,0,1,0,0,748.0,930.3,937.0,701.0,1021.0,416.0,885.8666666666667,768.5142857142857,823.4892857142858,797.3783333333333,376.5773777440309,835.7614264934481,809.6927149368485,929.9639280106618,0.0,1.0,0
2024-04-19,122.0,400.0,1005.0,4,19,1,0,135.0,45.0,0.0,766.0,327.0,0.0,508.0,225.0,130.0,0,0,0,0,1,0,0,421.0,636.0,45.0,265.0,0.0,210.0,397.3333333333333,251.7142857142857,208.28571428571428,172.3,229.74312777949123,192.1659035384745,271.68413309239907,232.0384359620522,0.0,1.0,1
2024-04-19,85.0,9885.5,998.5,4,19,1,0,200.0,150.0,0.0,677.5,1464.0,1136.0,9790.3,5459.0,12485.5,0,0,0,0,1,0,0,0.0,50.0,150.0,188.0,679.4,521.0,83.33333333333333,155.71428571428572,195.42857142857144,266.12166666666667,248.78753605283023,297.585828153519,154.7679275702669,254.71268419399075,0.0,1.0,2
2024-04-19,0.0,0.0,0.0,4,19,1,0,0.0,0.0,0.0,0.0,0.0,0.0,0.0,0.0,0.0,0,0,0,0,1,0,0,0.0,0.0,0.0,0.0,0.0,0.0,0.0,0.0,0.0,0.0,0.0,0.0,0.0,0.0,0.0,1.0,3
2024-04-19,13137.0,7248.0,2219.0,4,19,1,0,12815.0,17018.0,22630.0,3542.0,1643.5,510.0,2909.0,4421.0,24950.0,0,0,0,0,1,0,0,15053.0,13255.0,17018.0,16183.0,13438.0,12051.0,13707.666666666666,15562.0,14673.92857142857,14322.233333333334,2011.361727785419,3324.639857948111,14489.904360272194,15390.358039913168,0.0,1.0,4
2024-04-19,2835.0,527.0,1096.0,4,19,1,0,481.0,758.0,0.0,1018.0,602.0,0.0,2174.0,548.5,567.0,0,0,0,0,1,0,0,125.0,122.0,758.0,0.0,0.0,0.0,242.66666666666663,244.8571428571429,122.42857142857144,57.13333333333333,273.1729785144866,162.89402802993214,215.6820286483496,122.44332088261416,0.0,1.0,5
2024-04-19,77.0,132.0,0.0,4,19,1,0,0.0,0.0,22.0,0.0,0.0,0.0,83.0,104.0,0.0,0,0,0,0,1,0,0,0.0,0.0,0.0,0.0,29.0,0.0,0.0,3.571428571428572,10.857142857142858,11.133333333333333,6.425396041156497,19.48427010717105,4.5856132652122925,12.432918064115404,0.0,1.0,6
2024-04-19,0.0,0.0,5000.0,4,19,1,0,0.0,0.0,0.0,17000.0,0.0,0.0,1520.0,14250.0,18900.0,0,0,0,0,1,0,0,0.0,0.0,0.0,0.0,6900.0,0.0,0.0,1085.7142857142858,714.2857142857143,809.3333333333334,2872.529994870123,2243.3333162542053,868.7073755672013,913.4410824528236,0.0,1.0,7
2024-04-19,130.0,0.0,0.0,4,19,1,0,70.0,140.0,180.0,0.0,50.0,1160.0,35.0,0.0,0.0,0,0,0,0,1,0,0,565.0,105.0,140.0,175.0,20.0,110.0,246.66666666666663,260.0,238.92857142857144,173.66666666666666,176.2573875520301,159.94575229796183,243.91032024155984,239.5137610784442,0.0,1.0,8
2024-04-20,1119.0,1782.7,173.0,4,20,1,0,1437.5,1245.0,4150.0,1016.0,315.0,450.0,3481.5,1913.0,1868.0,0,0,0,0,0,1,0,979.3,748.0,1245.0,875.0,631.0,87.0,1054.9333333333334,840.0142857142857,876.0964285714286,753.895,453.5474669336208,761.7560477391936,966.6445362026363,962.7081907196514,0.0,0.0,0
2024-04-20,202.0,665.0,425.0,4,20,1,0,122.0,60.0,372.0,1005.0,601.0,4376.0,400.0,51.0,510.0,0,0,0,0,0,1,0,135.0,421.0,60.0,280.0,90.0,90.0,226.0,262.7142857142857,198.07142857142856,176.36666666666667,219.82547189813332,189.66858270248,234.2630998192993,224.9391820290166,0.0,0.0,1
2024-04-20,280.0,11882.25,1710.0,4,20,1,0,85.0,0.0,0.0,998.5,1415.0,5053.0,9885.5,5872.8,9544.0,0,0,0,0,0,1,0,200.0,0.0,0.0,100.0,432.0,64.0,95.0,146.42857142857142,188.07142857142856,268.955,250.2451179296397,295.3610246595354,137.32594567770016,243.7634787621204,0.0,0.0,2
2024-04-20,0.0,0.0,0.0,4,20,1,0,0.0,0.0,0.0,0.0,0.0,0.0,0.0,0.0,0.0,0,0,0,0,0,1,0,0.0,0.0,0.0,0.0,0.0,0.0,0.0,0.0,0.0,0.0,0.0,0.0,0.0,0.0,0.0,0.0,3
2024-04-20,13589.0,3919.8,1876.0,4,20,1,0,13137.0,18324.0,23850.0,2219.0,832.0,518.0,7248.0,5891.0,33412.0,0,0,0,0,0,1,0,12815.0,15053.0,18324.0,16015.0,14268.0,15614.0,13668.333333333334,15007.57142857143,14456.357142857143,14005.8,2076.953205791493,2935.6639664882805,14151.678270204146,15244.980101854257,0.0,0.0,4
2024-04-20,602.0,835.0,498.0,4,20,1,0,2835.0,64.0,0.0,1096.0,175.0,0.0,527.0,382.0,240.0,0,0,0,0,0,1,0,481.0,125.0,64.0,0.0,0.0,0.0,1147.0,541.5714285714286,324.92857142857144,151.63333333333333,1022.8220531358093,532.2324798841935,870.5115214862622,297.44697759986485,0.0,1.0,5
2024-04-20,0.0,0.0,16.0,4,20,1,0,77.0,16.0,0.0,0.0,34.0,0.0,132.0,73.0,32.0,0,0,0,0,0,1,0,0.0,0.0,16.0,0.0,0.0,0.0,25.666666666666668,14.571428571428571,16.357142857142858,12.966666666666669,28.224440607725843,22.840501433793666,22.68920994890922,16.598536253527314,0.0,0.0,6
2024-04-20,0.0,22300.0,4000.0,4,20,1,0,0.0,0.0,0.0,5000.0,17000.0,8420.0,0.0,15210.0,59800.0,0,0,0,0,0,1,0,0.0,0.0,0.0,0.0,0.0,0.0,0.0,1085.7142857142858,714.2857142857143,809.3333333333334,2872.529994870123,2243.3333162542053,651.530531675401,854.5093997139319,0.0,0.0,7
2024-04-20,240.0,0.0,655.0,4,20,1,0,130.0,260.0,140.0,0.0,220.0,340.0,0.0,0.0,0.0,0,0,0,0,0,1,0,70.0,565.0,260.0,280.0,55.0,180.0,255.0,258.57142857142856,235.7142857142857,172.0,177.428724790977,160.13787163264823,215.43274018116983,232.4483571378994,0.0,0.0,8
2024-04-21,608.5,4640.4,324.0,4,21,0,0,1119.0,153.0,416.0,173.0,216.5,210.0,1782.7,1903.0,1442.0,0,0,0,0,0,0,1,1437.5,979.3,153.0,932.0,607.0,440.0,1178.6,822.0142857142857,893.525,652.8616666666666,436.9941701692413,420.2395239998304,1004.7334021519772,972.7915332538676,0.0,0.0,0
2024-04-21,176.0,507.5,297.0,4,21,0,0,202.0,80.0,210.0,425.0,90.0,0.0,665.0,260.0,380.0,0,0,0,0,0,0,1,122.0,135.0,80.0,164.0,0.0,0.0,153.0,283.0,192.5,170.7,203.9820253519061,186.12864479652987,226.19732486447447,223.4592348013381,0.0,0.0,1
2024-04-21,0.0,7078.5,1927.0,4,21,0,0,280.0,690.0,521.0,1710.0,584.0,2203.5,11882.25,8675.5,7165.5,0,0,0,0,0,0,1,85.0,200.0,690.0,110.0,1085.75,0.0,188.33333333333331,186.42857142857144,200.92857142857144,278.2883333333333,245.26710415576028,290.96022825836627,172.99445925827513,246.1013188419836,0.0,0.0,2
2024-04-21,0.0,0.0,0.0,4,21,0,0,0.0,0.0,0.0,0.0,0.0,0.0,0.0,0.0,0.0,0,0,0,0,0,0,1,0.0,0.0,0.0,0.0,0.0,0.0,0.0,0.0,0.0,0.0,0.0,0.0,0.0,0.0,0.0,0.0,3
2024-04-21,11688.0,2563.9,700.0,4,21,0,0,13589.0,16731.0,12051.0,1876.0,1561.0,669.0,3919.8,2556.5,15275.0,0,0,0,0,0,0,1,13137.0,12815.0,16731.0,14388.0,15120.0,11999.0,13180.333333333334,14331.142857142857,14283.07142857143,13663.766666666666,1510.6932656423262,2271.8776175655207,14011.00870265311,15138.142675928177,0.0,0.0,4
2024-04-21,50.0,60.0,720.5,4,21,0,0,602.0,0.0,0.0,498.0,575.0,0.0,835.0,158.0,220.0,0,0,0,0,0,0,1,2835.0,481.0,0.0,0.0,0.0,0.0,1306.0,618.4285714285714,367.9285714285714,171.7,1000.9343729973604,537.6394221742509,803.3836411146966,317.0955596901961,0.0,1.0,5
2024-04-21,0.0,113.0,0.0,4,21,0,0,0.0,0.0,0.0,16.0,0.0,20.0,0.0,114.0,0.0,0,0,0,0,0,0,1,77.0,0.0,0.0,0.0,28.0,0.0,25.666666666666668,12.285714285714286,16.357142857142858,12.966666666666669,28.73275880543712,22.840501433793666,17.016907461681914,15.527662946848134,0.0,0.0,6
2024-04-21,0.0,24000.0,4400.0,4,21,0,0,0.0,0.0,0.0,4000.0,0.0,4420.0,22300.0,14000.0,8200.0,0,0,0,0,0,0,1,0.0,0.0,0.0,0.0,0.0,7380.0,0.0,1085.7142857142858,714.2857142857143,809.3333333333334,2872.529994870123,2243.3333162542053,488.6478987565507,799.3797610227106,0.0,0.0,7
2024-04-21,1110.0,0.0,195.0,4,21,0,0,240.0,285.0,110.0,655.0,200.0,465.0,0.0,0.0,0.0,0,0,0,0,0,0,1,130.0,70.0,285.0,420.0,0.0,315.0,146.66666666666666,255.7142857142857,232.8571428571429,175.33333333333334,177.56286613076313,160.48919468050005,221.5745551358774,232.93555990319624,0.0,0.0,8
2024-04-22,335.0,2032.9,809.5,4,22,0,0,608.5,387.0,87.0,324.0,1067.5,445.0,4640.4,2630.2,891.5,1,0,0,0,0,0,0,1119.0,1437.5,387.0,110.0,0.0,155.0,1055.0,887.0857142857143,870.4178571428572,659.2783333333333,345.0003933745156,417.96162868000863,905.675051613983,949.288853689102,0.0,0.0,0
2024-04-22,807.0,603.0,403.0,4,22,0,0,176.0,385.0,90.0,297.0,262.0,182.5,507.5,137.0,175.0,1,0,0,0,0,0,0,202.0,122.0,385.0,0.0,0.0,241.0,166.66666666666666,296.7142857142857,193.3571428571429,169.56666666666666,190.8644495322194,185.9845531838281,213.64799364835585,220.39734868512275,0.0,0.0,1
2024-04-22,523.5,6842.8,952.5,4,22,0,0,0.0,0.0,64.0,1927.0,3118.25,1211.0,7078.5,8049.5,10519.25,1,0,0,0,0,0,0,280.0,85.0,0.0,650.0,0.0,190.0,121.66666666666669,87.85714285714286,193.07142857142856,260.9216666666667,111.12519751977844,291.5218799629388,129.74584444370635,230.2238144005653,0.0,0.0,2
2024-04-22,0.0,0.0,0.0,4,22,0,0,0.0,0.0,0.0,0.0,0.0,0.0,0.0,0.0,0.0,1,0,0,0,0,0,0,0.0,0.0,0.0,0.0,0.0,0.0,0.0,0.0,0.0,0.0,0.0,0.0,0.0,0.0,0.0,0.0,3
2024-04-22,13251.0,2501.0,1190.0,4,22,0,0,11688.0,15738.0,15614.0,700.0,1150.0,1092.0,2563.9,1229.0,22651.0,1,0,0,0,0,0,0,13589.0,13137.0,15738.0,9754.0,10887.0,12848.0,12804.666666666666,13610.714285714286,14090.214285714286,13651.666666666666,1371.5522488875508,2281.708786963299,13430.256526989831,14915.552825868292,0.0,0.0,4
2024-04-22,108.0,270.0,1203.5,4,22,0,0,50.0,164.0,0.0,720.5,125.0,0.0,60.0,0.0,950.0,1,0,0,0,0,0,0,602.0,2835.0,164.0,0.0,0.0,0.0,1162.3333333333333,625.5714285714286,371.5,173.36666666666667,995.9516148124962,537.1660940935108,615.0377308360224,299.8635880972803,0.0,0.0,5
2024-04-22,0.0,106.0,0.0,4,22,0,0,0.0,9.0,0.0,0.0,12.0,0.0,113.0,315.0,56.0,1,0,0,0,0,0,0,0.0,77.0,9.0,16.0,0.0,29.0,25.666666666666668,12.285714285714286,16.357142857142858,12.966666666666669,28.73275880543712,22.840501433793666,12.762680596261436,14.525878240599868,0.0,0.0,6
2024-04-22,6000.0,0.0,10165.0,4,22,0,0,0.0,7600.0,0.0,4400.0,0.0,8940.0,24000.0,0.0,11450.0,1,0,0,0,0,0,0,0.0,0.0,7600.0,0.0,0.0,0.0,0.0,1085.7142857142858,714.2857142857143,809.3333333333334,2872.529994870123,2243.3333162542053,366.48592406741307,747.8068732147938,0.0,0.0,7
2024-04-22,915.0,35.0,255.0,4,22,0,0,1110.0,395.0,180.0,195.0,0.0,55.0,0.0,20.0,70.0,1,0,0,0,0,0,0,240.0,130.0,395.0,480.0,0.0,0.0,493.3333333333333,373.57142857142856,282.1428571428572,208.66666666666663,369.88415174792976,233.63297673079452,443.6809163519081,289.5203624900868,0.0,0.0,8
2024-04-23,456.7,3090.5,737.5,4,23,0,0,335.0,930.3,440.0,809.5,583.0,108.75,2032.9,7878.1,738.0,0,1,0,0,0,0,0,608.5,1119.0,930.3,866.0,643.0,340.5,687.5,879.657142857143,886.4892857142858,667.545,357.8822565087694,408.6002000839153,763.0062887104873,909.657314741418,0.0,0.0,0
2024-04-23,91.0,45.0,1074.0,4,23,0,0,807.0,636.0,0.0,403.0,308.0,35.0,603.0,827.0,0.0,0,1,0,0,0,0,0,176.0,202.0,636.0,270.0,0.0,120.0,395.0,357.0,251.0,193.46666666666667,272.5594736322073,218.61408815588615,361.9859952362669,258.24268102801807,0.0,0.0,1
2024-04-23,564.0,8698.7,1621.0,4,23,0,0,523.5,50.0,0.0,952.5,1781.5,560.0,6842.8,16875.75,3936.0,0,1,0,0,0,0,0,0.0,280.0,50.0,80.0,345.5,680.0,267.8333333333333,162.64285714285714,184.03571428571428,276.23833333333334,190.1790196730694,292.8867274524671,228.18438333277976,249.1448586327869,0.0,0.0,2
2024-04-23,0.0,0.0,0.0,4,23,0,0,0.0,0.0,0.0,0.0,0.0,0.0,0.0,0.0,0.0,0,1,0,0,0,0,0,0.0,0.0,0.0,0.0,0.0,0.0,0.0,0.0,0.0,0.0,0.0,0.0,0.0,0.0,0.0,0.0,3
2024-04-23,14712.0,3123.6,878.0,4,23,0,0,13251.0,13255.0,11999.0,1190.0,2104.0,99.0,2501.0,9829.0,11974.0,0,1,0,0,0,0,0,11688.0,13589.0,13255.0,12272.0,9579.0,14288.0,12842.666666666666,13255.42857142857,14340.0,13572.9,1000.6154534656208,2252.227332036489,13385.442395242371,14808.162320973564,0.0,0.0,4
2024-04-23,235.0,307.0,439.0,4,23,0,0,108.0,122.0,0.0,1203.5,335.0,0.0,270.0,214.0,435.0,0,1,0,0,0,0,0,50.0,602.0,122.0,0.0,0.0,0.0,253.33333333333331,617.5714285714286,379.2142857142857,176.96666666666667,1000.4916886449475,536.3253955250094,488.2782981270168,287.4852920910041,0.0,0.0,5
2024-04-23,32.0,65.0,0.0,4,23,0,0,0.0,0.0,0.0,0.0,25.0,0.0,106.0,822.0,16.0,0,1,0,0,0,0,0,0.0,0.0,0.0,69.0,0.0,0.0,0.0,11.0,15.214285714285714,12.966666666666669,29.103264421710424,22.840501433793666,9.572010447196078,13.58872480572246,0.0,0.0,6
2024-04-23,0.0,37130.0,4725.0,4,23,0,0,6000.0,0.0,7380.0,10165.0,6500.0,0.0,0.0,0.0,52800.0,0,1,0,0,0,0,0,0.0,0.0,0.0,0.0,0.0,0.0,2000.0,857.1428571428571,1142.857142857143,1009.3333333333334,2267.786838055358,2428.507322635028,1774.8644430505597,1086.658042684807,0.0,0.0,7
2024-04-23,515.0,0.0,105.0,4,23,0,0,915.0,105.0,315.0,255.0,80.0,0.0,35.0,35.0,125.0,0,1,0,0,0,0,0,1110.0,240.0,105.0,65.0,35.0,165.0,755.0,447.8571428571428,313.2142857142857,233.16666666666663,423.2695865014904,266.71851148320417,561.510687263931,329.8738874907264,0.0,0.0,8
2024-04-24,421.0,2461.5,691.0,4,24,0,0,456.7,748.0,155.0,737.5,878.0,277.0,3090.5,2320.0,917.0,0,0,1,0,0,0,0,335.0,608.5,748.0,1308.25,374.0,251.0,466.73333333333335,812.0,857.2535714285714,668.1016666666667,390.0350155221098,408.2907674353945,686.4297165328654,880.4342621774557,0.0,0.0,0
2024-04-24,702.0,141.0,330.0,4,24,0,0,91.0,421.0,241.0,1074.0,127.0,87.5,45.0,973.5,30.0,0,0,1,0,0,0,0,807.0,176.0,421.0,115.0,240.0,120.0,358.0,279.1428571428572,238.2142857142857,196.5,256.974336313587,216.45780826438295,294.2394964272001,247.4528306391137,0.0,0.0,1
2024-04-24,245.0,6305.4,2640.75,4,24,0,0,564.0,0.0,190.0,1621.0,4545.0,962.5,8698.7,13089.5,4618.5,0,0,1,0,0,0,0,523.5,0.0,0.0,32.0,196.0,80.0,362.5,236.07142857142856,218.6071428571429,295.0383333333333,233.68968536848004,292.64503497774587,312.1382874995848,269.4580935597039,0.0,0.0,2
2024-04-24,0.0,0.0,0.0,4,24,0,0,0.0,0.0,0.0,0.0,0.0,0.0,0.0,0.0,0.0,0,0,1,0,0,0,0,0.0,0.0,0.0,0.0,0.0,0.0,0.0,0.0,0.0,0.0,0.0,0.0,0.0,0.0,0.0,0.0,3
2024-04-24,12365.0,7427.0,1180.0,4,24,0,0,14712.0,15053.0,12848.0,878.0,604.0,180.0,3123.6,3464.0,10795.0,0,0,1,0,0,0,0,13251.0,11688.0,15053.0,12485.0,10358.0,14291.0,13217.0,13463.57142857143,14514.285714285714,13663.333333333334,1142.053976707849,2241.292366306581,13717.08179643178,14801.958300265596,0.0,0.0,4
2024-04-24,197.0,696.5,114.0,4,24,0,0,235.0,125.0,0.0,439.0,875.0,0.0,307.0,220.0,220.0,0,0,1,0,0,0,0,108.0,50.0,125.0,0.0,0.0,0.0,131.0,633.7142857142857,396.0,184.8,992.0389297276784,535.3668674456993,424.9587235952626,284.0991442141652,0.0,0.0,5
2024-04-24,0.0,162.0,23.0,4,24,0,0,32.0,0.0,29.0,0.0,48.0,0.0,65.0,375.0,0.0,0,0,1,0,0,0,0,0.0,0.0,0.0,42.0,0.0,6.0,10.666666666666666,15.571428571428571,12.571428571428571,14.033333333333331,29.596492713704727,22.96096137199923,15.17900783539706,14.776549011804882,0.0,0.0,6
2024-04-24,0.0,25895.0,0.0,4,24,0,0,0.0,0.0,0.0,4725.0,1500.0,0.0,37130.0,1500.0,35700.0,0,0,1,0,0,0,0,6000.0,0.0,0.0,2400.0,0.0,0.0,2000.0,857.1428571428571,1142.857142857143,763.3333333333334,2267.786838055358,2114.3978246582496,1331.14833228792,1016.5510721890132,0.0,0.0,7
2024-04-24,70.0,70.0,35.0,4,24,0,0,515.0,565.0,0.0,105.0,35.0,140.0,0.0,0.0,0.0,0,0,1,0,0,0,0,915.0,1110.0,565.0,105.0,70.0,0.0,846.6666666666666,506.4285714285714,345.35714285714283,239.83333333333331,395.366014870127,271.29473517437333,549.8830154479483,341.817507652615,0.0,0.0,8
2024-04-25,631.0,4597.9,1121.5,4,25,0,0,421.0,979.3,340.5,691.0,417.5,132.0,2461.5,3853.0,1152.0,0,0,0,1,0,0,0,456.7,335.0,979.3,1357.0,469.0,66.0,404.23333333333335,765.2857142857143,793.8785714285714,676.9683333333335,417.5869786785789,399.55865964476527,620.0722873996491,850.7933420369748,0.0,0.0,0
2024-04-25,373.0,494.5,513.0,4,25,0,0,702.0,135.0,120.0,330.0,766.0,0.0,141.0,508.0,111.0,0,0,0,1,0,0,0,91.0,807.0,135.0,60.0,0.0,770.0,533.3333333333334,319.2857142857143,280.1428571428572,211.86666666666667,301.0037177432153,235.2717773031904,396.1796223204001,276.77845446884834,0.0,0.0,1
2024-04-25,394.0,13528.5,1967.0,4,25,0,0,245.0,200.0,680.0,2640.75,677.5,1195.0,6305.4,9790.3,6047.0,0,0,0,1,0,0,0,564.0,523.5,200.0,486.0,180.0,794.0,444.1666666666667,271.07142857142856,233.82142857142856,296.87166666666667,209.5392621466261,292.1361473116458,295.3537156246886,267.88015203972304,0.0,0.0,2
2024-04-25,0.0,0.0,0.0,4,25,0,0,0.0,0.0,0.0,0.0,0.0,0.0,0.0,0.0,0.0,0,0,0,1,0,0,0,0.0,0.0,0.0,0.0,0.0,0.0,0.0,0.0,0.0,0.0,0.0,0.0,0.0,0.0,0.0,0.0,3
2024-04-25,13807.0,2621.0,3317.2,4,25,0,0,12365.0,12815.0,14288.0,1180.0,3542.0,606.0,7427.0,2909.0,13767.0,0,0,0,1,0,0,0,14712.0,13251.0,12815.0,15404.0,9498.0,13513.0,13442.666666666666,13079.57142857143,14505.714285714286,13647.233333333334,955.170814940557,2249.072432303351,13379.061347323834,14644.735184119429,0.0,0.0,4
2024-04-25,158.0,757.25,567.0,4,25,0,0,197.0,481.0,0.0,114.0,1018.0,0.0,696.5,2174.0,70.0,0,0,0,1,0,0,0,235.0,108.0,481.0,0.0,0.0,0.0,180.0,644.0,410.07142857142856,191.36666666666667,986.2416877554236,534.2289631398428,367.9690426964469,278.4798445874448,0.0,0.0,5
2024-04-25,6.0,93.0,45.0,4,25,0,0,0.0,0.0,0.0,23.0,0.0,0.0,162.0,83.0,30.0,0,0,0,1,0,0,0,32.0,0.0,0.0,0.0,0.0,68.0,10.666666666666666,15.571428571428571,9.571428571428571,13.066666666666666,29.59649271370473,22.9195494529548,11.384255876547794,13.823223269107793,0.0,0.0,6
2024-04-25,4620.0,29125.0,0.0,4,25,0,0,0.0,0.0,0.0,0.0,17000.0,17725.0,25895.0,1520.0,30840.0,0,0,0,1,0,0,0,0.0,6000.0,0.0,0.0,0.0,0.0,2000.0,857.1428571428571,971.4285714285714,763.3333333333334,2267.786838055358,2114.3978246582496,998.36124921594,950.9671320477864,0.0,0.0,7
2024-04-25,175.0,980.0,105.0,4,25,0,0,70.0,70.0,165.0,35.0,0.0,285.0,70.0,35.0,0.0,0,0,0,1,0,0,0,515.0,915.0,70.0,0.0,145.0,450.0,500.0,435.7142857142857,342.85714285714283,242.16666666666663,426.208366211377,269.45565604513234,429.9122615859612,324.2808942556721,0.0,0.0,8
2024-04-26,1005.0,2840.0,1224.0,4,26,1,0,631.0,1437.5,251.0,1121.5,1016.0,1392.0,4597.9,3481.5,1647.0,0,0,0,0,1,0,0,421.0,456.7,1437.5,937.0,701.0,1021.0,502.9,715.5285714285716,742.0214285714285,686.6516666666668,408.4877465085313,394.6126731460436,622.8042155497368,836.6131264216862,0.0,0.0,0
2024-04-26,441.0,295.0,351.0,4,26,1,0,373.0,122.0,120.0,513.0,1005.0,165.0,494.5,400.0,75.0,0,0,0,0,1,0,0,702.0,91.0,122.0,45.0,265.0,0.0,388.6666666666667,353.2857142857143,302.5,220.3,289.9573039177274,236.39697034058327,390.38471674030006,282.98629611601945,0.0,0.0,1
2024-04-26,830.0,11858.45,1357.5,4,26,1,0,394.0,85.0,80.0,1967.0,998.5,1148.0,13528.5,9885.5,7240.6,0,0,0,0,1,0,0,245.0,564.0,85.0,150.0,188.0,679.4,401.0,298.7857142857143,227.25,287.3383333333333,211.39375919967816,283.7484551631443,320.01528671851645,276.01691642425703,0.0,0.0,2
2024-04-26,0.0,0.0,0.0,4,26,1,0,0.0,0.0,0.0,0.0,0.0,0.0,0.0,0.0,0.0,0,0,0,0,1,0,0,0.0,0.0,0.0,0.0,0.0,0.0,0.0,0.0,0.0,0.0,0.0,0.0,0.0,0.0,0.0,0.0,3
2024-04-26,12776.0,10863.5,344.0,4,26,1,0,13807.0,13137.0,14291.0,3317.2,2219.0,854.0,2621.0,7248.0,31540.0,0,0,0,0,1,0,0,12365.0,14712.0,13137.0,17018.0,16183.0,13438.0,13628.0,13221.285714285714,14391.642857142857,13631.2,982.5715774241736,2246.059452033439,13486.046010492875,14590.687752885917,0.0,0.0,4
2024-04-26,0.0,310.0,307.0,4,26,1,0,158.0,2835.0,0.0,567.0,1096.0,0.0,757.25,527.0,290.0,0,0,0,0,1,0,0,197.0,235.0,2835.0,758.0,0.0,0.0,196.66666666666663,597.8571428571429,421.3571428571428,196.63333333333333,1002.5599613940684,533.0548579735445,315.4767820223352,270.7069513882548,0.0,0.0,5
2024-04-26,33.0,39.0,0.0,4,26,1,0,6.0,77.0,6.0,45.0,0.0,0.0,93.0,132.0,16.0,0,0,0,0,1,0,0,0.0,32.0,77.0,0.0,0.0,29.0,12.666666666666666,16.428571428571427,10.0,13.266666666666667,29.153942802859053,22.82758967948032,10.038191907410845,13.318499187229872,0.0,0.0,6
2024-04-26,0.0,52200.0,8840.0,4,26,1,0,4620.0,0.0,0.0,0.0,5000.0,0.0,29125.0,0.0,44375.0,0,0,0,0,1,0,0,0.0,0.0,0.0,0.0,0.0,6900.0,1540.0,1517.142857142857,1301.428571428571,917.3333333333334,2621.460879520639,2222.373588714573,1903.7709369119548,1187.6789299801874,0.0,0.0,7
2024-04-26,90.0,35.0,160.0,4,26,1,0,175.0,130.0,0.0,105.0,0.0,130.0,980.0,0.0,0.0,0,0,0,0,1,0,0,70.0,515.0,130.0,140.0,175.0,20.0,253.33333333333331,450.7142857142857,355.35714285714283,242.5,412.8299546163907,269.36307378191503,366.1841961894709,314.6498688198223,0.0,0.0,8
2024-04-27,736.0,3199.0,543.4,4,27,1,0,1005.0,1119.0,66.0,1224.0,173.0,477.0,2840.0,1782.7,1296.0,0,0,0,0,0,1,0,631.0,421.0,1119.0,1245.0,875.0,631.0,685.6666666666666,653.7428571428571,746.8785714285714,711.7850000000001,299.1660846260407,389.89204720554767,718.3531616623026,847.4767956848033,0.0,0.0,0
2024-04-27,487.0,1049.0,200.0,4,27,1,0,441.0,202.0,770.0,351.0,425.0,35.0,295.0,665.0,110.0,0,0,0,0,0,1,0,373.0,702.0,202.0,60.0,280.0,90.0,505.3333333333333,398.8571428571428,330.7857142857143,231.0,272.06459317070687,238.95144507503608,403.03853755522505,293.18072862466335,0.0,0.0,1
2024-04-27,48.0,13293.5,1641.0,4,27,1,0,830.0,280.0,794.0,1357.5,1710.0,760.0,11858.45,11882.25,5441.05,0,0,0,0,0,1,0,394.0,245.0,280.0,0.0,100.0,432.0,489.6666666666667,405.2142857142857,275.82142857142856,312.3383333333333,266.24516539317307,297.554682799224,447.5114650388873,311.7577605259179,0.0,0.0,2
2024-04-27,0.0,0.0,0.0,4,27,1,0,0.0,0.0,0.0,0.0,0.0,0.0,0.0,0.0,0.0,0,0,0,0,0,1,0,0.0,0.0,0.0,0.0,0.0,0.0,0.0,0.0,0.0,0.0,0.0,0.0,0.0,0.0,0.0,0.0,3
2024-04-27,15429.0,2413.0,1952.0,4,27,1,0,12776.0,13589.0,13513.0,344.0,1876.0,235.0,10863.5,3919.8,25440.0,0,0,0,0,0,1,0,13807.0,12365.0,13589.0,18324.0,16015.0,14268.0,12982.666666666666,13169.714285714286,14088.642857142857,13580.7,997.0990780401388,2247.74394403162,13308.534507869655,14473.611123667471,0.0,0.0,4
2024-04-27,110.0,772.0,248.0,4,27,1,0,0.0,602.0,0.0,307.0,498.0,0.0,310.0,835.0,20.0,0,0,0,0,0,1,0,158.0,197.0,602.0,64.0,0.0,0.0,118.33333333333331,192.8571428571429,367.2142857142857,196.63333333333333,197.99362664105087,533.0548579735445,236.6075865167514,253.24198678256096,0.0,0.0,5
2024-04-27,9.0,50.0,72.0,4,27,1,0,33.0,0.0,68.0,0.0,16.0,0.0,39.0,0.0,0.0,0,0,0,0,0,1,0,6.0,0.0,0.0,16.0,0.0,0.0,13.0,10.142857142857142,12.357142857142858,14.166666666666666,15.43187795256472,23.062259561715933,15.778643930558133,14.588273433215042,0.0,0.0,6
2024-04-27,0.0,51665.0,0.0,4,27,1,0,0.0,0.0,0.0,8840.0,4000.0,6900.0,52200.0,22300.0,0.0,0,0,0,0,0,1,0,4620.0,0.0,0.0,0.0,0.0,0.0,1540.0,1517.142857142857,1301.428571428571,917.3333333333334,2621.460879520639,2222.373588714573,1427.828202683966,1111.0544828846914,0.0,0.0,7
2024-04-27,310.0,0.0,235.0,4,27,1,0,90.0,240.0,450.0,160.0,655.0,60.0,35.0,0.0,35.0,0,0,0,0,0,1,0,175.0,70.0,240.0,260.0,280.0,55.0,111.66666666666669,445.0,351.7857142857143,245.5,418.25032376954965,267.0604671295404,297.1381471421032,300.1563288959628,0.0,0.0,8
2024-04-28,863.0,2368.0,1567.0,4,28,0,0,736.0,608.5,1021.0,543.4,324.0,842.0,3199.0,4640.4,710.0,0,0,0,0,0,0,1,1005.0,631.0,608.5,153.0,932.0,607.0,790.6666666666666,599.0285714285714,710.5214285714285,734.1183333333335,225.96037052460807,370.32340071593,722.7648712467269,840.2847443502999,0.0,0.0,0
2024-04-28,580.0,1028.0,459.5,4,28,0,0,487.0,176.0,0.0,200.0,297.0,76.0,1049.0,507.5,450.0,0,0,0,0,0,0,1,441.0,373.0,176.0,80.0,164.0,0.0,433.6666666666667,439.57142857142856,361.2857142857143,221.56666666666663,258.69148751801873,221.9180779777372,424.0289031664188,305.68519774565283,0.0,0.0,1
2024-04-28,711.0,8366.35,3164.0,4,28,0,0,48.0,0.0,679.4,1641.0,1927.0,2340.5,13293.5,7078.5,7565.9,0,0,0,0,0,0,1,830.0,394.0,0.0,690.0,110.0,1085.75,424.0,372.07142857142856,279.25,287.47166666666664,297.0839427630162,286.8948592955781,347.6335987791655,294.7411308145684,0.0,0.0,2
2024-04-28,0.0,0.0,0.0,4,28,0,0,0.0,0.0,0.0,0.0,0.0,0.0,0.0,0.0,0.0,0,0,0,0,0,0,1,0.0,0.0,0.0,0.0,0.0,0.0,0.0,0.0,0.0,0.0,0.0,0.0,0.0,0.0,0.0,0.0,3
2024-04-28,12200.0,4230.0,1951.0,4,28,0,0,15429.0,11688.0,13438.0,1952.0,700.0,95.0,2413.0,2563.9,14851.0,0,0,0,0,0,0,1,12776.0,13807.0,11688.0,16731.0,14388.0,15120.0,14004.0,13432.57142857143,13881.857142857143,13644.566666666668,1317.2037120535097,2272.8342731781213,13838.650880902242,14535.249115688926,0.0,0.0,4
2024-04-28,32.0,338.0,302.0,4,28,0,0,110.0,50.0,0.0,248.0,720.5,0.0,772.0,60.0,70.0,0,0,0,0,0,0,1,0.0,158.0,50.0,0.0,0.0,0.0,89.33333333333333,122.57142857142856,370.5,200.3,81.74728770802564,532.0330006617106,204.95568988756355,244.0005682804603,0.0,0.0,5
2024-04-28,0.0,105.0,21.0,4,28,0,0,9.0,0.0,29.0,72.0,0.0,38.0,50.0,113.0,53.0,0,0,0,0,0,0,1,33.0,6.0,0.0,0.0,0.0,28.0,16.0,11.428571428571429,11.857142857142858,12.2,14.80829883159137,20.70881871121086,14.0839829479186,14.2277396633302,0.0,0.0,6
2024-04-28,0.0,41065.0,4252.5,4,28,0,0,0.0,0.0,6900.0,0.0,4400.0,0.0,51665.0,24000.0,0.0,0,0,0,0,0,0,1,0.0,4620.0,0.0,0.0,0.0,0.0,1540.0,1517.142857142857,1301.428571428571,917.3333333333334,2621.460879520639,2222.373588714573,1070.8711520129746,1039.373548505034,0.0,0.0,7
2024-04-28,20.0,0.0,140.0,4,28,0,0,310.0,1110.0,20.0,235.0,195.0,70.0,0.0,0.0,0.0,0,0,0,0,0,0,1,90.0,175.0,1110.0,285.0,420.0,0.0,191.66666666666663,455.0,355.35714285714283,240.83333333333331,413.3400537088074,264.5754026325217,300.3536103565774,300.791404451062,0.0,0.0,8
2024-04-29,1064.7,2149.5,366.0,4,29,0,0,863.0,335.0,631.0,1567.0,809.5,477.0,2368.0,2032.9,1101.0,1,0,0,0,0,0,0,736.0,1005.0,335.0,387.0,110.0,0.0,868.0,635.3857142857142,761.2357142857143,728.8516666666668,247.213419461614,367.2131990160543,757.8236534350451,841.7502447147966,0.0,0.0,0
2024-04-29,262.0,468.0,706.0,4,29,0,0,580.0,807.0,90.0,459.5,403.0,451.0,1028.0,603.0,30.0,1,0,0,0,0,0,0,487.0,441.0,807.0,385.0,0.0,0.0,502.6666666666667,497.2857142857143,397.0,240.9,233.9734417163007,227.1525918848379,463.0216773748141,323.38292692335267,0.0,0.0,1
2024-04-29,0.0,10634.2,1790.5,4,29,0,0,711.0,523.5,432.0,3164.0,952.5,908.0,8366.35,6842.8,6530.05,1,0,0,0,0,0,0,48.0,830.0,523.5,0.0,650.0,0.0,529.6666666666666,473.6428571428572,280.75,288.525,268.87771605411285,288.4373053105774,438.4751990843741,321.5965417297576,0.0,0.0,2
2024-04-29,0.0,0.0,0.0,4,29,0,0,0.0,0.0,0.0,0.0,0.0,0.0,0.0,0.0,0.0,1,0,0,0,0,0,0,0.0,0.0,0.0,0.0,0.0,0.0,0.0,0.0,0.0,0.0,0.0,0.0,0.0,0.0,0.0,0.0,3
2024-04-29,12362.0,3731.7,1157.0,4,29,0,0,12200.0,13251.0,14268.0,1951.0,1190.0,352.0,4230.0,2501.0,16063.0,1,0,0,0,0,0,0,15429.0,12776.0,13251.0,15738.0,9754.0,10887.0,13468.333333333334,13505.714285714286,13558.214285714286,13603.3,1214.3865000190417,2287.9030325183544,13428.98816067668,14384.587882418677,0.0,0.0,4
2024-04-29,119.0,25.0,146.0,4,29,0,0,32.0,108.0,0.0,302.0,1203.5,0.0,338.0,270.0,410.0,1,0,0,0,0,0,0,110.0,0.0,108.0,164.0,0.0,0.0,47.333333333333336,120.0,372.7857142857143,201.36666666666667,84.64238496954705,531.6495140100541,161.71676741567268,230.3231122623661,0.0,0.0,5
2024-04-29,0.0,9.0,0.0,4,29,0,0,0.0,0.0,0.0,21.0,0.0,420.0,105.0,106.0,183.0,1,0,0,0,0,0,0,9.0,33.0,0.0,9.0,16.0,0.0,14.0,11.428571428571429,11.857142857142858,11.233333333333333,14.80829883159137,20.57397642039891,10.56298721093895,13.309820975373414,0.0,0.0,6
2024-04-29,0.0,1820.0,0.0,4,29,0,0,0.0,6000.0,0.0,4252.5,10165.0,4560.0,41065.0,0.0,9600.0,1,0,0,0,0,0,0,0.0,0.0,6000.0,7600.0,0.0,0.0,0.0,1517.142857142857,1301.428571428571,687.3333333333334,2621.460879520639,1918.077222085976,803.1533640097309,972.3171905369674,0.0,0.0,7
2024-04-29,55.0,0.0,170.0,4,29,0,0,20.0,915.0,55.0,140.0,255.0,375.0,0.0,35.0,0.0,1,0,0,0,0,0,0,310.0,90.0,915.0,395.0,480.0,0.0,140.0,299.2857142857143,336.42857142857144,240.83333333333331,320.30491425396195,264.5754026325217,230.26520776743305,282.6758299703484,0.0,0.0,8
2024-04-30,566.0,2503.0,1242.0,4,30,0,0,1064.7,456.7,607.0,366.0,737.5,248.0,2149.5,3090.5,1257.0,0,1,0,0,0,0,0,863.0,736.0,456.7,930.3,866.0,643.0,887.9,739.6285714285714,809.6428571428571,743.3083333333333,253.2126952733969,371.7372899952112,834.5427400762837,856.1340998944872,0.0,0.0,0
2024-04-30,384.0,331.5,791.0,4,30,0,0,262.0,91.0,0.0,706.0,1074.0,0.0,468.0,45.0,3415.0,0,1,0,0,0,0,0,580.0,487.0,91.0,636.0,270.0,0.0,443.0,419.4285714285714,388.2142857142857,246.63333333333333,202.26456036822628,225.3762346087904,412.76625803111057,319.422738089588,0.0,0.0,1
2024-04-30,430.0,9306.5,1167.0,4,30,0,0,0.0,564.0,1085.75,1790.5,1621.0,749.0,10634.2,8698.7,8936.75,0,1,0,0,0,0,0,711.0,48.0,564.0,50.0,80.0,345.5,253.0,398.8571428571428,280.75,274.125,320.5393520154369,291.7915584412713,328.8563993132806,300.8483777471926,0.0,0.0,2
2024-04-30,0.0,0.0,0.0,4,30,0,0,0.0,0.0,0.0,0.0,0.0,0.0,0.0,0.0,0.0,0,1,0,0,0,0,0,0.0,0.0,0.0,0.0,0.0,0.0,0.0,0.0,0.0,0.0,0.0,0.0,0.0,0.0,0.0,0.0,3
2024-04-30,12496.0,2979.0,40.0,4,30,0,0,12362.0,14712.0,15120.0,1157.0,878.0,573.6,3731.7,3123.6,8403.6,0,1,0,0,0,0,0,12200.0,15429.0,14712.0,13255.0,12272.0,9579.0,13330.333333333334,13378.714285714286,13317.07142857143,13539.766666666666,1289.6192867516484,2295.2605844597474,13162.241120507511,14254.098341617471,0.0,0.0,4
2024-04-30,147.0,292.0,35.0,4,30,0,0,119.0,235.0,0.0,146.0,439.0,47.0,25.0,307.0,220.0,0,1,0,0,0,0,0,32.0,110.0,235.0,122.0,0.0,0.0,87.0,121.57142857142856,369.57142857142856,205.33333333333331,84.48443080011084,530.5380699612057,151.03757556175452,223.1409759873748,0.0,0.0,5
2024-04-30,43.0,0.0,54.0,4,30,0,0,0.0,32.0,28.0,0.0,0.0,0.0,9.0,65.0,142.0,0,1,0,0,0,0,0,0.0,9.0,32.0,0.0,69.0,0.0,3.0,11.428571428571429,11.214285714285714,11.233333333333333,14.80829883159137,20.57397642039891,7.922240408204212,12.45112284792997,0.0,0.0,6
2024-04-30,0.0,12640.0,0.0,4,30,0,0,0.0,0.0,0.0,0.0,4725.0,0.0,1820.0,37130.0,8975.0,0,1,0,0,0,0,0,0.0,0.0,0.0,0.0,0.0,0.0,0.0,660.0,758.5714285714286,687.3333333333334,1746.195865302623,1918.077222085976,602.3650230072982,909.5870492120018,0.0,0.0,7
2024-04-30,235.0,385.0,45.0,4,30,0,0,55.0,515.0,0.0,170.0,105.0,80.0,0.0,0.0,0.0,0,1,0,0,0,0,0,20.0,310.0,515.0,105.0,65.0,35.0,128.33333333333334,176.42857142857142,312.1428571428572,240.83333333333331,178.1786155733031,264.5754026325217,186.4489058255748,267.98706674645496,0.0,0.0,8
